{
"type": "FeatureCollection",
"name": "adetur",
"crs": { "type": "name", "properties": { "name": "urn:ogc:def:crs:EPSG::4674" } },
"features": [
{ "type": "Feature", "properties": { "CD_MUN": "3543402", "NM_MUN": "Ribeirão Preto", "CD_RGI": "350031", "NM_RGI": "Ribeirão Preto", "CD_RGINT": "3508", "NM_RGINT": "Ribeirão Preto", "CD_UF": "35", "NM_UF": "São Paulo", "SIGLA_UF": "SP", "CD_REGIA": "3", "NM_REGIA": "Sudeste", "SIGLA_RG": "SE", "CD_CONCU": "3543402", "NM_CONCU": "Ribeirão Preto/SP", "AREA_KM2": 650.916 }, "geometry": { "type": "MultiPolygon", "coordinates": [ [ [ [ -47.659351, -21.155363 ], [ -47.659378, -21.155518 ], [ -47.659237, -21.155841 ], [ -47.659326, -21.156109 ], [ -47.659437, -21.156199 ], [ -47.659913, -21.156148 ], [ -47.660057, -21.156264 ], [ -47.660128, -21.156365 ], [ -47.660302, -21.156385 ], [ -47.660524, -21.156485 ], [ -47.660716, -21.156783 ], [ -47.660819, -21.156803 ], [ -47.660843, -21.15684 ], [ -47.661042, -21.156918 ], [ -47.661106, -21.157042 ], [ -47.661212, -21.157129 ], [ -47.661403, -21.157144 ], [ -47.661553, -21.157079 ], [ -47.661715, -21.157059 ], [ -47.662263, -21.157345 ], [ -47.662257, -21.157377 ], [ -47.662321, -21.157456 ], [ -47.66231, -21.157691 ], [ -47.662408, -21.157903 ], [ -47.662526, -21.157961 ], [ -47.663028, -21.157989 ], [ -47.663201, -21.158031 ], [ -47.663337, -21.158117 ], [ -47.663471, -21.158262 ], [ -47.663482, -21.158592 ], [ -47.663572, -21.158823 ], [ -47.66417, -21.159278 ], [ -47.664344, -21.159675 ], [ -47.664593, -21.160001 ], [ -47.664663, -21.160197 ], [ -47.664846, -21.160363 ], [ -47.66498, -21.160396 ], [ -47.665038, -21.16045 ], [ -47.665069, -21.160565 ], [ -47.665004, -21.160637 ], [ -47.664804, -21.160686 ], [ -47.664595, -21.160671 ], [ -47.664424, -21.160692 ], [ -47.664404, -21.160906 ], [ -47.664626, -21.161072 ], [ -47.665076, -21.161253 ], [ -47.665196, -21.161474 ], [ -47.665131, -21.161619 ], [ -47.664888, -21.161854 ], [ -47.664869, -21.162123 ], [ -47.664937, -21.162219 ], [ -47.664817, -21.162392 ], [ -47.664638, -21.162529 ], [ -47.664439, -21.162612 ], [ -47.664337, -21.162702 ], [ -47.664253, -21.162838 ], [ -47.664247, -21.163025 ], [ -47.664392, -21.16339 ], [ -47.664386, -21.163551 ], [ -47.66426, -21.163759 ], [ -47.664119, -21.163805 ], [ -47.663893, -21.16383 ], [ -47.663839, -21.163868 ], [ -47.663779, -21.164016 ], [ -47.663806, -21.164273 ], [ -47.663771, -21.164435 ], [ -47.663635, -21.164761 ], [ -47.663578, -21.165085 ], [ -47.663494, -21.165182 ], [ -47.663559, -21.165263 ], [ -47.663561, -21.165469 ], [ -47.663805, -21.165948 ], [ -47.663817, -21.1661 ], [ -47.663604, -21.16639 ], [ -47.663557, -21.166498 ], [ -47.663744, -21.167048 ], [ -47.663777, -21.167421 ], [ -47.663727, -21.167687 ], [ -47.663483, -21.168173 ], [ -47.663506, -21.168361 ], [ -47.663594, -21.16853 ], [ -47.664084, -21.168808 ], [ -47.664111, -21.16895 ], [ -47.663981, -21.169166 ], [ -47.663983, -21.169292 ], [ -47.664043, -21.169416 ], [ -47.664168, -21.16952 ], [ -47.664144, -21.169736 ], [ -47.664079, -21.169888 ], [ -47.664269, -21.170154 ], [ -47.664331, -21.170403 ], [ -47.664305, -21.170511 ], [ -47.664031, -21.170632 ], [ -47.663947, -21.170749 ], [ -47.663884, -21.170955 ], [ -47.664104, -21.171764 ], [ -47.664202, -21.171933 ], [ -47.664881, -21.172386 ], [ -47.66495, -21.172492 ], [ -47.664927, -21.172718 ], [ -47.664882, -21.172817 ], [ -47.664991, -21.173048 ], [ -47.665022, -21.173226 ], [ -47.664832, -21.173747 ], [ -47.664766, -21.17406 ], [ -47.664819, -21.174399 ], [ -47.664908, -21.174533 ], [ -47.66515, -21.174761 ], [ -47.665342, -21.174891 ], [ -47.665519, -21.174933 ], [ -47.665789, -21.175089 ], [ -47.66584, -21.175303 ], [ -47.666056, -21.175657 ], [ -47.666081, -21.175978 ], [ -47.666008, -21.176435 ], [ -47.666026, -21.176926 ], [ -47.665934, -21.177312 ], [ -47.6658, -21.177359 ], [ -47.665457, -21.177364 ], [ -47.665402, -21.177445 ], [ -47.665397, -21.177659 ], [ -47.665153, -21.178094 ], [ -47.665171, -21.178322 ], [ -47.665196, -21.178329 ], [ -47.665369, -21.178797 ], [ -47.66543, -21.179135 ], [ -47.665406, -21.179143 ], [ -47.665407, -21.179202 ], [ -47.665284, -21.179327 ], [ -47.664972, -21.179428 ], [ -47.664935, -21.179517 ], [ -47.664945, -21.179635 ], [ -47.665024, -21.179663 ], [ -47.665032, -21.179707 ], [ -47.665316, -21.179798 ], [ -47.665428, -21.17987 ], [ -47.665461, -21.180002 ], [ -47.665401, -21.180149 ], [ -47.665283, -21.18024 ], [ -47.66496, -21.18029 ], [ -47.66476, -21.180284 ], [ -47.664553, -21.180333 ], [ -47.664257, -21.180675 ], [ -47.664268, -21.180786 ], [ -47.664358, -21.181006 ], [ -47.66443, -21.181056 ], [ -47.664559, -21.181296 ], [ -47.664531, -21.181524 ], [ -47.664371, -21.181733 ], [ -47.664372, -21.181799 ], [ -47.664494, -21.182025 ], [ -47.664544, -21.182193 ], [ -47.664533, -21.182408 ], [ -47.664443, -21.182713 ], [ -47.664474, -21.183136 ], [ -47.664434, -21.18327 ], [ -47.664086, -21.183499 ], [ -47.66327, -21.183751 ], [ -47.663248, -21.183809 ], [ -47.663379, -21.184146 ], [ -47.663406, -21.184323 ], [ -47.663222, -21.184649 ], [ -47.663033, -21.184777 ], [ -47.662663, -21.184878 ], [ -47.662161, -21.184879 ], [ -47.66176, -21.184812 ], [ -47.66162, -21.18488 ], [ -47.661506, -21.185088 ], [ -47.661494, -21.18536 ], [ -47.661532, -21.185683 ], [ -47.661417, -21.185839 ], [ -47.661263, -21.185937 ], [ -47.661248, -21.185982 ], [ -47.661114, -21.185991 ], [ -47.66042, -21.185742 ], [ -47.660058, -21.185713 ], [ -47.659902, -21.185746 ], [ -47.659592, -21.185971 ], [ -47.6594, -21.186165 ], [ -47.659267, -21.186196 ], [ -47.65922, -21.186168 ], [ -47.658921, -21.186165 ], [ -47.658765, -21.186205 ], [ -47.65857, -21.186602 ], [ -47.658621, -21.186789 ], [ -47.658699, -21.186895 ], [ -47.659033, -21.186899 ], [ -47.659092, -21.186997 ], [ -47.659046, -21.187167 ], [ -47.658612, -21.187371 ], [ -47.658596, -21.187469 ], [ -47.658749, -21.187815 ], [ -47.658588, -21.188344 ], [ -47.65859, -21.188532 ], [ -47.658848, -21.188859 ], [ -47.659291, -21.189022 ], [ -47.659491, -21.189054 ], [ -47.659713, -21.189229 ], [ -47.659743, -21.189309 ], [ -47.65965, -21.189427 ], [ -47.659508, -21.1895 ], [ -47.65947, -21.189636 ], [ -47.6596, -21.189862 ], [ -47.6596, -21.189921 ], [ -47.659442, -21.190078 ], [ -47.65935, -21.190231 ], [ -47.659343, -21.19041 ], [ -47.659462, -21.190703 ], [ -47.659673, -21.190912 ], [ -47.659902, -21.191249 ], [ -47.659895, -21.191347 ], [ -47.659776, -21.191625 ], [ -47.659788, -21.19175 ], [ -47.659903, -21.191945 ], [ -47.659891, -21.192079 ], [ -47.659734, -21.19235 ], [ -47.659583, -21.192405 ], [ -47.659527, -21.192505 ], [ -47.659548, -21.192639 ], [ -47.659646, -21.192753 ], [ -47.659868, -21.192919 ], [ -47.659889, -21.193027 ], [ -47.659833, -21.193117 ], [ -47.659321, -21.193446 ], [ -47.659265, -21.193527 ], [ -47.65925, -21.193733 ], [ -47.659462, -21.193926 ], [ -47.659446, -21.194024 ], [ -47.659306, -21.194259 ], [ -47.659341, -21.194365 ], [ -47.659554, -21.194559 ], [ -47.659614, -21.194684 ], [ -47.659607, -21.194817 ], [ -47.659543, -21.194988 ], [ -47.659187, -21.195316 ], [ -47.659095, -21.195451 ], [ -47.659131, -21.195801 ], [ -47.659192, -21.195833 ], [ -47.659442, -21.196008 ], [ -47.660141, -21.196185 ], [ -47.660402, -21.196422 ], [ -47.660704, -21.197016 ], [ -47.66084, -21.197175 ], [ -47.661053, -21.197322 ], [ -47.6622393, -21.1981167 ], [ -47.663004, -21.198629 ], [ -47.663399, -21.198844 ], [ -47.663809, -21.198999 ], [ -47.664616, -21.199398 ], [ -47.665171, -21.199787 ], [ -47.665333, -21.199966 ], [ -47.665327, -21.200024 ], [ -47.665537, -21.200389 ], [ -47.665718, -21.201226 ], [ -47.665951, -21.20192 ], [ -47.666227, -21.202961 ], [ -47.6662935, -21.2034031 ], [ -47.666341, -21.203719 ], [ -47.666452, -21.204066 ], [ -47.666552, -21.204599 ], [ -47.666864, -21.205506 ], [ -47.666913, -21.205809 ], [ -47.666841, -21.207382 ], [ -47.6668687, -21.207557 ], [ -47.666872, -21.207578 ], [ -47.666867, -21.207811 ], [ -47.66698, -21.208033 ], [ -47.667408, -21.208516 ], [ -47.667468, -21.208677 ], [ -47.667545, -21.209247 ], [ -47.667558, -21.209685 ], [ -47.667666, -21.210196 ], [ -47.667665, -21.210594 ], [ -47.667745, -21.211077 ], [ -47.667819, -21.211283 ], [ -47.668029, -21.211639 ], [ -47.668364, -21.211945 ], [ -47.668672, -21.212138 ], [ -47.669008, -21.212302 ], [ -47.669798, -21.212575 ], [ -47.670117, -21.212785 ], [ -47.670218, -21.212917 ], [ -47.670219, -21.212918 ], [ -47.670331, -21.213068 ], [ -47.670435, -21.213513 ], [ -47.670528, -21.213672 ], [ -47.670663, -21.213803 ], [ -47.670952, -21.213969 ], [ -47.67192, -21.214267 ], [ -47.672161, -21.21445 ], [ -47.672419, -21.214723 ], [ -47.672882, -21.215082 ], [ -47.673402, -21.21536 ], [ -47.673672, -21.215561 ], [ -47.673789, -21.215704 ], [ -47.674049, -21.216173 ], [ -47.674159, -21.21643 ], [ -47.674334, -21.216597 ], [ -47.674536, -21.216738 ], [ -47.674738, -21.216805 ], [ -47.675019, -21.216846 ], [ -47.675433, -21.217062 ], [ -47.67556, -21.217185 ], [ -47.67609, -21.217525 ], [ -47.676443, -21.217645 ], [ -47.676757, -21.217819 ], [ -47.676986, -21.217878 ], [ -47.677433, -21.217808 ], [ -47.677883, -21.217971 ], [ -47.678783, -21.217932 ], [ -47.679071, -21.21792 ], [ -47.679225, -21.217913 ], [ -47.679303, -21.217921 ], [ -47.679525, -21.217945 ], [ -47.679683, -21.218001 ], [ -47.67988, -21.218141 ], [ -47.680871, -21.219198 ], [ -47.681059, -21.219247 ], [ -47.681169, -21.219253 ], [ -47.681296, -21.219194 ], [ -47.68145, -21.219071 ], [ -47.681582, -21.218888 ], [ -47.681728, -21.218687 ], [ -47.681987, -21.218281 ], [ -47.682177, -21.218117 ], [ -47.682403, -21.218046 ], [ -47.682576, -21.218047 ], [ -47.68273, -21.218089 ], [ -47.682883, -21.218127 ], [ -47.6832, -21.218255 ], [ -47.683714, -21.218541 ], [ -47.684325, -21.21913 ], [ -47.684704, -21.21958 ], [ -47.685161, -21.220333 ], [ -47.685588, -21.221177 ], [ -47.685927, -21.221376 ], [ -47.68655, -21.221597 ], [ -47.687068, -21.22171 ], [ -47.687596, -21.221723 ], [ -47.687913, -21.221853 ], [ -47.68824, -21.222035 ], [ -47.688881, -21.222167 ], [ -47.689294, -21.222151 ], [ -47.690311, -21.221958 ], [ -47.690713, -21.221981 ], [ -47.691036, -21.22211 ], [ -47.691722, -21.222665 ], [ -47.692651, -21.223606 ], [ -47.693443, -21.22429 ], [ -47.693809, -21.224506 ], [ -47.694377, -21.224673 ], [ -47.694849, -21.224732 ], [ -47.695639, -21.225035 ], [ -47.695796, -21.225055 ], [ -47.696406, -21.224987 ], [ -47.69672, -21.225003 ], [ -47.69695, -21.225074 ], [ -47.697228, -21.225268 ], [ -47.6973061, -21.2254214 ], [ -47.697554, -21.225908 ], [ -47.697672, -21.226077 ], [ -47.697857, -21.226261 ], [ -47.698351, -21.226625 ], [ -47.698559, -21.226887 ], [ -47.698723, -21.228297 ], [ -47.698877, -21.228669 ], [ -47.699322, -21.229101 ], [ -47.700156, -21.229615 ], [ -47.700407, -21.230071 ], [ -47.700446, -21.230093 ], [ -47.700438, -21.230144 ], [ -47.7009175, -21.2306874 ], [ -47.701008, -21.23079 ], [ -47.701139, -21.231075 ], [ -47.701201, -21.231529 ], [ -47.701275, -21.231727 ], [ -47.701799, -21.23254 ], [ -47.702242, -21.233033 ], [ -47.702379, -21.233237 ], [ -47.702409, -21.233238 ], [ -47.702512, -21.233432 ], [ -47.702763, -21.234117 ], [ -47.703245, -21.234672 ], [ -47.70371, -21.23504 ], [ -47.703986, -21.235125 ], [ -47.704393, -21.235467 ], [ -47.704549, -21.235679 ], [ -47.704842, -21.236258 ], [ -47.705062, -21.236549 ], [ -47.705259, -21.23694 ], [ -47.705311, -21.237189 ], [ -47.705414, -21.237361 ], [ -47.705491, -21.237491 ], [ -47.705866, -21.237809 ], [ -47.706501, -21.238182 ], [ -47.706977, -21.238505 ], [ -47.707333, -21.238705 ], [ -47.707656, -21.238788 ], [ -47.707879, -21.238932 ], [ -47.708025, -21.239231 ], [ -47.708216, -21.239346 ], [ -47.70842, -21.239401 ], [ -47.708524, -21.239457 ], [ -47.708676, -21.239618 ], [ -47.708807, -21.239924 ], [ -47.709046, -21.240133 ], [ -47.709267, -21.240197 ], [ -47.70937, -21.240261 ], [ -47.70953, -21.240428 ], [ -47.709666, -21.240492 ], [ -47.709916, -21.240502 ], [ -47.710193, -21.240701 ], [ -47.710174, -21.240804 ], [ -47.710237, -21.240946 ], [ -47.710391, -21.24112 ], [ -47.710739, -21.241261 ], [ -47.710929, -21.241376 ], [ -47.711079, -21.241528 ], [ -47.711284, -21.241576 ], [ -47.711804, -21.241604 ], [ -47.712182, -21.241723 ], [ -47.712981, -21.242108 ], [ -47.713371, -21.242403 ], [ -47.714148, -21.242847 ], [ -47.714483, -21.243143 ], [ -47.714821, -21.243615 ], [ -47.715101, -21.243906 ], [ -47.715395, -21.244135 ], [ -47.7156479, -21.2442991 ], [ -47.716582, -21.244905 ], [ -47.716995, -21.244941 ], [ -47.717295, -21.245032 ], [ -47.718366, -21.245655 ], [ -47.719041, -21.246084 ], [ -47.721207, -21.247867 ], [ -47.72163, -21.248256 ], [ -47.721975, -21.248693 ], [ -47.723099, -21.249653 ], [ -47.723196, -21.249761 ], [ -47.723505, -21.249997 ], [ -47.723627, -21.250146 ], [ -47.723787, -21.250365 ], [ -47.723842, -21.250467 ], [ -47.724023, -21.250737 ], [ -47.724126, -21.250839 ], [ -47.724237, -21.250923 ], [ -47.72434, -21.251018 ], [ -47.724458, -21.251132 ], [ -47.724576, -21.251239 ], [ -47.724617, -21.251284 ], [ -47.72477, -21.251442 ], [ -47.725122, -21.251668 ], [ -47.725558, -21.252113 ], [ -47.725575, -21.252186 ], [ -47.725663, -21.252294 ], [ -47.72597, -21.252865 ], [ -47.726265, -21.253306 ], [ -47.726424, -21.253463 ], [ -47.726545, -21.253644 ], [ -47.726821, -21.254252 ], [ -47.72687, -21.25442 ], [ -47.726917, -21.254448 ], [ -47.727053, -21.25468 ], [ -47.72754, -21.255292 ], [ -47.727605, -21.255466 ], [ -47.727676, -21.255931 ], [ -47.727809, -21.256412 ], [ -47.728171, -21.257019 ], [ -47.72835, -21.257453 ], [ -47.728671, -21.257944 ], [ -47.729027, -21.258261 ], [ -47.729366, -21.258554 ], [ -47.729639, -21.258929 ], [ -47.730113, -21.259352 ], [ -47.730393, -21.259778 ], [ -47.730717, -21.260021 ], [ -47.730901, -21.260286 ], [ -47.731151, -21.260808 ], [ -47.731398, -21.261038 ], [ -47.731469, -21.261532 ], [ -47.731526, -21.261656 ], [ -47.731708, -21.261878 ], [ -47.731775, -21.262053 ], [ -47.731778, -21.262279 ], [ -47.731939, -21.262539 ], [ -47.732205, -21.262637 ], [ -47.732284, -21.262694 ], [ -47.732332, -21.262781 ], [ -47.732305, -21.263168 ], [ -47.732586, -21.263434 ], [ -47.732649, -21.263498 ], [ -47.733031, -21.263937 ], [ -47.733494, -21.264135 ], [ -47.734134, -21.26462 ], [ -47.734407, -21.264688 ], [ -47.734999, -21.264686 ], [ -47.735282, -21.264864 ], [ -47.735768, -21.265067 ], [ -47.735919, -21.265175 ], [ -47.736183, -21.265571 ], [ -47.736391, -21.265753 ], [ -47.736638, -21.265695 ], [ -47.737191, -21.265358 ], [ -47.737407, -21.265282 ], [ -47.737841, -21.265194 ], [ -47.738168, -21.265189 ], [ -47.738947, -21.265242 ], [ -47.739708, -21.265135 ], [ -47.740082, -21.265129 ], [ -47.740503, -21.265188 ], [ -47.741349, -21.265466 ], [ -47.741866, -21.265581 ], [ -47.742304, -21.265778 ], [ -47.743046, -21.266263 ], [ -47.743342, -21.266324 ], [ -47.743607, -21.266298 ], [ -47.743835, -21.266432 ], [ -47.743981, -21.266744 ], [ -47.744157, -21.267003 ], [ -47.744464, -21.267217 ], [ -47.744966, -21.267435 ], [ -47.74592, -21.267661 ], [ -47.74647, -21.267922 ], [ -47.747788, -21.268871 ], [ -47.748863, -21.269356 ], [ -47.749334, -21.269524 ], [ -47.750097, -21.269563 ], [ -47.750208, -21.269592 ], [ -47.750356, -21.269634 ], [ -47.750837, -21.269775 ], [ -47.750868, -21.269805 ], [ -47.7514, -21.269766 ], [ -47.751897, -21.269553 ], [ -47.75227, -21.269429 ], [ -47.75296, -21.269447 ], [ -47.753211, -21.269501 ], [ -47.753227, -21.269546 ], [ -47.75329, -21.269544 ], [ -47.753339, -21.269602 ], [ -47.753861, -21.269932 ], [ -47.754725, -21.270094 ], [ -47.755388, -21.27042 ], [ -47.75577, -21.270693 ], [ -47.7559083, -21.2707624 ], [ -47.7560042, -21.2708108 ], [ -47.75645, -21.271034 ], [ -47.757055, -21.271596 ], [ -47.757229, -21.271697 ], [ -47.757403, -21.271752 ], [ -47.7575982, -21.2718458 ], [ -47.757731, -21.27202 ], [ -47.757807, -21.272311 ], [ -47.757846, -21.272623 ], [ -47.757728, -21.273034 ], [ -47.75753, -21.274832 ], [ -47.757569, -21.275102 ], [ -47.757774, -21.276166 ], [ -47.758671, -21.278082 ], [ -47.759191, -21.279066 ], [ -47.7594219, -21.2793596 ], [ -47.759919, -21.279992 ], [ -47.76105, -21.281451 ], [ -47.761582, -21.282298 ], [ -47.761906, -21.282875 ], [ -47.762278, -21.283417 ], [ -47.762857, -21.284007 ], [ -47.763841, -21.284528 ], [ -47.764548, -21.284846 ], [ -47.765444, -21.284981 ], [ -47.766181, -21.285118 ], [ -47.766924, -21.285175 ], [ -47.767658, -21.285208 ], [ -47.7682567, -21.2852235 ], [ -47.769279, -21.28525 ], [ -47.770211, -21.28515 ], [ -47.771005, -21.284967 ], [ -47.771624, -21.284828 ], [ -47.772818, -21.284486 ], [ -47.773388, -21.284421 ], [ -47.773827, -21.284527 ], [ -47.773997, -21.284621 ], [ -47.774242, -21.284829 ], [ -47.774591, -21.28512 ], [ -47.774912, -21.28544 ], [ -47.775314, -21.285832 ], [ -47.775799, -21.286212 ], [ -47.776586, -21.287148 ], [ -47.777529, -21.288262 ], [ -47.778285, -21.289446 ], [ -47.779128, -21.290747 ], [ -47.779657, -21.291574 ], [ -47.780154, -21.292123 ], [ -47.781248, -21.292839 ], [ -47.782287, -21.29348 ], [ -47.782917, -21.293951 ], [ -47.783819, -21.294585 ], [ -47.784755, -21.295439 ], [ -47.785136, -21.295806 ], [ -47.785883, -21.296485 ], [ -47.786565, -21.297097 ], [ -47.786792, -21.297391 ], [ -47.787069, -21.297972 ], [ -47.786873, -21.298149 ], [ -47.786648, -21.298215 ], [ -47.786446, -21.29832 ], [ -47.785892, -21.298814 ], [ -47.785769, -21.298992 ], [ -47.785381, -21.299742 ], [ -47.785457, -21.299835 ], [ -47.785665, -21.300095 ], [ -47.786173, -21.300438 ], [ -47.78638, -21.300655 ], [ -47.78643, -21.300771 ], [ -47.786471, -21.301241 ], [ -47.786536, -21.301386 ], [ -47.786554, -21.301534 ], [ -47.786585, -21.301533 ], [ -47.786877, -21.302056 ], [ -47.786972, -21.302172 ], [ -47.787071, -21.302405 ], [ -47.787136, -21.302462 ], [ -47.787184, -21.302593 ], [ -47.787361, -21.30287 ], [ -47.787542, -21.303248 ], [ -47.787711, -21.30395 ], [ -47.787755, -21.304536 ], [ -47.78761, -21.305242 ], [ -47.78753, -21.305949 ], [ -47.787541, -21.306535 ], [ -47.787511, -21.306653 ], [ -47.787713, -21.307354 ], [ -47.78775, -21.307589 ], [ -47.787608, -21.308413 ], [ -47.787612, -21.308648 ], [ -47.787679, -21.308896 ], [ -47.787723, -21.309072 ], [ -47.787922, -21.309893 ], [ -47.788077, -21.311304 ], [ -47.788443, -21.31384 ], [ -47.788695, -21.316212 ], [ -47.788682, -21.316578 ], [ -47.788849, -21.317801 ], [ -47.788872, -21.318582 ], [ -47.788965, -21.320135 ], [ -47.789057, -21.320656 ], [ -47.789021, -21.320914 ], [ -47.789115, -21.321187 ], [ -47.789212, -21.321615 ], [ -47.789398, -21.322195 ], [ -47.7895103, -21.3223509 ], [ -47.7895345, -21.3223845 ], [ -47.7895607, -21.3224209 ], [ -47.789792, -21.322742 ], [ -47.790605, -21.322989 ], [ -47.791594, -21.322846 ], [ -47.792366, -21.322467 ], [ -47.793059, -21.321766 ], [ -47.793856, -21.321078 ], [ -47.794739, -21.320136 ], [ -47.795275, -21.319473 ], [ -47.795844, -21.318662 ], [ -47.796306, -21.317984 ], [ -47.79665, -21.317605 ], [ -47.797311, -21.31713 ], [ -47.798087, -21.316804 ], [ -47.799134, -21.316502 ], [ -47.800472, -21.316389 ], [ -47.801543, -21.316507 ], [ -47.8018762, -21.316661 ], [ -47.8028151, -21.3170945 ], [ -47.8034544, -21.3173897 ], [ -47.803572, -21.317444 ], [ -47.80452, -21.318496 ], [ -47.805143, -21.319556 ], [ -47.805887, -21.320904 ], [ -47.806128, -21.322091 ], [ -47.806039, -21.322311 ], [ -47.805983, -21.322664 ], [ -47.806018, -21.322899 ], [ -47.806186, -21.323484 ], [ -47.806195, -21.323952 ], [ -47.806123, -21.324306 ], [ -47.80611, -21.325246 ], [ -47.806253, -21.326182 ], [ -47.80642, -21.326767 ], [ -47.806908, -21.327698 ], [ -47.807327, -21.328278 ], [ -47.807746, -21.328946 ], [ -47.807794, -21.328975 ], [ -47.808136, -21.329644 ], [ -47.808333, -21.33011 ], [ -47.808432, -21.33046 ], [ -47.808729, -21.33116 ], [ -47.80893, -21.331861 ], [ -47.809289, -21.332677 ], [ -47.809851, -21.333342 ], [ -47.810473, -21.333964 ], [ -47.810989, -21.334703 ], [ -47.811389, -21.335959 ], [ -47.811374, -21.336002 ], [ -47.811407, -21.336076 ], [ -47.811377, -21.336164 ], [ -47.811688, -21.336893 ], [ -47.812026, -21.337357 ], [ -47.812425, -21.337776 ], [ -47.812525, -21.338053 ], [ -47.812655, -21.338286 ], [ -47.81287, -21.338897 ], [ -47.813148, -21.339331 ], [ -47.813591, -21.339737 ], [ -47.813688, -21.339896 ], [ -47.814408, -21.340707 ], [ -47.815487, -21.341437 ], [ -47.816333, -21.342245 ], [ -47.816714, -21.342518 ], [ -47.817346, -21.342845 ], [ -47.817679, -21.343059 ], [ -47.818594, -21.343351 ], [ -47.819098, -21.34346 ], [ -47.819223, -21.343458 ], [ -47.819819, -21.343565 ], [ -47.820104, -21.343679 ], [ -47.820482, -21.343775 ], [ -47.821238, -21.344027 ], [ -47.822392, -21.344579 ], [ -47.822693, -21.344765 ], [ -47.823704, -21.345144 ], [ -47.825182, -21.345443 ], [ -47.82581, -21.34552 ], [ -47.82606, -21.345515 ], [ -47.826965, -21.34528 ], [ -47.827341, -21.345288 ], [ -47.827465, -21.345256 ], [ -47.828436, -21.345212 ], [ -47.828529, -21.34518 ], [ -47.830002, -21.345244 ], [ -47.830442, -21.345295 ], [ -47.830474, -21.345323 ], [ -47.831539, -21.345276 ], [ -47.832025, -21.345356 ], [ -47.832247, -21.345455 ], [ -47.833042, -21.346102 ], [ -47.833251, -21.346349 ], [ -47.833858, -21.346955 ], [ -47.833923, -21.347056 ], [ -47.834526, -21.34753 ], [ -47.834653, -21.347587 ], [ -47.834717, -21.347688 ], [ -47.83486, -21.347745 ], [ -47.835256, -21.347987 ], [ -47.836208, -21.34866 ], [ -47.836369, -21.348864 ], [ -47.837757, -21.35022 ], [ -47.838494, -21.351029 ], [ -47.838925, -21.351389 ], [ -47.839114, -21.351487 ], [ -47.839435, -21.351835 ], [ -47.84028, -21.352613 ], [ -47.840835, -21.353015 ], [ -47.842562, -21.354041 ], [ -47.843195, -21.354383 ], [ -47.843323, -21.3544616 ], [ -47.8433842, -21.3544992 ], [ -47.8434369, -21.3545315 ], [ -47.8435076, -21.3545749 ], [ -47.843562, -21.3546083 ], [ -47.8436174, -21.3546423 ], [ -47.8436756, -21.3546781 ], [ -47.8437648, -21.3547329 ], [ -47.843941, -21.354841 ], [ -47.844194, -21.354954 ], [ -47.844511, -21.355168 ], [ -47.845111, -21.355452 ], [ -47.845334, -21.355624 ], [ -47.846315, -21.356121 ], [ -47.84682, -21.356259 ], [ -47.847768, -21.356698 ], [ -47.848686, -21.357226 ], [ -47.849556, -21.357651 ], [ -47.850239, -21.358109 ], [ -47.850967, -21.358477 ], [ -47.852603, -21.358832 ], [ -47.852854, -21.358857 ], [ -47.853107, -21.358955 ], [ -47.853232, -21.358968 ], [ -47.853484, -21.359051 ], [ -47.854585, -21.359267 ], [ -47.855294, -21.359432 ], [ -47.855781, -21.35957 ], [ -47.856565, -21.35963 ], [ -47.857129, -21.359576 ], [ -47.857255, -21.359604 ], [ -47.857755, -21.359581 ], [ -47.858541, -21.359699 ], [ -47.859485, -21.359917 ], [ -47.859736, -21.359944 ], [ -47.860342, -21.359907 ], [ -47.860771, -21.359785 ], [ -47.861167, -21.359376 ], [ -47.861844, -21.358806 ], [ -47.862401, -21.358415 ], [ -47.863017, -21.357906 ], [ -47.863821, -21.357349 ], [ -47.864532, -21.356965 ], [ -47.865313, -21.35675 ], [ -47.865376, -21.356706 ], [ -47.86575, -21.356656 ], [ -47.866345, -21.356661 ], [ -47.867948, -21.356853 ], [ -47.868546, -21.357005 ], [ -47.869331, -21.357137 ], [ -47.870714, -21.357319 ], [ -47.8713376, -21.357245 ], [ -47.8721337, -21.3571845 ], [ -47.8728219, -21.3571284 ], [ -47.8738425, -21.3572465 ], [ -47.8745721, -21.3574213 ], [ -47.875021, -21.3575023 ], [ -47.8755327, -21.3575675 ], [ -47.8758481, -21.3575473 ], [ -47.8761953, -21.3575414 ], [ -47.8766414, -21.3574795 ], [ -47.877201, -21.357414 ], [ -47.8774452, -21.3574115 ], [ -47.877765, -21.357419 ], [ -47.8781714, -21.3574138 ], [ -47.8785648, -21.3573479 ], [ -47.8790474, -21.3572706 ], [ -47.8794436, -21.3573476 ], [ -47.88068, -21.3576025 ], [ -47.8814213, -21.3578362 ], [ -47.882291, -21.358148 ], [ -47.883106, -21.358244 ], [ -47.883563, -21.35826 ], [ -47.884072, -21.358277 ], [ -47.884465, -21.358404 ], [ -47.885249, -21.35886 ], [ -47.885852, -21.359362 ], [ -47.886361, -21.359619 ], [ -47.887608, -21.360067 ], [ -47.888525, -21.360492 ], [ -47.889326, -21.360995 ], [ -47.889687, -21.36139 ], [ -47.889984, -21.361798 ], [ -47.890127, -21.36208 ], [ -47.89041, -21.362502 ], [ -47.89065, -21.362765 ], [ -47.891072, -21.363038 ], [ -47.8914814, -21.3632558 ], [ -47.892206, -21.363672 ], [ -47.892426, -21.363741 ], [ -47.892599, -21.363797 ], [ -47.8931787, -21.3639314 ], [ -47.893495, -21.363943 ], [ -47.893683, -21.363909 ], [ -47.8941466, -21.3639098 ], [ -47.8951344, -21.3640998 ], [ -47.8960235, -21.3643507 ], [ -47.897069, -21.3648 ], [ -47.897297, -21.36493 ], [ -47.897686, -21.365244 ], [ -47.898545, -21.365821 ], [ -47.899452, -21.366723 ], [ -47.900099, -21.367247 ], [ -47.900679, -21.36756 ], [ -47.901435, -21.367767 ], [ -47.901578, -21.367838 ], [ -47.901848, -21.368039 ], [ -47.902136, -21.368342 ], [ -47.90261, -21.368524 ], [ -47.902766, -21.368551 ], [ -47.9031, -21.368736 ], [ -47.90369, -21.369313 ], [ -47.903786, -21.369355 ], [ -47.904051, -21.369337 ], [ -47.904253, -21.36926 ], [ -47.904529, -21.368962 ], [ -47.9047, -21.36887 ], [ -47.905215, -21.368802 ], [ -47.905464, -21.368725 ], [ -47.905696, -21.368544 ], [ -47.905849, -21.368381 ], [ -47.9059, -21.368216 ], [ -47.905991, -21.368057 ], [ -47.905726, -21.367663 ], [ -47.905671, -21.367327 ], [ -47.905919, -21.367012 ], [ -47.906491, -21.366664 ], [ -47.906749, -21.366575 ], [ -47.907345, -21.366537 ], [ -47.907547, -21.366347 ], [ -47.907671, -21.366132 ], [ -47.907721, -21.36594 ], [ -47.907681, -21.365434 ], [ -47.907698, -21.365264 ], [ -47.907764, -21.365148 ], [ -47.908024, -21.364894 ], [ -47.908437, -21.364705 ], [ -47.908793, -21.364413 ], [ -47.908939, -21.364331 ], [ -47.909232, -21.364317 ], [ -47.910244, -21.364704 ], [ -47.910479, -21.36469 ], [ -47.910702, -21.364553 ], [ -47.910683, -21.364336 ], [ -47.910564, -21.364223 ], [ -47.91012, -21.364123 ], [ -47.91, -21.364027 ], [ -47.909979, -21.363939 ], [ -47.909997, -21.363858 ], [ -47.910266, -21.36356 ], [ -47.910276, -21.363351 ], [ -47.910074, -21.363035 ], [ -47.910052, -21.362937 ], [ -47.910184, -21.362677 ], [ -47.910504, -21.362449 ], [ -47.910708, -21.36212 ], [ -47.910969, -21.361965 ], [ -47.911131, -21.361776 ], [ -47.911196, -21.361579 ], [ -47.911282, -21.361444 ], [ -47.91134, -21.361407 ], [ -47.911546, -21.36143 ], [ -47.911715, -21.361787 ], [ -47.911824, -21.361822 ], [ -47.911941, -21.361819 ], [ -47.912065, -21.361683 ], [ -47.912198, -21.361458 ], [ -47.912509, -21.361293 ], [ -47.912619, -21.361171 ], [ -47.912684, -21.361019 ], [ -47.912709, -21.360814 ], [ -47.912765, -21.360653 ], [ -47.912995, -21.360391 ], [ -47.91305, -21.360203 ], [ -47.913046, -21.359998 ], [ -47.913075, -21.359944 ], [ -47.913152, -21.359899 ], [ -47.913221, -21.359898 ], [ -47.913279, -21.359932 ], [ -47.913376, -21.360068 ], [ -47.913428, -21.360236 ], [ -47.913499, -21.360306 ], [ -47.913586, -21.360314 ], [ -47.913673, -21.360267 ], [ -47.913927, -21.359676 ], [ -47.913952, -21.359461 ], [ -47.914084, -21.359229 ], [ -47.91426, -21.359225 ], [ -47.914329, -21.35926 ], [ -47.914371, -21.35933 ], [ -47.914372, -21.359429 ], [ -47.914234, -21.359866 ], [ -47.914229, -21.360107 ], [ -47.91438, -21.360091 ], [ -47.914782, -21.359549 ], [ -47.914889, -21.359547 ], [ -47.915068, -21.359652 ], [ -47.915165, -21.359676 ], [ -47.915311, -21.359568 ], [ -47.915485, -21.359231 ], [ -47.915632, -21.359184 ], [ -47.916004, -21.359213 ], [ -47.916092, -21.359168 ], [ -47.916129, -21.359104 ], [ -47.916098, -21.358998 ], [ -47.915759, -21.35871 ], [ -47.915786, -21.358576 ], [ -47.91609, -21.358597 ], [ -47.916391, -21.358703 ], [ -47.916636, -21.358691 ], [ -47.916742, -21.358644 ], [ -47.917127, -21.358718 ], [ -47.917234, -21.35868 ], [ -47.917488, -21.358467 ], [ -47.917596, -21.358411 ], [ -47.917712, -21.358401 ], [ -47.917802, -21.358426 ], [ -47.917891, -21.358505 ], [ -47.917964, -21.358716 ], [ -47.917972, -21.359117 ], [ -47.918112, -21.35923 ], [ -47.9182, -21.359256 ], [ -47.918337, -21.359225 ], [ -47.918419, -21.359167 ], [ -47.918704, -21.358698 ], [ -47.918642, -21.358522 ], [ -47.918342, -21.358233 ], [ -47.91832, -21.358137 ], [ -47.918337, -21.358021 ], [ -47.918394, -21.357912 ], [ -47.918481, -21.357875 ], [ -47.91857, -21.357883 ], [ -47.918635, -21.357993 ], [ -47.918833, -21.358106 ], [ -47.919194, -21.358055 ], [ -47.919486, -21.357917 ], [ -47.919572, -21.357799 ], [ -47.919638, -21.357456 ], [ -47.919743, -21.357285 ], [ -47.919808, -21.357097 ], [ -47.919875, -21.356544 ], [ -47.919989, -21.356374 ], [ -47.920185, -21.356352 ], [ -47.920473, -21.356579 ], [ -47.920626, -21.356607 ], [ -47.920996, -21.356538 ], [ -47.921271, -21.356561 ], [ -47.921777, -21.356872 ], [ -47.921875, -21.356887 ], [ -47.921953, -21.356843 ], [ -47.92198, -21.356735 ], [ -47.921949, -21.356646 ], [ -47.921689, -21.356366 ], [ -47.921711, -21.356228 ], [ -47.921827, -21.356173 ], [ -47.921925, -21.356171 ], [ -47.922043, -21.356222 ], [ -47.922163, -21.356318 ], [ -47.922338, -21.356752 ], [ -47.922527, -21.356908 ], [ -47.92268, -21.35691 ], [ -47.922897, -21.357012 ], [ -47.92298, -21.357269 ], [ -47.92307, -21.357348 ], [ -47.923139, -21.357355 ], [ -47.923226, -21.357309 ], [ -47.923397, -21.357013 ], [ -47.923514, -21.356976 ], [ -47.923593, -21.356991 ], [ -47.923662, -21.357044 ], [ -47.923673, -21.357377 ], [ -47.923733, -21.357455 ], [ -47.923803, -21.357473 ], [ -47.923891, -21.357453 ], [ -47.924007, -21.357353 ], [ -47.924178, -21.357101 ], [ -47.924284, -21.357028 ], [ -47.92465, -21.356964 ], [ -47.92502, -21.356833 ], [ -47.925254, -21.356829 ], [ -47.92556, -21.356894 ], [ -47.92571, -21.356834 ], [ -47.926, -21.356642 ], [ -47.926192, -21.356408 ], [ -47.926308, -21.356318 ], [ -47.926395, -21.356289 ], [ -47.926621, -21.356285 ], [ -47.926735, -21.356341 ], [ -47.926804, -21.356447 ], [ -47.92689, -21.356793 ], [ -47.92701, -21.356915 ], [ -47.927128, -21.356966 ], [ -47.927294, -21.356945 ], [ -47.927479, -21.356862 ], [ -47.927745, -21.356648 ], [ -47.927891, -21.35661 ], [ -47.928391, -21.356628 ], [ -47.928813, -21.356465 ], [ -47.929196, -21.356458 ], [ -47.929423, -21.356543 ], [ -47.92954, -21.356541 ], [ -47.929656, -21.356441 ], [ -47.929879, -21.35613 ], [ -47.929987, -21.356084 ], [ -47.930076, -21.356135 ], [ -47.930099, -21.356367 ], [ -47.929997, -21.356626 ], [ -47.929999, -21.356733 ], [ -47.930041, -21.356812 ], [ -47.930119, -21.356864 ], [ -47.930306, -21.356906 ], [ -47.930812, -21.356937 ], [ -47.93096, -21.35698 ], [ -47.931139, -21.357091 ], [ -47.931489, -21.357477 ], [ -47.932443, -21.358123 ], [ -47.932623, -21.358307 ], [ -47.932792, -21.358419 ], [ -47.932988, -21.358434 ], [ -47.933349, -21.358366 ], [ -47.93358, -21.358357 ], [ -47.933726, -21.358382 ], [ -47.934428, -21.358662 ], [ -47.935121, -21.358789 ], [ -47.935513, -21.358755 ], [ -47.935866, -21.358566 ], [ -47.936202, -21.358186 ], [ -47.93629, -21.358131 ], [ -47.936563, -21.358144 ], [ -47.937104, -21.358451 ], [ -47.937281, -21.358502 ], [ -47.93808, -21.358518 ], [ -47.938198, -21.358542 ], [ -47.938366, -21.358638 ], [ -47.938506, -21.358777 ], [ -47.938734, -21.358925 ], [ -47.938833, -21.358932 ], [ -47.939012, -21.358853 ], [ -47.939107, -21.358665 ], [ -47.939193, -21.358592 ], [ -47.939369, -21.358571 ], [ -47.939872, -21.35873 ], [ -47.939989, -21.358694 ], [ -47.940075, -21.358621 ], [ -47.940103, -21.358514 ], [ -47.940061, -21.358381 ], [ -47.939858, -21.358132 ], [ -47.939807, -21.357884 ], [ -47.940022, -21.357675 ], [ -47.940616, -21.35762 ], [ -47.941143, -21.357376 ], [ -47.941994, -21.356804 ], [ -47.942207, -21.356521 ], [ -47.942236, -21.356345 ], [ -47.942075, -21.356171 ], [ -47.941933, -21.356116 ], [ -47.94159, -21.356151 ], [ -47.941559, -21.356195 ], [ -47.941309, -21.356228 ], [ -47.941248, -21.356146 ], [ -47.941179, -21.355685 ], [ -47.941006, -21.35534 ], [ -47.941004, -21.355243 ], [ -47.941069, -21.355073 ], [ -47.941176, -21.355017 ], [ -47.941294, -21.355033 ], [ -47.941425, -21.355254 ], [ -47.941486, -21.355306 ], [ -47.941607, -21.355281 ], [ -47.941674, -21.3552 ], [ -47.941725, -21.354798 ], [ -47.941754, -21.354753 ], [ -47.941871, -21.354733 ], [ -47.94195, -21.354794 ], [ -47.941996, -21.355149 ], [ -47.942105, -21.355148 ], [ -47.942179, -21.354932 ], [ -47.942159, -21.354208 ], [ -47.942236, -21.354099 ], [ -47.942332, -21.354045 ], [ -47.94247, -21.354042 ], [ -47.942835, -21.354169 ], [ -47.942912, -21.354124 ], [ -47.943008, -21.354006 ], [ -47.943035, -21.353916 ], [ -47.943126, -21.353795 ], [ -47.943319, -21.353658 ], [ -47.943424, -21.353541 ], [ -47.943418, -21.353238 ], [ -47.943316, -21.353062 ], [ -47.943254, -21.352841 ], [ -47.94334, -21.352488 ], [ -47.943275, -21.352195 ], [ -47.943214, -21.35209 ], [ -47.943267, -21.351822 ], [ -47.943647, -21.351429 ], [ -47.943663, -21.351223 ], [ -47.943402, -21.350917 ], [ -47.943361, -21.350811 ], [ -47.943408, -21.350539 ], [ -47.943644, -21.349993 ], [ -47.943822, -21.349371 ], [ -47.943877, -21.348467 ], [ -47.943942, -21.348288 ], [ -47.944162, -21.348035 ], [ -47.94423, -21.348016 ], [ -47.944526, -21.348127 ], [ -47.944693, -21.348124 ], [ -47.94479, -21.348069 ], [ -47.944851, -21.347921 ], [ -47.944837, -21.347752 ], [ -47.944756, -21.347593 ], [ -47.944636, -21.347461 ], [ -47.944368, -21.347289 ], [ -47.944138, -21.347043 ], [ -47.944056, -21.346912 ], [ -47.943971, -21.346339 ], [ -47.943965, -21.345984 ], [ -47.943998, -21.345716 ], [ -47.944046, -21.345626 ], [ -47.944359, -21.345395 ], [ -47.944436, -21.345286 ], [ -47.944498, -21.344964 ], [ -47.94461, -21.344696 ], [ -47.944754, -21.34457 ], [ -47.945022, -21.344453 ], [ -47.945174, -21.344473 ], [ -47.945932, -21.344569 ], [ -47.946242, -21.344446 ], [ -47.946583, -21.34425 ], [ -47.94677, -21.344218 ], [ -47.946926, -21.344156 ], [ -47.947302, -21.34415 ], [ -47.947648, -21.344232 ], [ -47.947711, -21.344274 ], [ -47.947962, -21.344314 ], [ -47.947994, -21.344342 ], [ -47.948401, -21.344321 ], [ -47.948787, -21.344051 ], [ -47.949148, -21.343686 ], [ -47.949189, -21.343637 ], [ -47.949204, -21.34362 ], [ -47.949824, -21.34315 ], [ -47.94989, -21.343086 ], [ -47.950447, -21.343074 ], [ -47.950585, -21.343115 ], [ -47.95115, -21.343452 ], [ -47.951424, -21.343456 ], [ -47.951696, -21.343363 ], [ -47.952233, -21.343238 ], [ -47.952894, -21.343204 ], [ -47.953022, -21.343228 ], [ -47.95317, -21.343306 ], [ -47.953386, -21.3434792 ], [ -47.953528, -21.343593 ], [ -47.953687, -21.343662 ], [ -47.953957, -21.343679 ], [ -47.954132, -21.343631 ], [ -47.954451, -21.343457 ], [ -47.954521, -21.343455 ], [ -47.954901, -21.34364 ], [ -47.955018, -21.343647 ], [ -47.955156, -21.3436 ], [ -47.955271, -21.343492 ], [ -47.955384, -21.343284 ], [ -47.955439, -21.343071 ], [ -47.955505, -21.342962 ], [ -47.955612, -21.342881 ], [ -47.955766, -21.342816 ], [ -47.955918, -21.34279 ], [ -47.956026, -21.342824 ], [ -47.956356, -21.343139 ], [ -47.956416, -21.3431598 ], [ -47.956454, -21.343173 ], [ -47.9566411, -21.3431128 ], [ -47.956659, -21.343107 ], [ -47.956895, -21.342894 ], [ -47.957142, -21.342462 ], [ -47.957284, -21.342273 ], [ -47.957352, -21.342227 ], [ -47.957529, -21.34226 ], [ -47.957739, -21.342505 ], [ -47.957864, -21.342604 ], [ -47.957952, -21.34263 ], [ -47.95806, -21.342602 ], [ -47.958298, -21.342304 ], [ -47.958414, -21.34223 ], [ -47.958591, -21.342218 ], [ -47.958709, -21.342243 ], [ -47.958887, -21.342332 ], [ -47.959044, -21.342344 ], [ -47.959184, -21.342297 ], [ -47.959353, -21.342132 ], [ -47.959477, -21.342071 ], [ -47.959632, -21.342039 ], [ -47.959977, -21.342063 ], [ -47.960136, -21.342133 ], [ -47.960828, -21.342299 ], [ -47.961182, -21.342337 ], [ -47.961666, -21.342306 ], [ -47.962251, -21.342171 ], [ -47.962509, -21.341917 ], [ -47.962566, -21.341792 ], [ -47.962537, -21.341548 ], [ -47.962484, -21.341388 ], [ -47.962501, -21.341263 ], [ -47.96255, -21.341209 ], [ -47.962724, -21.341144 ], [ -47.963314, -21.341155 ], [ -47.9634, -21.341078 ], [ -47.963416, -21.340981 ], [ -47.963374, -21.340866 ], [ -47.963124, -21.34055 ], [ -47.963132, -21.340469 ], [ -47.963224, -21.340419 ], [ -47.963363, -21.340443 ], [ -47.96358, -21.340555 ], [ -47.963715, -21.340428 ], [ -47.963752, -21.340321 ], [ -47.963622, -21.339789 ], [ -47.963621, -21.339682 ], [ -47.963678, -21.339592 ], [ -47.963765, -21.339537 ], [ -47.963923, -21.33957 ], [ -47.964181, -21.33977 ], [ -47.96424, -21.339769 ], [ -47.96438, -21.339629 ], [ -47.964386, -21.339496 ], [ -47.96429, -21.339052 ], [ -47.964257, -21.338674 ], [ -47.964045, -21.338332 ], [ -47.964062, -21.338225 ], [ -47.964129, -21.338144 ], [ -47.964569, -21.338127 ], [ -47.964657, -21.338072 ], [ -47.964641, -21.337743 ], [ -47.964364, -21.337387 ], [ -47.964252, -21.337167 ], [ -47.964135, -21.336689 ], [ -47.964053, -21.336566 ], [ -47.963919, -21.33644 ], [ -47.963593, -21.336311 ], [ -47.963493, -21.336198 ], [ -47.963481, -21.336091 ], [ -47.963535, -21.335877 ], [ -47.963804, -21.335632 ], [ -47.963813, -21.335551 ], [ -47.963713, -21.335212 ], [ -47.963711, -21.335114 ], [ -47.963758, -21.335006 ], [ -47.963903, -21.334959 ], [ -47.964359, -21.335227 ], [ -47.964537, -21.33525 ], [ -47.964624, -21.335204 ], [ -47.964786, -21.335042 ], [ -47.964824, -21.334925 ], [ -47.964758, -21.334588 ], [ -47.964641, -21.334372 ], [ -47.964578, -21.334151 ], [ -47.964479, -21.333375 ], [ -47.964238, -21.332596 ], [ -47.964227, -21.332262 ], [ -47.964185, -21.332139 ], [ -47.963816, -21.331799 ], [ -47.963813, -21.331647 ], [ -47.963859, -21.331495 ], [ -47.964141, -21.331156 ], [ -47.964149, -21.331032 ], [ -47.963954, -21.330653 ], [ -47.963922, -21.330483 ], [ -47.963938, -21.330279 ], [ -47.963994, -21.330145 ], [ -47.96427, -21.329949 ], [ -47.964783, -21.329664 ], [ -47.964956, -21.329527 ], [ -47.965032, -21.329402 ], [ -47.965114, -21.328827 ], [ -47.96535, -21.328422 ], [ -47.965466, -21.328069 ], [ -47.965528, -21.326749 ], [ -47.965629, -21.326604 ], [ -47.966173, -21.32615 ], [ -47.966468, -21.325986 ], [ -47.966679, -21.325804 ], [ -47.966736, -21.325696 ], [ -47.966862, -21.32516 ], [ -47.966977, -21.325034 ], [ -47.967153, -21.325013 ], [ -47.967242, -21.325047 ], [ -47.967283, -21.325144 ], [ -47.967301, -21.325571 ], [ -47.967436, -21.325878 ], [ -47.967732, -21.325829 ], [ -47.967919, -21.325723 ], [ -47.968105, -21.325661 ], [ -47.96848, -21.325596 ], [ -47.968699, -21.325621 ], [ -47.969079, -21.325747 ], [ -47.970808, -21.326098 ], [ -47.970806, -21.326128 ], [ -47.971527, -21.3262 ], [ -47.971839, -21.326159 ], [ -47.97216, -21.326046 ], [ -47.972526, -21.325982 ], [ -47.972641, -21.325872 ], [ -47.972707, -21.325721 ], [ -47.972692, -21.325471 ], [ -47.972773, -21.32515 ], [ -47.973014, -21.324958 ], [ -47.973152, -21.324947 ], [ -47.973397, -21.324997 ], [ -47.973516, -21.325057 ], [ -47.973587, -21.325163 ], [ -47.973615, -21.32586 ], [ -47.973657, -21.325958 ], [ -47.973837, -21.32615 ], [ -47.973975, -21.326218 ], [ -47.974512, -21.326356 ], [ -47.974952, -21.326402 ], [ -47.975225, -21.326326 ], [ -47.97537, -21.32618 ], [ -47.975379, -21.325692 ], [ -47.975416, -21.32561 ], [ -47.975616, -21.325531 ], [ -47.975705, -21.325529 ], [ -47.976012, -21.325738 ], [ -47.976129, -21.325709 ], [ -47.976157, -21.325664 ], [ -47.976115, -21.325024 ], [ -47.976289, -21.324852 ], [ -47.976527, -21.324799 ], [ -47.976968, -21.324854 ], [ -47.9772, -21.324689 ], [ -47.977531, -21.324288 ], [ -47.977838, -21.324033 ], [ -47.978374, -21.323881 ], [ -47.97849, -21.323807 ], [ -47.978556, -21.323673 ], [ -47.978577, -21.323518 ], [ -47.978538, -21.322993 ], [ -47.978611, -21.322716 ], [ -47.978726, -21.322607 ], [ -47.97892, -21.322498 ], [ -47.97944, -21.322324 ], [ -47.979488, -21.322252 ], [ -47.979474, -21.322092 ], [ -47.979529, -21.321877 ], [ -47.979674, -21.321787 ], [ -47.979779, -21.321668 ], [ -47.979806, -21.321543 ], [ -47.979756, -21.321219 ], [ -47.979591, -21.320831 ], [ -47.979547, -21.320592 ], [ -47.979586, -21.320328 ], [ -47.979913, -21.320011 ], [ -47.979975, -21.319663 ], [ -47.980157, -21.319255 ], [ -47.980155, -21.319165 ], [ -47.979942, -21.318814 ], [ -47.979896, -21.318485 ], [ -47.979933, -21.318351 ], [ -47.980072, -21.318193 ], [ -47.980458, -21.31791 ], [ -47.980711, -21.317799 ], [ -47.980972, -21.317617 ], [ -47.981076, -21.317456 ], [ -47.981062, -21.317268 ], [ -47.981012, -21.317189 ], [ -47.980486, -21.317097 ], [ -47.980415, -21.317017 ], [ -47.98041, -21.316697 ], [ -47.980456, -21.316546 ], [ -47.980987, -21.315953 ], [ -47.981034, -21.315863 ], [ -47.981085, -21.315453 ], [ -47.981178, -21.315256 ], [ -47.981293, -21.315147 ], [ -47.981647, -21.314923 ], [ -47.982202, -21.31478 ], [ -47.982413, -21.31478 ], [ -47.98309, -21.314884 ], [ -47.983363, -21.314817 ], [ -47.983909, -21.314474 ], [ -47.984075, -21.314444 ], [ -47.984648, -21.314438 ], [ -47.984882, -21.314345 ], [ -47.98544, -21.313943 ], [ -47.985821, -21.313594 ], [ -47.986039, -21.313225 ], [ -47.986529, -21.312736 ], [ -47.986835, -21.312646 ], [ -47.986993, -21.312688 ], [ -47.987142, -21.312765 ], [ -47.98747, -21.313018 ], [ -47.987577, -21.313016 ], [ -47.987645, -21.31297 ], [ -47.987845, -21.312682 ], [ -47.987933, -21.312391 ], [ -47.987951, -21.311133 ], [ -47.98808, -21.310678 ], [ -47.988385, -21.310045 ], [ -47.988547, -21.309864 ], [ -47.9891476, -21.3093772 ], [ -47.989154, -21.309372 ], [ -47.98885, -21.309301 ], [ -47.988371, -21.309064 ], [ -47.988214, -21.309058 ], [ -47.987891, -21.309117 ], [ -47.987676, -21.309095 ], [ -47.987265, -21.308893 ], [ -47.986868, -21.308642 ], [ -47.986553, -21.308505 ], [ -47.986217, -21.3083 ], [ -47.986012, -21.308176 ], [ -47.985726, -21.307961 ], [ -47.984904, -21.307579 ], [ -47.983642, -21.307147 ], [ -47.983105, -21.306892 ], [ -47.982692, -21.306591 ], [ -47.98223, -21.306203 ], [ -47.981926, -21.3059 ], [ -47.981557, -21.305467 ], [ -47.981475, -21.305306 ], [ -47.981347, -21.305191 ], [ -47.980831, -21.304452 ], [ -47.979843, -21.303501 ], [ -47.979415, -21.303244 ], [ -47.978799, -21.303021 ], [ -47.978108, -21.302916 ], [ -47.976665, -21.302824 ], [ -47.975974, -21.302705 ], [ -47.975801, -21.302619 ], [ -47.9755, -21.302537 ], [ -47.974331, -21.302014 ], [ -47.972969, -21.301231 ], [ -47.971643, -21.300696 ], [ -47.971296, -21.300586 ], [ -47.970314, -21.300061 ], [ -47.969124, -21.299244 ], [ -47.968252, -21.298702 ], [ -47.967447, -21.29838 ], [ -47.967337, -21.298367 ], [ -47.966707, -21.298143 ], [ -47.965947, -21.297746 ], [ -47.965456, -21.297446 ], [ -47.964916, -21.297059 ], [ -47.964149, -21.296295 ], [ -47.963732, -21.295819 ], [ -47.963318, -21.295473 ], [ -47.962732, -21.295146 ], [ -47.961795, -21.294488 ], [ -47.960662, -21.293437 ], [ -47.960345, -21.293207 ], [ -47.958666, -21.292297 ], [ -47.958036, -21.292059 ], [ -47.957721, -21.292007 ], [ -47.957284, -21.291985 ], [ -47.956886, -21.291713 ], [ -47.956676, -21.291379 ], [ -47.956397, -21.290796 ], [ -47.955979, -21.290217 ], [ -47.955257, -21.289378 ], [ -47.954605, -21.288818 ], [ -47.953417, -21.288179 ], [ -47.952894, -21.287836 ], [ -47.952527, -21.287505 ], [ -47.9518742, -21.2869618 ], [ -47.9513602, -21.2865075 ], [ -47.9508736, -21.2858456 ], [ -47.9504102, -21.2852918 ], [ -47.949667, -21.284634 ], [ -47.949125, -21.284131 ], [ -47.948822, -21.283901 ], [ -47.948285, -21.283632 ], [ -47.947718, -21.283494 ], [ -47.947343, -21.283501 ], [ -47.946839, -21.28332 ], [ -47.946585, -21.283177 ], [ -47.945405, -21.282097 ], [ -47.945039, -21.281825 ], [ -47.944384, -21.281147 ], [ -47.943827, -21.280701 ], [ -47.943605, -21.280574 ], [ -47.943132, -21.280376 ], [ -47.942177, -21.280393 ], [ -47.942145, -21.280365 ], [ -47.942037, -21.280366 ], [ -47.942019, -21.280337 ], [ -47.941831, -21.280281 ], [ -47.941514, -21.280126 ], [ -47.941071, -21.27984 ], [ -47.940275, -21.279164 ], [ -47.939367, -21.278476 ], [ -47.938831, -21.278192 ], [ -47.938214, -21.277938 ], [ -47.937836, -21.277857 ], [ -47.93721, -21.277809 ], [ -47.93671, -21.277847 ], [ -47.936174, -21.27768 ], [ -47.935333, -21.277108 ], [ -47.934509, -21.276653 ], [ -47.934112, -21.276351 ], [ -47.933938, -21.276252 ], [ -47.933094, -21.275577 ], [ -47.932935, -21.275389 ], [ -47.932821, -21.2752 ], [ -47.931823, -21.27448 ], [ -47.931118, -21.27346 ], [ -47.930309, -21.272116 ], [ -47.929924, -21.2712 ], [ -47.928728, -21.269151 ], [ -47.927691, -21.268066 ], [ -47.926373, -21.267287 ], [ -47.923434, -21.266504 ], [ -47.921842, -21.266323 ], [ -47.919796, -21.265641 ], [ -47.918818, -21.264858 ], [ -47.918103, -21.263594 ], [ -47.91776, -21.262817 ], [ -47.917001, -21.262064 ], [ -47.91614, -21.261654 ], [ -47.915011, -21.261434 ], [ -47.913339, -21.261396 ], [ -47.911687, -21.261407 ], [ -47.909977, -21.261168 ], [ -47.907835, -21.260484 ], [ -47.90687, -21.259757 ], [ -47.906423, -21.258852 ], [ -47.906333, -21.257772 ], [ -47.906586, -21.256886 ], [ -47.906756, -21.25643 ], [ -47.907511, -21.25548 ], [ -47.908762, -21.254673 ], [ -47.91203, -21.252874 ], [ -47.912183, -21.25271 ], [ -47.912614, -21.252381 ], [ -47.912891, -21.252111 ], [ -47.913289, -21.251634 ], [ -47.913318, -21.251561 ], [ -47.9137599, -21.2511383 ], [ -47.914357, -21.250567 ], [ -47.914612, -21.250365 ], [ -47.914695, -21.250274 ], [ -47.914794, -21.25015 ], [ -47.914891, -21.250031 ], [ -47.915011, -21.249885 ], [ -47.91511, -21.249767 ], [ -47.915254, -21.249598 ], [ -47.915351, -21.249472 ], [ -47.915487, -21.249297 ], [ -47.915585, -21.249164 ], [ -47.915667, -21.249018 ], [ -47.915758, -21.248871 ], [ -47.915839, -21.248726 ], [ -47.915913, -21.24858 ], [ -47.91595, -21.248492 ], [ -47.915982, -21.248477 ], [ -47.916012, -21.248433 ], [ -47.916007, -21.248426 ], [ -47.91601, -21.248383 ], [ -47.916041, -21.248375 ], [ -47.916077, -21.248273 ], [ -47.91615, -21.248141 ], [ -47.916225, -21.248019 ], [ -47.916335, -21.247854 ], [ -47.916393, -21.247823 ], [ -47.916443, -21.247763 ], [ -47.91653, -21.247686 ], [ -47.9166325, -21.2476034 ], [ -47.916705, -21.247545 ], [ -47.916864, -21.247426 ], [ -47.917085, -21.247248 ], [ -47.917229, -21.247073 ], [ -47.917441, -21.246873 ], [ -47.917577, -21.246725 ], [ -47.917781, -21.246505 ], [ -47.917917, -21.246343 ], [ -47.918128, -21.246115 ], [ -47.918272, -21.245961 ], [ -47.9185, -21.245732 ], [ -47.918644, -21.245577 ], [ -47.918841, -21.245349 ], [ -47.918976, -21.245194 ], [ -47.919211, -21.244981 ], [ -47.919393, -21.244804 ], [ -47.919583, -21.244627 ], [ -47.91978, -21.244457 ], [ -47.919932, -21.244323 ], [ -47.920153, -21.24411 ], [ -47.920296, -21.24397 ], [ -47.920485, -21.243763 ], [ -47.920636, -21.243616 ], [ -47.920834, -21.243403 ], [ -47.92097, -21.243248 ], [ -47.921158, -21.24302 ], [ -47.92137, -21.242799 ], [ -47.921498, -21.242631 ], [ -47.921702, -21.242402 ], [ -47.921846, -21.242233 ], [ -47.921974, -21.242057 ], [ -47.922086, -21.241881 ], [ -47.922183, -21.241706 ], [ -47.922303, -21.24153 ], [ -47.922401, -21.241355 ], [ -47.922528, -21.241178 ], [ -47.922656, -21.241002 ], [ -47.922752, -21.240826 ], [ -47.922843, -21.240652 ], [ -47.922939, -21.240476 ], [ -47.923013, -21.240301 ], [ -47.923087, -21.240126 ], [ -47.923144, -21.239951 ], [ -47.923196, -21.239776 ], [ -47.923262, -21.239601 ], [ -47.923305, -21.239426 ], [ -47.92334, -21.239252 ], [ -47.923359, -21.239078 ], [ -47.923364, -21.238904 ], [ -47.92336, -21.23873 ], [ -47.92338, -21.238556 ], [ -47.923399, -21.238382 ], [ -47.923412, -21.238208 ], [ -47.923401, -21.238035 ], [ -47.923397, -21.23786 ], [ -47.923386, -21.237687 ], [ -47.923375, -21.237513 ], [ -47.923348, -21.23734 ], [ -47.923322, -21.237167 ], [ -47.923303, -21.236993 ], [ -47.9232983, -21.2369616 ], [ -47.923277, -21.23682 ], [ -47.923243, -21.236661 ], [ -47.923239, -21.236486 ], [ -47.923205, -21.236314 ], [ -47.923155, -21.236141 ], [ -47.923114, -21.235968 ], [ -47.923055, -21.235795 ], [ -47.92299, -21.235622 ], [ -47.922925, -21.235449 ], [ -47.922852, -21.235276 ], [ -47.922788, -21.235104 ], [ -47.922713, -21.234931 ], [ -47.922648, -21.23476 ], [ -47.922583, -21.234586 ], [ -47.922526, -21.234413 ], [ -47.922484, -21.23424 ], [ -47.922442, -21.234067 ], [ -47.9224, -21.233894 ], [ -47.922368, -21.233844 ], [ -47.922365, -21.233713 ], [ -47.922349, -21.233706 ], [ -47.922341, -21.233635 ], [ -47.922317, -21.233627 ], [ -47.922307, -21.233519 ], [ -47.92225, -21.233346 ], [ -47.922192, -21.233173 ], [ -47.922128, -21.233001 ], [ -47.922031, -21.232829 ], [ -47.921943, -21.232656 ], [ -47.92187, -21.232484 ], [ -47.921812, -21.23231 ], [ -47.921755, -21.232138 ], [ -47.921713, -21.231965 ], [ -47.921663, -21.231806 ], [ -47.921598, -21.231648 ], [ -47.921541, -21.231474 ], [ -47.921469, -21.231302 ], [ -47.921395, -21.23113 ], [ -47.921337, -21.230958 ], [ -47.921288, -21.230784 ], [ -47.921223, -21.230611 ], [ -47.921158, -21.230439 ], [ -47.9211, -21.230266 ], [ -47.921081, -21.230092 ], [ -47.921063, -21.229919 ], [ -47.921082, -21.229745 ], [ -47.9210996, -21.2296571 ], [ -47.9211136, -21.2295871 ], [ -47.921117, -21.22957 ], [ -47.921145, -21.229395 ], [ -47.921172, -21.229222 ], [ -47.921207, -21.229047 ], [ -47.921266, -21.228872 ], [ -47.921308, -21.228697 ], [ -47.921362, -21.228571 ], [ -47.921401, -21.228433 ], [ -47.921417, -21.228344 ], [ -47.921435, -21.228301 ], [ -47.921477, -21.228234 ], [ -47.921589, -21.228062 ], [ -47.921605, -21.228041 ], [ -47.921666, -21.22796 ], [ -47.92171, -21.227902 ], [ -47.92186, -21.227703 ], [ -47.921989, -21.227542 ], [ -47.922125, -21.227395 ], [ -47.922291, -21.227189 ], [ -47.922396, -21.227028 ], [ -47.922493, -21.226866 ], [ -47.922622, -21.226705 ], [ -47.92275, -21.226551 ], [ -47.922915, -21.226323 ], [ -47.92302, -21.226162 ], [ -47.92314, -21.226007 ], [ -47.923329, -21.225779 ], [ -47.923472, -21.225625 ], [ -47.923677, -21.225418 ], [ -47.923875, -21.22522 ], [ -47.924049, -21.225072 ], [ -47.924216, -21.22491 ], [ -47.924375, -21.224748 ], [ -47.924587, -21.224571 ], [ -47.924732, -21.224437 ], [ -47.924914, -21.224283 ], [ -47.925082, -21.22412 ], [ -47.925248, -21.223979 ], [ -47.925415, -21.223831 ], [ -47.925566, -21.223677 ], [ -47.92571, -21.223508 ], [ -47.925899, -21.223301 ], [ -47.926005, -21.22314 ], [ -47.926094, -21.22298 ], [ -47.92616, -21.222819 ], [ -47.926226, -21.222658 ], [ -47.926309, -21.222498 ], [ -47.926397, -21.222337 ], [ -47.926471, -21.222177 ], [ -47.926553, -21.222016 ], [ -47.926612, -21.221856 ], [ -47.926702, -21.221694 ], [ -47.92676, -21.221533 ], [ -47.926842, -21.221373 ], [ -47.9269, -21.221212 ], [ -47.926967, -21.221052 ], [ -47.927033, -21.220892 ], [ -47.9271, -21.220717 ], [ -47.927142, -21.220541 ], [ -47.927208, -21.220367 ], [ -47.927252, -21.220192 ], [ -47.927317, -21.220017 ], [ -47.927368, -21.219843 ], [ -47.92745, -21.219667 ], [ -47.927532, -21.219492 ], [ -47.927613, -21.219317 ], [ -47.927679, -21.219157 ], [ -47.9276872, -21.219131 ], [ -47.9276892, -21.2191247 ], [ -47.92773, -21.218996 ], [ -47.927781, -21.218835 ], [ -47.92784, -21.218676 ], [ -47.927891, -21.218515 ], [ -47.927942, -21.218355 ], [ -47.927992, -21.218195 ], [ -47.928035, -21.218035 ], [ -47.928102, -21.217874 ], [ -47.928169, -21.217714 ], [ -47.928235, -21.217553 ], [ -47.928293, -21.217394 ], [ -47.928359, -21.217232 ], [ -47.928426, -21.217072 ], [ -47.928523, -21.216911 ], [ -47.928589, -21.21675 ], [ -47.928655, -21.21659 ], [ -47.928738, -21.216428 ], [ -47.928804, -21.216269 ], [ -47.928878, -21.216107 ], [ -47.928967, -21.215932 ], [ -47.929056, -21.215757 ], [ -47.929115, -21.215582 ], [ -47.929204, -21.215407 ], [ -47.929277, -21.215232 ], [ -47.929328, -21.215057 ], [ -47.929394, -21.214881 ], [ -47.929437, -21.214708 ], [ -47.92948, -21.214533 ], [ -47.929547, -21.214372 ], [ -47.929613, -21.214212 ], [ -47.929665, -21.214052 ], [ -47.929731, -21.213892 ], [ -47.929789, -21.21373 ], [ -47.92984, -21.21357 ], [ -47.929898, -21.21341 ], [ -47.929965, -21.21325 ], [ -47.930024, -21.213089 ], [ -47.930075, -21.21293 ], [ -47.930133, -21.212768 ], [ -47.930177, -21.212609 ], [ -47.930219, -21.212449 ], [ -47.930256, -21.212289 ], [ -47.930275, -21.212129 ], [ -47.930288, -21.211969 ], [ -47.9303, -21.211809 ], [ -47.930304, -21.21165 ], [ -47.930317, -21.211491 ], [ -47.930313, -21.211331 ], [ -47.930318, -21.211158 ], [ -47.930329, -21.210983 ], [ -47.930334, -21.210809 ], [ -47.930331, -21.210636 ], [ -47.930334, -21.210463 ], [ -47.93037, -21.210287 ], [ -47.930374, -21.210113 ], [ -47.930393, -21.20994 ], [ -47.93039, -21.209765 ], [ -47.930402, -21.209606 ], [ -47.930399, -21.209446 ], [ -47.930388, -21.209288 ], [ -47.930377, -21.209128 ], [ -47.930374, -21.208969 ], [ -47.930379, -21.208809 ], [ -47.930383, -21.20865 ], [ -47.930381, -21.208491 ], [ -47.930378, -21.208332 ], [ -47.930374, -21.208173 ], [ -47.930363, -21.208013 ], [ -47.930366, -21.207918 ], [ -47.930368, -21.207854 ], [ -47.93038, -21.207694 ], [ -47.930392, -21.207535 ], [ -47.93042, -21.207375 ], [ -47.930455, -21.207215 ], [ -47.930499, -21.207055 ], [ -47.930542, -21.206895 ], [ -47.930578, -21.206735 ], [ -47.930636, -21.206574 ], [ -47.930687, -21.206414 ], [ -47.930745, -21.206239 ], [ -47.930804, -21.206065 ], [ -47.93087, -21.20589 ], [ -47.93092, -21.205715 ], [ -47.930971, -21.20554 ], [ -47.931037, -21.205364 ], [ -47.931103, -21.20519 ], [ -47.931162, -21.205015 ], [ -47.931228, -21.204855 ], [ -47.931294, -21.204694 ], [ -47.931369, -21.204533 ], [ -47.931427, -21.204373 ], [ -47.931517, -21.204212 ], [ -47.931583, -21.204052 ], [ -47.931665, -21.203891 ], [ -47.931762, -21.20373 ], [ -47.931875, -21.203569 ], [ -47.931995, -21.203407 ], [ -47.932115, -21.203245 ], [ -47.932243, -21.203091 ], [ -47.93244, -21.202892 ], [ -47.932669, -21.202708 ], [ -47.932851, -21.202581 ], [ -47.93305, -21.202447 ], [ -47.933255, -21.202314 ], [ -47.933454, -21.202179 ], [ -47.933652, -21.202046 ], [ -47.93385, -21.201897 ], [ -47.934055, -21.20175 ], [ -47.934237, -21.201586 ], [ -47.934419, -21.201424 ], [ -47.934594, -21.201262 ], [ -47.934768, -21.2011 ], [ -47.934966, -21.200958 ], [ -47.935173, -21.200838 ], [ -47.935341, -21.200763 ], [ -47.93551, -21.200717 ], [ -47.935679, -21.20067 ], [ -47.935848, -21.200631 ], [ -47.936018, -21.200614 ], [ -47.936188, -21.200604 ], [ -47.936357, -21.200586 ], [ -47.936527, -21.200583 ], [ -47.936697, -21.20058 ], [ -47.936866, -21.200563 ], [ -47.937036, -21.200568 ], [ -47.937206, -21.200579 ], [ -47.937377, -21.200598 ], [ -47.937546, -21.200609 ], [ -47.937718, -21.200628 ], [ -47.937887, -21.200647 ], [ -47.938058, -21.200665 ], [ -47.938244, -21.200676 ], [ -47.93843, -21.200687 ], [ -47.938614, -21.200699 ], [ -47.9388, -21.20071 ], [ -47.938986, -21.200722 ], [ -47.939171, -21.200726 ], [ -47.939357, -21.200745 ], [ -47.939542, -21.200755 ], [ -47.939712, -21.200767 ], [ -47.939883, -21.200785 ], [ -47.940053, -21.20079 ], [ -47.940222, -21.200773 ], [ -47.940393, -21.200756 ], [ -47.940562, -21.200745 ], [ -47.940731, -21.200699 ], [ -47.940901, -21.200652 ], [ -47.941068, -21.200605 ], [ -47.941238, -21.200566 ], [ -47.941407, -21.200541 ], [ -47.941577, -21.200502 ], [ -47.941745, -21.200457 ], [ -47.941915, -21.200425 ], [ -47.942084, -21.200393 ], [ -47.942254, -21.200383 ], [ -47.942423, -21.200372 ], [ -47.942593, -21.200362 ], [ -47.942763, -21.200359 ], [ -47.942841, -21.200339 ], [ -47.942946, -21.200325 ], [ -47.943016, -21.200312 ], [ -47.943126, -21.200318 ], [ -47.943231, -21.200311 ], [ -47.943286, -21.200306 ], [ -47.9433545, -21.200301 ], [ -47.943423, -21.200296 ], [ -47.9431233, -21.2003031 ], [ -47.923054, -21.200607 ], [ -47.91659, -21.200705 ], [ -47.9170781, -21.198024 ], [ -47.917334, -21.1966283 ], [ -47.917567, -21.195346 ], [ -47.918026, -21.193252 ], [ -47.918416, -21.190278 ], [ -47.918313, -21.189543 ], [ -47.917939, -21.188515 ], [ -47.917214, -21.18824 ], [ -47.915903, -21.187958 ], [ -47.915281, -21.187798 ], [ -47.91477, -21.187664 ], [ -47.913535, -21.18697 ], [ -47.912552, -21.186416 ], [ -47.91141, -21.185713 ], [ -47.910343, -21.184921 ], [ -47.908338, -21.183378 ], [ -47.907133, -21.182045 ], [ -47.906902, -21.181455 ], [ -47.90626, -21.180506 ], [ -47.904429, -21.178124 ], [ -47.90377, -21.176403 ], [ -47.902616, -21.171811 ], [ -47.902192, -21.169291 ], [ -47.902162, -21.167794 ], [ -47.9021094, -21.1672376 ], [ -47.9020986, -21.1671231 ], [ -47.9020935, -21.1670685 ], [ -47.9020757, -21.1668806 ], [ -47.902072, -21.1668417 ], [ -47.9020684, -21.1667759 ], [ -47.902065, -21.166715 ], [ -47.9020639, -21.1666951 ], [ -47.9020628, -21.1666752 ], [ -47.9020598, -21.1666526 ], [ -47.9020563, -21.1666261 ], [ -47.90204, -21.1665039 ], [ -47.9019953, -21.166168 ], [ -47.9019883, -21.1661152 ], [ -47.901987, -21.1661055 ], [ -47.901916, -21.164023 ], [ -47.901828, -21.162314 ], [ -47.901732, -21.161325 ], [ -47.90163, -21.160319 ], [ -47.901787, -21.159614 ], [ -47.90205, -21.159442 ], [ -47.902537, -21.159257 ], [ -47.903537, -21.159217 ], [ -47.905165, -21.159241 ], [ -47.906836, -21.159366 ], [ -47.908185, -21.158967 ], [ -47.90896, -21.158601 ], [ -47.909546, -21.158151 ], [ -47.90988, -21.157558 ], [ -47.909988, -21.156733 ], [ -47.909717, -21.155709 ], [ -47.9096166, -21.1554904 ], [ -47.9095783, -21.1554071 ], [ -47.909423, -21.155069 ], [ -47.908766, -21.154242 ], [ -47.908065, -21.153637 ], [ -47.907198, -21.152448 ], [ -47.906471, -21.150493 ], [ -47.906216, -21.148675 ], [ -47.906297, -21.148099 ], [ -47.906364, -21.14799 ], [ -47.906455, -21.147843 ], [ -47.906544, -21.147697 ], [ -47.906634, -21.147565 ], [ -47.906692, -21.147434 ], [ -47.906783, -21.147301 ], [ -47.906866, -21.14717 ], [ -47.906963, -21.147038 ], [ -47.907076, -21.146854 ], [ -47.907166, -21.14673 ], [ -47.907248, -21.146598 ], [ -47.907315, -21.146467 ], [ -47.907515, -21.146142 ], [ -47.907614, -21.145976 ], [ -47.90766, -21.145896 ], [ -47.907734, -21.145764 ], [ -47.907801, -21.145632 ], [ -47.907868, -21.1455 ], [ -47.907926, -21.14537 ], [ -47.907994, -21.145238 ], [ -47.908053, -21.145106 ], [ -47.908119, -21.144976 ], [ -47.908186, -21.144829 ], [ -47.908261, -21.144683 ], [ -47.908335, -21.144536 ], [ -47.908402, -21.144391 ], [ -47.908483, -21.144244 ], [ -47.908551, -21.144098 ], [ -47.908655, -21.143915 ], [ -47.908737, -21.143776 ], [ -47.908812, -21.14363 ], [ -47.908909, -21.143448 ], [ -47.908991, -21.143308 ], [ -47.909073, -21.143162 ], [ -47.909146, -21.143016 ], [ -47.909236, -21.14287 ], [ -47.909311, -21.142738 ], [ -47.90937, -21.142607 ], [ -47.90943, -21.142475 ], [ -47.909475, -21.142344 ], [ -47.909518, -21.142213 ], [ -47.909577, -21.142082 ], [ -47.909613, -21.141951 ], [ -47.909664, -21.141819 ], [ -47.9097, -21.141689 ], [ -47.909759, -21.141557 ], [ -47.909818, -21.141425 ], [ -47.90987, -21.141293 ], [ -47.909922, -21.141163 ], [ -47.909973, -21.141032 ], [ -47.910024, -21.1409 ], [ -47.9100483, -21.1408275 ], [ -47.910068, -21.140769 ], [ -47.910113, -21.140638 ], [ -47.910163, -21.140507 ], [ -47.910199, -21.140376 ], [ -47.910243, -21.140245 ], [ -47.910302, -21.140098 ], [ -47.910329, -21.139954 ], [ -47.910358, -21.139807 ], [ -47.910394, -21.139663 ], [ -47.91043, -21.139518 ], [ -47.910465, -21.139371 ], [ -47.910494, -21.139227 ], [ -47.910506, -21.139082 ], [ -47.910534, -21.138936 ], [ -47.910555, -21.138791 ], [ -47.910574, -21.138645 ], [ -47.910588, -21.1385 ], [ -47.910623, -21.138356 ], [ -47.910649, -21.138209 ], [ -47.91068, -21.138065 ], [ -47.910708, -21.137933 ], [ -47.91072, -21.137803 ], [ -47.910734, -21.137672 ], [ -47.910762, -21.137541 ], [ -47.910775, -21.13741 ], [ -47.910795, -21.13728 ], [ -47.910816, -21.137149 ], [ -47.910836, -21.137019 ], [ -47.910873, -21.136888 ], [ -47.910877, -21.136757 ], [ -47.910905, -21.136627 ], [ -47.910926, -21.136495 ], [ -47.910963, -21.136364 ], [ -47.910999, -21.136234 ], [ -47.911019, -21.136102 ], [ -47.911048, -21.135972 ], [ -47.911053, -21.135841 ], [ -47.911081, -21.13571 ], [ -47.911102, -21.135579 ], [ -47.911138, -21.135449 ], [ -47.911165, -21.135303 ], [ -47.911194, -21.135158 ], [ -47.911206, -21.135013 ], [ -47.911227, -21.134868 ], [ -47.911255, -21.134722 ], [ -47.91127, -21.134686 ], [ -47.911277, -21.134635 ], [ -47.911291, -21.134562 ], [ -47.911298, -21.134548 ], [ -47.911318, -21.134402 ], [ -47.911346, -21.134257 ], [ -47.911374, -21.134112 ], [ -47.911387, -21.133967 ], [ -47.9114, -21.133822 ], [ -47.911396, -21.133677 ], [ -47.911393, -21.133533 ], [ -47.911414, -21.133387 ], [ -47.911396, -21.133257 ], [ -47.911401, -21.133126 ], [ -47.911406, -21.132996 ], [ -47.911419, -21.132865 ], [ -47.911432, -21.132735 ], [ -47.911452, -21.132603 ], [ -47.91145, -21.132473 ], [ -47.911455, -21.132344 ], [ -47.911454, -21.132213 ], [ -47.911443, -21.132083 ], [ -47.911432, -21.131952 ], [ -47.911406, -21.131822 ], [ -47.911388, -21.131692 ], [ -47.911363, -21.131562 ], [ -47.911337, -21.131432 ], [ -47.911319, -21.131303 ], [ -47.911286, -21.131173 ], [ -47.91127, -21.131144 ], [ -47.911254, -21.131107 ], [ -47.911222, -21.131043 ], [ -47.911166, -21.1309 ], [ -47.911107, -21.130755 ], [ -47.911059, -21.130612 ], [ -47.911017, -21.130467 ], [ -47.910961, -21.130324 ], [ -47.910911, -21.130179 ], [ -47.91084, -21.130036 ], [ -47.910766, -21.129892 ], [ -47.910702, -21.129748 ], [ -47.910607, -21.129605 ], [ -47.910543, -21.129461 ], [ -47.910439, -21.129333 ], [ -47.910336, -21.129168 ], [ -47.910225, -21.129018 ], [ -47.910113, -21.128861 ], [ -47.910018, -21.128731 ], [ -47.909923, -21.128603 ], [ -47.909836, -21.128473 ], [ -47.909756, -21.128345 ], [ -47.909677, -21.128216 ], [ -47.909613, -21.128087 ], [ -47.909555, -21.127957 ], [ -47.90951, -21.127794 ], [ -47.909476, -21.1277 ], [ -47.909382, -21.127532 ], [ -47.90941, -21.127431 ], [ -47.909439, -21.127303 ], [ -47.909446, -21.1272 ], [ -47.909461, -21.127104 ], [ -47.909484, -21.127046 ], [ -47.909505, -21.126915 ], [ -47.90951, -21.126785 ], [ -47.909522, -21.126653 ], [ -47.909528, -21.126523 ], [ -47.909541, -21.126392 ], [ -47.909546, -21.126262 ], [ -47.90955, -21.126132 ], [ -47.909564, -21.126001 ], [ -47.909554, -21.125871 ], [ -47.909543, -21.125741 ], [ -47.909548, -21.125597 ], [ -47.90953, -21.125451 ], [ -47.909496, -21.125307 ], [ -47.909463, -21.125163 ], [ -47.90942, -21.125019 ], [ -47.909372, -21.124874 ], [ -47.909315, -21.124731 ], [ -47.909266, -21.124586 ], [ -47.909217, -21.124443 ], [ -47.909168, -21.124299 ], [ -47.909119, -21.124169 ], [ -47.909077, -21.12404 ], [ -47.909067, -21.123909 ], [ -47.909057, -21.12378 ], [ -47.909062, -21.123649 ], [ -47.909067, -21.123519 ], [ -47.909095, -21.123387 ], [ -47.909117, -21.123257 ], [ -47.909153, -21.123125 ], [ -47.909196, -21.122994 ], [ -47.909247, -21.122864 ], [ -47.909299, -21.122732 ], [ -47.909365, -21.122601 ], [ -47.909433, -21.122469 ], [ -47.909508, -21.122337 ], [ -47.909598, -21.122212 ], [ -47.909741, -21.122029 ], [ -47.909831, -21.121904 ], [ -47.909958, -21.121722 ], [ -47.910049, -21.121589 ], [ -47.910139, -21.121464 ], [ -47.910258, -21.121281 ], [ -47.910349, -21.121157 ], [ -47.910485, -21.12098 ], [ -47.910643, -21.120833 ], [ -47.910803, -21.120692 ], [ -47.910925, -21.120596 ], [ -47.911054, -21.1205 ], [ -47.911221, -21.120389 ], [ -47.911398, -21.120299 ], [ -47.91155, -21.120231 ], [ -47.911704, -21.120178 ], [ -47.911857, -21.120117 ], [ -47.911995, -21.120049 ], [ -47.912179, -21.119988 ], [ -47.912309, -21.119928 ], [ -47.912485, -21.119846 ], [ -47.9126, -21.119764 ], [ -47.912759, -21.119667 ], [ -47.912858, -21.119585 ], [ -47.9129164, -21.1195201 ], [ -47.912956, -21.119453 ], [ -47.913001, -21.119387 ], [ -47.913042, -21.11932 ], [ -47.91309, -21.119225 ], [ -47.913149, -21.119065 ], [ -47.913168, -21.118877 ], [ -47.913158, -21.118696 ], [ -47.913147, -21.118537 ], [ -47.913104, -21.118379 ], [ -47.913055, -21.11822 ], [ -47.912998, -21.118061 ], [ -47.912957, -21.117903 ], [ -47.912892, -21.117745 ], [ -47.912843, -21.117586 ], [ -47.912801, -21.117428 ], [ -47.912735, -21.117269 ], [ -47.912663, -21.117112 ], [ -47.912606, -21.116952 ], [ -47.912534, -21.116794 ], [ -47.912461, -21.116637 ], [ -47.91238, -21.116478 ], [ -47.912339, -21.116334 ], [ -47.912267, -21.116191 ], [ -47.912188, -21.116047 ], [ -47.912091, -21.115903 ], [ -47.912004, -21.11576 ], [ -47.911908, -21.115617 ], [ -47.911821, -21.115474 ], [ -47.91174, -21.11533 ], [ -47.911668, -21.115187 ], [ -47.911573, -21.115044 ], [ -47.911478, -21.1149 ], [ -47.911381, -21.114744 ], [ -47.911287, -21.1146 ], [ -47.911183, -21.114442 ], [ -47.911079, -21.114284 ], [ -47.910953, -21.114127 ], [ -47.910858, -21.11397 ], [ -47.910738, -21.113812 ], [ -47.910635, -21.113655 ], [ -47.910524, -21.113497 ], [ -47.910427, -21.11334 ], [ -47.910355, -21.113181 ], [ -47.91026, -21.113024 ], [ -47.910165, -21.112866 ], [ -47.910091, -21.112708 ], [ -47.909996, -21.11255 ], [ -47.9099, -21.112393 ], [ -47.909827, -21.112235 ], [ -47.909747, -21.112076 ], [ -47.909667, -21.111919 ], [ -47.909595, -21.11176 ], [ -47.909538, -21.111616 ], [ -47.909473, -21.111473 ], [ -47.909424, -21.111329 ], [ -47.909344, -21.111185 ], [ -47.90928, -21.111042 ], [ -47.909207, -21.110897 ], [ -47.90915, -21.110754 ], [ -47.90907, -21.110611 ], [ -47.908998, -21.110467 ], [ -47.908903, -21.110324 ], [ -47.908807, -21.11018 ], [ -47.908711, -21.110023 ], [ -47.908631, -21.10988 ], [ -47.908567, -21.10972 ], [ -47.908471, -21.109564 ], [ -47.908375, -21.109405 ], [ -47.908287, -21.109248 ], [ -47.908184, -21.109091 ], [ -47.908057, -21.108948 ], [ -47.9079, -21.108776 ], [ -47.907734, -21.108612 ], [ -47.907577, -21.108441 ], [ -47.907426, -21.108248 ], [ -47.907323, -21.10809 ], [ -47.907205, -21.107933 ], [ -47.907101, -21.107776 ], [ -47.906982, -21.107619 ], [ -47.906886, -21.107461 ], [ -47.906775, -21.107303 ], [ -47.90668, -21.107146 ], [ -47.906584, -21.106987 ], [ -47.906487, -21.106845 ], [ -47.906393, -21.106701 ], [ -47.906298, -21.106558 ], [ -47.906201, -21.106415 ], [ -47.906122, -21.106272 ], [ -47.906034, -21.106128 ], [ -47.905955, -21.105985 ], [ -47.905866, -21.105841 ], [ -47.905779, -21.105698 ], [ -47.905706, -21.105554 ], [ -47.905618, -21.105397 ], [ -47.90553, -21.105238 ], [ -47.905419, -21.105081 ], [ -47.905324, -21.104923 ], [ -47.905236, -21.104766 ], [ -47.905139, -21.104608 ], [ -47.90506, -21.10445 ], [ -47.90498, -21.104292 ], [ -47.904907, -21.104135 ], [ -47.904842, -21.103975 ], [ -47.904769, -21.103817 ], [ -47.904704, -21.10366 ], [ -47.904648, -21.1035 ], [ -47.904622, -21.103342 ], [ -47.90458, -21.103183 ], [ -47.904545, -21.103025 ], [ -47.904527, -21.102866 ], [ -47.904508, -21.102707 ], [ -47.904475, -21.102547 ], [ -47.90444, -21.102389 ], [ -47.904406, -21.10223 ], [ -47.904389, -21.102086 ], [ -47.904362, -21.101941 ], [ -47.904352, -21.101797 ], [ -47.904326, -21.101652 ], [ -47.904293, -21.101508 ], [ -47.904267, -21.101363 ], [ -47.904249, -21.101219 ], [ -47.904214, -21.101074 ], [ -47.904181, -21.10093 ], [ -47.904162, -21.100786 ], [ -47.904128, -21.100627 ], [ -47.904094, -21.100468 ], [ -47.90406, -21.10031 ], [ -47.904049, -21.10015 ], [ -47.904024, -21.099992 ], [ -47.903998, -21.099832 ], [ -47.903971, -21.099674 ], [ -47.903945, -21.099515 ], [ -47.903919, -21.099356 ], [ -47.9039, -21.099196 ], [ -47.903866, -21.099037 ], [ -47.903831, -21.098879 ], [ -47.903797, -21.09872 ], [ -47.903764, -21.098562 ], [ -47.903746, -21.098402 ], [ -47.903703, -21.098244 ], [ -47.903662, -21.098085 ], [ -47.903621, -21.097927 ], [ -47.903585, -21.097823 ], [ -47.903573, -21.097729 ], [ -47.903557, -21.097589 ], [ -47.903581, -21.097417 ], [ -47.882932, -21.097787 ], [ -47.882835, -21.09718 ], [ -47.882801, -21.096992 ], [ -47.882766, -21.096805 ], [ -47.882739, -21.096617 ], [ -47.882697, -21.096429 ], [ -47.882639, -21.096242 ], [ -47.88259, -21.096055 ], [ -47.88254, -21.095868 ], [ -47.882482, -21.095679 ], [ -47.882432, -21.095492 ], [ -47.882397, -21.095305 ], [ -47.88234, -21.095117 ], [ -47.88229, -21.09493 ], [ -47.88221, -21.094743 ], [ -47.882144, -21.094555 ], [ -47.882086, -21.094369 ], [ -47.882052, -21.094181 ], [ -47.881986, -21.093978 ], [ -47.881921, -21.093777 ], [ -47.881855, -21.093576 ], [ -47.881805, -21.093373 ], [ -47.881738, -21.093171 ], [ -47.881681, -21.09297 ], [ -47.881616, -21.092768 ], [ -47.881558, -21.092565 ], [ -47.881508, -21.092365 ], [ -47.881456, -21.09214 ], [ -47.881406, -21.091917 ], [ -47.881364, -21.091715 ], [ -47.881321, -21.091513 ], [ -47.881286, -21.091325 ], [ -47.881253, -21.091138 ], [ -47.881225, -21.090949 ], [ -47.881183, -21.090762 ], [ -47.881149, -21.090575 ], [ -47.88109, -21.090386 ], [ -47.881026, -21.090199 ], [ -47.880983, -21.090012 ], [ -47.880919, -21.089825 ], [ -47.880868, -21.089638 ], [ -47.8808608, -21.0896055 ], [ -47.880826, -21.089449 ], [ -47.88076, -21.089262 ], [ -47.880702, -21.089075 ], [ -47.8806709, -21.0889731 ], [ -47.880645, -21.088888 ], [ -47.880564, -21.0887 ], [ -47.880476, -21.0885 ], [ -47.880395, -21.088312 ], [ -47.880322, -21.088111 ], [ -47.880241, -21.08791 ], [ -47.88016, -21.087708 ], [ -47.880078, -21.087506 ], [ -47.880005, -21.087305 ], [ -47.879924, -21.087104 ], [ -47.879827, -21.086902 ], [ -47.879731, -21.086716 ], [ -47.879635, -21.086529 ], [ -47.879547, -21.086341 ], [ -47.879458, -21.086155 ], [ -47.879354, -21.085968 ], [ -47.879235, -21.085783 ], [ -47.879139, -21.085595 ], [ -47.879034, -21.085409 ], [ -47.878931, -21.085222 ], [ -47.878811, -21.085036 ], [ -47.878677, -21.08485 ], [ -47.878549, -21.084664 ], [ -47.87843, -21.084478 ], [ -47.87831, -21.084291 ], [ -47.878184, -21.084106 ], [ -47.878079, -21.083918 ], [ -47.87796, -21.083718 ], [ -47.877826, -21.083531 ], [ -47.877721, -21.083331 ], [ -47.877617, -21.08313 ], [ -47.877505, -21.082929 ], [ -47.87742, -21.0827778 ], [ -47.877392, -21.082728 ], [ -47.877305, -21.082527 ], [ -47.877193, -21.082326 ], [ -47.877088, -21.082125 ], [ -47.876968, -21.081938 ], [ -47.876888, -21.081751 ], [ -47.876815, -21.081564 ], [ -47.876734, -21.081377 ], [ -47.876645, -21.081191 ], [ -47.87655, -21.081003 ], [ -47.87646, -21.080817 ], [ -47.876373, -21.08063 ], [ -47.876292, -21.080442 ], [ -47.876196, -21.080257 ], [ -47.876122, -21.080069 ], [ -47.876033, -21.079883 ], [ -47.875953, -21.079696 ], [ -47.875872, -21.079508 ], [ -47.875761, -21.079323 ], [ -47.875656, -21.079135 ], [ -47.875529, -21.078934 ], [ -47.875379, -21.078735 ], [ -47.875267, -21.078534 ], [ -47.875116, -21.078333 ], [ -47.874981, -21.078133 ], [ -47.874816, -21.077948 ], [ -47.874642, -21.077704 ], [ -47.874444, -21.077491 ], [ -47.874247, -21.077269 ], [ -47.874034, -21.077055 ], [ -47.873821, -21.076848 ], [ -47.873618, -21.076656 ], [ -47.873413, -21.076464 ], [ -47.873224, -21.076257 ], [ -47.873028, -21.076058 ], [ -47.872823, -21.075858 ], [ -47.872634, -21.075637 ], [ -47.872522, -21.075452 ], [ -47.872395, -21.075265 ], [ -47.872291, -21.075078 ], [ -47.872223, -21.074932 ], [ -47.872189, -21.074843 ], [ -47.87216, -21.074741 ], [ -47.872116, -21.074584 ], [ -47.872114, -21.074526 ], [ -47.872129, -21.074314 ], [ -47.872126, -21.074125 ], [ -47.872153, -21.073935 ], [ -47.872219, -21.073732 ], [ -47.8723, -21.073542 ], [ -47.872396, -21.073337 ], [ -47.872484, -21.073133 ], [ -47.87259, -21.072929 ], [ -47.872724, -21.072723 ], [ -47.872875, -21.072519 ], [ -47.873025, -21.072328 ], [ -47.873244, -21.072078 ], [ -47.873387, -21.071888 ], [ -47.873492, -21.071696 ], [ -47.873596, -21.071506 ], [ -47.873677, -21.071317 ], [ -47.87372, -21.071128 ], [ -47.873748, -21.070939 ], [ -47.873774, -21.070751 ], [ -47.873771, -21.070562 ], [ -47.873737, -21.070375 ], [ -47.873701, -21.070187 ], [ -47.873659, -21.069999 ], [ -47.873594, -21.069812 ], [ -47.873522, -21.069624 ], [ -47.8735386, -21.0693195 ], [ -47.873464, -21.0688645 ], [ -47.873294, -21.068252 ], [ -47.873228, -21.06805 ], [ -47.873132, -21.067849 ], [ -47.872989, -21.067648 ], [ -47.87287, -21.067463 ], [ -47.872751, -21.067276 ], [ -47.872639, -21.06709 ], [ -47.872528, -21.066904 ], [ -47.872416, -21.066716 ], [ -47.872357, -21.06653 ], [ -47.8723, -21.066342 ], [ -47.872235, -21.066155 ], [ -47.872178, -21.065967 ], [ -47.872105, -21.06578 ], [ -47.872039, -21.065593 ], [ -47.872012, -21.065406 ], [ -47.871985, -21.065217 ], [ -47.872005, -21.065029 ], [ -47.872016, -21.06484 ], [ -47.872017, -21.064744 ], [ -47.8720072, -21.0642749 ], [ -47.8715237, -21.0643211 ], [ -47.87055, -21.064338 ], [ -47.870152, -21.064338 ], [ -47.869948, -21.064341 ], [ -47.869382, -21.064174 ], [ -47.868768, -21.063949 ], [ -47.867566, -21.063813 ], [ -47.867169, -21.063856 ], [ -47.866856, -21.063869 ], [ -47.866459, -21.063948 ], [ -47.864609, -21.064285 ], [ -47.864126, -21.064345 ], [ -47.863486, -21.06437 ], [ -47.861761, -21.064308 ], [ -47.861306, -21.064168 ], [ -47.860882, -21.064088 ], [ -47.85878, -21.063944 ], [ -47.858384, -21.064009 ], [ -47.855817, -21.064085 ], [ -47.855505, -21.06412 ], [ -47.855411, -21.064129 ], [ -47.854794, -21.064118 ], [ -47.854003, -21.064073 ], [ -47.85281, -21.063979 ], [ -47.852551, -21.06391 ], [ -47.852017, -21.063823 ], [ -47.849843, -21.063908 ], [ -47.8488467, -21.0640464 ], [ -47.846986, -21.064305 ], [ -47.8467442, -21.0643387 ], [ -47.84413, -21.064703 ], [ -47.842544, -21.0649757 ], [ -47.841321, -21.065186 ], [ -47.83849, -21.065686 ], [ -47.835657, -21.066148 ], [ -47.832875, -21.066757 ], [ -47.830059, -21.067278 ], [ -47.829616, -21.067403 ], [ -47.827241, -21.067697 ], [ -47.8244, -21.06807 ], [ -47.8239588, -21.0680965 ], [ -47.823518, -21.068123 ], [ -47.821569, -21.068181 ], [ -47.820818, -21.068142 ], [ -47.82019, -21.067991 ], [ -47.818589, -21.067471 ], [ -47.818109, -21.067295 ], [ -47.817173, -21.066951 ], [ -47.815482, -21.066624 ], [ -47.8150925, -21.0665021 ], [ -47.8148148, -21.0664149 ], [ -47.814594, -21.066346 ], [ -47.8145557, -21.0663436 ], [ -47.8145174, -21.0663413 ], [ -47.8144743, -21.0663386 ], [ -47.812282, -21.066204 ], [ -47.811942, -21.066092 ], [ -47.811661, -21.066023 ], [ -47.811298, -21.065911 ], [ -47.810389, -21.065743 ], [ -47.809321, -21.065684 ], [ -47.809125, -21.065687 ], [ -47.80904, -21.065688 ], [ -47.808798, -21.065693 ], [ -47.808352, -21.06573 ], [ -47.80642, -21.066243 ], [ -47.806063, -21.066411 ], [ -47.805784, -21.06651 ], [ -47.804779, -21.066688 ], [ -47.803418, -21.06684 ], [ -47.803184, -21.066865 ], [ -47.802878, -21.066841 ], [ -47.802332, -21.066851 ], [ -47.801823, -21.066837 ], [ -47.8014732, -21.0667158 ], [ -47.800458, -21.066364 ], [ -47.800039, -21.066107 ], [ -47.79949, -21.065551 ], [ -47.798876, -21.064669 ], [ -47.798648, -21.064233 ], [ -47.797917, -21.062935 ], [ -47.7978395, -21.0628122 ], [ -47.797353, -21.062042 ], [ -47.7969761, -21.0614395 ], [ -47.796921, -21.061348 ], [ -47.796752, -21.060998 ], [ -47.796439, -21.060585 ], [ -47.796285, -21.060294 ], [ -47.796085, -21.060063 ], [ -47.795323, -21.059617 ], [ -47.79522, -21.059597 ], [ -47.795102, -21.05954 ], [ -47.794961, -21.05952 ], [ -47.79464, -21.059503 ], [ -47.79409, -21.059696 ], [ -47.792583, -21.060473 ], [ -47.79229, -21.060713 ], [ -47.791999, -21.060975 ], [ -47.79158, -21.061165 ], [ -47.79092, -21.061382 ], [ -47.789775, -21.061426 ], [ -47.7881132, -21.0614351 ], [ -47.786841, -21.061442 ], [ -47.786144, -21.061446 ], [ -47.785516, -21.061303 ], [ -47.784908, -21.061342 ], [ -47.78348, -21.061671 ], [ -47.783029, -21.061877 ], [ -47.782829, -21.062027 ], [ -47.7826773, -21.0620857 ], [ -47.7826048, -21.0621137 ], [ -47.782255, -21.062249 ], [ -47.781641, -21.062442 ], [ -47.781399, -21.062447 ], [ -47.781102, -21.062451 ], [ -47.78062, -21.062354 ], [ -47.7804, -21.06227 ], [ -47.780137, -21.062053 ], [ -47.779775, -21.061877 ], [ -47.779563, -21.061829 ], [ -47.779193, -21.061717 ], [ -47.778568, -21.061756 ], [ -47.777709, -21.062406 ], [ -47.77744, -21.062689 ], [ -47.777167, -21.06309 ], [ -47.776962, -21.064045 ], [ -47.776975, -21.06433 ], [ -47.777052, -21.065729 ], [ -47.777151, -21.066094 ], [ -47.777297, -21.06741 ], [ -47.777334, -21.067682 ], [ -47.777338, -21.067901 ], [ -47.777263, -21.06911 ], [ -47.777235, -21.069303 ], [ -47.777201, -21.069552 ], [ -47.776971, -21.069857 ], [ -47.776492, -21.07075 ], [ -47.776374, -21.071148 ], [ -47.77641, -21.071794 ], [ -47.776723, -21.072453 ], [ -47.776859, -21.072686 ], [ -47.777123, -21.072961 ], [ -47.777444, -21.073411 ], [ -47.778313, -21.07412 ], [ -47.778518, -21.074263 ], [ -47.778985, -21.074571 ], [ -47.780558, -21.075695 ], [ -47.781051, -21.076105 ], [ -47.7825, -21.077356 ], [ -47.782938, -21.077781 ], [ -47.784006, -21.079096 ], [ -47.784308, -21.079436 ], [ -47.784862, -21.080804 ], [ -47.784948, -21.081214 ], [ -47.785202, -21.082477 ], [ -47.785208, -21.082778 ], [ -47.785417, -21.084159 ], [ -47.785425, -21.084569 ], [ -47.785444, -21.085821 ], [ -47.785519, -21.086054 ], [ -47.785487, -21.086423 ], [ -47.784971, -21.087478 ], [ -47.784835, -21.087729 ], [ -47.784619, -21.087858 ], [ -47.784081, -21.088388 ], [ -47.7835567, -21.0886458 ], [ -47.782621, -21.089106 ], [ -47.782015, -21.089344 ], [ -47.781043, -21.089565 ], [ -47.77962, -21.08938 ], [ -47.779007, -21.089176 ], [ -47.778297, -21.088843 ], [ -47.777459, -21.088306 ], [ -47.776733, -21.087801 ], [ -47.776433, -21.087571 ], [ -47.776052, -21.087247 ], [ -47.774824, -21.086141 ], [ -47.774526, -21.085756 ], [ -47.774235, -21.0856 ], [ -47.77394, -21.085318 ], [ -47.773617, -21.085139 ], [ -47.772561, -21.084493 ], [ -47.772388, -21.084444 ], [ -47.772259, -21.08427 ], [ -47.772036, -21.08401 ], [ -47.770685, -21.082979 ], [ -47.770495, -21.082857 ], [ -47.770154, -21.082635 ], [ -47.769433, -21.082104 ], [ -47.767759, -21.08182 ], [ -47.76739, -21.081767 ], [ -47.766839, -21.081564 ], [ -47.766224, -21.081287 ], [ -47.765609, -21.080967 ], [ -47.764725, -21.080758 ], [ -47.763914, -21.080412 ], [ -47.761836, -21.080318 ], [ -47.761172, -21.080321 ], [ -47.760868, -21.080421 ], [ -47.758634, -21.081079 ], [ -47.758245, -21.081187 ], [ -47.757576, -21.081323 ], [ -47.755749, -21.082121 ], [ -47.755006, -21.082492 ], [ -47.754611, -21.083758 ], [ -47.754609, -21.084088 ], [ -47.755021, -21.085466 ], [ -47.755025, -21.085672 ], [ -47.755884, -21.087138 ], [ -47.75596, -21.087423 ], [ -47.756897, -21.088835 ], [ -47.757012, -21.089208 ], [ -47.757941, -21.090577 ], [ -47.758048, -21.090847 ], [ -47.758574, -21.091411 ], [ -47.759421, -21.092209 ], [ -47.760087, -21.092747 ], [ -47.76143, -21.093416 ], [ -47.762059, -21.093836 ], [ -47.762484, -21.094445 ], [ -47.762764, -21.095414 ], [ -47.762777, -21.095685 ], [ -47.76259, -21.097176 ], [ -47.762441, -21.097626 ], [ -47.7621417, -21.0982337 ], [ -47.7621196, -21.0982786 ], [ -47.7620963, -21.0983259 ], [ -47.761783, -21.098962 ], [ -47.761584, -21.099258 ], [ -47.7615275, -21.0993858 ], [ -47.761381, -21.099717 ], [ -47.760909, -21.099988 ], [ -47.760134, -21.100324 ], [ -47.759239, -21.100784 ], [ -47.758642, -21.101035 ], [ -47.758329, -21.101422 ], [ -47.757485, -21.102482 ], [ -47.757417, -21.102637 ], [ -47.756783, -21.104083 ], [ -47.756154, -21.105808 ], [ -47.755572, -21.107538 ], [ -47.755461, -21.107916 ], [ -47.754764, -21.109304 ], [ -47.754529, -21.109741 ], [ -47.754062, -21.110203 ], [ -47.753238, -21.111176 ], [ -47.752924, -21.111489 ], [ -47.752447, -21.111901 ], [ -47.751935, -21.112188 ], [ -47.750967, -21.112658 ], [ -47.750355, -21.11277 ], [ -47.749982, -21.112928 ], [ -47.748318, -21.113274 ], [ -47.747057, -21.113672 ], [ -47.745469, -21.113887 ], [ -47.743788, -21.114175 ], [ -47.742311, -21.114533 ], [ -47.741281, -21.114869 ], [ -47.740157, -21.115105 ], [ -47.738987, -21.115385 ], [ -47.737552, -21.115553 ], [ -47.735973, -21.115491 ], [ -47.734485, -21.115284 ], [ -47.732969, -21.115236 ], [ -47.732133, -21.115177 ], [ -47.73099, -21.115239 ], [ -47.730143, -21.115426 ], [ -47.729468, -21.115743 ], [ -47.7284, -21.116515 ], [ -47.727321, -21.117446 ], [ -47.726479, -21.117953 ], [ -47.725512, -21.11839 ], [ -47.724386, -21.118567 ], [ -47.72329, -21.118629 ], [ -47.722565, -21.118683 ], [ -47.721625, -21.118902 ], [ -47.720903, -21.119146 ], [ -47.72035, -21.119357 ], [ -47.719053, -21.120072 ], [ -47.718805, -21.120209 ], [ -47.717875, -21.120892 ], [ -47.716909, -21.121415 ], [ -47.715888, -21.122229 ], [ -47.714618, -21.123004 ], [ -47.713191, -21.123577 ], [ -47.711656, -21.124154 ], [ -47.710762, -21.1244 ], [ -47.709331, -21.124844 ], [ -47.707842, -21.125405 ], [ -47.706771, -21.126061 ], [ -47.705441, -21.126923 ], [ -47.704462, -21.127548 ], [ -47.703719, -21.12827 ], [ -47.702516, -21.129291 ], [ -47.701584, -21.129958 ], [ -47.7011124, -21.1302135 ], [ -47.700589, -21.130497 ], [ -47.699237, -21.131026 ], [ -47.697945, -21.131395 ], [ -47.696885, -21.131703 ], [ -47.695805, -21.131835 ], [ -47.694276, -21.132005 ], [ -47.693163, -21.13208 ], [ -47.691756, -21.132074 ], [ -47.691029, -21.1321 ], [ -47.690394, -21.131936 ], [ -47.689741, -21.131773 ], [ -47.688884, -21.131438 ], [ -47.687945, -21.130814 ], [ -47.686533, -21.129705 ], [ -47.684885, -21.128309 ], [ -47.684006, -21.127613 ], [ -47.682381, -21.126709 ], [ -47.681494, -21.126346 ], [ -47.679326, -21.125393 ], [ -47.677458, -21.124683 ], [ -47.675263, -21.123804 ], [ -47.67378, -21.123073 ], [ -47.672937, -21.122665 ], [ -47.672028, -21.121939 ], [ -47.671222, -21.121009 ], [ -47.670836, -21.120144 ], [ -47.670374, -21.119441 ], [ -47.66968, -21.118654 ], [ -47.669383, -21.118513 ], [ -47.668652, -21.118307 ], [ -47.66788, -21.118377 ], [ -47.66725, -21.118562 ], [ -47.666414, -21.119372 ], [ -47.66546, -21.120534 ], [ -47.664662, -21.121722 ], [ -47.66391, -21.122909 ], [ -47.663279, -21.123949 ], [ -47.66261, -21.125425 ], [ -47.662182, -21.126593 ], [ -47.662012, -21.127452 ], [ -47.661809, -21.128208 ], [ -47.6617081, -21.1284962 ], [ -47.661426, -21.129302 ], [ -47.661054, -21.13015 ], [ -47.660498, -21.131058 ], [ -47.659869, -21.132142 ], [ -47.659147, -21.1333 ], [ -47.6589341, -21.1335326 ], [ -47.658449, -21.134065 ], [ -47.657627, -21.134861 ], [ -47.656851, -21.135512 ], [ -47.655063, -21.136731 ], [ -47.654023, -21.137385 ], [ -47.652986, -21.138142 ], [ -47.6526049, -21.138445 ], [ -47.6525623, -21.1384789 ], [ -47.651795, -21.139089 ], [ -47.650701, -21.140151 ], [ -47.650154, -21.140696 ], [ -47.649695, -21.141429 ], [ -47.649658, -21.141488 ], [ -47.649126, -21.142946 ], [ -47.648622, -21.14413 ], [ -47.648104, -21.145487 ], [ -47.647732, -21.146247 ], [ -47.647145, -21.147243 ], [ -47.646682, -21.14815 ], [ -47.6468961, -21.1483941 ], [ -47.647045, -21.148564 ], [ -47.647094, -21.149141 ], [ -47.647182, -21.149413 ], [ -47.647381, -21.149653 ], [ -47.647549, -21.149781 ], [ -47.647778, -21.149869 ], [ -47.647917, -21.149842 ], [ -47.648181, -21.14943 ], [ -47.648272, -21.149381 ], [ -47.648445, -21.149379 ], [ -47.648724, -21.149596 ], [ -47.648985, -21.149687 ], [ -47.649261, -21.149584 ], [ -47.649416, -21.149614 ], [ -47.649669, -21.149862 ], [ -47.649705, -21.150043 ], [ -47.649686, -21.150295 ], [ -47.649638, -21.150423 ], [ -47.649712, -21.150746 ], [ -47.649944, -21.15106 ], [ -47.650151, -21.151408 ], [ -47.650215, -21.151589 ], [ -47.650352, -21.152373 ], [ -47.650424, -21.152572 ], [ -47.650545, -21.152694 ], [ -47.650631, -21.152692 ], [ -47.650733, -21.152625 ], [ -47.651076, -21.152278 ], [ -47.651206, -21.152251 ], [ -47.651331, -21.152274 ], [ -47.651439, -21.152255 ], [ -47.651649, -21.152113 ], [ -47.651762, -21.152119 ], [ -47.651878, -21.15219 ], [ -47.651948, -21.152454 ], [ -47.652065, -21.1527 ], [ -47.652215, -21.152799 ], [ -47.652546, -21.15282 ], [ -47.652811, -21.152911 ], [ -47.652892, -21.153011 ], [ -47.652913, -21.153134 ], [ -47.652856, -21.153692 ], [ -47.652878, -21.15384 ], [ -47.65327, -21.154194 ], [ -47.653325, -21.154391 ], [ -47.653274, -21.15486 ], [ -47.653329, -21.155053 ], [ -47.653432, -21.155135 ], [ -47.653544, -21.15517 ], [ -47.653726, -21.155167 ], [ -47.653896, -21.155087 ], [ -47.654249, -21.155013 ], [ -47.65449, -21.155042 ], [ -47.654725, -21.155107 ], [ -47.655125, -21.155069 ], [ -47.65558, -21.154829 ], [ -47.655715, -21.154809 ], [ -47.65584, -21.154862 ], [ -47.656061, -21.155039 ], [ -47.656239, -21.155135 ], [ -47.656358, -21.15526 ], [ -47.656452, -21.15531 ], [ -47.656576, -21.155304 ], [ -47.656746, -21.155083 ], [ -47.656792, -21.154973 ], [ -47.656943, -21.154953 ], [ -47.657072, -21.155005 ], [ -47.65714, -21.15508 ], [ -47.657246, -21.155133 ], [ -47.657408, -21.155142 ], [ -47.657552, -21.155024 ], [ -47.657774, -21.154617 ], [ -47.657906, -21.154541 ], [ -47.657992, -21.154595 ], [ -47.658031, -21.154802 ], [ -47.657978, -21.155137 ], [ -47.658057, -21.15527 ], [ -47.65813, -21.155335 ], [ -47.658209, -21.155351 ], [ -47.658513, -21.155219 ], [ -47.658882, -21.155159 ], [ -47.659068, -21.155181 ], [ -47.659264, -21.155255 ], [ -47.659351, -21.155363 ] ] ] ] } },
{ "type": "Feature", "properties": { "CD_MUN": "3501004", "NM_MUN": "Altinópolis", "CD_RGI": "350031", "NM_RGI": "Ribeirão Preto", "CD_RGINT": "3508", "NM_RGINT": "Ribeirão Preto", "CD_UF": "35", "NM_UF": "São Paulo", "SIGLA_UF": "SP", "CD_REGIA": "3", "NM_REGIA": "Sudeste", "SIGLA_RG": "SE", "CD_CONCU": null, "NM_CONCU": null, "AREA_KM2": 928.956 }, "geometry": { "type": "MultiPolygon", "coordinates": [ [ [ [ -47.2488748, -20.9902102 ], [ -47.2483855, -20.9903885 ], [ -47.2475941, -20.9904131 ], [ -47.2464724, -20.9898216 ], [ -47.2452697, -20.9896385 ], [ -47.2439472, -20.9891676 ], [ -47.2429077, -20.989229 ], [ -47.2427276, -20.9894654 ], [ -47.2437471, -20.9914851 ], [ -47.2436818, -20.9920154 ], [ -47.2433859, -20.9923002 ], [ -47.2428551, -20.9925012 ], [ -47.2405184, -20.992807 ], [ -47.2402637, -20.9929048 ], [ -47.2399876, -20.9931563 ], [ -47.2398035, -20.9934815 ], [ -47.2398061, -20.993743 ], [ -47.239949, -20.9940102 ], [ -47.2409182, -20.99461 ], [ -47.2444979, -20.9955779 ], [ -47.2463292, -20.9967616 ], [ -47.2466707, -20.9971291 ], [ -47.2468642, -20.9977684 ], [ -47.2468035, -20.9981326 ], [ -47.245791, -20.9994908 ], [ -47.2459148, -20.999564 ], [ -47.2468563, -21.0001169 ], [ -47.2483909, -21.000456 ], [ -47.2488239, -21.0009511 ], [ -47.2498188, -21.0012805 ], [ -47.2500091, -21.0014363 ], [ -47.2520623, -21.0037645 ], [ -47.2531642, -21.0047963 ], [ -47.2533439, -21.0051673 ], [ -47.2534859, -21.0065208 ], [ -47.2538275, -21.0077185 ], [ -47.253243, -21.0082319 ], [ -47.2528714, -21.008423 ], [ -47.2514773, -21.0087032 ], [ -47.250663, -21.009168 ], [ -47.2500834, -21.0100428 ], [ -47.2491617, -21.0110514 ], [ -47.2491898, -21.012474 ], [ -47.2497758, -21.0168676 ], [ -47.2494746, -21.0182062 ], [ -47.2494319, -21.0192145 ], [ -47.2487827, -21.0199868 ], [ -47.2472334, -21.0212465 ], [ -47.2465887, -21.0222184 ], [ -47.2453719, -21.0244688 ], [ -47.2446429, -21.0255345 ], [ -47.2422159, -21.0309061 ], [ -47.2416437, -21.0337184 ], [ -47.2412871, -21.0343845 ], [ -47.2406225, -21.0352181 ], [ -47.2398083, -21.0364825 ], [ -47.2396375, -21.0368747 ], [ -47.2393662, -21.0381857 ], [ -47.2390116, -21.0391465 ], [ -47.2384428, -21.039842 ], [ -47.2375557, -21.0403774 ], [ -47.2369639, -21.0405373 ], [ -47.2346955, -21.0407441 ], [ -47.2342603, -21.0408499 ], [ -47.2339114, -21.0410464 ], [ -47.233668, -21.0413611 ], [ -47.2335551, -21.0417691 ], [ -47.2336339, -21.0421343 ], [ -47.2343459, -21.0431428 ], [ -47.2357205, -21.0444075 ], [ -47.2365921, -21.0454232 ], [ -47.2372212, -21.0466278 ], [ -47.2376822, -21.0478654 ], [ -47.2384419, -21.0490545 ], [ -47.2389933, -21.0497224 ], [ -47.2391396, -21.0501056 ], [ -47.239206, -21.0513598 ], [ -47.2388867, -21.0523904 ], [ -47.2372978, -21.055466 ], [ -47.2367381, -21.0571673 ], [ -47.236633, -21.0579349 ], [ -47.2366411, -21.059496 ], [ -47.2363709, -21.0605671 ], [ -47.2353295, -21.0632475 ], [ -47.2352865, -21.0643842 ], [ -47.2357461, -21.0653558 ], [ -47.2355944, -21.0669563 ], [ -47.2351834, -21.0681809 ], [ -47.2346781, -21.0687458 ], [ -47.2342085, -21.0697551 ], [ -47.2340438, -21.070391 ], [ -47.2338976, -21.0725048 ], [ -47.2337462, -21.073082 ], [ -47.2324524, -21.0748879 ], [ -47.2318417, -21.0762241 ], [ -47.2318287, -21.0771886 ], [ -47.2320881, -21.0788333 ], [ -47.2318778, -21.0794979 ], [ -47.2316475, -21.0798383 ], [ -47.2308321, -21.0806551 ], [ -47.2299214, -21.0813647 ], [ -47.2287803, -21.0820975 ], [ -47.2281265, -21.0823466 ], [ -47.2274629, -21.082473 ], [ -47.2259847, -21.0824439 ], [ -47.2247695, -21.0825637 ], [ -47.2234742, -21.0832554 ], [ -47.2228837, -21.0839543 ], [ -47.2229076, -21.0846148 ], [ -47.2233001, -21.0854507 ], [ -47.2236149, -21.0857291 ], [ -47.2243552, -21.0856974 ], [ -47.2251801, -21.0853708 ], [ -47.2258896, -21.0852103 ], [ -47.2279135, -21.0841711 ], [ -47.2285725, -21.0839555 ], [ -47.2288292, -21.0839244 ], [ -47.230569, -21.0844049 ], [ -47.2310658, -21.0843689 ], [ -47.2337736, -21.0837494 ], [ -47.234678, -21.0834133 ], [ -47.2359412, -21.0825558 ], [ -47.2380402, -21.0806659 ], [ -47.2392226, -21.0802302 ], [ -47.2407986, -21.0800985 ], [ -47.2417785, -21.0797501 ], [ -47.2464715, -21.0765798 ], [ -47.2480527, -21.0757384 ], [ -47.2484551, -21.0756591 ], [ -47.2508181, -21.0756933 ], [ -47.2518033, -21.0762048 ], [ -47.2533825, -21.0766393 ], [ -47.2544835, -21.0766361 ], [ -47.25507, -21.0764247 ], [ -47.2562848, -21.0762508 ], [ -47.2570203, -21.0758323 ], [ -47.2580711, -21.0757481 ], [ -47.2589172, -21.0753771 ], [ -47.2601666, -21.0755208 ], [ -47.2605651, -21.0756543 ], [ -47.2606752, -21.075797 ], [ -47.260541, -21.0763775 ], [ -47.2598397, -21.0771675 ], [ -47.2598608, -21.0775323 ], [ -47.2603761, -21.0782751 ], [ -47.2606445, -21.0789848 ], [ -47.2608692, -21.0792776 ], [ -47.2609065, -21.0803043 ], [ -47.2610161, -21.0805854 ], [ -47.2614595, -21.081045 ], [ -47.2623604, -21.081378 ], [ -47.2626291, -21.0817193 ], [ -47.2627419, -21.082483 ], [ -47.2631232, -21.0829752 ], [ -47.2633592, -21.0836126 ], [ -47.2634978, -21.0844663 ], [ -47.2638654, -21.0847504 ], [ -47.2643987, -21.0847157 ], [ -47.2648268, -21.0848126 ], [ -47.2655985, -21.0847029 ], [ -47.2661866, -21.0852877 ], [ -47.2662169, -21.0854039 ], [ -47.2660616, -21.0857509 ], [ -47.2660889, -21.0859775 ], [ -47.2664144, -21.0863184 ], [ -47.2669039, -21.0871653 ], [ -47.2670308, -21.0877256 ], [ -47.2669741, -21.0883191 ], [ -47.2671037, -21.0891581 ], [ -47.2673677, -21.0895818 ], [ -47.267435, -21.0902647 ], [ -47.2679122, -21.0912585 ], [ -47.2681436, -21.0914437 ], [ -47.2684596, -21.0919747 ], [ -47.268972, -21.092402 ], [ -47.2693868, -21.0933897 ], [ -47.2697506, -21.0937158 ], [ -47.2698827, -21.0941389 ], [ -47.2702548, -21.0944941 ], [ -47.2710145, -21.0943947 ], [ -47.2715069, -21.0947754 ], [ -47.2721641, -21.094662 ], [ -47.2723063, -21.0947359 ], [ -47.2725103, -21.0951663 ], [ -47.2727157, -21.0952894 ], [ -47.273156, -21.0951369 ], [ -47.2741191, -21.0950356 ], [ -47.2748091, -21.0946459 ], [ -47.2753382, -21.0946191 ], [ -47.2756036, -21.0946934 ], [ -47.2762515, -21.0957029 ], [ -47.2774982, -21.0963586 ], [ -47.2779554, -21.0964952 ], [ -47.2802158, -21.0968251 ], [ -47.2814902, -21.0974208 ], [ -47.28253, -21.0977969 ], [ -47.2830416, -21.0983715 ], [ -47.283213, -21.0989911 ], [ -47.283407, -21.0991524 ], [ -47.2837589, -21.0991896 ], [ -47.2842243, -21.0988665 ], [ -47.2847657, -21.0988024 ], [ -47.2854871, -21.0989333 ], [ -47.285844, -21.0991351 ], [ -47.2865052, -21.0992339 ], [ -47.287395, -21.0991117 ], [ -47.2875265, -21.0991654 ], [ -47.287731, -21.0994997 ], [ -47.2879713, -21.0996825 ], [ -47.2879769, -21.1001995 ], [ -47.2881712, -21.1003131 ], [ -47.2886104, -21.1002927 ], [ -47.288696, -21.1003599 ], [ -47.2888556, -21.101156 ], [ -47.2900337, -21.1013497 ], [ -47.2910909, -21.1018523 ], [ -47.2913992, -21.1018501 ], [ -47.2923098, -21.1011832 ], [ -47.2931291, -21.1010222 ], [ -47.2933391, -21.1008103 ], [ -47.2933728, -21.1006382 ], [ -47.2931175, -21.0998068 ], [ -47.293113, -21.0995227 ], [ -47.2934429, -21.0990217 ], [ -47.293532, -21.0980915 ], [ -47.293725, -21.0977424 ], [ -47.293892, -21.0976717 ], [ -47.2946187, -21.0976625 ], [ -47.2952085, -21.0973155 ], [ -47.2956275, -21.0973589 ], [ -47.2963687, -21.0978607 ], [ -47.2966712, -21.0977531 ], [ -47.2967379, -21.096831 ], [ -47.2969583, -21.0963634 ], [ -47.2972303, -21.0962492 ], [ -47.2977869, -21.0963385 ], [ -47.2989624, -21.0974873 ], [ -47.299446, -21.0977435 ], [ -47.2996727, -21.0976716 ], [ -47.3005351, -21.097045 ], [ -47.3020855, -21.0969288 ], [ -47.3022806, -21.0971962 ], [ -47.3022715, -21.0977188 ], [ -47.3030014, -21.0987288 ], [ -47.3032523, -21.0988905 ], [ -47.3041227, -21.0990927 ], [ -47.3047739, -21.0995424 ], [ -47.305472, -21.0996759 ], [ -47.306256, -21.0997004 ], [ -47.3066823, -21.1000954 ], [ -47.3069124, -21.1007398 ], [ -47.3071539, -21.1010889 ], [ -47.3073796, -21.1011266 ], [ -47.3077254, -21.1009559 ], [ -47.3080332, -21.1009455 ], [ -47.3082829, -21.1017326 ], [ -47.3083949, -21.1018547 ], [ -47.3087524, -21.1018742 ], [ -47.3091961, -21.1017334 ], [ -47.3097451, -21.1010504 ], [ -47.3100328, -21.1009925 ], [ -47.311474, -21.1013115 ], [ -47.3127375, -21.1012137 ], [ -47.3132302, -21.1013956 ], [ -47.3138233, -21.1023206 ], [ -47.3138313, -21.102333 ], [ -47.3141907, -21.1028936 ], [ -47.3145561, -21.1031434 ], [ -47.3152525, -21.1034456 ], [ -47.316418, -21.1036198 ], [ -47.3172952, -21.1036075 ], [ -47.3180507, -21.1032597 ], [ -47.3182765, -21.102972 ], [ -47.3185393, -21.1023757 ], [ -47.318824, -21.1021289 ], [ -47.3190957, -21.1020839 ], [ -47.3197589, -21.102224 ], [ -47.3205088, -21.1018085 ], [ -47.3211106, -21.1017485 ], [ -47.3220969, -21.1014088 ], [ -47.3230731, -21.1013159 ], [ -47.3246904, -21.1008876 ], [ -47.3253077, -21.1007851 ], [ -47.3262716, -21.1008794 ], [ -47.3264175, -21.1009993 ], [ -47.3265673, -21.1014158 ], [ -47.3265279, -21.1016722 ], [ -47.3257046, -21.102331 ], [ -47.3255366, -21.1026165 ], [ -47.3254862, -21.1030755 ], [ -47.325656, -21.1036277 ], [ -47.3259153, -21.1038805 ], [ -47.3261758, -21.1039581 ], [ -47.3265248, -21.1042099 ], [ -47.3266866, -21.1044894 ], [ -47.327197, -21.1058879 ], [ -47.3272461, -21.1076476 ], [ -47.327451, -21.1078479 ], [ -47.3275957, -21.1079291 ], [ -47.3287588, -21.1078569 ], [ -47.3292181, -21.1079045 ], [ -47.3298699, -21.1081933 ], [ -47.3305057, -21.1082784 ], [ -47.3308048, -21.1081391 ], [ -47.3309305, -21.1078942 ], [ -47.3308598, -21.1071941 ], [ -47.3310136, -21.1068146 ], [ -47.3318605, -21.106748 ], [ -47.3319519, -21.1062339 ], [ -47.3323531, -21.106095 ], [ -47.3328212, -21.1065043 ], [ -47.3330659, -21.1065704 ], [ -47.3338681, -21.1065326 ], [ -47.3340429, -21.1066095 ], [ -47.3341854, -21.1067832 ], [ -47.3342753, -21.1072693 ], [ -47.3346715, -21.1077359 ], [ -47.3355984, -21.1081406 ], [ -47.3363757, -21.1082932 ], [ -47.3370179, -21.1087964 ], [ -47.3375639, -21.1096175 ], [ -47.3377952, -21.1098297 ], [ -47.338718, -21.1098981 ], [ -47.3390381, -21.1101919 ], [ -47.3390606, -21.1108515 ], [ -47.3391689, -21.1112278 ], [ -47.339493, -21.1117347 ], [ -47.3394954, -21.1127359 ], [ -47.3389318, -21.1135308 ], [ -47.3376059, -21.1134286 ], [ -47.3372654, -21.1135681 ], [ -47.3370543, -21.1139355 ], [ -47.3371143, -21.1140582 ], [ -47.3378027, -21.1139387 ], [ -47.3380187, -21.1139777 ], [ -47.3380989, -21.1147024 ], [ -47.3377807, -21.1152885 ], [ -47.337767, -21.1155306 ], [ -47.3380076, -21.1159866 ], [ -47.3380054, -21.116745 ], [ -47.3371786, -21.1179942 ], [ -47.3372424, -21.1185062 ], [ -47.3380854, -21.1191287 ], [ -47.3381173, -21.1193299 ], [ -47.3381492, -21.1195311 ], [ -47.3380569, -21.1199786 ], [ -47.3381437, -21.1200854 ], [ -47.3383765, -21.1201358 ], [ -47.3388602, -21.1200487 ], [ -47.3394267, -21.1201346 ], [ -47.3396974, -21.1200922 ], [ -47.340449, -21.1197226 ], [ -47.3411237, -21.1196726 ], [ -47.3422696, -21.1198791 ], [ -47.3425384, -21.1200307 ], [ -47.3426883, -21.1204041 ], [ -47.3428112, -21.1204997 ], [ -47.3433666, -21.1206184 ], [ -47.3434725, -21.1209641 ], [ -47.344272, -21.1210744 ], [ -47.3444535, -21.1211947 ], [ -47.3447067, -21.1222318 ], [ -47.3446139, -21.122691 ], [ -47.3444585, -21.1228476 ], [ -47.3437255, -21.122951 ], [ -47.3433133, -21.1231398 ], [ -47.3432723, -21.123282 ], [ -47.3434162, -21.123639 ], [ -47.3433284, -21.1237488 ], [ -47.3434035, -21.1238785 ], [ -47.3440725, -21.1239361 ], [ -47.3440653, -21.1240957 ], [ -47.343105, -21.1245417 ], [ -47.3427411, -21.1251592 ], [ -47.3418446, -21.125578 ], [ -47.3416879, -21.1258065 ], [ -47.3418608, -21.1258824 ], [ -47.3423667, -21.1258806 ], [ -47.3423887, -21.1260765 ], [ -47.3420691, -21.1266949 ], [ -47.3420887, -21.1269455 ], [ -47.3422513, -21.1271657 ], [ -47.3430433, -21.127679 ], [ -47.3430658, -21.1276936 ], [ -47.3432231, -21.1278813 ], [ -47.3433804, -21.128069 ], [ -47.3437064, -21.1286847 ], [ -47.3439164, -21.1287936 ], [ -47.3445858, -21.1287991 ], [ -47.3447823, -21.1289721 ], [ -47.3448176, -21.1294309 ], [ -47.3446434, -21.1297926 ], [ -47.3446704, -21.1301351 ], [ -47.3453416, -21.1307014 ], [ -47.3455359, -21.1316976 ], [ -47.3481748, -21.1339153 ], [ -47.3484353, -21.1340584 ], [ -47.3490491, -21.1341867 ], [ -47.3493327, -21.1349967 ], [ -47.3497745, -21.1355235 ], [ -47.3498428, -21.1357607 ], [ -47.3499065, -21.1365756 ], [ -47.349837, -21.137246 ], [ -47.350271, -21.1373879 ], [ -47.3508327, -21.1373873 ], [ -47.3514935, -21.1372631 ], [ -47.3519655, -21.1370937 ], [ -47.352803, -21.136402 ], [ -47.3530114, -21.1363517 ], [ -47.3533006, -21.1365428 ], [ -47.3533866, -21.1369469 ], [ -47.3535084, -21.1370874 ], [ -47.3539278, -21.1371029 ], [ -47.3542941, -21.1373589 ], [ -47.3544728, -21.1373704 ], [ -47.3550771, -21.1369365 ], [ -47.3561979, -21.1364357 ], [ -47.3565155, -21.1364445 ], [ -47.3585275, -21.1369588 ], [ -47.3599639, -21.1376952 ], [ -47.3611522, -21.1385297 ], [ -47.3619947, -21.1392976 ], [ -47.3659382, -21.1437445 ], [ -47.3670201, -21.1447824 ], [ -47.3678187, -21.1453905 ], [ -47.3692589, -21.1462617 ], [ -47.371097, -21.1470469 ], [ -47.3750218, -21.1470452 ], [ -47.3778383, -21.1471781 ], [ -47.3789132, -21.1472307 ], [ -47.3798459, -21.1472751 ], [ -47.3809094, -21.147152 ], [ -47.3822369, -21.1467282 ], [ -47.385395, -21.1448387 ], [ -47.3857735, -21.1442396 ], [ -47.3864043, -21.142366 ], [ -47.3872042, -21.1393998 ], [ -47.3876645, -21.1384758 ], [ -47.3883733, -21.1379003 ], [ -47.3887017, -21.1377746 ], [ -47.3907484, -21.1376636 ], [ -47.3944477, -21.1381109 ], [ -47.3957159, -21.1383893 ], [ -47.3971672, -21.1392716 ], [ -47.3978177, -21.1397893 ], [ -47.3983767, -21.1404796 ], [ -47.3992449, -21.1419495 ], [ -47.4006927, -21.1435209 ], [ -47.4016792, -21.1440877 ], [ -47.4045056, -21.1450348 ], [ -47.4071866, -21.1464365 ], [ -47.4081436, -21.1467118 ], [ -47.4084578, -21.1468021 ], [ -47.4094217, -21.1473356 ], [ -47.4097466, -21.1474192 ], [ -47.4101987, -21.1473926 ], [ -47.4110484, -21.1470499 ], [ -47.4117453, -21.1470678 ], [ -47.4122957, -21.1473884 ], [ -47.4130657, -21.1482972 ], [ -47.41366, -21.148607 ], [ -47.4142974, -21.148531 ], [ -47.4145594, -21.1487083 ], [ -47.4149274, -21.1492303 ], [ -47.4154178, -21.1494713 ], [ -47.4170935, -21.1494067 ], [ -47.4181551, -21.1498028 ], [ -47.4196377, -21.1495725 ], [ -47.420412, -21.1497777 ], [ -47.4224232, -21.1496667 ], [ -47.4225887, -21.1497801 ], [ -47.4225781, -21.1506065 ], [ -47.422684, -21.1512596 ], [ -47.4225848, -21.1522147 ], [ -47.4226444, -21.1532174 ], [ -47.4224054, -21.1544341 ], [ -47.422556, -21.1549702 ], [ -47.4227659, -21.1551482 ], [ -47.4234736, -21.155162 ], [ -47.4245279, -21.1548774 ], [ -47.4258341, -21.1548227 ], [ -47.428597, -21.1537332 ], [ -47.4298168, -21.1536482 ], [ -47.4301774, -21.1537107 ], [ -47.4310524, -21.1544931 ], [ -47.4320538, -21.1564022 ], [ -47.4325454, -21.1579869 ], [ -47.4327711, -21.1583955 ], [ -47.4340226, -21.1600572 ], [ -47.4352882, -21.1613329 ], [ -47.4361178, -21.1625325 ], [ -47.4367621, -21.1631308 ], [ -47.4373945, -21.1640827 ], [ -47.4377151, -21.1643935 ], [ -47.4380845, -21.164583 ], [ -47.4387832, -21.1646055 ], [ -47.4395756, -21.1642514 ], [ -47.4399129, -21.1641862 ], [ -47.4404071, -21.1642331 ], [ -47.4407072, -21.1644631 ], [ -47.4418879, -21.1658532 ], [ -47.4422402, -21.1659711 ], [ -47.4427367, -21.1659884 ], [ -47.4435683, -21.165883 ], [ -47.4456467, -21.1659757 ], [ -47.4462268, -21.1662174 ], [ -47.4463464, -21.1664107 ], [ -47.4463879, -21.1667808 ], [ -47.4459564, -21.1677772 ], [ -47.4459432, -21.1680544 ], [ -47.446158, -21.168557 ], [ -47.4466598, -21.1689341 ], [ -47.4472119, -21.1696331 ], [ -47.449497, -21.1713974 ], [ -47.4498854, -21.1715939 ], [ -47.4508527, -21.1717741 ], [ -47.4511656, -21.1719129 ], [ -47.4513257, -21.172106 ], [ -47.4515796, -21.1731638 ], [ -47.4526124, -21.1740449 ], [ -47.453158, -21.1748263 ], [ -47.4537514, -21.175073 ], [ -47.4542309, -21.1754105 ], [ -47.454551, -21.1762588 ], [ -47.4550263, -21.1767552 ], [ -47.4552938, -21.1768743 ], [ -47.456951, -21.1770379 ], [ -47.4578387, -21.1772545 ], [ -47.4595577, -21.1783543 ], [ -47.4603692, -21.1785069 ], [ -47.4616792, -21.1791145 ], [ -47.464019, -21.1791416 ], [ -47.4682311, -21.1816244 ], [ -47.469431, -21.1820848 ], [ -47.4710198, -21.1825549 ], [ -47.4717428, -21.1829898 ], [ -47.4721598, -21.1833897 ], [ -47.4727562, -21.1842701 ], [ -47.473831, -21.1862556 ], [ -47.4739545, -21.1876733 ], [ -47.4746507, -21.1888919 ], [ -47.4749336, -21.1904101 ], [ -47.4757019, -21.1929223 ], [ -47.4758176, -21.1942993 ], [ -47.476098, -21.1955469 ], [ -47.4761236, -21.1967829 ], [ -47.4766542, -21.1979745 ], [ -47.4766568, -21.1981768 ], [ -47.4763955, -21.1987915 ], [ -47.4763644, -21.199255 ], [ -47.4768906, -21.2000895 ], [ -47.4768436, -21.2007394 ], [ -47.4771215, -21.2013667 ], [ -47.4770346, -21.2022676 ], [ -47.4771696, -21.2026368 ], [ -47.4779523, -21.2030085 ], [ -47.4783093, -21.2033503 ], [ -47.4787729, -21.2035937 ], [ -47.4788764, -21.2037603 ], [ -47.4787155, -21.2039978 ], [ -47.478472, -21.2041439 ], [ -47.4784711, -21.2043812 ], [ -47.4786196, -21.204688 ], [ -47.4782836, -21.2053321 ], [ -47.4787192, -21.2065372 ], [ -47.4796687, -21.2071714 ], [ -47.4803458, -21.2079947 ], [ -47.4807006, -21.2082114 ], [ -47.4815114, -21.208363 ], [ -47.4821697, -21.2082993 ], [ -47.4833254, -21.2079509 ], [ -47.4847427, -21.2080547 ], [ -47.4854301, -21.2078779 ], [ -47.486882, -21.2077197 ], [ -47.4887541, -21.2080909 ], [ -47.4892237, -21.2080441 ], [ -47.4897495, -21.2078153 ], [ -47.4903266, -21.2072972 ], [ -47.4907232, -21.2072217 ], [ -47.4916105, -21.2075397 ], [ -47.4920658, -21.2075329 ], [ -47.4929134, -21.2072858 ], [ -47.4931492, -21.2073371 ], [ -47.4933492, -21.2078311 ], [ -47.4928619, -21.2094645 ], [ -47.492941, -21.2098352 ], [ -47.4936377, -21.2113738 ], [ -47.494854, -21.2129135 ], [ -47.4954187, -21.2132902 ], [ -47.4958773, -21.2134498 ], [ -47.496244, -21.2134423 ], [ -47.4967961, -21.2131182 ], [ -47.4975189, -21.2132322 ], [ -47.4991941, -21.2141593 ], [ -47.4997417, -21.2143565 ], [ -47.5000648, -21.2143527 ], [ -47.5001959, -21.2141977 ], [ -47.500144, -21.2129445 ], [ -47.4998199, -21.2119855 ], [ -47.5000955, -21.2104967 ], [ -47.5003817, -21.2100385 ], [ -47.5008028, -21.2097571 ], [ -47.5016643, -21.2094557 ], [ -47.5017783, -21.2092317 ], [ -47.5016165, -21.2083509 ], [ -47.5018573, -21.2078936 ], [ -47.5015229, -21.2070134 ], [ -47.5014477, -21.2060487 ], [ -47.5017251, -21.2051766 ], [ -47.5021999, -21.2045494 ], [ -47.5031213, -21.2041361 ], [ -47.5043849, -21.2042698 ], [ -47.5060242, -21.2047829 ], [ -47.5096956, -21.2069854 ], [ -47.5108469, -21.2073961 ], [ -47.5121428, -21.2075418 ], [ -47.5133395, -21.2070275 ], [ -47.5138605, -21.2065099 ], [ -47.5138709, -21.2055035 ], [ -47.5130923, -21.2036967 ], [ -47.5130658, -21.202937 ], [ -47.5132912, -21.2024782 ], [ -47.5141227, -21.2020254 ], [ -47.5143792, -21.2019915 ], [ -47.5150612, -21.2019013 ], [ -47.51605, -21.2021476 ], [ -47.5168497, -21.2026186 ], [ -47.5172516, -21.2037863 ], [ -47.5172132, -21.2058263 ], [ -47.5173561, -21.20646 ], [ -47.5177742, -21.2068401 ], [ -47.5183346, -21.2068983 ], [ -47.5189133, -21.2064494 ], [ -47.5192136, -21.2056033 ], [ -47.5196582, -21.204893 ], [ -47.5200954, -21.2047479 ], [ -47.5208893, -21.20478 ], [ -47.5221463, -21.2052424 ], [ -47.522873, -21.205618 ], [ -47.5236076, -21.2055507 ], [ -47.5244015, -21.2047675 ], [ -47.5267372, -21.2016367 ], [ -47.5274167, -21.2009785 ], [ -47.5277629, -21.2005448 ], [ -47.527811, -21.200075 ], [ -47.529407, -21.199237 ], [ -47.530628, -21.198232 ], [ -47.53272, -21.196562 ], [ -47.533726, -21.195632 ], [ -47.534315, -21.194796 ], [ -47.534596, -21.194037 ], [ -47.534827, -21.19309 ], [ -47.53481, -21.19206 ], [ -47.534639, -21.191134 ], [ -47.534544, -21.190089 ], [ -47.534411, -21.189511 ], [ -47.534096, -21.189212 ], [ -47.533721, -21.188984 ], [ -47.532878, -21.188575 ], [ -47.53121, -21.187832 ], [ -47.529945, -21.187198 ], [ -47.528674, -21.186112 ], [ -47.528216, -21.185539 ], [ -47.527521, -21.184708 ], [ -47.526989, -21.183453 ], [ -47.526767, -21.182237 ], [ -47.526799, -21.18141 ], [ -47.527035, -21.180723 ], [ -47.527508, -21.180354 ], [ -47.528033, -21.180331 ], [ -47.528936, -21.180622 ], [ -47.530575, -21.181425 ], [ -47.531669, -21.182033 ], [ -47.532953, -21.182972 ], [ -47.534025, -21.183246 ], [ -47.535496, -21.183267 ], [ -47.536949, -21.183231 ], [ -47.537955, -21.183176 ], [ -47.539441, -21.183197 ], [ -47.540742, -21.183322 ], [ -47.541582, -21.183543 ], [ -47.542951, -21.18403 ], [ -47.545223, -21.184836 ], [ -47.54796, -21.185578 ], [ -47.550229, -21.186167 ], [ -47.552426, -21.187093 ], [ -47.554676, -21.188291 ], [ -47.556675, -21.189378 ], [ -47.558213, -21.189761 ], [ -47.559744, -21.189709 ], [ -47.56232, -21.189293 ], [ -47.564711, -21.188836 ], [ -47.56739, -21.188113 ], [ -47.568928, -21.187539 ], [ -47.570182, -21.18675 ], [ -47.571338, -21.185543 ], [ -47.572228, -21.184223 ], [ -47.573049, -21.182454 ], [ -47.573696, -21.181414 ], [ -47.5740876, -21.1807786 ], [ -47.574734, -21.17973 ], [ -47.576094, -21.177807 ], [ -47.577787, -21.175533 ], [ -47.578436, -21.174608 ], [ -47.579427, -21.173708 ], [ -47.580484, -21.173082 ], [ -47.581545, -21.172747 ], [ -47.582487, -21.172674 ], [ -47.583528, -21.172876 ], [ -47.585487, -21.173558 ], [ -47.586409, -21.174023 ], [ -47.588387, -21.17479 ], [ -47.5890729, -21.1749735 ], [ -47.591262, -21.175559 ], [ -47.592302, -21.175745 ], [ -47.594693, -21.176274 ], [ -47.596045, -21.17666 ], [ -47.598405, -21.177146 ], [ -47.601281, -21.177958 ], [ -47.604548, -21.178996 ], [ -47.605516, -21.179489 ], [ -47.60776, -21.180412 ], [ -47.608898, -21.180903 ], [ -47.611064, -21.181739 ], [ -47.612723, -21.18199 ], [ -47.614066, -21.181824 ], [ -47.615279, -21.181355 ], [ -47.617123, -21.180587 ], [ -47.618802, -21.1793 ], [ -47.62039, -21.17813 ], [ -47.622526, -21.176456 ], [ -47.624054, -21.175373 ], [ -47.625488, -21.174147 ], [ -47.626656, -21.172911 ], [ -47.627914, -21.171411 ], [ -47.628805, -21.170077 ], [ -47.629076, -21.168868 ], [ -47.629135, -21.167867 ], [ -47.628958, -21.166534 ], [ -47.628758, -21.165768 ], [ -47.628377, -21.164366 ], [ -47.62809, -21.163037 ], [ -47.627917, -21.16198 ], [ -47.627667, -21.160968 ], [ -47.627407, -21.160261 ], [ -47.626925, -21.159282 ], [ -47.626233, -21.157783 ], [ -47.625575, -21.156387 ], [ -47.625033, -21.155481 ], [ -47.624626, -21.154341 ], [ -47.624457, -21.153531 ], [ -47.624488, -21.152631 ], [ -47.624645, -21.151918 ], [ -47.625123, -21.150924 ], [ -47.625552, -21.149829 ], [ -47.625956, -21.148995 ], [ -47.626505, -21.148536 ], [ -47.627196, -21.148294 ], [ -47.628032, -21.148281 ], [ -47.628204, -21.148317 ], [ -47.628182, -21.148283 ], [ -47.627746, -21.147594 ], [ -47.627451, -21.147342 ], [ -47.626519, -21.146191 ], [ -47.625888, -21.145151 ], [ -47.625695, -21.144715 ], [ -47.625602, -21.14422 ], [ -47.625614, -21.143897 ], [ -47.625362, -21.143554 ], [ -47.624863, -21.143017 ], [ -47.624021, -21.142187 ], [ -47.623542, -21.141527 ], [ -47.622921, -21.140997 ], [ -47.621583, -21.140216 ], [ -47.620078, -21.139536 ], [ -47.619114, -21.139295 ], [ -47.618312, -21.139 ], [ -47.617165, -21.138407 ], [ -47.616674, -21.138113 ], [ -47.616118, -21.138062 ], [ -47.615914, -21.138078 ], [ -47.615352, -21.138241 ], [ -47.615166, -21.138325 ], [ -47.614049, -21.138983 ], [ -47.612169, -21.140452 ], [ -47.611743, -21.140716 ], [ -47.611338, -21.140907 ], [ -47.610964, -21.141031 ], [ -47.610229, -21.141152 ], [ -47.609287, -21.141093 ], [ -47.60872, -21.140947 ], [ -47.607963, -21.140694 ], [ -47.60702, -21.140547 ], [ -47.60589, -21.140506 ], [ -47.604952, -21.140623 ], [ -47.604575, -21.140637 ], [ -47.604401, -21.140514 ], [ -47.604351, -21.140352 ], [ -47.604399, -21.139954 ], [ -47.604135, -21.139636 ], [ -47.603802, -21.139435 ], [ -47.603005, -21.138704 ], [ -47.602453, -21.138529 ], [ -47.602265, -21.138546 ], [ -47.602001, -21.13866 ], [ -47.601986, -21.138719 ], [ -47.601901, -21.138772 ], [ -47.601516, -21.139176 ], [ -47.601392, -21.139259 ], [ -47.601055, -21.139279 ], [ -47.600724, -21.139099 ], [ -47.600139, -21.138403 ], [ -47.599956, -21.138302 ], [ -47.59942, -21.138104 ], [ -47.599071, -21.137912 ], [ -47.598618, -21.137572 ], [ -47.598338, -21.137252 ], [ -47.597881, -21.136612 ], [ -47.597702, -21.136262 ], [ -47.597585, -21.135911 ], [ -47.59756, -21.135383 ], [ -47.597606, -21.134852 ], [ -47.597723, -21.134319 ], [ -47.597711, -21.134085 ], [ -47.597591, -21.133917 ], [ -47.596648, -21.133373 ], [ -47.596345, -21.133134 ], [ -47.596066, -21.132845 ], [ -47.595982, -21.132508 ], [ -47.596008, -21.132169 ], [ -47.596453, -21.13075 ], [ -47.596482, -21.130573 ], [ -47.596467, -21.13022 ], [ -47.596275, -21.129517 ], [ -47.596188, -21.128989 ], [ -47.596183, -21.128746 ], [ -47.596272, -21.128458 ], [ -47.596269, -21.128281 ], [ -47.596117, -21.128122 ], [ -47.595825, -21.128002 ], [ -47.595448, -21.127919 ], [ -47.594695, -21.12796 ], [ -47.594506, -21.127927 ], [ -47.594061, -21.127743 ], [ -47.593768, -21.127538 ], [ -47.593228, -21.127372 ], [ -47.593055, -21.127441 ], [ -47.592522, -21.127839 ], [ -47.591086, -21.128722 ], [ -47.590712, -21.1288 ], [ -47.590335, -21.12877 ], [ -47.590154, -21.128706 ], [ -47.589822, -21.128512 ], [ -47.589248, -21.128021 ], [ -47.588792, -21.127484 ], [ -47.588672, -21.127302 ], [ -47.58844, -21.12683 ], [ -47.588279, -21.126418 ], [ -47.588229, -21.126242 ], [ -47.588107, -21.126024 ], [ -47.588012, -21.125915 ], [ -47.588051, -21.125877 ], [ -47.588001, -21.12576 ], [ -47.587778, -21.125449 ], [ -47.587497, -21.125166 ], [ -47.586901, -21.124863 ], [ -47.586267, -21.124471 ], [ -47.585121, -21.123451 ], [ -47.584858, -21.123124 ], [ -47.584592, -21.122861 ], [ -47.584187, -21.122562 ], [ -47.583601, -21.122415 ], [ -47.583042, -21.122401 ], [ -47.582683, -21.122289 ], [ -47.582328, -21.122108 ], [ -47.582125, -21.121959 ], [ -47.581492, -21.121577 ], [ -47.580708, -21.121227 ], [ -47.580486, -21.121154 ], [ -47.580236, -21.12107 ], [ -47.579972, -21.121074 ], [ -47.579753, -21.121077 ], [ -47.579454, -21.121152 ], [ -47.579189, -21.121245 ], [ -47.579094, -21.121211 ], [ -47.578881, -21.121034 ], [ -47.578969, -21.120569 ], [ -47.578932, -21.120382 ], [ -47.578805, -21.120303 ], [ -47.578267, -21.120207 ], [ -47.578113, -21.120129 ], [ -47.577994, -21.119836 ], [ -47.577829, -21.119669 ], [ -47.577468, -21.11971 ], [ -47.577306, -21.119695 ], [ -47.577208, -21.119467 ], [ -47.577227, -21.119209 ], [ -47.57713, -21.119086 ], [ -47.576996, -21.119073 ], [ -47.576613, -21.119116 ], [ -47.576254, -21.118768 ], [ -47.576065, -21.118683 ], [ -47.575585, -21.118557 ], [ -47.575123, -21.118623 ], [ -47.574906, -21.118583 ], [ -47.574676, -21.118488 ], [ -47.574553, -21.118294 ], [ -47.57442, -21.117831 ], [ -47.574275, -21.117635 ], [ -47.574028, -21.117426 ], [ -47.573411, -21.11706 ], [ -47.573121, -21.11677 ], [ -47.573043, -21.116647 ], [ -47.572876, -21.11606 ], [ -47.572739, -21.115805 ], [ -47.572532, -21.115662 ], [ -47.572185, -21.11552 ], [ -47.572012, -21.115478 ], [ -47.571305, -21.115436 ], [ -47.570771, -21.115328 ], [ -47.570446, -21.115157 ], [ -47.569963, -21.114843 ], [ -47.569638, -21.114742 ], [ -47.569098, -21.114735 ], [ -47.568722, -21.114697 ], [ -47.568532, -21.114632 ], [ -47.568129, -21.114433 ], [ -47.567921, -21.114195 ], [ -47.56773, -21.113653 ], [ -47.567684, -21.11318 ], [ -47.567703, -21.11289 ], [ -47.567672, -21.112418 ], [ -47.567593, -21.112 ], [ -47.567354, -21.111761 ], [ -47.566934, -21.111532 ], [ -47.56672, -21.111359 ], [ -47.566449, -21.110827 ], [ -47.566238, -21.110703 ], [ -47.565859, -21.110577 ], [ -47.565294, -21.110467 ], [ -47.563844, -21.110432 ], [ -47.563632, -21.110369 ], [ -47.562883, -21.109929 ], [ -47.562555, -21.10984 ], [ -47.562305, -21.109866 ], [ -47.561674, -21.11011 ], [ -47.561447, -21.110121 ], [ -47.561289, -21.110058 ], [ -47.561127, -21.109766 ], [ -47.561092, -21.109509 ], [ -47.56102, -21.109465 ], [ -47.560685, -21.109559 ], [ -47.560496, -21.109555 ], [ -47.560325, -21.10938 ], [ -47.560292, -21.109193 ], [ -47.560225, -21.109122 ], [ -47.55989, -21.109038 ], [ -47.559648, -21.108818 ], [ -47.559645, -21.108317 ], [ -47.559509, -21.108142 ], [ -47.559166, -21.107883 ], [ -47.558958, -21.107622 ], [ -47.558707, -21.107609 ], [ -47.558247, -21.10786 ], [ -47.557832, -21.107786 ], [ -47.557692, -21.107788 ], [ -47.557141, -21.108164 ], [ -47.556881, -21.108305 ], [ -47.556545, -21.108418 ], [ -47.555321, -21.108471 ], [ -47.554957, -21.108486 ], [ -47.55397, -21.108432 ], [ -47.553218, -21.108437 ], [ -47.552213, -21.10823 ], [ -47.551688, -21.108045 ], [ -47.551677, -21.108042 ], [ -47.551011, -21.107704 ], [ -47.550365, -21.107546 ], [ -47.550084, -21.107564 ], [ -47.549865, -21.107618 ], [ -47.549663, -21.10771 ], [ -47.549433, -21.107993 ], [ -47.549442, -21.108081 ], [ -47.549356, -21.108104 ], [ -47.549146, -21.108232 ], [ -47.548508, -21.108485 ], [ -47.548293, -21.108723 ], [ -47.54813, -21.108821 ], [ -47.547958, -21.108876 ], [ -47.547582, -21.108888 ], [ -47.547413, -21.109089 ], [ -47.547308, -21.109386 ], [ -47.547076, -21.109536 ], [ -47.546512, -21.109574 ], [ -47.546149, -21.109506 ], [ -47.545771, -21.109372 ], [ -47.545487, -21.109229 ], [ -47.545176, -21.108902 ], [ -47.545009, -21.10878 ], [ -47.544632, -21.108756 ], [ -47.544272, -21.108784 ], [ -47.5441, -21.108743 ], [ -47.543763, -21.108351 ], [ -47.543589, -21.108265 ], [ -47.54282, -21.108041 ], [ -47.54247, -21.107867 ], [ -47.542222, -21.107665 ], [ -47.542004, -21.107199 ], [ -47.541851, -21.10651 ], [ -47.541594, -21.106146 ], [ -47.541236, -21.105858 ], [ -47.54078, -21.105335 ], [ -47.54049, -21.104832 ], [ -47.540509, -21.104818 ], [ -47.540309, -21.104524 ], [ -47.540012, -21.104405 ], [ -47.53965, -21.104329 ], [ -47.53841, -21.104252 ], [ -47.538048, -21.104184 ], [ -47.537702, -21.104071 ], [ -47.536643, -21.103624 ], [ -47.536282, -21.103549 ], [ -47.536109, -21.103552 ], [ -47.535575, -21.103464 ], [ -47.535228, -21.103351 ], [ -47.53488, -21.103187 ], [ -47.534346, -21.103121 ], [ -47.534002, -21.103142 ], [ -47.533468, -21.103105 ], [ -47.533106, -21.103044 ], [ -47.532397, -21.102783 ], [ -47.531689, -21.102602 ], [ -47.530449, -21.102562 ], [ -47.529952, -21.102371 ], [ -47.529655, -21.10216 ], [ -47.529523, -21.102021 ], [ -47.529132, -21.101611 ], [ -47.527866, -21.100459 ], [ -47.527414, -21.100202 ], [ -47.527083, -21.100067 ], [ -47.526406, -21.099871 ], [ -47.52606, -21.099818 ], [ -47.525213, -21.0998 ], [ -47.524195, -21.099889 ], [ -47.523363, -21.099792 ], [ -47.522702, -21.099676 ], [ -47.521868, -21.099439 ], [ -47.521537, -21.099289 ], [ -47.521148, -21.09906 ], [ -47.520957, -21.098834 ], [ -47.520771, -21.098529 ], [ -47.520628, -21.09842 ], [ -47.520314, -21.09838 ], [ -47.520131, -21.098396 ], [ -47.519902, -21.098329 ], [ -47.519839, -21.098284 ], [ -47.519638, -21.098256 ], [ -47.519323, -21.098115 ], [ -47.519273, -21.097759 ], [ -47.519171, -21.097708 ], [ -47.519049, -21.09772 ], [ -47.518916, -21.097827 ], [ -47.518361, -21.098034 ], [ -47.518217, -21.098026 ], [ -47.518114, -21.097933 ], [ -47.518134, -21.097817 ], [ -47.518114, -21.097587 ], [ -47.518203, -21.097523 ], [ -47.518267, -21.097323 ], [ -47.518433, -21.097278 ], [ -47.518691, -21.097295 ], [ -47.518733, -21.097232 ], [ -47.518542, -21.097108 ], [ -47.518428, -21.096975 ], [ -47.518669, -21.096751 ], [ -47.518721, -21.096446 ], [ -47.518797, -21.096372 ], [ -47.518915, -21.09637 ], [ -47.518958, -21.096264 ], [ -47.518901, -21.096213 ], [ -47.518887, -21.096067 ], [ -47.519039, -21.095876 ], [ -47.519039, -21.095803 ], [ -47.518982, -21.09573 ], [ -47.518813, -21.095649 ], [ -47.518401, -21.095717 ], [ -47.518277, -21.095594 ], [ -47.518228, -21.095395 ], [ -47.518328, -21.09532 ], [ -47.518561, -21.095233 ], [ -47.518563, -21.095055 ], [ -47.518438, -21.094963 ], [ -47.518147, -21.094842 ], [ -47.518009, -21.094613 ], [ -47.518052, -21.094507 ], [ -47.518151, -21.094464 ], [ -47.518399, -21.094586 ], [ -47.518648, -21.094782 ], [ -47.518782, -21.094822 ], [ -47.51886, -21.094757 ], [ -47.518751, -21.094277 ], [ -47.518782, -21.094172 ], [ -47.51868, -21.09409 ], [ -47.518568, -21.09405 ], [ -47.518267, -21.094033 ], [ -47.518221, -21.093971 ], [ -47.518208, -21.093877 ], [ -47.518343, -21.093529 ], [ -47.518507, -21.093337 ], [ -47.51865, -21.093304 ], [ -47.518827, -21.093197 ], [ -47.51887, -21.093102 ], [ -47.518743, -21.092831 ], [ -47.518396, -21.092439 ], [ -47.518284, -21.092397 ], [ -47.517945, -21.092151 ], [ -47.517966, -21.092036 ], [ -47.518188, -21.091959 ], [ -47.518412, -21.092008 ], [ -47.518555, -21.091995 ], [ -47.518634, -21.091932 ], [ -47.518677, -21.091847 ], [ -47.518641, -21.091753 ], [ -47.518527, -21.091608 ], [ -47.5186895, -21.0914635 ], [ -47.519119, -21.091351 ], [ -47.519213, -21.09126 ], [ -47.519248, -21.091064 ], [ -47.519406, -21.090882 ], [ -47.51929, -21.090741 ], [ -47.519001, -21.090522 ], [ -47.51894, -21.090343 ], [ -47.519039, -21.090245 ], [ -47.519321, -21.090027 ], [ -47.519368, -21.089928 ], [ -47.519328, -21.089873 ], [ -47.519242, -21.089839 ], [ -47.519014, -21.089852 ], [ -47.518983, -21.089674 ], [ -47.518775, -21.08923 ], [ -47.518792, -21.089131 ], [ -47.519131, -21.089181 ], [ -47.519217, -21.089143 ], [ -47.51924, -21.089022 ], [ -47.519203, -21.088812 ], [ -47.519348, -21.088568 ], [ -47.519223, -21.088555 ], [ -47.519128, -21.088483 ], [ -47.519071, -21.088373 ], [ -47.519087, -21.088023 ], [ -47.518789, -21.087892 ], [ -47.518739, -21.087794 ], [ -47.518794, -21.087686 ], [ -47.51928, -21.087393 ], [ -47.519354, -21.087257 ], [ -47.519305, -21.087134 ], [ -47.519097, -21.087003 ], [ -47.519048, -21.086914 ], [ -47.519462, -21.086639 ], [ -47.519479, -21.086524 ], [ -47.519305, -21.086293 ], [ -47.519369, -21.086186 ], [ -47.5195, -21.086112 ], [ -47.519557, -21.08603 ], [ -47.519531, -21.085924 ], [ -47.519434, -21.085818 ], [ -47.519432, -21.085703 ], [ -47.519544, -21.085638 ], [ -47.519962, -21.085533 ], [ -47.520074, -21.085442 ], [ -47.520092, -21.085361 ], [ -47.520043, -21.085256 ], [ -47.519604, -21.085181 ], [ -47.519517, -21.085093 ], [ -47.519534, -21.085003 ], [ -47.519831, -21.084821 ], [ -47.519914, -21.084659 ], [ -47.519797, -21.084491 ], [ -47.5197, -21.084439 ], [ -47.519433, -21.084416 ], [ -47.519327, -21.084346 ], [ -47.519279, -21.084248 ], [ -47.519371, -21.084095 ], [ -47.519626, -21.083993 ], [ -47.519805, -21.083874 ], [ -47.519841, -21.083784 ], [ -47.519768, -21.08367 ], [ -47.519741, -21.083509 ], [ -47.520205, -21.083288 ], [ -47.520269, -21.083152 ], [ -47.520281, -21.083036 ], [ -47.520075, -21.082807 ], [ -47.519986, -21.082612 ], [ -47.520026, -21.082436 ], [ -47.520156, -21.082345 ], [ -47.520264, -21.082181 ], [ -47.520252, -21.081958 ], [ -47.520182, -21.081825 ], [ -47.520204, -21.081691 ], [ -47.520426, -21.08138 ], [ -47.520524, -21.081179 ], [ -47.52049, -21.080952 ], [ -47.520365, -21.080652 ], [ -47.520251, -21.080547 ], [ -47.520199, -21.080414 ], [ -47.520082, -21.08029 ], [ -47.520029, -21.080157 ], [ -47.520052, -21.080054 ], [ -47.520137, -21.079993 ], [ -47.520281, -21.079981 ], [ -47.520625, -21.080074 ], [ -47.520766, -21.079992 ], [ -47.520822, -21.079875 ], [ -47.520615, -21.079475 ], [ -47.520685, -21.079385 ], [ -47.520986, -21.079202 ], [ -47.521069, -21.079067 ], [ -47.52104, -21.078986 ], [ -47.520884, -21.078828 ], [ -47.520834, -21.07865 ], [ -47.521079, -21.078512 ], [ -47.521143, -21.078404 ], [ -47.521105, -21.078306 ], [ -47.521003, -21.078246 ], [ -47.520907, -21.078231 ], [ -47.520708, -21.078109 ], [ -47.520706, -21.077985 ], [ -47.520899, -21.077826 ], [ -47.521036, -21.077604 ], [ -47.521349, -21.077561 ], [ -47.521617, -21.077601 ], [ -47.521853, -21.077526 ], [ -47.521975, -21.077399 ], [ -47.52202, -21.077247 ], [ -47.522033, -21.076886 ], [ -47.521994, -21.076789 ], [ -47.521828, -21.076585 ], [ -47.521824, -21.076386 ], [ -47.521939, -21.07612 ], [ -47.521978, -21.07569 ], [ -47.522382, -21.075299 ], [ -47.522464, -21.075164 ], [ -47.522463, -21.075085 ], [ -47.522367, -21.074988 ], [ -47.522067, -21.074858 ], [ -47.522091, -21.074643 ], [ -47.522165, -21.074527 ], [ -47.522183, -21.074418 ], [ -47.522153, -21.074339 ], [ -47.522076, -21.074304 ], [ -47.521953, -21.074297 ], [ -47.521753, -21.074335 ], [ -47.521458, -21.074331 ], [ -47.521361, -21.074306 ], [ -47.521225, -21.074085 ], [ -47.521202, -21.073826 ], [ -47.521243, -21.073555 ], [ -47.521367, -21.073443 ], [ -47.521507, -21.073405 ], [ -47.521645, -21.073256 ], [ -47.521629, -21.073189 ], [ -47.521549, -21.073102 ], [ -47.521312, -21.073073 ], [ -47.521216, -21.073013 ], [ -47.521196, -21.072942 ], [ -47.52127, -21.072852 ], [ -47.521497, -21.072714 ], [ -47.521674, -21.072505 ], [ -47.521651, -21.072265 ], [ -47.521706, -21.072166 ], [ -47.521993, -21.071973 ], [ -47.522153, -21.071794 ], [ -47.522169, -21.071676 ], [ -47.522101, -21.071606 ], [ -47.521862, -21.071467 ], [ -47.521764, -21.07136 ], [ -47.521782, -21.071263 ], [ -47.521847, -21.071189 ], [ -47.522198, -21.071175 ], [ -47.522378, -21.071075 ], [ -47.522458, -21.070993 ], [ -47.522408, -21.070833 ], [ -47.522443, -21.070726 ], [ -47.522547, -21.070643 ], [ -47.522756, -21.070614 ], [ -47.522963, -21.070531 ], [ -47.523095, -21.070431 ], [ -47.523122, -21.070323 ], [ -47.523102, -21.070234 ], [ -47.523033, -21.070172 ], [ -47.522755, -21.070042 ], [ -47.52265, -21.069945 ], [ -47.522601, -21.069635 ], [ -47.522693, -21.069481 ], [ -47.523126, -21.069144 ], [ -47.523209, -21.069017 ], [ -47.523159, -21.068937 ], [ -47.522949, -21.068834 ], [ -47.522662, -21.068749 ], [ -47.522613, -21.068686 ], [ -47.522654, -21.068579 ], [ -47.522983, -21.068359 ], [ -47.523067, -21.068242 ], [ -47.52294, -21.067984 ], [ -47.522505, -21.067669 ], [ -47.5224, -21.067555 ], [ -47.522364, -21.067439 ], [ -47.52242, -21.067332 ], [ -47.522913, -21.067262 ], [ -47.523023, -21.066991 ], [ -47.523117, -21.06691 ], [ -47.523319, -21.066549 ], [ -47.523489, -21.066467 ], [ -47.523536, -21.066376 ], [ -47.523502, -21.06621 ], [ -47.52339, -21.066116 ], [ -47.523293, -21.065978 ], [ -47.523339, -21.065896 ], [ -47.523557, -21.065827 ], [ -47.523715, -21.065822 ], [ -47.523875, -21.065757 ], [ -47.523913, -21.065685 ], [ -47.523659, -21.065367 ], [ -47.523725, -21.06525 ], [ -47.524026, -21.065111 ], [ -47.52409, -21.064923 ], [ -47.524088, -21.064824 ], [ -47.524034, -21.064727 ], [ -47.524002, -21.064549 ], [ -47.524562, -21.063532 ], [ -47.524769, -21.063331 ], [ -47.524981, -21.063051 ], [ -47.524988, -21.062961 ], [ -47.524959, -21.062891 ], [ -47.524719, -21.06276 ], [ -47.524631, -21.062663 ], [ -47.52464, -21.062556 ], [ -47.524853, -21.062276 ], [ -47.524915, -21.061989 ], [ -47.525214, -21.06161 ], [ -47.525163, -21.06144 ], [ -47.525016, -21.061243 ], [ -47.525073, -21.060935 ], [ -47.524824, -21.060771 ], [ -47.524736, -21.060646 ], [ -47.524724, -21.060486 ], [ -47.524827, -21.060296 ], [ -47.524929, -21.060188 ], [ -47.52522, -21.059987 ], [ -47.525367, -21.05976 ], [ -47.525381, -21.059679 ], [ -47.525241, -21.059305 ], [ -47.525389, -21.059143 ], [ -47.525638, -21.059117 ], [ -47.525827, -21.059136 ], [ -47.526029, -21.059059 ], [ -47.526121, -21.058926 ], [ -47.526231, -21.05891 ], [ -47.526372, -21.058993 ], [ -47.526467, -21.058947 ], [ -47.526527, -21.058858 ], [ -47.526668, -21.058802 ], [ -47.526792, -21.0588 ], [ -47.527046, -21.05892 ], [ -47.527328, -21.058959 ], [ -47.527579, -21.058933 ], [ -47.527742, -21.058843 ], [ -47.52795, -21.058641 ], [ -47.528076, -21.058437 ], [ -47.528082, -21.058294 ], [ -47.527906, -21.058002 ], [ -47.527846, -21.057797 ], [ -47.527986, -21.057634 ], [ -47.52837, -21.057531 ], [ -47.528825, -21.05706 ], [ -47.529255, -21.056878 ], [ -47.529358, -21.056768 ], [ -47.529386, -21.056465 ], [ -47.529616, -21.056159 ], [ -47.529816, -21.056067 ], [ -47.529956, -21.055913 ], [ -47.530067, -21.055724 ], [ -47.530266, -21.055658 ], [ -47.530429, -21.055701 ], [ -47.530592, -21.055797 ], [ -47.530734, -21.055803 ], [ -47.530862, -21.055712 ], [ -47.531056, -21.055388 ], [ -47.531196, -21.055242 ], [ -47.531704, -21.054922 ], [ -47.531816, -21.054777 ], [ -47.532012, -21.054118 ], [ -47.532114, -21.053965 ], [ -47.532214, -21.05373 ], [ -47.532637, -21.053186 ], [ -47.532686, -21.052833 ], [ -47.532747, -21.052655 ], [ -47.532862, -21.052536 ], [ -47.533017, -21.052497 ], [ -47.533378, -21.052572 ], [ -47.534265, -21.052497 ], [ -47.534627, -21.052527 ], [ -47.535353, -21.052437 ], [ -47.535638, -21.052343 ], [ -47.535929, -21.052159 ], [ -47.536698, -21.052015 ], [ -47.537204, -21.051855 ], [ -47.537656, -21.051617 ], [ -47.538219, -21.051143 ], [ -47.538471, -21.050818 ], [ -47.538709, -21.050315 ], [ -47.539301, -21.048732 ], [ -47.539538, -21.047904 ], [ -47.539652, -21.047227 ], [ -47.539591, -21.046419 ], [ -47.539441, -21.045465 ], [ -47.539335, -21.0452 ], [ -47.539014, -21.044779 ], [ -47.538828, -21.044385 ], [ -47.538823, -21.04412 ], [ -47.538881, -21.043825 ], [ -47.539101, -21.043388 ], [ -47.539284, -21.043098 ], [ -47.540027, -21.042101 ], [ -47.540157, -21.041677 ], [ -47.539804, -21.040943 ], [ -47.539734, -21.040591 ], [ -47.539755, -21.04037 ], [ -47.539884, -21.040118 ], [ -47.539983, -21.039991 ], [ -47.540431, -21.03958 ], [ -47.540751, -21.039075 ], [ -47.540871, -21.038786 ], [ -47.540949, -21.038682 ], [ -47.541067, -21.038246 ], [ -47.541072, -21.038128 ], [ -47.540996, -21.037761 ], [ -47.54107, -21.037526 ], [ -47.541244, -21.03717 ], [ -47.541265, -21.037036 ], [ -47.540976, -21.036614 ], [ -47.541019, -21.036357 ], [ -47.540984, -21.036188 ], [ -47.540757, -21.035721 ], [ -47.540535, -21.035136 ], [ -47.5406385, -21.0345534 ], [ -47.5376292, -21.0319397 ], [ -47.5297676, -21.0254613 ], [ -47.5285666, -21.0239596 ], [ -47.5281316, -21.022557 ], [ -47.5279535, -21.0206248 ], [ -47.5276533, -21.0200642 ], [ -47.5272806, -21.0198002 ], [ -47.5261914, -21.0197428 ], [ -47.5253695, -21.0198914 ], [ -47.5207156, -21.0212918 ], [ -47.5201876, -21.021368 ], [ -47.5197338, -21.0212429 ], [ -47.5190719, -21.0207432 ], [ -47.5187936, -21.0203893 ], [ -47.5182134, -21.0199826 ], [ -47.5178146, -21.0198982 ], [ -47.5172471, -21.019865 ], [ -47.5149093, -21.0203822 ], [ -47.5126587, -21.0216173 ], [ -47.5111496, -21.0220266 ], [ -47.5105813, -21.0222765 ], [ -47.509143, -21.0240691 ], [ -47.5082201, -21.0247029 ], [ -47.5077896, -21.024904 ], [ -47.5071497, -21.0250514 ], [ -47.5059493, -21.025049 ], [ -47.5053538, -21.024905 ], [ -47.5047878, -21.0246372 ], [ -47.5038541, -21.0240354 ], [ -47.5035313, -21.0237095 ], [ -47.5032796, -21.023432 ], [ -47.5029046, -21.0225126 ], [ -47.5020667, -21.021039 ], [ -47.5008116, -21.0193265 ], [ -47.5001076, -21.0186472 ], [ -47.4992462, -21.0180652 ], [ -47.4980209, -21.0177517 ], [ -47.4972704, -21.0177627 ], [ -47.4967121, -21.0178277 ], [ -47.4953236, -21.0182765 ], [ -47.4938636, -21.018487 ], [ -47.4934824, -21.0183961 ], [ -47.4929447, -21.0180988 ], [ -47.4913052, -21.0167277 ], [ -47.4910189, -21.0166053 ], [ -47.4843693, -21.0165615 ], [ -47.4836595, -21.0163251 ], [ -47.4834767, -21.0159693 ], [ -47.483646, -21.0155533 ], [ -47.4846982, -21.0150919 ], [ -47.486866, -21.0145659 ], [ -47.4887085, -21.0139295 ], [ -47.4901675, -21.0131653 ], [ -47.4906645, -21.0126314 ], [ -47.4909823, -21.0121186 ], [ -47.4911865, -21.0111879 ], [ -47.491128, -21.0109972 ], [ -47.4908906, -21.0102239 ], [ -47.4897989, -21.0090543 ], [ -47.4894364, -21.0084913 ], [ -47.4891691, -21.0076667 ], [ -47.4890862, -21.0051737 ], [ -47.4887416, -21.004046 ], [ -47.4884861, -21.0001162 ], [ -47.4883318, -20.997742 ], [ -47.4882515, -20.9974621 ], [ -47.4871615, -20.9964543 ], [ -47.4869176, -20.9959327 ], [ -47.4867373, -20.9957407 ], [ -47.4851253, -20.9943841 ], [ -47.4841672, -20.9941498 ], [ -47.4834935, -20.993848 ], [ -47.4830138, -20.993633 ], [ -47.4803369, -20.9924337 ], [ -47.4797831, -20.9918212 ], [ -47.479569, -20.9913896 ], [ -47.4789598, -20.9910132 ], [ -47.478016, -20.9899867 ], [ -47.4769872, -20.9891871 ], [ -47.4765788, -20.988599 ], [ -47.4764734, -20.9882552 ], [ -47.4764577, -20.9874681 ], [ -47.4762968, -20.9870305 ], [ -47.4759474, -20.9866999 ], [ -47.4741372, -20.9854346 ], [ -47.4732, -20.9849656 ], [ -47.4728206, -20.9847748 ], [ -47.4724766, -20.9846019 ], [ -47.4711526, -20.9845927 ], [ -47.4651411, -20.9861934 ], [ -47.4395321, -20.9604532 ], [ -47.4395433, -20.9602631 ], [ -47.4401011, -20.9493461 ], [ -47.4401681, -20.9453095 ], [ -47.4400828, -20.941827 ], [ -47.439984, -20.9403887 ], [ -47.4397967, -20.9397228 ], [ -47.4396166, -20.9394133 ], [ -47.4394056, -20.9390508 ], [ -47.4391259, -20.938295 ], [ -47.4390456, -20.9377553 ], [ -47.4383718, -20.9359787 ], [ -47.437599, -20.9320026 ], [ -47.4377645, -20.9313644 ], [ -47.4377943, -20.9302214 ], [ -47.4380442, -20.9284217 ], [ -47.4380191, -20.9277422 ], [ -47.4376607, -20.9251786 ], [ -47.4371622, -20.9229152 ], [ -47.4370449, -20.9216381 ], [ -47.4370254, -20.9194425 ], [ -47.436791, -20.9182246 ], [ -47.436491, -20.9175157 ], [ -47.4353309, -20.9156208 ], [ -47.4347902, -20.9148945 ], [ -47.4343515, -20.912407 ], [ -47.4329164, -20.9089466 ], [ -47.4319705, -20.9069062 ], [ -47.428409, -20.9013009 ], [ -47.4279359, -20.9003507 ], [ -47.4278812, -20.8987416 ], [ -47.4280064, -20.8982539 ], [ -47.4279692, -20.8969708 ], [ -47.4278454, -20.8965688 ], [ -47.4276034, -20.8961857 ], [ -47.4261062, -20.895093 ], [ -47.4255222, -20.8944802 ], [ -47.4252356, -20.8940387 ], [ -47.4247281, -20.8937011 ], [ -47.4233118, -20.8924758 ], [ -47.4221322, -20.8910322 ], [ -47.4212395, -20.8905055 ], [ -47.4203869, -20.8895894 ], [ -47.4186538, -20.8889244 ], [ -47.4182962, -20.888678 ], [ -47.4177842, -20.8875843 ], [ -47.417168, -20.8868498 ], [ -47.4169904, -20.8858544 ], [ -47.4164795, -20.8852407 ], [ -47.4161858, -20.8843047 ], [ -47.4154256, -20.8837632 ], [ -47.415334, -20.8835261 ], [ -47.4141776, -20.8828499 ], [ -47.4138091, -20.8821923 ], [ -47.4133639, -20.8818382 ], [ -47.4130755, -20.8811989 ], [ -47.4130481, -20.8803962 ], [ -47.4128973, -20.8802601 ], [ -47.4126322, -20.8802068 ], [ -47.4117414, -20.8806499 ], [ -47.4114605, -20.8805843 ], [ -47.4108198, -20.8798183 ], [ -47.4105089, -20.8796024 ], [ -47.410443, -20.8791316 ], [ -47.4107894, -20.8787117 ], [ -47.4107217, -20.8783253 ], [ -47.4103745, -20.8776433 ], [ -47.4101359, -20.8774239 ], [ -47.4098426, -20.8773587 ], [ -47.4089732, -20.8774 ], [ -47.4086619, -20.8772389 ], [ -47.4080105, -20.8760581 ], [ -47.4074473, -20.875872 ], [ -47.4071343, -20.8755311 ], [ -47.4071369, -20.8748131 ], [ -47.4073363, -20.8744541 ], [ -47.407377, -20.8741617 ], [ -47.4073268, -20.8738587 ], [ -47.4069501, -20.8732143 ], [ -47.4066486, -20.8729403 ], [ -47.4064887, -20.8720444 ], [ -47.4065413, -20.8716132 ], [ -47.4072638, -20.8708194 ], [ -47.4081542, -20.8693958 ], [ -47.4085605, -20.8690572 ], [ -47.409204, -20.8688132 ], [ -47.4103275, -20.8691411 ], [ -47.4110748, -20.8689657 ], [ -47.4112698, -20.8688177 ], [ -47.4111967, -20.8683556 ], [ -47.411784, -20.8678146 ], [ -47.4117823, -20.867677 ], [ -47.4115797, -20.8674716 ], [ -47.4107011, -20.8676365 ], [ -47.4103296, -20.8674884 ], [ -47.4097623, -20.8665859 ], [ -47.4094422, -20.8658555 ], [ -47.4087592, -20.8654636 ], [ -47.4085014, -20.864785 ], [ -47.4079154, -20.8643303 ], [ -47.4077489, -20.8639581 ], [ -47.4079704, -20.8636233 ], [ -47.4081755, -20.8635296 ], [ -47.4095315, -20.8635959 ], [ -47.4098539, -20.863548 ], [ -47.410196, -20.8632474 ], [ -47.4104573, -20.8616703 ], [ -47.4103849, -20.8613251 ], [ -47.409901, -20.8608895 ], [ -47.4098671, -20.860544 ], [ -47.4099646, -20.8602718 ], [ -47.4104689, -20.8596054 ], [ -47.410879, -20.8585614 ], [ -47.4117802, -20.8578347 ], [ -47.4127096, -20.8574973 ], [ -47.4129652, -20.8571269 ], [ -47.4133442, -20.8558715 ], [ -47.4131368, -20.8552919 ], [ -47.4126555, -20.8547091 ], [ -47.4125289, -20.8536455 ], [ -47.4121712, -20.852875 ], [ -47.4121358, -20.8521466 ], [ -47.4119025, -20.8516317 ], [ -47.4121614, -20.8508794 ], [ -47.4121125, -20.8505891 ], [ -47.4115898, -20.8500505 ], [ -47.4118103, -20.8487027 ], [ -47.4122335, -20.847999 ], [ -47.4121823, -20.847651 ], [ -47.4116878, -20.8469751 ], [ -47.411687, -20.8464214 ], [ -47.4122652, -20.8455142 ], [ -47.4126221, -20.845225 ], [ -47.4131142, -20.8450317 ], [ -47.4141081, -20.8448442 ], [ -47.4143633, -20.8447029 ], [ -47.4156172, -20.843516 ], [ -47.4160502, -20.842454 ], [ -47.4169891, -20.8418949 ], [ -47.4170816, -20.8416918 ], [ -47.4171643, -20.8407683 ], [ -47.4168672, -20.8402599 ], [ -47.4167679, -20.8390994 ], [ -47.4161504, -20.838178 ], [ -47.4153716, -20.8377806 ], [ -47.4151642, -20.8372442 ], [ -47.4152622, -20.8369603 ], [ -47.4157961, -20.8362725 ], [ -47.4159982, -20.8346607 ], [ -47.4158583, -20.8341655 ], [ -47.4152528, -20.833586 ], [ -47.4150919, -20.8331746 ], [ -47.4152759, -20.8317813 ], [ -47.4157688, -20.8313481 ], [ -47.415955, -20.8306524 ], [ -47.4162689, -20.8299588 ], [ -47.4168548, -20.8293125 ], [ -47.4174651, -20.8280632 ], [ -47.4183131, -20.8270054 ], [ -47.4183202, -20.8262256 ], [ -47.4181338, -20.8258697 ], [ -47.4175889, -20.8257321 ], [ -47.4172914, -20.8251895 ], [ -47.4168738, -20.8248455 ], [ -47.4169074, -20.8241844 ], [ -47.416509, -20.8233118 ], [ -47.4165503, -20.8223211 ], [ -47.4159528, -20.8216251 ], [ -47.4158728, -20.8207701 ], [ -47.4157435, -20.820606 ], [ -47.4154661, -20.8206377 ], [ -47.4152783, -20.8204256 ], [ -47.4153145, -20.8194186 ], [ -47.4150864, -20.8185426 ], [ -47.4149517, -20.8183702 ], [ -47.4144708, -20.8180867 ], [ -47.4139696, -20.8179175 ], [ -47.4137063, -20.817583 ], [ -47.4139472, -20.8160292 ], [ -47.4137093, -20.8153784 ], [ -47.4138931, -20.8145379 ], [ -47.4136761, -20.8133181 ], [ -47.4132972, -20.8122188 ], [ -47.4132224, -20.8117073 ], [ -47.4123731, -20.8105703 ], [ -47.4121152, -20.8091431 ], [ -47.4119241, -20.8093811 ], [ -47.4111297, -20.809322 ], [ -47.4109967, -20.8093942 ], [ -47.4110243, -20.8101952 ], [ -47.4109095, -20.8103364 ], [ -47.4106608, -20.8103952 ], [ -47.4103639, -20.810303 ], [ -47.4093827, -20.8097217 ], [ -47.409001, -20.809699 ], [ -47.4086626, -20.8097868 ], [ -47.4075002, -20.810757 ], [ -47.4070325, -20.8109431 ], [ -47.4063856, -20.8110505 ], [ -47.4062702, -20.8111629 ], [ -47.4062886, -20.811356 ], [ -47.406788, -20.8120959 ], [ -47.4067881, -20.8122478 ], [ -47.4066568, -20.8123479 ], [ -47.4064509, -20.8123508 ], [ -47.4057527, -20.811917 ], [ -47.4042673, -20.8115636 ], [ -47.4035904, -20.8115871 ], [ -47.4030728, -20.8114415 ], [ -47.4028056, -20.811265 ], [ -47.4023197, -20.8112293 ], [ -47.4015993, -20.8113249 ], [ -47.3995044, -20.810993 ], [ -47.3988191, -20.8109893 ], [ -47.3976162, -20.8112137 ], [ -47.3972922, -20.8111905 ], [ -47.396579, -20.8108136 ], [ -47.3963149, -20.8108718 ], [ -47.3958522, -20.8122633 ], [ -47.3953268, -20.8127123 ], [ -47.3948167, -20.8129004 ], [ -47.3945279, -20.8131068 ], [ -47.3943709, -20.813401 ], [ -47.3943891, -20.813621 ], [ -47.3947661, -20.8142115 ], [ -47.3947605, -20.8147784 ], [ -47.3935285, -20.8150736 ], [ -47.3933127, -20.8152154 ], [ -47.3931819, -20.8154791 ], [ -47.3931584, -20.8158404 ], [ -47.3933044, -20.8167456 ], [ -47.3930058, -20.8173732 ], [ -47.3925714, -20.8178077 ], [ -47.3925324, -20.818127 ], [ -47.392838, -20.8188982 ], [ -47.3928314, -20.8194659 ], [ -47.3926135, -20.8195681 ], [ -47.3918044, -20.8195353 ], [ -47.3916044, -20.8196031 ], [ -47.3911714, -20.8201365 ], [ -47.3902831, -20.820772 ], [ -47.3895202, -20.8209351 ], [ -47.3889826, -20.8212461 ], [ -47.3877448, -20.821319 ], [ -47.3872756, -20.8214502 ], [ -47.3866042, -20.8217651 ], [ -47.3855398, -20.8224441 ], [ -47.3852167, -20.8224901 ], [ -47.3848757, -20.8223288 ], [ -47.3843481, -20.8215329 ], [ -47.3833362, -20.8208407 ], [ -47.3827713, -20.8200866 ], [ -47.3824451, -20.8199392 ], [ -47.3821353, -20.8199426 ], [ -47.3813012, -20.8202179 ], [ -47.3809968, -20.8205379 ], [ -47.3807417, -20.8211806 ], [ -47.3805683, -20.8213635 ], [ -47.3802166, -20.8214668 ], [ -47.3798899, -20.8213321 ], [ -47.3794982, -20.8203967 ], [ -47.3790435, -20.8203739 ], [ -47.3788369, -20.8205035 ], [ -47.3783225, -20.8215334 ], [ -47.3780881, -20.8215927 ], [ -47.3779105, -20.8214996 ], [ -47.3778004, -20.8211395 ], [ -47.3779372, -20.8205417 ], [ -47.3778217, -20.8203908 ], [ -47.3774937, -20.8202838 ], [ -47.3771549, -20.8203588 ], [ -47.3765336, -20.8208652 ], [ -47.3757689, -20.8210695 ], [ -47.3755492, -20.8212129 ], [ -47.3752811, -20.8220186 ], [ -47.3751096, -20.8222017 ], [ -47.3744944, -20.822418 ], [ -47.3734273, -20.822501 ], [ -47.3731013, -20.8223941 ], [ -47.3727722, -20.8220282 ], [ -47.3718965, -20.8214976 ], [ -47.3713772, -20.8213248 ], [ -47.3707028, -20.8214867 ], [ -47.3702643, -20.8217287 ], [ -47.3700626, -20.8220085 ], [ -47.370144, -20.8232635 ], [ -47.3699288, -20.8238061 ], [ -47.3699777, -20.8240273 ], [ -47.3704543, -20.8244501 ], [ -47.3705157, -20.8246295 ], [ -47.3697151, -20.8259548 ], [ -47.3697752, -20.826863 ], [ -47.3696915, -20.8271276 ], [ -47.3694562, -20.8271868 ], [ -47.3691297, -20.8270242 ], [ -47.3683547, -20.8263024 ], [ -47.3678783, -20.8260719 ], [ -47.367467, -20.8260229 ], [ -47.3671577, -20.8261242 ], [ -47.366775, -20.8261023 ], [ -47.3657896, -20.8256851 ], [ -47.3653333, -20.8257197 ], [ -47.364184, -20.8265112 ], [ -47.3630376, -20.8266935 ], [ -47.3606777, -20.8265037 ], [ -47.3597343, -20.8263092 ], [ -47.3588168, -20.8260312 ], [ -47.3573565, -20.8253036 ], [ -47.3568225, -20.8252264 ], [ -47.3563842, -20.8252877 ], [ -47.3559316, -20.8255444 ], [ -47.3555407, -20.825949 ], [ -47.3553505, -20.8269922 ], [ -47.3555033, -20.8292852 ], [ -47.3554192, -20.8295363 ], [ -47.3551133, -20.8297339 ], [ -47.3547337, -20.8297525 ], [ -47.3543607, -20.8296195 ], [ -47.3533474, -20.82883 ], [ -47.3527559, -20.8286589 ], [ -47.3521687, -20.8286947 ], [ -47.3497253, -20.8291989 ], [ -47.3489617, -20.8291802 ], [ -47.3475372, -20.8286471 ], [ -47.3467189, -20.8281456 ], [ -47.3452537, -20.8275965 ], [ -47.3449017, -20.8276863 ], [ -47.344539, -20.8279958 ], [ -47.3441218, -20.828668 ], [ -47.3434997, -20.8301286 ], [ -47.3435186, -20.8304187 ], [ -47.3438198, -20.8307619 ], [ -47.3442931, -20.8310184 ], [ -47.3451372, -20.831326 ], [ -47.3471401, -20.8323289 ], [ -47.3473988, -20.8327002 ], [ -47.347521, -20.833112 ], [ -47.3475795, -20.8339419 ], [ -47.3474326, -20.8341115 ], [ -47.3470676, -20.8342556 ], [ -47.3454339, -20.8342778 ], [ -47.3451258, -20.8343513 ], [ -47.3449223, -20.8345618 ], [ -47.3449282, -20.8349494 ], [ -47.3450982, -20.8354331 ], [ -47.3454599, -20.8359531 ], [ -47.3458756, -20.8362297 ], [ -47.3479647, -20.8370455 ], [ -47.3484437, -20.8375241 ], [ -47.3494894, -20.8395182 ], [ -47.3496448, -20.8400284 ], [ -47.3495031, -20.8403617 ], [ -47.3480481, -20.8414531 ], [ -47.3477771, -20.8420385 ], [ -47.3472516, -20.8443583 ], [ -47.3472333, -20.8449678 ], [ -47.3477138, -20.8464566 ], [ -47.3485878, -20.8475705 ], [ -47.3486517, -20.8478884 ], [ -47.3485104, -20.8482353 ], [ -47.3475559, -20.8493568 ], [ -47.3470896, -20.8496802 ], [ -47.346562, -20.8498701 ], [ -47.3459443, -20.8498768 ], [ -47.3455445, -20.8497167 ], [ -47.3449742, -20.8490872 ], [ -47.3446789, -20.8489805 ], [ -47.344148, -20.8490022 ], [ -47.342832, -20.849601 ], [ -47.342558, -20.8498807 ], [ -47.3425187, -20.8502701 ], [ -47.3426705, -20.8505573 ], [ -47.3444863, -20.8516412 ], [ -47.3448868, -20.8520233 ], [ -47.3449964, -20.8523726 ], [ -47.3448819, -20.8534825 ], [ -47.3445092, -20.8542347 ], [ -47.3419298, -20.8573917 ], [ -47.3415072, -20.8576611 ], [ -47.3407581, -20.8577678 ], [ -47.3399307, -20.8577116 ], [ -47.3386368, -20.8577837 ], [ -47.3384176, -20.8578696 ], [ -47.3383157, -20.8581083 ], [ -47.3379611, -20.8584374 ], [ -47.3376066, -20.8587665 ], [ -47.3366926, -20.8592092 ], [ -47.3363102, -20.8592016 ], [ -47.3353472, -20.858839 ], [ -47.3344944, -20.8589201 ], [ -47.3331372, -20.8587723 ], [ -47.332995, -20.859093 ], [ -47.3332693, -20.8596985 ], [ -47.3329646, -20.8598673 ], [ -47.3323996, -20.8596828 ], [ -47.3317518, -20.8596505 ], [ -47.3308472, -20.859274 ], [ -47.3304485, -20.8591974 ], [ -47.329979, -20.8593113 ], [ -47.3298644, -20.8594668 ], [ -47.3300306, -20.8598399 ], [ -47.3299589, -20.8599378 ], [ -47.3294419, -20.8598198 ], [ -47.3287065, -20.8598991 ], [ -47.3284843, -20.8597917 ], [ -47.3284526, -20.8596386 ], [ -47.3286107, -20.8594137 ], [ -47.3298541, -20.8588724 ], [ -47.3302899, -20.8584795 ], [ -47.3296331, -20.8577397 ], [ -47.3294228, -20.8576461 ], [ -47.3292301, -20.8576764 ], [ -47.3290881, -20.8578857 ], [ -47.3292423, -20.8583113 ], [ -47.329218, -20.8585342 ], [ -47.3289977, -20.8587314 ], [ -47.3287556, -20.8587903 ], [ -47.3285049, -20.8586979 ], [ -47.3281958, -20.8587282 ], [ -47.3280348, -20.8588442 ], [ -47.3279799, -20.8591062 ], [ -47.3275566, -20.8593046 ], [ -47.3274059, -20.8591693 ], [ -47.3273734, -20.8589479 ], [ -47.327499, -20.8584361 ], [ -47.3270902, -20.8578712 ], [ -47.3268612, -20.8562681 ], [ -47.3269479, -20.8561142 ], [ -47.3275767, -20.8558564 ], [ -47.3277782, -20.8555209 ], [ -47.3277605, -20.8553549 ], [ -47.3271612, -20.854708 ], [ -47.3269799, -20.8543927 ], [ -47.3269125, -20.8538527 ], [ -47.3265862, -20.8536622 ], [ -47.3263507, -20.8536386 ], [ -47.3253819, -20.85393 ], [ -47.3251608, -20.8538621 ], [ -47.3248785, -20.8537002 ], [ -47.324366, -20.8529174 ], [ -47.3236804, -20.8523732 ], [ -47.3235727, -20.8521551 ], [ -47.3237013, -20.8517917 ], [ -47.3246805, -20.8513327 ], [ -47.3249123, -20.8511368 ], [ -47.3250996, -20.8508583 ], [ -47.3251106, -20.8505675 ], [ -47.3249694, -20.8500427 ], [ -47.3235397, -20.8480606 ], [ -47.3231378, -20.847734 ], [ -47.3227073, -20.8475313 ], [ -47.3218365, -20.8473897 ], [ -47.3214014, -20.8471617 ], [ -47.3210026, -20.8471112 ], [ -47.3206103, -20.8474356 ], [ -47.3205446, -20.8479624 ], [ -47.3203718, -20.8482154 ], [ -47.319935, -20.8485246 ], [ -47.3194077, -20.8487261 ], [ -47.3182472, -20.8489152 ], [ -47.3170868, -20.8491043 ], [ -47.3164119, -20.8492928 ], [ -47.3152731, -20.8488649 ], [ -47.3145657, -20.8479442 ], [ -47.3143509, -20.8478002 ], [ -47.313526, -20.84784 ], [ -47.313185, -20.8476785 ], [ -47.3131084, -20.8474985 ], [ -47.3131929, -20.8472628 ], [ -47.3147608, -20.8458014 ], [ -47.3148442, -20.8455917 ], [ -47.3147831, -20.845344 ], [ -47.3140719, -20.8451177 ], [ -47.3138643, -20.8449399 ], [ -47.3136529, -20.8445686 ], [ -47.3134737, -20.8434914 ], [ -47.3135588, -20.8432655 ], [ -47.3140135, -20.8430963 ], [ -47.3144988, -20.8432553 ], [ -47.3148529, -20.8431405 ], [ -47.3147577, -20.8426633 ], [ -47.3144864, -20.8423634 ], [ -47.3144821, -20.8419615 ], [ -47.3146527, -20.8416276 ], [ -47.3145295, -20.8412831 ], [ -47.3141038, -20.8412333 ], [ -47.313427, -20.8413814 ], [ -47.3129105, -20.8413191 ], [ -47.3118711, -20.8417496 ], [ -47.3114599, -20.8417831 ], [ -47.3106465, -20.8415844 ], [ -47.3099996, -20.8416212 ], [ -47.3096789, -20.8418487 ], [ -47.3091677, -20.8419924 ], [ -47.3085669, -20.842333 ], [ -47.3078688, -20.8428963 ], [ -47.307357, -20.8431397 ], [ -47.3067557, -20.8432304 ], [ -47.3064887, -20.8431796 ], [ -47.3061924, -20.8429884 ], [ -47.3060708, -20.8427806 ], [ -47.3067399, -20.8402527 ], [ -47.3070353, -20.8386458 ], [ -47.3063609, -20.8378728 ], [ -47.3060736, -20.837371 ], [ -47.3058823, -20.8373259 ], [ -47.3055042, -20.8376976 ], [ -47.3049967, -20.8386457 ], [ -47.3047046, -20.8388778 ], [ -47.3042415, -20.8389119 ], [ -47.3037463, -20.838739 ], [ -47.3035248, -20.8388113 ], [ -47.3034086, -20.8389164 ], [ -47.3031963, -20.839539 ], [ -47.3029565, -20.8398055 ], [ -47.3023518, -20.8400633 ], [ -47.3022039, -20.8402319 ], [ -47.3021517, -20.8406477 ], [ -47.302561, -20.8413924 ], [ -47.302493, -20.8416881 ], [ -47.30202, -20.8417505 ], [ -47.3017474, -20.8416528 ], [ -47.3011941, -20.841208 ], [ -47.300974, -20.8411833 ], [ -47.3008054, -20.8412342 ], [ -47.3006954, -20.8414142 ], [ -47.300906, -20.841523 ], [ -47.3010129, -20.8417788 ], [ -47.300907, -20.8420631 ], [ -47.2998219, -20.8423731 ], [ -47.2996148, -20.8422725 ], [ -47.2993644, -20.8417632 ], [ -47.2987383, -20.8412464 ], [ -47.2987905, -20.8408288 ], [ -47.2992585, -20.8404687 ], [ -47.2993046, -20.8402746 ], [ -47.2990954, -20.840049 ], [ -47.2981779, -20.8400088 ], [ -47.2980066, -20.8398808 ], [ -47.2977573, -20.8394541 ], [ -47.2973172, -20.8396401 ], [ -47.2966537, -20.8395316 ], [ -47.296523, -20.8395957 ], [ -47.2965199, -20.8398589 ], [ -47.2973989, -20.8400962 ], [ -47.2974992, -20.840393 ], [ -47.2970067, -20.8404826 ], [ -47.2958786, -20.8399229 ], [ -47.2956575, -20.8398981 ], [ -47.2955194, -20.8399556 ], [ -47.2956511, -20.8409519 ], [ -47.2955051, -20.8414 ], [ -47.2953094, -20.8414993 ], [ -47.2949707, -20.8415041 ], [ -47.2944527, -20.841324 ], [ -47.293849, -20.8415117 ], [ -47.2937027, -20.8414727 ], [ -47.2934638, -20.8407472 ], [ -47.2935964, -20.8406626 ], [ -47.2939127, -20.8407288 ], [ -47.2940142, -20.8406303 ], [ -47.2939523, -20.8404437 ], [ -47.2933988, -20.8398308 ], [ -47.2934041, -20.839734 ], [ -47.2936549, -20.8397168 ], [ -47.2938914, -20.8398249 ], [ -47.2940912, -20.8397446 ], [ -47.2941154, -20.839351 ], [ -47.2943168, -20.8391252 ], [ -47.2942671, -20.8387944 ], [ -47.2941047, -20.8386848 ], [ -47.2930954, -20.8387407 ], [ -47.2929256, -20.8386658 ], [ -47.2928077, -20.8382254 ], [ -47.2924802, -20.8380213 ], [ -47.2923189, -20.8380581 ], [ -47.2919962, -20.8386108 ], [ -47.2917556, -20.8387452 ], [ -47.2914894, -20.8387411 ], [ -47.291377, -20.8386531 ], [ -47.2913638, -20.837825 ], [ -47.2910223, -20.8376769 ], [ -47.2905828, -20.8377865 ], [ -47.289919, -20.8382252 ], [ -47.2895283, -20.8381885 ], [ -47.2895435, -20.8378691 ], [ -47.2896823, -20.8376876 ], [ -47.2905446, -20.8372189 ], [ -47.2907023, -20.8369609 ], [ -47.2906272, -20.8368097 ], [ -47.2901069, -20.8365531 ], [ -47.2898804, -20.8361543 ], [ -47.2895525, -20.835916 ], [ -47.289347, -20.8359538 ], [ -47.2891883, -20.8361696 ], [ -47.2893934, -20.8366601 ], [ -47.2889539, -20.8367265 ], [ -47.28852, -20.8369469 ], [ -47.2880726, -20.8378388 ], [ -47.2878661, -20.8379188 ], [ -47.2877098, -20.8377141 ], [ -47.2879173, -20.8373304 ], [ -47.2875753, -20.8371068 ], [ -47.2875632, -20.8367739 ], [ -47.2874223, -20.8367208 ], [ -47.2870095, -20.8371818 ], [ -47.2866988, -20.8371185 ], [ -47.2862368, -20.8372146 ], [ -47.2856619, -20.8369523 ], [ -47.285266, -20.8370537 ], [ -47.285107, -20.8372775 ], [ -47.2851386, -20.8377972 ], [ -47.2853087, -20.8380375 ], [ -47.2862204, -20.8383597 ], [ -47.2862592, -20.8384816 ], [ -47.2861447, -20.8386982 ], [ -47.2853142, -20.8387773 ], [ -47.2847952, -20.8385566 ], [ -47.284576, -20.8382965 ], [ -47.2843719, -20.8382571 ], [ -47.2841227, -20.8384334 ], [ -47.2835411, -20.8384071 ], [ -47.2832847, -20.838487 ], [ -47.2832009, -20.8388135 ], [ -47.2835425, -20.8394118 ], [ -47.2834614, -20.8395928 ], [ -47.2829122, -20.8397242 ], [ -47.283446, -20.8407801 ], [ -47.2834571, -20.8411337 ], [ -47.2833701, -20.8412301 ], [ -47.2828834, -20.8413207 ], [ -47.282769, -20.8414475 ], [ -47.2826235, -20.8420384 ], [ -47.2821007, -20.8427414 ], [ -47.2816463, -20.8429906 ], [ -47.2813236, -20.8429807 ], [ -47.2814517, -20.8426532 ], [ -47.2814042, -20.8424465 ], [ -47.2807949, -20.8421774 ], [ -47.2807428, -20.8420531 ], [ -47.2809325, -20.8419401 ], [ -47.2813076, -20.8418937 ], [ -47.2814819, -20.8417387 ], [ -47.2812699, -20.8413818 ], [ -47.2810648, -20.8412794 ], [ -47.2806799, -20.8412644 ], [ -47.2803311, -20.8415806 ], [ -47.2796191, -20.8417838 ], [ -47.2795528, -20.8422358 ], [ -47.2794366, -20.8423185 ], [ -47.2783732, -20.8421404 ], [ -47.2781829, -20.8422471 ], [ -47.2782226, -20.8426943 ], [ -47.2779574, -20.8431207 ], [ -47.2772821, -20.8432543 ], [ -47.2765895, -20.8437763 ], [ -47.2759415, -20.8437716 ], [ -47.2755973, -20.8438561 ], [ -47.2756545, -20.8441262 ], [ -47.2761237, -20.8447312 ], [ -47.2767075, -20.8446884 ], [ -47.2774525, -20.8448244 ], [ -47.2782555, -20.8447794 ], [ -47.2785733, -20.8448996 ], [ -47.2786437, -20.8450237 ], [ -47.2785284, -20.8453445 ], [ -47.2780568, -20.8457196 ], [ -47.2778459, -20.846353 ], [ -47.277565, -20.8464184 ], [ -47.2759439, -20.8463704 ], [ -47.2757389, -20.846437 ], [ -47.2753765, -20.8468218 ], [ -47.2749171, -20.8471183 ], [ -47.2748013, -20.8474706 ], [ -47.274642, -20.8476575 ], [ -47.2738729, -20.8479528 ], [ -47.2736598, -20.8481161 ], [ -47.2736411, -20.8484065 ], [ -47.2740728, -20.8485806 ], [ -47.2740464, -20.8487206 ], [ -47.273516, -20.8488383 ], [ -47.2733344, -20.8489858 ], [ -47.2734023, -20.8495114 ], [ -47.273295, -20.8498046 ], [ -47.2731536, -20.8499132 ], [ -47.2725879, -20.8500466 ], [ -47.2724604, -20.8502959 ], [ -47.2718164, -20.8505466 ], [ -47.2715209, -20.8510463 ], [ -47.2712444, -20.8512745 ], [ -47.2704463, -20.8516162 ], [ -47.2702509, -20.851835 ], [ -47.2703275, -20.852272 ], [ -47.2694556, -20.8523718 ], [ -47.2690607, -20.8525361 ], [ -47.2685148, -20.8529793 ], [ -47.2673211, -20.8542095 ], [ -47.2672928, -20.8547565 ], [ -47.2667701, -20.8552635 ], [ -47.2665426, -20.8558135 ], [ -47.2660163, -20.8560769 ], [ -47.266011, -20.8562151 ], [ -47.2664573, -20.856494 ], [ -47.2666131, -20.8566879 ], [ -47.2666098, -20.8568468 ], [ -47.2661075, -20.8572414 ], [ -47.2660952, -20.8574296 ], [ -47.2661876, -20.8576219 ], [ -47.266605, -20.8578593 ], [ -47.2666734, -20.8581558 ], [ -47.2659858, -20.858456 ], [ -47.2658215, -20.8577226 ], [ -47.2656999, -20.8575588 ], [ -47.2649337, -20.8575953 ], [ -47.2644545, -20.8572989 ], [ -47.2638542, -20.8571964 ], [ -47.2636108, -20.857026 ], [ -47.2635179, -20.8562442 ], [ -47.2629819, -20.8558638 ], [ -47.2630941, -20.8553983 ], [ -47.2633416, -20.8552624 ], [ -47.2634554, -20.8550817 ], [ -47.2632762, -20.8543586 ], [ -47.2635722, -20.853955 ], [ -47.2635314, -20.8537063 ], [ -47.2632352, -20.8536193 ], [ -47.2627004, -20.8541599 ], [ -47.2622706, -20.8542204 ], [ -47.2619671, -20.8541483 ], [ -47.261495, -20.8544668 ], [ -47.2608402, -20.8545723 ], [ -47.2604001, -20.8547995 ], [ -47.259739, -20.854939 ], [ -47.2598379, -20.855694 ], [ -47.2596961, -20.8561117 ], [ -47.2597354, -20.856222 ], [ -47.2601433, -20.8564338 ], [ -47.2600798, -20.8566281 ], [ -47.259232, -20.8570693 ], [ -47.2585589, -20.8578607 ], [ -47.2582958, -20.8580238 ], [ -47.2579835, -20.8581032 ], [ -47.2575493, -20.8579847 ], [ -47.2577604, -20.8576083 ], [ -47.2574371, -20.8574393 ], [ -47.2573454, -20.8572533 ], [ -47.2576812, -20.8569709 ], [ -47.2577202, -20.8567226 ], [ -47.2572731, -20.8563124 ], [ -47.256847, -20.8564009 ], [ -47.2564025, -20.8567465 ], [ -47.2561162, -20.8568053 ], [ -47.255652, -20.8567557 ], [ -47.2553737, -20.8568499 ], [ -47.2552791, -20.8569415 ], [ -47.2553704, -20.8571598 ], [ -47.2557178, -20.8572606 ], [ -47.2559266, -20.8574727 ], [ -47.2558163, -20.8579177 ], [ -47.2558102, -20.8589777 ], [ -47.2554222, -20.8598017 ], [ -47.2546439, -20.8601945 ], [ -47.2540567, -20.8602694 ], [ -47.2527379, -20.8602536 ], [ -47.2516814, -20.8606076 ], [ -47.2509687, -20.8606722 ], [ -47.2509613, -20.8611158 ], [ -47.2512389, -20.8613818 ], [ -47.2519921, -20.8616153 ], [ -47.2521837, -20.8620829 ], [ -47.2520684, -20.8627658 ], [ -47.2516557, -20.8632195 ], [ -47.2513682, -20.8637105 ], [ -47.2509986, -20.863909 ], [ -47.2504466, -20.8639718 ], [ -47.2494889, -20.8639244 ], [ -47.2490289, -20.8640806 ], [ -47.2481981, -20.8639258 ], [ -47.2472535, -20.8640775 ], [ -47.2466321, -20.864594 ], [ -47.246132, -20.8645717 ], [ -47.2455581, -20.8638582 ], [ -47.2448465, -20.8635984 ], [ -47.2444201, -20.8630264 ], [ -47.2440361, -20.8628182 ], [ -47.2436653, -20.8628081 ], [ -47.2430745, -20.8624938 ], [ -47.2423821, -20.8625546 ], [ -47.2410766, -20.8620496 ], [ -47.2402702, -20.8621015 ], [ -47.2395315, -20.8614166 ], [ -47.2391167, -20.8614021 ], [ -47.2384626, -20.8615534 ], [ -47.238267, -20.8615084 ], [ -47.2380714, -20.8614635 ], [ -47.2376976, -20.8608773 ], [ -47.2370675, -20.860796 ], [ -47.2366988, -20.8605667 ], [ -47.2366, -20.8603697 ], [ -47.2363523, -20.858775 ], [ -47.23591, -20.858409 ], [ -47.234697, -20.8579435 ], [ -47.2339801, -20.8579521 ], [ -47.2332954, -20.8580789 ], [ -47.2327485, -20.8579415 ], [ -47.2320088, -20.8583086 ], [ -47.231782, -20.8583033 ], [ -47.2314854, -20.8580347 ], [ -47.2312057, -20.8579886 ], [ -47.2309879, -20.8580609 ], [ -47.230632, -20.8586831 ], [ -47.2301007, -20.8588212 ], [ -47.2297616, -20.8586614 ], [ -47.2296519, -20.8582366 ], [ -47.2292344, -20.8578096 ], [ -47.2292594, -20.8568483 ], [ -47.2288642, -20.8564392 ], [ -47.2285124, -20.8563283 ], [ -47.2273595, -20.8564716 ], [ -47.2400443, -20.8852817 ], [ -47.2245731, -20.9116135 ], [ -47.2104581, -20.924139 ], [ -47.2068179, -20.9248663 ], [ -47.1900399, -20.9282181 ], [ -47.192566, -20.942053 ], [ -47.1866194, -20.9494933 ], [ -47.1830119, -20.951642 ], [ -47.1819813, -20.9536468 ], [ -47.1812762, -20.9538101 ], [ -47.182248, -20.9543222 ], [ -47.1827615, -20.9547748 ], [ -47.1852578, -20.9579512 ], [ -47.1867846, -20.9595716 ], [ -47.1879358, -20.9611536 ], [ -47.1891811, -20.9624043 ], [ -47.1937041, -20.9688301 ], [ -47.195125, -20.9694175 ], [ -47.1981852, -20.96983 ], [ -47.1990909, -20.970105 ], [ -47.1993214, -20.9703288 ], [ -47.1997728, -20.9711751 ], [ -47.2004261, -20.9717527 ], [ -47.2018432, -20.9720857 ], [ -47.2038988, -20.9723891 ], [ -47.204066, -20.9723963 ], [ -47.2044079, -20.9724109 ], [ -47.2058479, -20.9724727 ], [ -47.2115236, -20.9711621 ], [ -47.2142971, -20.9708092 ], [ -47.2148823, -20.9708099 ], [ -47.2155314, -20.9710341 ], [ -47.2164982, -20.9718739 ], [ -47.2175752, -20.9731699 ], [ -47.2193997, -20.976173 ], [ -47.219966, -20.9768675 ], [ -47.2206121, -20.9774788 ], [ -47.2221437, -20.9786841 ], [ -47.2230412, -20.9796945 ], [ -47.22419, -20.9820653 ], [ -47.2251035, -20.982999 ], [ -47.2256722, -20.9833638 ], [ -47.2264043, -20.9836497 ], [ -47.2268156, -20.9837064 ], [ -47.2275171, -20.9836281 ], [ -47.2282673, -20.9833433 ], [ -47.2290572, -20.9827546 ], [ -47.2298056, -20.9820429 ], [ -47.2314138, -20.9811756 ], [ -47.2322021, -20.9810072 ], [ -47.2331173, -20.9809463 ], [ -47.2346113, -20.981008 ], [ -47.2371594, -20.9814501 ], [ -47.2385633, -20.9818874 ], [ -47.2419208, -20.9833973 ], [ -47.2428197, -20.983634 ], [ -47.2435057, -20.9839396 ], [ -47.2464391, -20.9859961 ], [ -47.2469957, -20.9865887 ], [ -47.2485441, -20.9892851 ], [ -47.2488748, -20.9902102 ] ] ] ] } },
{ "type": "Feature", "properties": { "CD_MUN": "3550902", "NM_MUN": "São Simão", "CD_RGI": "350031", "NM_RGI": "Ribeirão Preto", "CD_RGINT": "3508", "NM_RGINT": "Ribeirão Preto", "CD_UF": "35", "NM_UF": "São Paulo", "SIGLA_UF": "SP", "CD_REGIA": "3", "NM_REGIA": "Sudeste", "SIGLA_RG": "SE", "CD_CONCU": null, "NM_CONCU": null, "AREA_KM2": 617.252 }, "geometry": { "type": "MultiPolygon", "coordinates": [ [ [ [ -47.44383, -21.4911025 ], [ -47.4437761, -21.491177 ], [ -47.4435934, -21.4917173 ], [ -47.4435964, -21.4918648 ], [ -47.4436758, -21.4924171 ], [ -47.4441354, -21.4931289 ], [ -47.4441561, -21.4938281 ], [ -47.4443892, -21.4949176 ], [ -47.4446961, -21.4953942 ], [ -47.4443525, -21.495539 ], [ -47.4434249, -21.4966407 ], [ -47.442971, -21.4969618 ], [ -47.4422936, -21.4972257 ], [ -47.4419846, -21.4982967 ], [ -47.4414453, -21.498629 ], [ -47.4411342, -21.4988208 ], [ -47.4408194, -21.499612 ], [ -47.4405466, -21.4999222 ], [ -47.4404412, -21.5002902 ], [ -47.4405393, -21.5011362 ], [ -47.4405211, -21.5015329 ], [ -47.440428, -21.5035641 ], [ -47.4406911, -21.504177 ], [ -47.4409543, -21.50479 ], [ -47.4409125, -21.5056107 ], [ -47.4402125, -21.5075985 ], [ -47.4390918, -21.5093586 ], [ -47.438479, -21.5100313 ], [ -47.4380237, -21.5111813 ], [ -47.4379667, -21.5113253 ], [ -47.4377252, -21.5116699 ], [ -47.4373555, -21.5121975 ], [ -47.437298, -21.5123692 ], [ -47.4372405, -21.5125409 ], [ -47.437252, -21.5125729 ], [ -47.437535, -21.5133595 ], [ -47.4375407, -21.5137894 ], [ -47.4367023, -21.5150077 ], [ -47.4364899, -21.5151333 ], [ -47.4364236, -21.515149 ], [ -47.4352617, -21.5154223 ], [ -47.4346507, -21.5157112 ], [ -47.4336467, -21.5165303 ], [ -47.4328023, -21.5169404 ], [ -47.4326411, -21.5170653 ], [ -47.4324799, -21.5171902 ], [ -47.4316465, -21.5187053 ], [ -47.4312066, -21.5192247 ], [ -47.4303501, -21.5210355 ], [ -47.4281156, -21.5252505 ], [ -47.427686, -21.5263545 ], [ -47.4274849, -21.5266352 ], [ -47.4266749, -21.5273296 ], [ -47.4266085, -21.5277944 ], [ -47.4267834, -21.5281455 ], [ -47.4269584, -21.5284966 ], [ -47.4271386, -21.5293602 ], [ -47.4274057, -21.5297356 ], [ -47.4277077, -21.5298724 ], [ -47.4285651, -21.5306322 ], [ -47.4287299, -21.5309622 ], [ -47.4289675, -21.5311765 ], [ -47.4303375, -21.5316463 ], [ -47.4311103, -21.5322694 ], [ -47.4312091, -21.5323491 ], [ -47.4315758, -21.532572 ], [ -47.4319671, -21.5327065 ], [ -47.4323255, -21.5328297 ], [ -47.4325536, -21.5330056 ], [ -47.4332582, -21.5335493 ], [ -47.4342258, -21.5338586 ], [ -47.4345548, -21.534062 ], [ -47.4347167, -21.5342634 ], [ -47.4348649, -21.5347493 ], [ -47.4349136, -21.5349093 ], [ -47.4352703, -21.5356126 ], [ -47.4357501, -21.5359833 ], [ -47.43623, -21.536354 ], [ -47.4366574, -21.5367949 ], [ -47.4369152, -21.5372266 ], [ -47.4371571, -21.5381393 ], [ -47.4377504, -21.539038 ], [ -47.4384095, -21.5404893 ], [ -47.4388285, -21.5421443 ], [ -47.4392749, -21.5430641 ], [ -47.439438, -21.5449949 ], [ -47.4403478, -21.5470798 ], [ -47.4407582, -21.5476114 ], [ -47.4412351, -21.548229 ], [ -47.4416146, -21.5493086 ], [ -47.4416958, -21.5495396 ], [ -47.4427571, -21.5518003 ], [ -47.443033, -21.5521198 ], [ -47.443309, -21.5524394 ], [ -47.4435484, -21.5526036 ], [ -47.4444149, -21.5531981 ], [ -47.4454851, -21.5542359 ], [ -47.4456022, -21.5545317 ], [ -47.4456877, -21.5562338 ], [ -47.445807, -21.5567382 ], [ -47.4467196, -21.5587639 ], [ -47.4468659, -21.5597826 ], [ -47.4471791, -21.5606586 ], [ -47.4471272, -21.560973 ], [ -47.4468225, -21.5612896 ], [ -47.4465311, -21.5615923 ], [ -47.4464629, -21.5619258 ], [ -47.4468171, -21.5629409 ], [ -47.4474327, -21.5638818 ], [ -47.4475164, -21.5644055 ], [ -47.4473829, -21.5653495 ], [ -47.4470226, -21.5661596 ], [ -47.4463619, -21.5667953 ], [ -47.446184, -21.5671829 ], [ -47.4460563, -21.5841747 ], [ -47.4496844, -21.577455 ], [ -47.450366, -21.5770431 ], [ -47.4507198, -21.5769338 ], [ -47.4516733, -21.577007 ], [ -47.4527247, -21.5773933 ], [ -47.4554493, -21.5773875 ], [ -47.4563984, -21.5772151 ], [ -47.4570488, -21.5769799 ], [ -47.4584894, -21.5768366 ], [ -47.4599119, -21.5760464 ], [ -47.4603756, -21.5758991 ], [ -47.4612693, -21.5757983 ], [ -47.4625579, -21.5758325 ], [ -47.4635828, -21.5757134 ], [ -47.4648236, -21.5751353 ], [ -47.465159, -21.5751133 ], [ -47.4679094, -21.5759281 ], [ -47.4701675, -21.575982 ], [ -47.4709681, -21.5758658 ], [ -47.47342, -21.575218 ], [ -47.4781531, -21.5737845 ], [ -47.4820508, -21.5729628 ], [ -47.4847249, -21.5722076 ], [ -47.486123, -21.5717173 ], [ -47.4921194, -21.5700583 ], [ -47.4927148, -21.5700131 ], [ -47.497123, -21.5696747 ], [ -47.5017006, -21.5689436 ], [ -47.5028135, -21.5685409 ], [ -47.5034402, -21.5681841 ], [ -47.5051981, -21.5664095 ], [ -47.506873, -21.5659306 ], [ -47.5077589, -21.5653942 ], [ -47.5104027, -21.5629096 ], [ -47.5117296, -21.561912 ], [ -47.515001, -21.5635039 ], [ -47.5184547, -21.5646057 ], [ -47.5214221, -21.5650864 ], [ -47.5252054, -21.5658646 ], [ -47.5267376, -21.5659805 ], [ -47.5284882, -21.5658818 ], [ -47.5306829, -21.5654668 ], [ -47.5366844, -21.5629999 ], [ -47.5395711, -21.5615588 ], [ -47.5414457, -21.5599932 ], [ -47.5429354, -21.5585458 ], [ -47.5439205, -21.5572731 ], [ -47.544276, -21.556253 ], [ -47.5440646, -21.5547922 ], [ -47.5433589, -21.5529527 ], [ -47.5433416, -21.5519048 ], [ -47.5437451, -21.5514798 ], [ -47.5442632, -21.5513667 ], [ -47.5449789, -21.5516343 ], [ -47.5455452, -21.5520445 ], [ -47.5471857, -21.5541159 ], [ -47.5482491, -21.5551476 ], [ -47.5490021, -21.555555 ], [ -47.552364, -21.5564198 ], [ -47.5539085, -21.5571274 ], [ -47.5565715, -21.5580668 ], [ -47.560125, -21.5585342 ], [ -47.5646753, -21.5584646 ], [ -47.5651591, -21.5583187 ], [ -47.5653717, -21.5576859 ], [ -47.5653612, -21.5571613 ], [ -47.56558, -21.5568443 ], [ -47.5659535, -21.5567688 ], [ -47.5677163, -21.5573705 ], [ -47.5707273, -21.5588966 ], [ -47.5711549, -21.5589283 ], [ -47.5716096, -21.5585241 ], [ -47.5733045, -21.5576263 ], [ -47.5741272, -21.5567661 ], [ -47.5749194, -21.5560916 ], [ -47.5755295, -21.5557977 ], [ -47.576539, -21.5549086 ], [ -47.5782159, -21.5537395 ], [ -47.5796474, -21.5531804 ], [ -47.5817096, -21.5530427 ], [ -47.5827407, -21.552799 ], [ -47.58364, -21.5524118 ], [ -47.5845367, -21.5518861 ], [ -47.5848563, -21.551803 ], [ -47.5855304, -21.55181 ], [ -47.5864351, -21.551957 ], [ -47.5870341, -21.5518918 ], [ -47.5878053, -21.5512749 ], [ -47.5885302, -21.5502859 ], [ -47.592012, -21.5483675 ], [ -47.5929226, -21.5481803 ], [ -47.5952103, -21.5480556 ], [ -47.5987338, -21.5468327 ], [ -47.5994881, -21.5467725 ], [ -47.5996485, -21.5480004 ], [ -47.5995492, -21.5524702 ], [ -47.5997561, -21.555319 ], [ -47.600073, -21.5566805 ], [ -47.600473, -21.5574258 ], [ -47.6013647, -21.5587248 ], [ -47.6037291, -21.5611175 ], [ -47.604863, -21.5629076 ], [ -47.6052465, -21.5640056 ], [ -47.6052627, -21.565415 ], [ -47.6051529, -21.5661534 ], [ -47.6046781, -21.5676538 ], [ -47.60425, -21.5696279 ], [ -47.6039322, -21.5716646 ], [ -47.6038643, -21.5730528 ], [ -47.6040391, -21.5745015 ], [ -47.6043359, -21.5755953 ], [ -47.6055662, -21.5788402 ], [ -47.6060633, -21.5798616 ], [ -47.60716, -21.5816638 ], [ -47.6078397, -21.5825348 ], [ -47.609593, -21.5839782 ], [ -47.6135796, -21.5863915 ], [ -47.6172223, -21.5881677 ], [ -47.6199346, -21.5892331 ], [ -47.6228623, -21.5905459 ], [ -47.6236222, -21.5909371 ], [ -47.6240262, -21.5912184 ], [ -47.624071, -21.5912496 ], [ -47.6240934, -21.5912652 ], [ -47.6243518, -21.591445 ], [ -47.6250616, -21.5919396 ], [ -47.6258063, -21.5922593 ], [ -47.6263627, -21.5922652 ], [ -47.6269908, -21.591872 ], [ -47.6282245, -21.5917517 ], [ -47.6287054, -21.5915633 ], [ -47.6306847, -21.590486 ], [ -47.6315188, -21.5895594 ], [ -47.631857, -21.5894518 ], [ -47.6336963, -21.5894606 ], [ -47.6355355, -21.5894695 ], [ -47.6368828, -21.5897113 ], [ -47.6376399, -21.5897024 ], [ -47.6392354, -21.5891993 ], [ -47.6398097, -21.5893479 ], [ -47.6407538, -21.5901462 ], [ -47.6412611, -21.5904559 ], [ -47.6417752, -21.5916029 ], [ -47.6425628, -21.592246 ], [ -47.6425459, -21.5919028 ], [ -47.6432061, -21.5911736 ], [ -47.6432844, -21.5909302 ], [ -47.6429612, -21.5888447 ], [ -47.6432419, -21.5872244 ], [ -47.6431567, -21.5858824 ], [ -47.6432655, -21.582827 ], [ -47.642738, -21.5808829 ], [ -47.6426433, -21.5796017 ], [ -47.6423274, -21.5778572 ], [ -47.642174, -21.5758878 ], [ -47.6422207, -21.5750876 ], [ -47.642328, -21.5746008 ], [ -47.6428804, -21.5736822 ], [ -47.6430095, -21.5731162 ], [ -47.6430162, -21.5721266 ], [ -47.6431624, -21.5709283 ], [ -47.6435135, -21.5701927 ], [ -47.6441934, -21.5691845 ], [ -47.6443627, -21.568718 ], [ -47.644616, -21.5669493 ], [ -47.64478, -21.5663819 ], [ -47.6447549, -21.5656293 ], [ -47.6448749, -21.5650063 ], [ -47.645314, -21.5637831 ], [ -47.6446529, -21.5618655 ], [ -47.6444572, -21.561547 ], [ -47.6436393, -21.5607841 ], [ -47.6434435, -21.5604673 ], [ -47.6431675, -21.5595983 ], [ -47.64295, -21.5593122 ], [ -47.6424842, -21.559005 ], [ -47.6421662, -21.5578142 ], [ -47.6418316, -21.5575992 ], [ -47.6414198, -21.5571188 ], [ -47.6409651, -21.5555416 ], [ -47.6404746, -21.5545619 ], [ -47.6403732, -21.5541876 ], [ -47.6404176, -21.5539879 ], [ -47.6408571, -21.5534831 ], [ -47.6411091, -21.5529811 ], [ -47.6411215, -21.5522111 ], [ -47.6414143, -21.5514373 ], [ -47.6415855, -21.5505951 ], [ -47.6417017, -21.5491304 ], [ -47.6412068, -21.5478988 ], [ -47.6403339, -21.5468056 ], [ -47.6395557, -21.5454895 ], [ -47.6396197, -21.5438943 ], [ -47.6407239, -21.5421515 ], [ -47.6418359, -21.5408946 ], [ -47.6443131, -21.537688 ], [ -47.6457082, -21.5363824 ], [ -47.6470646, -21.5355644 ], [ -47.6484752, -21.5351863 ], [ -47.6513137, -21.5341214 ], [ -47.6522616, -21.5336313 ], [ -47.6524205, -21.5335246 ], [ -47.6530088, -21.5331296 ], [ -47.6539903, -21.5324704 ], [ -47.6548164, -21.5316709 ], [ -47.6555892, -21.5306536 ], [ -47.6563108, -21.5287703 ], [ -47.6566235, -21.5270721 ], [ -47.656887, -21.5202058 ], [ -47.657236, -21.5179398 ], [ -47.6575887, -21.5164067 ], [ -47.658475, -21.5145323 ], [ -47.6599698, -21.5126359 ], [ -47.6617027, -21.5109922 ], [ -47.6619883, -21.5104896 ], [ -47.6623882, -21.5089799 ], [ -47.6623402, -21.5070656 ], [ -47.6622183, -21.5062914 ], [ -47.6605263, -21.5014704 ], [ -47.6605439, -21.5005324 ], [ -47.6606746, -21.5000374 ], [ -47.6606996, -21.4994189 ], [ -47.6609015, -21.4986847 ], [ -47.661229, -21.4979715 ], [ -47.6648305, -21.4946873 ], [ -47.6663712, -21.4932817 ], [ -47.6672051, -21.4922504 ], [ -47.668411, -21.4909697 ], [ -47.6685169, -21.4905997 ], [ -47.6684596, -21.4893837 ], [ -47.6685251, -21.4885194 ], [ -47.6688481, -21.4873754 ], [ -47.6692762, -21.4870588 ], [ -47.6698425, -21.4870289 ], [ -47.6726098, -21.4883551 ], [ -47.6755512, -21.4902318 ], [ -47.6796559, -21.4921909 ], [ -47.6809748, -21.4926227 ], [ -47.6828803, -21.4928238 ], [ -47.6836293, -21.492656 ], [ -47.6841167, -21.4922634 ], [ -47.6852306, -21.4911841 ], [ -47.6868449, -21.489345 ], [ -47.687731, -21.4887111 ], [ -47.688764, -21.4883849 ], [ -47.6906386, -21.487603 ], [ -47.6908162, -21.4869802 ], [ -47.6908043, -21.4863162 ], [ -47.6902656, -21.4852647 ], [ -47.6902972, -21.4844225 ], [ -47.6908246, -21.4832581 ], [ -47.6913467, -21.4827086 ], [ -47.6927532, -21.4815161 ], [ -47.6933862, -21.4812387 ], [ -47.6952082, -21.481067 ], [ -47.6963509, -21.4810613 ], [ -47.6992619, -21.481256 ], [ -47.7002621, -21.4812162 ], [ -47.7009568, -21.4809635 ], [ -47.7016397, -21.4803327 ], [ -47.7019784, -21.4801377 ], [ -47.7076246, -21.480593 ], [ -47.7083814, -21.480758 ], [ -47.7106152, -21.4815394 ], [ -47.711514, -21.4815695 ], [ -47.7123555, -21.4811577 ], [ -47.7125813, -21.4806455 ], [ -47.7124313, -21.4801841 ], [ -47.712263, -21.4799655 ], [ -47.7114056, -21.479536 ], [ -47.7109975, -21.4791683 ], [ -47.7101108, -21.4768656 ], [ -47.7100922, -21.4765358 ], [ -47.7103733, -21.4758396 ], [ -47.7109353, -21.4750343 ], [ -47.7117712, -21.4741907 ], [ -47.7126792, -21.4734901 ], [ -47.7146077, -21.4727251 ], [ -47.7159121, -21.4723729 ], [ -47.7188095, -21.4720487 ], [ -47.7193843, -21.4718409 ], [ -47.7201521, -21.4712555 ], [ -47.7205219, -21.4707846 ], [ -47.7209644, -21.4698139 ], [ -47.721298, -21.4693777 ], [ -47.7221585, -21.4686779 ], [ -47.7230409, -21.4683458 ], [ -47.7268314, -21.4677977 ], [ -47.7276294, -21.4675406 ], [ -47.7280873, -21.4673131 ], [ -47.7301866, -21.4658044 ], [ -47.7315785, -21.4650965 ], [ -47.7344194, -21.4648706 ], [ -47.7354843, -21.4644688 ], [ -47.737539, -21.4624692 ], [ -47.7395717, -21.4612941 ], [ -47.7457073, -21.4584464 ], [ -47.7492722, -21.4578128 ], [ -47.7530562, -21.4569329 ], [ -47.7581593, -21.4547386 ], [ -47.7606887, -21.4533659 ], [ -47.7627121, -21.4525588 ], [ -47.7638534, -21.4522631 ], [ -47.7680794, -21.4520843 ], [ -47.7694461, -21.4521179 ], [ -47.7717435, -21.4519027 ], [ -47.7738793, -21.4519233 ], [ -47.7750801, -21.4517709 ], [ -47.7754423, -21.451564 ], [ -47.775988, -21.4510608 ], [ -47.7762292, -21.450657 ], [ -47.7767985, -21.4490576 ], [ -47.7771126, -21.4487095 ], [ -47.7783481, -21.4480817 ], [ -47.7789533, -21.4479045 ], [ -47.7812633, -21.4478227 ], [ -47.7823423, -21.447493 ], [ -47.783698, -21.4469424 ], [ -47.7873891, -21.4463954 ], [ -47.7907871, -21.4463392 ], [ -47.793197, -21.4465631 ], [ -47.7971715, -21.4471171 ], [ -47.7988094, -21.4464689 ], [ -47.7996391, -21.445415 ], [ -47.800553, -21.4438534 ], [ -47.8016293, -21.44092 ], [ -47.8029497, -21.4384237 ], [ -47.8039654, -21.4372597 ], [ -47.8052315, -21.4362218 ], [ -47.8057022, -21.4349343 ], [ -47.8060202, -21.4343309 ], [ -47.806718, -21.4337891 ], [ -47.8074094, -21.4335799 ], [ -47.8116438, -21.4328895 ], [ -47.8119621, -21.4323697 ], [ -47.8140388, -21.4299928 ], [ -47.8157038, -21.4282869 ], [ -47.816713, -21.4267691 ], [ -47.8176852, -21.4244819 ], [ -47.8182222, -21.4229675 ], [ -47.8190302, -21.4219845 ], [ -47.8199172, -21.4214847 ], [ -47.8205478, -21.4213172 ], [ -47.8214443, -21.4213474 ], [ -47.8241261, -21.4221428 ], [ -47.8295712, -21.4231303 ], [ -47.829574, -21.422882 ], [ -47.829544, -21.422838 ], [ -47.829579, -21.422623 ], [ -47.829732, -21.422539 ], [ -47.82977, -21.422485 ], [ -47.829769, -21.422386 ], [ -47.829607, -21.422167 ], [ -47.829564, -21.421945 ], [ -47.829439, -21.421812 ], [ -47.829126, -21.421862 ], [ -47.828829, -21.421822 ], [ -47.828572, -21.421475 ], [ -47.828463, -21.421423 ], [ -47.828315, -21.421426 ], [ -47.827995, -21.421529 ], [ -47.827906, -21.421522 ], [ -47.827816, -21.421407 ], [ -47.827779, -21.42127 ], [ -47.82781, -21.42086 ], [ -47.827769, -21.420772 ], [ -47.82768, -21.42072 ], [ -47.827258, -21.420674 ], [ -47.827231, -21.420328 ], [ -47.827176, -21.420261 ], [ -47.827077, -21.420246 ], [ -47.82699, -21.420283 ], [ -47.826807, -21.420437 ], [ -47.826748, -21.420429 ], [ -47.82641, -21.420177 ], [ -47.826041, -21.420134 ], [ -47.825594, -21.419795 ], [ -47.825494, -21.419769 ], [ -47.825378, -21.41978 ], [ -47.825174, -21.419855 ], [ -47.825031, -21.419844 ], [ -47.82482, -21.419616 ], [ -47.824685, -21.419263 ], [ -47.824661, -21.419023 ], [ -47.82462, -21.418917 ], [ -47.824561, -21.418892 ], [ -47.824424, -21.418894 ], [ -47.824339, -21.418829 ], [ -47.824317, -21.418687 ], [ -47.824486, -21.418275 ], [ -47.82454, -21.41806 ], [ -47.824528, -21.417936 ], [ -47.824468, -21.417884 ], [ -47.824389, -21.417876 ], [ -47.824133, -21.418019 ], [ -47.824004, -21.418021 ], [ -47.823943, -21.417888 ], [ -47.823867, -21.417515 ], [ -47.823807, -21.417455 ], [ -47.82366, -21.41743 ], [ -47.823426, -21.417488 ], [ -47.823301, -21.417414 ], [ -47.823344, -21.417066 ], [ -47.823323, -21.417013 ], [ -47.823243, -21.416961 ], [ -47.822881, -21.416985 ], [ -47.822822, -21.416959 ], [ -47.822741, -21.416765 ], [ -47.822671, -21.416731 ], [ -47.822464, -21.416708 ], [ -47.822385, -21.416647 ], [ -47.822352, -21.416487 ], [ -47.821874, -21.416304 ], [ -47.821813, -21.416233 ], [ -47.82169, -21.41596 ], [ -47.821561, -21.415864 ], [ -47.821363, -21.415787 ], [ -47.82121, -21.415777 ], [ -47.820742, -21.415856 ], [ -47.820653, -21.41583 ], [ -47.820592, -21.415671 ], [ -47.820577, -21.415404 ], [ -47.820233, -21.415112 ], [ -47.820171, -21.41498 ], [ -47.820168, -21.414793 ], [ -47.820137, -21.414705 ], [ -47.820107, -21.414683 ], [ -47.820077, -21.414661 ], [ -47.819687, -21.414738 ], [ -47.819361, -21.414647 ], [ -47.818553, -21.414166 ], [ -47.818287, -21.414091 ], [ -47.817968, -21.414082 ], [ -47.817821, -21.41405 ], [ -47.817731, -21.413998 ], [ -47.817588, -21.413671 ], [ -47.817427, -21.413487 ], [ -47.817308, -21.413426 ], [ -47.816785, -21.4132928 ], [ -47.8167645, -21.4136934 ], [ -47.8158629, -21.4133519 ], [ -47.8150536, -21.4127007 ], [ -47.8143913, -21.4127268 ], [ -47.814217, -21.4124416 ], [ -47.8136001, -21.4124225 ], [ -47.8134415, -21.4119275 ], [ -47.812981, -21.4119052 ], [ -47.8127767, -21.4116935 ], [ -47.8125506, -21.4111052 ], [ -47.8117777, -21.411075 ], [ -47.8115199, -21.4112381 ], [ -47.8106293, -21.4113682 ], [ -47.8103667, -21.4113459 ], [ -47.8099137, -21.4110334 ], [ -47.8096963, -21.4109939 ], [ -47.809547, -21.4110541 ], [ -47.8093208, -21.4114037 ], [ -47.8090001, -21.4116842 ], [ -47.8087877, -21.4117312 ], [ -47.8081681, -21.4115682 ], [ -47.8071974, -21.4115846 ], [ -47.8066881, -21.4114634 ], [ -47.8063806, -21.4116121 ], [ -47.8060237, -21.4114012 ], [ -47.8057473, -21.411409 ], [ -47.8047972, -21.4117139 ], [ -47.8041514, -21.4117828 ], [ -47.8027788, -21.4117161 ], [ -47.8012592, -21.4121323 ], [ -47.8004148, -21.4121749 ], [ -47.7988688, -21.4126917 ], [ -47.7981964, -21.4125681 ], [ -47.7978392, -21.4125927 ], [ -47.7972902, -21.4128602 ], [ -47.7970893, -21.4128636 ], [ -47.7969022, -21.4126786 ], [ -47.7964683, -21.4125997 ], [ -47.7959623, -21.4126944 ], [ -47.7955212, -21.4131493 ], [ -47.7946096, -21.4137281 ], [ -47.7936121, -21.4138748 ], [ -47.7928335, -21.4142769 ], [ -47.7925267, -21.4143411 ], [ -47.7913207, -21.4141447 ], [ -47.7904414, -21.4140987 ], [ -47.7891659, -21.4143808 ], [ -47.788635, -21.4147677 ], [ -47.7881908, -21.4148871 ], [ -47.7878347, -21.4147939 ], [ -47.7875734, -21.4148544 ], [ -47.7868583, -21.415328 ], [ -47.7860212, -21.415334 ], [ -47.7851574, -21.4162868 ], [ -47.7848904, -21.4167544 ], [ -47.7846614, -21.4168737 ], [ -47.7841549, -21.4169566 ], [ -47.7840674, -21.4172007 ], [ -47.783781, -21.4174653 ], [ -47.7833062, -21.4177346 ], [ -47.7819416, -21.4180457 ], [ -47.7809077, -21.4180489 ], [ -47.7796568, -21.418749 ], [ -47.7777588, -21.4194144 ], [ -47.7772072, -21.4197412 ], [ -47.7766723, -21.4198806 ], [ -47.776207, -21.4198589 ], [ -47.7748399, -21.4192751 ], [ -47.7728467, -21.4180467 ], [ -47.7717135, -21.4176595 ], [ -47.7710587, -21.4172819 ], [ -47.7689649, -21.415744 ], [ -47.7673747, -21.4148462 ], [ -47.7646313, -21.4140099 ], [ -47.7625469, -21.4138599 ], [ -47.7611406, -21.4139049 ], [ -47.7582193, -21.4142076 ], [ -47.7579221, -21.4142731 ], [ -47.7578838, -21.4142815 ], [ -47.7578519, -21.4142886 ], [ -47.7561419, -21.4146656 ], [ -47.7544701, -21.4157483 ], [ -47.7535225, -21.4162841 ], [ -47.752996, -21.4164525 ], [ -47.7518281, -21.4165872 ], [ -47.7504522, -21.4165505 ], [ -47.7479005, -21.4167651 ], [ -47.7466073, -21.4169617 ], [ -47.7460979, -21.4171361 ], [ -47.7453259, -21.4177629 ], [ -47.744206, -21.4193471 ], [ -47.7437622, -21.4197262 ], [ -47.7432803, -21.4199574 ], [ -47.7416808, -21.4204536 ], [ -47.738523, -21.4210915 ], [ -47.7371805, -21.421243 ], [ -47.7351223, -21.4212914 ], [ -47.7304617, -21.4211359 ], [ -47.7268401, -21.420769 ], [ -47.7246681, -21.4201395 ], [ -47.7232332, -21.4193181 ], [ -47.7209355, -21.4169602 ], [ -47.7198727, -21.4162417 ], [ -47.7189738, -21.4159537 ], [ -47.7165025, -21.4155306 ], [ -47.7162004, -21.4154456 ], [ -47.7152941, -21.4151906 ], [ -47.714347, -21.4148567 ], [ -47.713242, -21.4143128 ], [ -47.7123214, -21.4136778 ], [ -47.7109758, -21.4122842 ], [ -47.7104602, -21.4111661 ], [ -47.7102915, -21.4102157 ], [ -47.7102701, -21.4091198 ], [ -47.7101005, -21.4082826 ], [ -47.7096266, -21.4077416 ], [ -47.7088461, -21.4071487 ], [ -47.7075754, -21.4068234 ], [ -47.7064642, -21.4067836 ], [ -47.7045497, -21.4065251 ], [ -47.7035223, -21.4061081 ], [ -47.7029871, -21.4055109 ], [ -47.7014158, -21.4018753 ], [ -47.7001111, -21.4002089 ], [ -47.6997275, -21.399478 ], [ -47.6995012, -21.3989048 ], [ -47.6994398, -21.3980663 ], [ -47.6998814, -21.396931 ], [ -47.7002713, -21.3964619 ], [ -47.7014269, -21.3953991 ], [ -47.7021732, -21.3941152 ], [ -47.7027937, -21.3911073 ], [ -47.7029237, -21.389812 ], [ -47.7027959, -21.388249 ], [ -47.7019038, -21.3854939 ], [ -47.70168, -21.3852455 ], [ -47.7014599, -21.3849997 ], [ -47.7009138, -21.3843897 ], [ -47.6986351, -21.3823057 ], [ -47.6974163, -21.3814941 ], [ -47.6953697, -21.3808142 ], [ -47.6870595, -21.3791357 ], [ -47.684091, -21.3786199 ], [ -47.6830654, -21.3780096 ], [ -47.6791278, -21.3752394 ], [ -47.6785881, -21.3762306 ], [ -47.6784316, -21.377622 ], [ -47.6777702, -21.3786141 ], [ -47.6764956, -21.3797945 ], [ -47.674666, -21.3809783 ], [ -47.6714717, -21.381781 ], [ -47.6682403, -21.3811193 ], [ -47.6668965, -21.3812172 ], [ -47.66505, -21.3816513 ], [ -47.6638803, -21.3817853 ], [ -47.662957, -21.3818001 ], [ -47.662546, -21.3816642 ], [ -47.6619, -21.380935 ], [ -47.6618106, -21.3804596 ], [ -47.6616386, -21.3801295 ], [ -47.6610262, -21.3795625 ], [ -47.659798, -21.37902 ], [ -47.6591153, -21.3788271 ], [ -47.6571729, -21.3777731 ], [ -47.6557915, -21.3765793 ], [ -47.6549238, -21.3754219 ], [ -47.6527425, -21.3740245 ], [ -47.6500775, -21.3729235 ], [ -47.6487892, -21.3726996 ], [ -47.647931, -21.3721513 ], [ -47.6469777, -21.3711012 ], [ -47.6458679, -21.3702988 ], [ -47.6449342, -21.3693546 ], [ -47.6435961, -21.3682766 ], [ -47.6428013, -21.3672891 ], [ -47.6426948, -21.366386 ], [ -47.6421996, -21.3658998 ], [ -47.6416724, -21.365194 ], [ -47.6414363, -21.3649873 ], [ -47.6390897, -21.3641796 ], [ -47.6383805, -21.3635254 ], [ -47.6380236, -21.3631962 ], [ -47.6376144, -21.3621523 ], [ -47.6373896, -21.3619739 ], [ -47.6369213, -21.3617369 ], [ -47.6357642, -21.3608706 ], [ -47.6354217, -21.3608028 ], [ -47.6343428, -21.3608709 ], [ -47.6336105, -21.3604917 ], [ -47.6328131, -21.3598764 ], [ -47.6324352, -21.3596922 ], [ -47.631394, -21.3594488 ], [ -47.6311291, -21.359882 ], [ -47.6312304, -21.3602158 ], [ -47.630808, -21.3605883 ], [ -47.6308375, -21.3607099 ], [ -47.631064, -21.3608712 ], [ -47.6308206, -21.3612756 ], [ -47.6307815, -21.3616203 ], [ -47.6302335, -21.3621076 ], [ -47.6297249, -21.362421 ], [ -47.6292885, -21.3625376 ], [ -47.6290814, -21.3628633 ], [ -47.6288222, -21.3629219 ], [ -47.6285097, -21.3632499 ], [ -47.6278802, -21.3633709 ], [ -47.6278782, -21.3637484 ], [ -47.6275842, -21.3639198 ], [ -47.6275407, -21.3641205 ], [ -47.6279005, -21.3649684 ], [ -47.6278421, -21.365092 ], [ -47.6275258, -21.365286 ], [ -47.6274645, -21.3658312 ], [ -47.6273471, -21.3659122 ], [ -47.6268012, -21.3658403 ], [ -47.6265539, -21.3659352 ], [ -47.6264139, -21.3660477 ], [ -47.6264323, -21.3664242 ], [ -47.6263425, -21.3666906 ], [ -47.6256858, -21.3670577 ], [ -47.6253309, -21.3670749 ], [ -47.6250094, -21.3669468 ], [ -47.6247333, -21.3667053 ], [ -47.6245338, -21.3662104 ], [ -47.6243875, -21.3653131 ], [ -47.6240713, -21.3648848 ], [ -47.6236407, -21.3646465 ], [ -47.6224196, -21.3645221 ], [ -47.6217098, -21.3642013 ], [ -47.6209512, -21.3640495 ], [ -47.6203757, -21.3637247 ], [ -47.6196636, -21.3636798 ], [ -47.618444, -21.3642981 ], [ -47.6177305, -21.3641974 ], [ -47.6162198, -21.3643425 ], [ -47.5953538, -21.365667 ], [ -47.59529, -21.3656711 ], [ -47.5951919, -21.3656773 ], [ -47.5950514, -21.3656862 ], [ -47.5850138, -21.366345 ], [ -47.583963, -21.3672256 ], [ -47.5835348, -21.3674188 ], [ -47.5822596, -21.3676715 ], [ -47.5818395, -21.3678785 ], [ -47.5814289, -21.3682188 ], [ -47.5796762, -21.3704958 ], [ -47.5792832, -21.3717799 ], [ -47.5786862, -21.3729187 ], [ -47.5786329, -21.3731648 ], [ -47.5787477, -21.3736726 ], [ -47.5786955, -21.3753715 ], [ -47.5786184, -21.3763619 ], [ -47.5784631, -21.3769988 ], [ -47.5782718, -21.3775327 ], [ -47.5775931, -21.3786612 ], [ -47.5770948, -21.3800356 ], [ -47.5762868, -21.3814046 ], [ -47.5760573, -21.3819505 ], [ -47.576032, -21.3838725 ], [ -47.5758521, -21.3844086 ], [ -47.574729, -21.3858114 ], [ -47.5744874, -21.3868971 ], [ -47.5742932, -21.3873194 ], [ -47.5739207, -21.3877808 ], [ -47.5717873, -21.3897941 ], [ -47.5704831, -21.3912951 ], [ -47.5693498, -21.3922461 ], [ -47.5690398, -21.392691 ], [ -47.5680818, -21.3934725 ], [ -47.5664962, -21.3953574 ], [ -47.5653162, -21.3963587 ], [ -47.5647391, -21.3972348 ], [ -47.5628125, -21.3980719 ], [ -47.5622631, -21.3984482 ], [ -47.5616607, -21.3990886 ], [ -47.5607373, -21.3996746 ], [ -47.5601627, -21.4006037 ], [ -47.5594746, -21.4012139 ], [ -47.5588747, -21.4014453 ], [ -47.5574698, -21.4017198 ], [ -47.5570114, -21.4019593 ], [ -47.5566882, -21.4023075 ], [ -47.556472, -21.4027882 ], [ -47.5563168, -21.4034655 ], [ -47.5562492, -21.4043871 ], [ -47.5541095, -21.4065499 ], [ -47.5537167, -21.4070545 ], [ -47.5534825, -21.4078789 ], [ -47.5533102, -21.4080862 ], [ -47.552324, -21.4087362 ], [ -47.5510219, -21.4100069 ], [ -47.5501889, -21.4103984 ], [ -47.547703, -21.4119375 ], [ -47.5456707, -21.412844 ], [ -47.5444785, -21.4130635 ], [ -47.543707, -21.4135283 ], [ -47.5425708, -21.4138776 ], [ -47.5415304, -21.4139825 ], [ -47.540438, -21.4137788 ], [ -47.5387144, -21.412784 ], [ -47.5365084, -21.4109995 ], [ -47.5333434, -21.4086559 ], [ -47.5299477, -21.4065775 ], [ -47.5262179, -21.4044611 ], [ -47.523495, -21.4030836 ], [ -47.5209063, -21.402078 ], [ -47.5199078, -21.4018265 ], [ -47.5169928, -21.4015858 ], [ -47.5151431, -21.401681 ], [ -47.5141844, -21.4016189 ], [ -47.5123665, -21.4011696 ], [ -47.5107092, -21.4010824 ], [ -47.5089952, -21.4012501 ], [ -47.5066689, -21.4016657 ], [ -47.5062078, -21.4016155 ], [ -47.5053504, -21.4013623 ], [ -47.5045954, -21.4015174 ], [ -47.5043004, -21.4014665 ], [ -47.5038915, -21.4011739 ], [ -47.5028658, -21.3999703 ], [ -47.5026032, -21.3998406 ], [ -47.5016581, -21.3999318 ], [ -47.5010776, -21.3998959 ], [ -47.5005972, -21.3997372 ], [ -47.4992248, -21.3996905 ], [ -47.4986596, -21.3997892 ], [ -47.4979949, -21.3996961 ], [ -47.4973995, -21.3995185 ], [ -47.4968837, -21.3990708 ], [ -47.4951433, -21.3989416 ], [ -47.4942524, -21.3987894 ], [ -47.493704, -21.3985759 ], [ -47.4930323, -21.3980313 ], [ -47.4924359, -21.3978771 ], [ -47.4903014, -21.3983412 ], [ -47.489721, -21.3988248 ], [ -47.4887329, -21.3994275 ], [ -47.488448, -21.3999514 ], [ -47.4879811, -21.4003144 ], [ -47.4877681, -21.4003502 ], [ -47.48752, -21.4002427 ], [ -47.4865264, -21.3994268 ], [ -47.4860783, -21.3993888 ], [ -47.4855838, -21.3991989 ], [ -47.4854842, -21.3989442 ], [ -47.4854974, -21.3982122 ], [ -47.485314, -21.3979516 ], [ -47.4849334, -21.397678 ], [ -47.484712, -21.3973378 ], [ -47.4845698, -21.3966087 ], [ -47.4839066, -21.3957642 ], [ -47.4837039, -21.3951568 ], [ -47.4832099, -21.3945229 ], [ -47.4830862, -21.3941576 ], [ -47.4825369, -21.3939 ], [ -47.4824728, -21.3937348 ], [ -47.4825942, -21.3930681 ], [ -47.4824593, -21.3928247 ], [ -47.4817861, -21.3921829 ], [ -47.4807437, -21.3920752 ], [ -47.4803726, -21.3918244 ], [ -47.4790073, -21.3901456 ], [ -47.4786511, -21.3899745 ], [ -47.4779392, -21.3899856 ], [ -47.4772259, -21.3896839 ], [ -47.4764158, -21.3895186 ], [ -47.4761639, -21.3893452 ], [ -47.4756656, -21.388721 ], [ -47.4739041, -21.3879437 ], [ -47.4734395, -21.3875616 ], [ -47.4727638, -21.3867616 ], [ -47.4719381, -21.3862101 ], [ -47.471613, -21.3858604 ], [ -47.4705979, -21.3845555 ], [ -47.4691552, -21.3817798 ], [ -47.4679169, -21.3788357 ], [ -47.4671782, -21.3777168 ], [ -47.4660208, -21.3772675 ], [ -47.4648578, -21.3762535 ], [ -47.4643665, -21.3759288 ], [ -47.4635349, -21.3756638 ], [ -47.4625416, -21.3756891 ], [ -47.4607938, -21.3750839 ], [ -47.4603536, -21.3750021 ], [ -47.4598349, -21.3750548 ], [ -47.4595134, -21.3749704 ], [ -47.4569586, -21.373462 ], [ -47.4565437, -21.3727466 ], [ -47.4565672, -21.3725021 ], [ -47.4574033, -21.3717139 ], [ -47.4579188, -21.3714508 ], [ -47.4584321, -21.3710222 ], [ -47.458789, -21.3704194 ], [ -47.4588736, -21.3699077 ], [ -47.4587122, -21.368723 ], [ -47.4588337, -21.367491 ], [ -47.458761, -21.367001 ], [ -47.4580022, -21.3667693 ], [ -47.454334, -21.3672275 ], [ -47.4518424, -21.3680242 ], [ -47.4507143, -21.3684775 ], [ -47.4480186, -21.3692429 ], [ -47.4468067, -21.3689577 ], [ -47.4461145, -21.3685101 ], [ -47.4456886, -21.3678249 ], [ -47.4457427, -21.3667448 ], [ -47.4464727, -21.3650942 ], [ -47.4477463, -21.3625919 ], [ -47.4484406, -21.3598585 ], [ -47.4482362, -21.3584925 ], [ -47.4476523, -21.3558165 ], [ -47.4476856, -21.3545738 ], [ -47.447401, -21.3537512 ], [ -47.4469097, -21.353386 ], [ -47.444298, -21.3524281 ], [ -47.4435135, -21.3518646 ], [ -47.4425342, -21.3504595 ], [ -47.4420792, -21.3490244 ], [ -47.4415121, -21.346297 ], [ -47.4410285, -21.3455439 ], [ -47.4399194, -21.3448842 ], [ -47.438976, -21.3444251 ], [ -47.4352885, -21.3430172 ], [ -47.4335452, -21.3422142 ], [ -47.4326398, -21.3419408 ], [ -47.4321349, -21.3419482 ], [ -47.4316729, -21.3423095 ], [ -47.4310375, -21.3431638 ], [ -47.4304815, -21.3443538 ], [ -47.42953, -21.3456515 ], [ -47.4287499, -21.3463725 ], [ -47.4271899, -21.347402 ], [ -47.4256008, -21.3482183 ], [ -47.4238219, -21.3485984 ], [ -47.4225995, -21.3486164 ], [ -47.4215824, -21.3483602 ], [ -47.4210869, -21.3478097 ], [ -47.4200824, -21.3463047 ], [ -47.4191438, -21.3451356 ], [ -47.4177237, -21.3442274 ], [ -47.4150783, -21.3432093 ], [ -47.4126053, -21.3424774 ], [ -47.4109744, -21.3415384 ], [ -47.4104759, -21.3409932 ], [ -47.4102091, -21.3402512 ], [ -47.4099475, -21.3400397 ], [ -47.4094818, -21.3399235 ], [ -47.4081263, -21.3401367 ], [ -47.4067509, -21.3406852 ], [ -47.4052299, -21.3419829 ], [ -47.405039, -21.3423552 ], [ -47.4047328, -21.3429522 ], [ -47.4045463, -21.3439901 ], [ -47.40521, -21.348633 ], [ -47.4053364, -21.3516389 ], [ -47.4057229, -21.3531756 ], [ -47.4064565, -21.3541992 ], [ -47.4083095, -21.3560187 ], [ -47.4107548, -21.3581239 ], [ -47.4113108, -21.3591513 ], [ -47.4114332, -21.3602301 ], [ -47.4112418, -21.3610755 ], [ -47.4082663, -21.3658945 ], [ -47.4069679, -21.3682228 ], [ -47.4060328, -21.3691003 ], [ -47.4054452, -21.3693991 ], [ -47.4045515, -21.369508 ], [ -47.401681, -21.3696456 ], [ -47.3995788, -21.3698681 ], [ -47.3974051, -21.3704769 ], [ -47.3949335, -21.3713769 ], [ -47.3923755, -21.3728451 ], [ -47.391431, -21.3732682 ], [ -47.390799, -21.3737566 ], [ -47.3903476, -21.3744139 ], [ -47.3892806, -21.376716 ], [ -47.3883794, -21.3781241 ], [ -47.3873179, -21.3791277 ], [ -47.3854886, -21.3803322 ], [ -47.3845322, -21.3815089 ], [ -47.3842724, -21.3820779 ], [ -47.3840127, -21.382647 ], [ -47.3835658, -21.3868158 ], [ -47.3833195, -21.3876896 ], [ -47.3821442, -21.3918605 ], [ -47.3816703, -21.3935421 ], [ -47.3810739, -21.3945855 ], [ -47.3805672, -21.395077 ], [ -47.3797489, -21.395327 ], [ -47.3801477, -21.3967546 ], [ -47.3803313, -21.3970926 ], [ -47.3806625, -21.3973671 ], [ -47.3814353, -21.3972258 ], [ -47.3820032, -21.3972616 ], [ -47.3823134, -21.3971677 ], [ -47.3832871, -21.3962973 ], [ -47.3836606, -21.3962131 ], [ -47.3845891, -21.3964481 ], [ -47.384887, -21.3963718 ], [ -47.3855154, -21.3959866 ], [ -47.3861234, -21.3960734 ], [ -47.3863562, -21.3960268 ], [ -47.3873929, -21.3954698 ], [ -47.387738, -21.3954384 ], [ -47.3882149, -21.3956072 ], [ -47.389085, -21.3961527 ], [ -47.3891734, -21.3963979 ], [ -47.3889911, -21.3988964 ], [ -47.3893481, -21.3996888 ], [ -47.3897121, -21.4002009 ], [ -47.3913192, -21.4018053 ], [ -47.3917113, -21.4023779 ], [ -47.391947, -21.4031232 ], [ -47.3923398, -21.403703 ], [ -47.3930866, -21.4042437 ], [ -47.3934784, -21.4048244 ], [ -47.3933757, -21.4065639 ], [ -47.3935841, -21.4079993 ], [ -47.3934632, -21.4095009 ], [ -47.3935626, -21.4098229 ], [ -47.3942516, -21.4108116 ], [ -47.3941997, -21.4121325 ], [ -47.3945636, -21.4144215 ], [ -47.3947018, -21.4149536 ], [ -47.3949046, -21.4152932 ], [ -47.395161, -21.4155154 ], [ -47.395875, -21.4158022 ], [ -47.3960514, -21.4157651 ], [ -47.3962993, -21.4154908 ], [ -47.3965037, -21.415453 ], [ -47.3971233, -21.4157136 ], [ -47.3980584, -21.4156137 ], [ -47.3981895, -21.4157258 ], [ -47.3982703, -21.4161181 ], [ -47.3985002, -21.4164983 ], [ -47.3993872, -21.4168036 ], [ -47.3996738, -21.4172121 ], [ -47.3998076, -21.4179696 ], [ -47.4001137, -21.4183519 ], [ -47.4022662, -21.4199209 ], [ -47.4031541, -21.4208473 ], [ -47.403248, -21.4213345 ], [ -47.4031517, -21.4223778 ], [ -47.4032626, -21.4228935 ], [ -47.4034165, -21.4232051 ], [ -47.4038976, -21.423499 ], [ -47.4041354, -21.4237483 ], [ -47.4048494, -21.4257266 ], [ -47.405253, -21.4264102 ], [ -47.4055943, -21.4267633 ], [ -47.406199, -21.4271833 ], [ -47.4076125, -21.4277168 ], [ -47.4084334, -21.4288239 ], [ -47.4087448, -21.4290482 ], [ -47.4099004, -21.4295212 ], [ -47.4103293, -21.4298571 ], [ -47.4107639, -21.4303684 ], [ -47.4109201, -21.430716 ], [ -47.4109287, -21.4312314 ], [ -47.4107147, -21.4318027 ], [ -47.4106931, -21.4321542 ], [ -47.4114072, -21.4348164 ], [ -47.4114665, -21.4360492 ], [ -47.4118042, -21.4371032 ], [ -47.4121886, -21.4377447 ], [ -47.4130161, -21.438728 ], [ -47.413785, -21.4394268 ], [ -47.414284, -21.4397087 ], [ -47.4146683, -21.4398163 ], [ -47.4159914, -21.4396587 ], [ -47.4163054, -21.4402956 ], [ -47.4166772, -21.4407452 ], [ -47.4177153, -21.4414473 ], [ -47.4176543, -21.4434016 ], [ -47.4178955, -21.4440276 ], [ -47.4186409, -21.4443488 ], [ -47.4192493, -21.4444113 ], [ -47.4199563, -21.444278 ], [ -47.4204459, -21.4439116 ], [ -47.420734, -21.4439247 ], [ -47.420914, -21.444044 ], [ -47.4213409, -21.4450278 ], [ -47.4218247, -21.4453056 ], [ -47.4221956, -21.4456679 ], [ -47.4222058, -21.4463847 ], [ -47.4223024, -21.4465331 ], [ -47.4226526, -21.4467122 ], [ -47.4236609, -21.4467912 ], [ -47.423947, -21.4466136 ], [ -47.4244386, -21.4458805 ], [ -47.4247099, -21.4457536 ], [ -47.4253522, -21.4457706 ], [ -47.4255787, -21.4459071 ], [ -47.4258949, -21.4463913 ], [ -47.4262131, -21.4473017 ], [ -47.4265296, -21.4477778 ], [ -47.4270397, -21.4481375 ], [ -47.4282168, -21.4482005 ], [ -47.428443, -21.4483019 ], [ -47.4288437, -21.448838 ], [ -47.4291832, -21.4496197 ], [ -47.4293741, -21.4498186 ], [ -47.4300029, -21.4500284 ], [ -47.4302485, -21.450215 ], [ -47.4303088, -21.4507198 ], [ -47.4299985, -21.4517368 ], [ -47.4300959, -21.4519545 ], [ -47.4318277, -21.4533587 ], [ -47.4321921, -21.4539319 ], [ -47.4320192, -21.4546406 ], [ -47.4309591, -21.4555385 ], [ -47.4308033, -21.4557616 ], [ -47.4307617, -21.4560629 ], [ -47.4308219, -21.4562279 ], [ -47.4311351, -21.4564774 ], [ -47.4318776, -21.4568857 ], [ -47.4328665, -21.4580002 ], [ -47.4331472, -21.4585648 ], [ -47.4337449, -21.4608855 ], [ -47.4344686, -21.4611978 ], [ -47.434586, -21.4620005 ], [ -47.4348417, -21.4627987 ], [ -47.4348703, -21.4633661 ], [ -47.4346328, -21.464803 ], [ -47.434258, -21.4652989 ], [ -47.4341913, -21.4657718 ], [ -47.4343194, -21.466015 ], [ -47.4351515, -21.4668591 ], [ -47.4353935, -21.467921 ], [ -47.436133, -21.4685701 ], [ -47.4363572, -21.4691891 ], [ -47.4362052, -21.4706779 ], [ -47.4361682, -21.4740973 ], [ -47.4362566, -21.475031 ], [ -47.4360941, -21.4757869 ], [ -47.4361548, -21.4760912 ], [ -47.4364707, -21.476517 ], [ -47.4365254, -21.4769551 ], [ -47.435813, -21.4785568 ], [ -47.4357909, -21.4788975 ], [ -47.4358959, -21.4791596 ], [ -47.4370833, -21.4796868 ], [ -47.4373009, -21.479938 ], [ -47.43784, -21.4808551 ], [ -47.4381343, -21.4816567 ], [ -47.4384931, -21.4819233 ], [ -47.4387501, -21.48278 ], [ -47.4392231, -21.4831921 ], [ -47.4394849, -21.4838792 ], [ -47.4396601, -21.4839975 ], [ -47.4407901, -21.4840191 ], [ -47.4411777, -21.4843353 ], [ -47.4413865, -21.4849969 ], [ -47.4423901, -21.4858963 ], [ -47.4427619, -21.4874639 ], [ -47.4434561, -21.48822 ], [ -47.4435965, -21.4888996 ], [ -47.4440612, -21.4893474 ], [ -47.44417, -21.4896347 ], [ -47.4442833, -21.4902512 ], [ -47.4442416, -21.4905336 ], [ -47.4438422, -21.4910857 ], [ -47.44383, -21.4911025 ] ] ] ] } },
{ "type": "Feature", "properties": { "CD_MUN": "3510906", "NM_MUN": "Cássia dos Coqueiros", "CD_RGI": "350031", "NM_RGI": "Ribeirão Preto", "CD_RGINT": "3508", "NM_RGINT": "Ribeirão Preto", "CD_UF": "35", "NM_UF": "São Paulo", "SIGLA_UF": "SP", "CD_REGIA": "3", "NM_REGIA": "Sudeste", "SIGLA_RG": "SE", "CD_CONCU": null, "NM_CONCU": null, "AREA_KM2": 191.683 }, "geometry": { "type": "MultiPolygon", "coordinates": [ [ [ [ -47.227349, -21.264843 ], [ -47.2243069, -21.2649973 ], [ -47.223806, -21.2651524 ], [ -47.2229701, -21.26565 ], [ -47.2217798, -21.2657597 ], [ -47.2212507, -21.265584 ], [ -47.2208057, -21.26532 ], [ -47.2197458, -21.2642524 ], [ -47.2189076, -21.2637085 ], [ -47.214251, -21.2612884 ], [ -47.2137403, -21.2611332 ], [ -47.2113696, -21.2610967 ], [ -47.2094899, -21.2607428 ], [ -47.2082047, -21.2602322 ], [ -47.2078904, -21.2602304 ], [ -47.2072225, -21.2604741 ], [ -47.2065815, -21.2603828 ], [ -47.2054482, -21.259863 ], [ -47.2045039, -21.2595529 ], [ -47.2040338, -21.2594361 ], [ -47.2026991, -21.2593727 ], [ -47.2008137, -21.2589134 ], [ -47.1998505, -21.2584911 ], [ -47.1989358, -21.2576018 ], [ -47.1983161, -21.2572175 ], [ -47.197078, -21.2562325 ], [ -47.1969066, -21.2559965 ], [ -47.1968244, -21.2552915 ], [ -47.1972413, -21.2537377 ], [ -47.1968684, -21.2519536 ], [ -47.1969724, -21.2511007 ], [ -47.1972231, -21.2510586 ], [ -47.1985297, -21.2513527 ], [ -47.2005488, -21.2523403 ], [ -47.2008878, -21.2523512 ], [ -47.2013544, -21.2522279 ], [ -47.2016137, -21.2518735 ], [ -47.2015739, -21.2510229 ], [ -47.2012651, -21.250608 ], [ -47.2004536, -21.2486958 ], [ -47.2003431, -21.2482259 ], [ -47.2003911, -21.2478325 ], [ -47.2005733, -21.2474796 ], [ -47.2008878, -21.2472046 ], [ -47.2028149, -21.2460231 ], [ -47.2031542, -21.2455444 ], [ -47.203164, -21.2452482 ], [ -47.2030155, -21.2449548 ], [ -47.2024621, -21.2445975 ], [ -47.2010025, -21.2443584 ], [ -47.200552, -21.244175 ], [ -47.198524, -21.2425465 ], [ -47.1972248, -21.241046 ], [ -47.196284, -21.2402877 ], [ -47.1952543, -21.2381512 ], [ -47.1951103, -21.2372793 ], [ -47.1945348, -21.235771 ], [ -47.194032, -21.2331698 ], [ -47.1939166, -21.2325728 ], [ -47.1936573, -21.2319649 ], [ -47.1931897, -21.2312957 ], [ -47.1929327, -21.2310967 ], [ -47.1918934, -21.230949 ], [ -47.1895947, -21.2312215 ], [ -47.1883864, -21.2308918 ], [ -47.1879726, -21.2305805 ], [ -47.1872441, -21.2295683 ], [ -47.186475, -21.2287261 ], [ -47.1858001, -21.2283702 ], [ -47.1851358, -21.2282034 ], [ -47.1839296, -21.2282645 ], [ -47.1834441, -21.2280465 ], [ -47.1825391, -21.2269329 ], [ -47.182388, -21.2263203 ], [ -47.1816595, -21.2252668 ], [ -47.1815544, -21.2249742 ], [ -47.1815432, -21.2242352 ], [ -47.1813656, -21.2234258 ], [ -47.1813627, -21.2229881 ], [ -47.181476, -21.2226009 ], [ -47.1816524, -21.2223295 ], [ -47.1823814, -21.221826 ], [ -47.1825891, -21.2215037 ], [ -47.1835617, -21.2195653 ], [ -47.183696, -21.2190783 ], [ -47.1835589, -21.2184555 ], [ -47.1826932, -21.2168449 ], [ -47.1827016, -21.2160357 ], [ -47.1828072, -21.2157965 ], [ -47.1830307, -21.2155072 ], [ -47.1833539, -21.2152928 ], [ -47.1841123, -21.2150277 ], [ -47.1848241, -21.2148963 ], [ -47.186977, -21.2149162 ], [ -47.1877532, -21.214641 ], [ -47.1881367, -21.2143536 ], [ -47.1886451, -21.2137595 ], [ -47.1893844, -21.2123417 ], [ -47.1895428, -21.2122303 ], [ -47.1885801, -21.2122636 ], [ -47.1874986, -21.2119444 ], [ -47.1868233, -21.2116208 ], [ -47.1849626, -21.2104096 ], [ -47.1826674, -21.2081675 ], [ -47.1824395, -21.2077998 ], [ -47.1820411, -21.2064676 ], [ -47.1808743, -21.2050111 ], [ -47.1793007, -21.2037215 ], [ -47.1779855, -21.2028089 ], [ -47.1779637, -21.2028016 ], [ -47.1764257, -21.2022862 ], [ -47.1760532, -21.2020862 ], [ -47.1755042, -21.2017623 ], [ -47.1745966, -21.2010008 ], [ -47.1737291, -21.2004754 ], [ -47.1732606, -21.2000792 ], [ -47.1727589, -21.1993151 ], [ -47.1718416, -21.1966842 ], [ -47.1718073, -21.1965858 ], [ -47.1717263, -21.1963537 ], [ -47.1712537, -21.1955656 ], [ -47.1700087, -21.1940943 ], [ -47.1686392, -21.1932333 ], [ -47.1680286, -21.1929716 ], [ -47.1671848, -21.1927697 ], [ -47.1665798, -21.1928648 ], [ -47.165939, -21.1931328 ], [ -47.1648598, -21.1940615 ], [ -47.1647453, -21.1942485 ], [ -47.1646085, -21.1944719 ], [ -47.1643615, -21.1946857 ], [ -47.1640211, -21.1948139 ], [ -47.1629955, -21.1948131 ], [ -47.1605335, -21.1941049 ], [ -47.1593065, -21.1938731 ], [ -47.1588142, -21.1938668 ], [ -47.15688, -21.1941276 ], [ -47.1560809, -21.1943344 ], [ -47.1547912, -21.194499 ], [ -47.1529139, -21.1954053 ], [ -47.1525807, -21.1956264 ], [ -47.152032, -21.1962763 ], [ -47.1512961, -21.1967228 ], [ -47.1491144, -21.1973931 ], [ -47.1482775, -21.1974582 ], [ -47.147855, -21.1974025 ], [ -47.1466093, -21.1967629 ], [ -47.1458007, -21.1959891 ], [ -47.1452688, -21.1953172 ], [ -47.1448148, -21.1944859 ], [ -47.1446983, -21.1935468 ], [ -47.1450201, -21.1922814 ], [ -47.1448796, -21.1916276 ], [ -47.1448559, -21.1915174 ], [ -47.1445434, -21.1908777 ], [ -47.1435606, -21.1893701 ], [ -47.1420106, -21.1875395 ], [ -47.1413016, -21.1865316 ], [ -47.1407862, -21.1859637 ], [ -47.1403609, -21.1857388 ], [ -47.1402142, -21.1856612 ], [ -47.1400669, -21.1856478 ], [ -47.1396882, -21.1856131 ], [ -47.1393386, -21.1856939 ], [ -47.1388415, -21.1858089 ], [ -47.1386164, -21.1859579 ], [ -47.1371082, -21.1869562 ], [ -47.135555, -21.1873571 ], [ -47.134242, -21.1880659 ], [ -47.1329869, -21.1886073 ], [ -47.1319764, -21.1888422 ], [ -47.1301759, -21.1890057 ], [ -47.1287565, -21.1887462 ], [ -47.1284859, -21.1886436 ], [ -47.1279504, -21.1884405 ], [ -47.1248957, -21.1869057 ], [ -47.1241547, -21.1866107 ], [ -47.1233818, -21.1865031 ], [ -47.1219192, -21.1867179 ], [ -47.121139, -21.1865174 ], [ -47.1205697, -21.1864744 ], [ -47.1199105, -21.1864246 ], [ -47.1185293, -21.1859249 ], [ -47.1174609, -21.1866372 ], [ -47.1159823, -21.1867184 ], [ -47.1143048, -21.1876566 ], [ -47.1097368, -21.1931194 ], [ -47.1076346, -21.1964246 ], [ -47.1051533, -21.1981611 ], [ -47.1028287, -21.2005677 ], [ -47.1011491, -21.2049113 ], [ -47.0999063, -21.2059891 ], [ -47.0992012, -21.2074014 ], [ -47.0996061, -21.2109942 ], [ -47.099595, -21.2136259 ], [ -47.0992581, -21.2141934 ], [ -47.0984898, -21.2140876 ], [ -47.0977866, -21.2135389 ], [ -47.0956514, -21.2096737 ], [ -47.0940344, -21.2092028 ], [ -47.0901017, -21.2099718 ], [ -47.0883668, -21.209611 ], [ -47.0871829, -21.2076126 ], [ -47.0865731, -21.2074171 ], [ -47.0830696, -21.2086345 ], [ -47.0804161, -21.2086414 ], [ -47.0770099, -21.2079439 ], [ -47.0744916, -21.2079059 ], [ -47.0714821, -21.2089052 ], [ -47.0688768, -21.2090154 ], [ -47.0653529, -21.2073913 ], [ -47.0647067, -21.2070935 ], [ -47.0622097, -21.2091699 ], [ -47.0616795, -21.2101553 ], [ -47.061761, -21.2108619 ], [ -47.0623125, -21.2115384 ], [ -47.0632651, -21.2116402 ], [ -47.06514, -21.2122629 ], [ -47.0665246, -21.2130201 ], [ -47.0679641, -21.2143123 ], [ -47.0687008, -21.2157482 ], [ -47.0690582, -21.2166583 ], [ -47.0723327, -21.2258406 ], [ -47.0752903, -21.2277453 ], [ -47.0789122, -21.2305951 ], [ -47.0792476, -21.2324297 ], [ -47.0790111, -21.2334235 ], [ -47.0785691, -21.2340675 ], [ -47.0762104, -21.2357158 ], [ -47.0771656, -21.2387866 ], [ -47.0772882, -21.2402235 ], [ -47.0760757, -21.2411756 ], [ -47.0690657, -21.2416197 ], [ -47.0639368, -21.2393368 ], [ -47.0630923, -21.2393131 ], [ -47.0620673, -21.2397832 ], [ -47.060528, -21.2414504 ], [ -47.0561584, -21.2447776 ], [ -47.054179, -21.2450963 ], [ -47.0522817, -21.2465187 ], [ -47.0520427, -21.2474826 ], [ -47.0519341, -21.2479202 ], [ -47.0521195, -21.2504959 ], [ -47.0502848, -21.2534524 ], [ -47.0513082, -21.2573965 ], [ -47.050624, -21.2582865 ], [ -47.0495784, -21.2588419 ], [ -47.048232, -21.2599679 ], [ -47.0450512, -21.2629544 ], [ -47.044812, -21.2647537 ], [ -47.0451534, -21.2669191 ], [ -47.0442243, -21.2673553 ], [ -47.0455863, -21.2676375 ], [ -47.046753, -21.2677069 ], [ -47.0474486, -21.2682735 ], [ -47.047728, -21.2683416 ], [ -47.0480777, -21.2682679 ], [ -47.0484194, -21.2677115 ], [ -47.0485803, -21.2675906 ], [ -47.0488633, -21.2675411 ], [ -47.0494296, -21.2676416 ], [ -47.0496643, -21.2675317 ], [ -47.0498258, -21.2673784 ], [ -47.0498987, -21.2671416 ], [ -47.0505161, -21.2665462 ], [ -47.0506306, -21.2658987 ], [ -47.0508914, -21.265604 ], [ -47.053279, -21.2646707 ], [ -47.0544282, -21.2645156 ], [ -47.0546654, -21.2643951 ], [ -47.0550964, -21.2639663 ], [ -47.0554358, -21.2639883 ], [ -47.0565443, -21.2645134 ], [ -47.057488, -21.2645458 ], [ -47.0584478, -21.2652776 ], [ -47.0586147, -21.2655432 ], [ -47.0589801, -21.2666307 ], [ -47.0595015, -21.2672332 ], [ -47.0599583, -21.267569 ], [ -47.0602973, -21.2676817 ], [ -47.0625465, -21.2676391 ], [ -47.0630041, -21.2679983 ], [ -47.0635643, -21.2688018 ], [ -47.0637657, -21.2689071 ], [ -47.0643781, -21.2687435 ], [ -47.0646155, -21.2687631 ], [ -47.0649306, -21.268891 ], [ -47.0654749, -21.2693552 ], [ -47.0660865, -21.2707672 ], [ -47.0667894, -21.2718784 ], [ -47.0669978, -21.2725112 ], [ -47.0675959, -21.2728573 ], [ -47.0678511, -21.2731121 ], [ -47.0679487, -21.2737224 ], [ -47.0678987, -21.2747651 ], [ -47.0682613, -21.2755246 ], [ -47.068909, -21.2760461 ], [ -47.0695218, -21.2761214 ], [ -47.0708369, -21.2760099 ], [ -47.0716555, -21.2763641 ], [ -47.0719398, -21.276903 ], [ -47.0721477, -21.2784486 ], [ -47.0724784, -21.2787594 ], [ -47.0743377, -21.2799574 ], [ -47.0754399, -21.2809664 ], [ -47.0761278, -21.2820707 ], [ -47.0763933, -21.2831936 ], [ -47.0764188, -21.2840049 ], [ -47.0767387, -21.2846073 ], [ -47.0771076, -21.2849063 ], [ -47.078608, -21.2855937 ], [ -47.0797082, -21.2864013 ], [ -47.0818496, -21.2874078 ], [ -47.0838918, -21.2880006 ], [ -47.0850382, -21.2878875 ], [ -47.0864785, -21.287083 ], [ -47.087061, -21.286901 ], [ -47.090582, -21.2861967 ], [ -47.0929615, -21.286097 ], [ -47.094716, -21.2862422 ], [ -47.0928416, -21.2882832 ], [ -47.0914746, -21.2904634 ], [ -47.0912957, -21.2910283 ], [ -47.0911595, -21.2919579 ], [ -47.0906564, -21.2926677 ], [ -47.0888631, -21.2946203 ], [ -47.088856, -21.2952012 ], [ -47.0888501, -21.2957175 ], [ -47.0890492, -21.2964892 ], [ -47.0897286, -21.297409 ], [ -47.0926017, -21.2996805 ], [ -47.0950985, -21.3026561 ], [ -47.097789, -21.3055956 ], [ -47.0984622, -21.3061971 ], [ -47.1004352, -21.3076314 ], [ -47.101016, -21.308371 ], [ -47.1037568, -21.3108814 ], [ -47.1076666, -21.3158253 ], [ -47.1082985, -21.3162994 ], [ -47.1088899, -21.3165265 ], [ -47.1108335, -21.3167009 ], [ -47.1130456, -21.3171153 ], [ -47.1143911, -21.3174728 ], [ -47.1156243, -21.317903 ], [ -47.1181206, -21.3190467 ], [ -47.1188913, -21.3195048 ], [ -47.1194495, -21.3199668 ], [ -47.1210134, -21.3216376 ], [ -47.1221276, -21.3226091 ], [ -47.1249107, -21.3267821 ], [ -47.1264214, -21.3281488 ], [ -47.1275857, -21.3288151 ], [ -47.1284713, -21.3288395 ], [ -47.129643, -21.3284603 ], [ -47.1300847, -21.3280713 ], [ -47.1304998, -21.3273246 ], [ -47.1306714, -21.3263163 ], [ -47.1318292, -21.3248712 ], [ -47.132424, -21.3238307 ], [ -47.1332004, -21.3228462 ], [ -47.1351355, -21.3213031 ], [ -47.1359028, -21.3208231 ], [ -47.1366352, -21.3201799 ], [ -47.1384179, -21.3172507 ], [ -47.1412648, -21.3134078 ], [ -47.1427994, -21.3104783 ], [ -47.1433036, -21.3098016 ], [ -47.1445548, -21.3084579 ], [ -47.1457087, -21.3068004 ], [ -47.1459378, -21.3062517 ], [ -47.1467275, -21.3054329 ], [ -47.1468589, -21.3049944 ], [ -47.1468389, -21.3036218 ], [ -47.1462647, -21.3027971 ], [ -47.1455911, -21.3022245 ], [ -47.1448543, -21.3014113 ], [ -47.1444691, -21.3007362 ], [ -47.1440693, -21.2981775 ], [ -47.1437952, -21.2973327 ], [ -47.1437333, -21.2966312 ], [ -47.1438214, -21.2958577 ], [ -47.1444206, -21.2947796 ], [ -47.1449153, -21.2943882 ], [ -47.1456262, -21.2943056 ], [ -47.1459279, -21.2943735 ], [ -47.1466243, -21.2948931 ], [ -47.1474977, -21.2959607 ], [ -47.1488703, -21.2984483 ], [ -47.1494319, -21.2990864 ], [ -47.1501559, -21.2996763 ], [ -47.1532673, -21.301078 ], [ -47.15438, -21.3014626 ], [ -47.1565521, -21.301988 ], [ -47.1573325, -21.3022801 ], [ -47.1586859, -21.303235 ], [ -47.1624504, -21.3065469 ], [ -47.164172, -21.3078851 ], [ -47.1650422, -21.3086309 ], [ -47.1662745, -21.309952 ], [ -47.1670101, -21.3105648 ], [ -47.1693114, -21.3121949 ], [ -47.1708576, -21.3134882 ], [ -47.1732521, -21.315919 ], [ -47.1739423, -21.3169082 ], [ -47.1751159, -21.3192466 ], [ -47.1767687, -21.3244183 ], [ -47.177444, -21.3273278 ], [ -47.1779915, -21.3304774 ], [ -47.178395, -21.3335063 ], [ -47.1789034, -21.3356067 ], [ -47.1792804, -21.336754 ], [ -47.1802344, -21.3380278 ], [ -47.1807341, -21.3392564 ], [ -47.1816498, -21.3404192 ], [ -47.1829014, -21.3412073 ], [ -47.1832522, -21.3415287 ], [ -47.1844118, -21.3432987 ], [ -47.1851054, -21.3439898 ], [ -47.1865114, -21.3448398 ], [ -47.1870447, -21.3452621 ], [ -47.1872869, -21.3458046 ], [ -47.187418, -21.3464307 ], [ -47.1876715, -21.346768 ], [ -47.1882904, -21.3472188 ], [ -47.1896428, -21.3476867 ], [ -47.1918566, -21.3480149 ], [ -47.1924474, -21.3472822 ], [ -47.1938924, -21.346441 ], [ -47.1944532, -21.3457924 ], [ -47.1953389, -21.3452315 ], [ -47.1960537, -21.3445918 ], [ -47.1970538, -21.3443752 ], [ -47.1989058, -21.3431397 ], [ -47.1997863, -21.3430673 ], [ -47.2005275, -21.3433155 ], [ -47.2010566, -21.3436198 ], [ -47.2029138, -21.3451276 ], [ -47.2042359, -21.3456867 ], [ -47.2052266, -21.3462557 ], [ -47.2060022, -21.3468655 ], [ -47.2082882, -21.3480959 ], [ -47.209839, -21.3486569 ], [ -47.2107862, -21.3486437 ], [ -47.2115217, -21.3484325 ], [ -47.211826, -21.3482147 ], [ -47.2126953, -21.3474257 ], [ -47.2142123, -21.3455036 ], [ -47.2154187, -21.344809 ], [ -47.2159762, -21.3446472 ], [ -47.2177738, -21.3438766 ], [ -47.2237374, -21.3421149 ], [ -47.2268319, -21.3412982 ], [ -47.2279303, -21.3406432 ], [ -47.2284195, -21.3401632 ], [ -47.2291381, -21.3391218 ], [ -47.2294174, -21.3385463 ], [ -47.2298606, -21.3368236 ], [ -47.2298922, -21.3349883 ], [ -47.2295461, -21.3319455 ], [ -47.2293436, -21.3311053 ], [ -47.2292149, -21.3299833 ], [ -47.2279831, -21.3292861 ], [ -47.2278564, -21.3290834 ], [ -47.2273998, -21.3273318 ], [ -47.2270196, -21.3268718 ], [ -47.2266855, -21.3260615 ], [ -47.2256071, -21.3242778 ], [ -47.2252422, -21.3234015 ], [ -47.2249566, -21.3230271 ], [ -47.2243065, -21.321726 ], [ -47.2234308, -21.3210063 ], [ -47.2226205, -21.3206476 ], [ -47.221231, -21.3203179 ], [ -47.2184211, -21.3189913 ], [ -47.2180417, -21.3185979 ], [ -47.2176298, -21.3177826 ], [ -47.2163279, -21.3165794 ], [ -47.2160014, -21.3158659 ], [ -47.2159917, -21.3158448 ], [ -47.2159861, -21.3158325 ], [ -47.215972, -21.3158117 ], [ -47.2155426, -21.3151785 ], [ -47.2154763, -21.3142522 ], [ -47.2151857, -21.3134202 ], [ -47.213619, -21.3113501 ], [ -47.2127295, -21.3098894 ], [ -47.2123397, -21.3086159 ], [ -47.2123173, -21.3077632 ], [ -47.2124242, -21.3062832 ], [ -47.2128013, -21.304424 ], [ -47.2128942, -21.303372 ], [ -47.2125289, -21.2982431 ], [ -47.2118599, -21.2945728 ], [ -47.2118418, -21.2928524 ], [ -47.2118963, -21.2926551 ], [ -47.2123809, -21.2922702 ], [ -47.2127627, -21.2921912 ], [ -47.2144886, -21.292228 ], [ -47.2147903, -21.2921691 ], [ -47.215043, -21.2920445 ], [ -47.215327, -21.2917423 ], [ -47.2158287, -21.290987 ], [ -47.2172698, -21.2904427 ], [ -47.217967, -21.2903421 ], [ -47.2181021, -21.2901103 ], [ -47.2182232, -21.2877315 ], [ -47.2181772, -21.2872849 ], [ -47.2177495, -21.2862479 ], [ -47.2178168, -21.2860637 ], [ -47.2183635, -21.2856705 ], [ -47.2184762, -21.2853605 ], [ -47.218474, -21.2839624 ], [ -47.2203284, -21.2801155 ], [ -47.2203561, -21.278927 ], [ -47.220493, -21.2785928 ], [ -47.220866, -21.278013 ], [ -47.2224157, -21.2764882 ], [ -47.2240927, -21.2751922 ], [ -47.2257039, -21.2744471 ], [ -47.2274611, -21.2740924 ], [ -47.2283721, -21.2738089 ], [ -47.2296585, -21.273624 ], [ -47.2302235, -21.2736691 ], [ -47.2316857, -21.274361 ], [ -47.2320048, -21.2743423 ], [ -47.232405, -21.2741767 ], [ -47.2329849, -21.2736877 ], [ -47.2339584, -21.2733654 ], [ -47.2344855, -21.2733964 ], [ -47.2340989, -21.272636 ], [ -47.2337082, -21.2715458 ], [ -47.233132, -21.2708624 ], [ -47.2328518, -21.2696975 ], [ -47.2322121, -21.268927 ], [ -47.2317629, -21.2674508 ], [ -47.2315435, -21.2672515 ], [ -47.2304157, -21.2668605 ], [ -47.2300073, -21.2664713 ], [ -47.2298567, -21.2663287 ], [ -47.2294064, -21.265822 ], [ -47.228933, -21.265485 ], [ -47.2278872, -21.2650612 ], [ -47.227349, -21.264843 ] ] ] ] } },
{ "type": "Feature", "properties": { "CD_MUN": "3547601", "NM_MUN": "Santa Rosa de Viterbo", "CD_RGI": "350031", "NM_RGI": "Ribeirão Preto", "CD_RGINT": "3508", "NM_RGINT": "Ribeirão Preto", "CD_UF": "35", "NM_UF": "São Paulo", "SIGLA_UF": "SP", "CD_REGIA": "3", "NM_REGIA": "Sudeste", "SIGLA_RG": "SE", "CD_CONCU": null, "NM_CONCU": null, "AREA_KM2": 288.576 }, "geometry": { "type": "MultiPolygon", "coordinates": [ [ [ [ -47.3260452, -21.4245597 ], [ -47.3260247, -21.4245795 ], [ -47.3256003, -21.4249876 ], [ -47.3252531, -21.4257629 ], [ -47.3252753, -21.42718 ], [ -47.3250272, -21.4276878 ], [ -47.3245933, -21.4278863 ], [ -47.323515, -21.4279253 ], [ -47.3226379, -21.427745 ], [ -47.3215747, -21.4269893 ], [ -47.3206155, -21.4264507 ], [ -47.3197647, -21.4262237 ], [ -47.3194114, -21.426287 ], [ -47.3184845, -21.4264569 ], [ -47.3159078, -21.4272263 ], [ -47.3157428, -21.4272755 ], [ -47.3121469, -21.4290585 ], [ -47.3091936, -21.4306388 ], [ -47.3078726, -21.4315712 ], [ -47.3069618, -21.4324021 ], [ -47.306335, -21.4333972 ], [ -47.3053169, -21.4355763 ], [ -47.3049167, -21.4362416 ], [ -47.3036288, -21.4376299 ], [ -47.303181, -21.4385521 ], [ -47.3030897, -21.4393006 ], [ -47.3031584, -21.4403089 ], [ -47.3036644, -21.4415287 ], [ -47.3060258, -21.4463405 ], [ -47.3065967, -21.4483779 ], [ -47.3069636, -21.4504657 ], [ -47.3074196, -21.4517437 ], [ -47.3081564, -21.4528397 ], [ -47.30845, -21.4535343 ], [ -47.3084763, -21.4551934 ], [ -47.3091768, -21.4573959 ], [ -47.3092173, -21.458262 ], [ -47.3089058, -21.4595158 ], [ -47.3084804, -21.4603895 ], [ -47.3076549, -21.4611447 ], [ -47.3065625, -21.4619064 ], [ -47.3052097, -21.4624304 ], [ -47.3036714, -21.4625974 ], [ -47.3028716, -21.4623912 ], [ -47.3026749, -21.4622836 ], [ -47.3017581, -21.4617816 ], [ -47.300924, -21.460999 ], [ -47.300419, -21.4599239 ], [ -47.3000925, -21.458748 ], [ -47.2996648, -21.455948 ], [ -47.2992983, -21.4524269 ], [ -47.2988457, -21.4513045 ], [ -47.2986266, -21.4504403 ], [ -47.2985562, -21.4492396 ], [ -47.2981315, -21.4483303 ], [ -47.297117, -21.4475027 ], [ -47.2947265, -21.4465493 ], [ -47.2925142, -21.4461943 ], [ -47.2904562, -21.4460538 ], [ -47.2892746, -21.4460696 ], [ -47.2873539, -21.4464082 ], [ -47.2848068, -21.447118 ], [ -47.2826372, -21.4478923 ], [ -47.2754927, -21.4508059 ], [ -47.273445, -21.451363 ], [ -47.2708727, -21.4517804 ], [ -47.2681501, -21.451915 ], [ -47.2655809, -21.4516361 ], [ -47.2641954, -21.4513164 ], [ -47.2638935, -21.4519369 ], [ -47.2638995, -21.4523317 ], [ -47.264224, -21.4531453 ], [ -47.2641391, -21.4535624 ], [ -47.2637034, -21.4544462 ], [ -47.263701, -21.4548945 ], [ -47.2638029, -21.4550298 ], [ -47.2643403, -21.4552706 ], [ -47.2649039, -21.456012 ], [ -47.2650543, -21.4560378 ], [ -47.2656374, -21.4558733 ], [ -47.2663244, -21.4561569 ], [ -47.2665815, -21.4561726 ], [ -47.2670656, -21.4559997 ], [ -47.2676384, -21.4555976 ], [ -47.2678033, -21.4556033 ], [ -47.26818, -21.4561665 ], [ -47.2683088, -21.4562417 ], [ -47.2690436, -21.4562235 ], [ -47.2692665, -21.4563322 ], [ -47.2698236, -21.4570032 ], [ -47.2713342, -21.457291 ], [ -47.2716219, -21.457502 ], [ -47.2717567, -21.4579297 ], [ -47.271642, -21.4587824 ], [ -47.2717228, -21.4590831 ], [ -47.2721201, -21.4594305 ], [ -47.272934, -21.4595395 ], [ -47.2735196, -21.4607886 ], [ -47.2740498, -21.4611431 ], [ -47.2741721, -21.4613394 ], [ -47.2743412, -21.4621954 ], [ -47.2746961, -21.4625834 ], [ -47.2754138, -21.4627882 ], [ -47.2759929, -21.4638645 ], [ -47.2765536, -21.4644602 ], [ -47.276753, -21.464869 ], [ -47.2771172, -21.4659142 ], [ -47.277307, -21.466868 ], [ -47.2775452, -21.4673987 ], [ -47.277938, -21.4678233 ], [ -47.2786332, -21.4682869 ], [ -47.2787183, -21.4684323 ], [ -47.2783019, -21.4693978 ], [ -47.2783058, -21.4696711 ], [ -47.2785469, -21.4703907 ], [ -47.2785848, -21.4709925 ], [ -47.2776147, -21.4730366 ], [ -47.2774888, -21.4742788 ], [ -47.2772562, -21.474841 ], [ -47.2772922, -21.4759675 ], [ -47.2770241, -21.4769857 ], [ -47.277285, -21.4772136 ], [ -47.2772863, -21.4773098 ], [ -47.2766868, -21.4777863 ], [ -47.2761407, -21.4787583 ], [ -47.2761449, -21.4789814 ], [ -47.276369, -21.4791682 ], [ -47.2768253, -21.4789717 ], [ -47.2770929, -21.4790112 ], [ -47.2772832, -21.4794304 ], [ -47.2775778, -21.4795554 ], [ -47.2776816, -21.4796916 ], [ -47.2775856, -21.4800355 ], [ -47.2770745, -21.4806881 ], [ -47.2770051, -21.4809567 ], [ -47.2770961, -21.4810583 ], [ -47.2774557, -21.4811563 ], [ -47.2775419, -21.4813188 ], [ -47.2775779, -21.4819205 ], [ -47.2770321, -21.4822365 ], [ -47.2759553, -21.4832798 ], [ -47.2759848, -21.4840017 ], [ -47.2752346, -21.4847696 ], [ -47.2750952, -21.4852798 ], [ -47.2751508, -21.485708 ], [ -47.2745998, -21.487644 ], [ -47.2747121, -21.4878057 ], [ -47.2750388, -21.487569 ], [ -47.2751676, -21.487584 ], [ -47.2752294, -21.487919 ], [ -47.2749704, -21.4884649 ], [ -47.2750086, -21.4887045 ], [ -47.2750952, -21.488858 ], [ -47.2765277, -21.4899658 ], [ -47.2770312, -21.4910688 ], [ -47.2768298, -21.4916241 ], [ -47.2767929, -21.4927594 ], [ -47.2762151, -21.4940824 ], [ -47.2761307, -21.4944654 ], [ -47.2763412, -21.4951172 ], [ -47.2769956, -21.4958389 ], [ -47.2774135, -21.4967884 ], [ -47.2773366, -21.4977432 ], [ -47.2777941, -21.4986502 ], [ -47.2778131, -21.4993474 ], [ -47.2773837, -21.5007401 ], [ -47.2774283, -21.5011768 ], [ -47.2778315, -21.5019837 ], [ -47.2780671, -21.5034929 ], [ -47.2781899, -21.5037836 ], [ -47.2785072, -21.5041503 ], [ -47.2786883, -21.50504 ], [ -47.2788669, -21.5053976 ], [ -47.279711, -21.5059454 ], [ -47.2798239, -21.5061162 ], [ -47.2800399, -21.5069821 ], [ -47.2807981, -21.5078643 ], [ -47.2811178, -21.5083677 ], [ -47.2812158, -21.5091741 ], [ -47.2820518, -21.5102742 ], [ -47.2821803, -21.5108607 ], [ -47.2821485, -21.5111524 ], [ -47.2817034, -21.5121096 ], [ -47.2815826, -21.5126125 ], [ -47.2822922, -21.5156152 ], [ -47.2822009, -21.516211 ], [ -47.2821008, -21.5163498 ], [ -47.2814984, -21.516695 ], [ -47.2810729, -21.5170608 ], [ -47.2799783, -21.5176271 ], [ -47.2796873, -21.5179246 ], [ -47.2792055, -21.5188174 ], [ -47.2784412, -21.5193637 ], [ -47.2783689, -21.5195288 ], [ -47.2784027, -21.5198213 ], [ -47.2786127, -21.5203977 ], [ -47.2783476, -21.5210134 ], [ -47.2782917, -21.5228299 ], [ -47.2777406, -21.5234656 ], [ -47.277302, -21.5236951 ], [ -47.2771946, -21.5244726 ], [ -47.276621, -21.5248845 ], [ -47.2763683, -21.5256697 ], [ -47.2764203, -21.5261336 ], [ -47.2768022, -21.5270664 ], [ -47.2774642, -21.5275656 ], [ -47.2775488, -21.52772 ], [ -47.2777714, -21.5295935 ], [ -47.2782768, -21.5306974 ], [ -47.2784406, -21.5317536 ], [ -47.2789266, -21.5322969 ], [ -47.278928, -21.5327876 ], [ -47.278697, -21.533437 ], [ -47.2787565, -21.5336551 ], [ -47.2793349, -21.5342066 ], [ -47.2793683, -21.5345503 ], [ -47.278912, -21.5354531 ], [ -47.2787895, -21.5358256 ], [ -47.2788207, -21.5360488 ], [ -47.279641, -21.5369893 ], [ -47.2797558, -21.5377874 ], [ -47.2798783, -21.5380636 ], [ -47.2802434, -21.5384629 ], [ -47.2804166, -21.5389173 ], [ -47.2804237, -21.5393912 ], [ -47.2802211, -21.5399294 ], [ -47.2803208, -21.5403854 ], [ -47.2815981, -21.5426211 ], [ -47.2817956, -21.5435743 ], [ -47.2819087, -21.5437613 ], [ -47.2827099, -21.5443631 ], [ -47.2838433, -21.5457232 ], [ -47.2848206, -21.5467589 ], [ -47.2849126, -21.5472361 ], [ -47.2848708, -21.5475966 ], [ -47.2852509, -21.5483424 ], [ -47.2870873, -21.5498591 ], [ -47.2875588, -21.5511127 ], [ -47.288361, -21.5517999 ], [ -47.2890858, -21.552927 ], [ -47.2896742, -21.5532633 ], [ -47.2909207, -21.5535998 ], [ -47.2916376, -21.5534767 ], [ -47.2924782, -21.5531023 ], [ -47.2933858, -21.5524278 ], [ -47.2942759, -21.5521319 ], [ -47.2946257, -21.552153 ], [ -47.2957394, -21.5525166 ], [ -47.2968453, -21.5531989 ], [ -47.2977697, -21.5534793 ], [ -47.2983372, -21.5538085 ], [ -47.2989045, -21.5538491 ], [ -47.2990856, -21.553798 ], [ -47.2998375, -21.5530201 ], [ -47.3006206, -21.5525087 ], [ -47.3010042, -21.5523407 ], [ -47.3018043, -21.5523214 ], [ -47.3020703, -21.5522314 ], [ -47.3024949, -21.5518449 ], [ -47.3028187, -21.5512989 ], [ -47.3036915, -21.5512097 ], [ -47.3045503, -21.5507947 ], [ -47.3054546, -21.5507976 ], [ -47.3061685, -21.5511586 ], [ -47.3066417, -21.5512898 ], [ -47.3075038, -21.5512254 ], [ -47.3077096, -21.5513082 ], [ -47.30798, -21.5516057 ], [ -47.3092704, -21.5520796 ], [ -47.3101907, -21.5526788 ], [ -47.3108838, -21.5528413 ], [ -47.3110366, -21.5532176 ], [ -47.3108554, -21.5540452 ], [ -47.3109064, -21.5542603 ], [ -47.3113424, -21.554487 ], [ -47.3115374, -21.5547851 ], [ -47.3121865, -21.5548964 ], [ -47.3125021, -21.5550725 ], [ -47.3133112, -21.5564096 ], [ -47.3138814, -21.5569958 ], [ -47.3148263, -21.5574397 ], [ -47.3156791, -21.5583319 ], [ -47.3159471, -21.5584918 ], [ -47.3171462, -21.5586628 ], [ -47.317907, -21.5589294 ], [ -47.3183012, -21.558867 ], [ -47.3192323, -21.5589832 ], [ -47.3194293, -21.5590494 ], [ -47.3197838, -21.5593889 ], [ -47.3204052, -21.5597857 ], [ -47.3213397, -21.5599964 ], [ -47.3217425, -21.5599145 ], [ -47.3222887, -21.5595525 ], [ -47.3228887, -21.5595971 ], [ -47.3232294, -21.5593752 ], [ -47.3236436, -21.5594034 ], [ -47.324379, -21.5588774 ], [ -47.3248297, -21.5587848 ], [ -47.325948, -21.5590962 ], [ -47.3263234, -21.5595479 ], [ -47.3266033, -21.5597244 ], [ -47.3268961, -21.5597037 ], [ -47.327122, -21.5594755 ], [ -47.3274809, -21.5593846 ], [ -47.3278657, -21.5597154 ], [ -47.3280867, -21.5601007 ], [ -47.3282618, -21.5602443 ], [ -47.3286203, -21.560308 ], [ -47.3289461, -21.5604944 ], [ -47.3291808, -21.5608956 ], [ -47.3295262, -21.5610972 ], [ -47.3296482, -21.5613015 ], [ -47.3295962, -21.5620552 ], [ -47.3297353, -21.5621821 ], [ -47.3303349, -21.5623003 ], [ -47.3304294, -21.5623877 ], [ -47.3305942, -21.562902 ], [ -47.3311425, -21.5632311 ], [ -47.3312547, -21.5639438 ], [ -47.3314155, -21.5641892 ], [ -47.3316255, -21.564265 ], [ -47.3321419, -21.5642163 ], [ -47.3330673, -21.5642882 ], [ -47.3341961, -21.5646432 ], [ -47.3355597, -21.5647262 ], [ -47.3358798, -21.5646382 ], [ -47.3368263, -21.5640387 ], [ -47.3371666, -21.5634043 ], [ -47.3375024, -21.5631409 ], [ -47.337952, -21.5630311 ], [ -47.3386634, -21.5631745 ], [ -47.3395664, -21.563586 ], [ -47.3398042, -21.5635649 ], [ -47.340757, -21.562723 ], [ -47.3411036, -21.5625399 ], [ -47.341556, -21.5624734 ], [ -47.3425219, -21.5626313 ], [ -47.3432145, -21.5623632 ], [ -47.344252, -21.562435 ], [ -47.3448587, -21.5622935 ], [ -47.3453518, -21.5621785 ], [ -47.3457938, -21.5621718 ], [ -47.3459891, -21.5623161 ], [ -47.3463128, -21.5630345 ], [ -47.3468168, -21.5634239 ], [ -47.3474541, -21.5636037 ], [ -47.3483374, -21.5641088 ], [ -47.3496473, -21.5641815 ], [ -47.350315, -21.5644569 ], [ -47.3512176, -21.5650904 ], [ -47.3521314, -21.566428 ], [ -47.3524681, -21.5667775 ], [ -47.3530329, -21.5670866 ], [ -47.3540159, -21.5678841 ], [ -47.35436, -21.5680514 ], [ -47.3554407, -21.568319 ], [ -47.3557212, -21.5686518 ], [ -47.3558966, -21.5693382 ], [ -47.3569736, -21.5698563 ], [ -47.3570924, -21.5700048 ], [ -47.3571363, -21.5703759 ], [ -47.3578876, -21.5718464 ], [ -47.3578968, -21.5724884 ], [ -47.3577125, -21.5730329 ], [ -47.3577013, -21.5734881 ], [ -47.3579369, -21.5742946 ], [ -47.3579421, -21.5758702 ], [ -47.3583536, -21.577098 ], [ -47.3582412, -21.5791957 ], [ -47.358375, -21.5795227 ], [ -47.3586636, -21.5797435 ], [ -47.3596271, -21.5801673 ], [ -47.3602973, -21.5812121 ], [ -47.3606622, -21.582172 ], [ -47.3610037, -21.5826925 ], [ -47.3613001, -21.5840712 ], [ -47.3619231, -21.585009 ], [ -47.3619864, -21.5855067 ], [ -47.3617738, -21.5859907 ], [ -47.3617968, -21.5862073 ], [ -47.3619651, -21.5864369 ], [ -47.3625688, -21.5867826 ], [ -47.3637905, -21.5877315 ], [ -47.3638389, -21.5877555 ], [ -47.3638667, -21.5877693 ], [ -47.3646184, -21.5881418 ], [ -47.3651215, -21.5889958 ], [ -47.3652274, -21.589408 ], [ -47.3651503, -21.5903099 ], [ -47.3649019, -21.5914307 ], [ -47.3644619, -21.5925 ], [ -47.3641862, -21.5931701 ], [ -47.3642764, -21.5936931 ], [ -47.3648437, -21.5941155 ], [ -47.3657609, -21.5943667 ], [ -47.3661563, -21.5944749 ], [ -47.366353, -21.5945981 ], [ -47.366426, -21.5946438 ], [ -47.3666776, -21.5949755 ], [ -47.3674272, -21.5952182 ], [ -47.3685148, -21.5959093 ], [ -47.3693189, -21.5961102 ], [ -47.3696224, -21.596186 ], [ -47.3703505, -21.5967091 ], [ -47.3714768, -21.5973379 ], [ -47.3723148, -21.5976875 ], [ -47.3731528, -21.598037 ], [ -47.3739485, -21.59818 ], [ -47.3743029, -21.5983995 ], [ -47.3749402, -21.5987944 ], [ -47.3767175, -21.599582 ], [ -47.3780264, -21.5997695 ], [ -47.3792146, -21.6003558 ], [ -47.3801718, -21.600604 ], [ -47.3805377, -21.6005304 ], [ -47.3815539, -21.5996556 ], [ -47.3818819, -21.5994799 ], [ -47.3992252, -21.6137409 ], [ -47.4037623, -21.6116739 ], [ -47.40696, -21.608977 ], [ -47.4085143, -21.6070888 ], [ -47.4092032, -21.6057777 ], [ -47.4111042, -21.6037234 ], [ -47.4128491, -21.6025509 ], [ -47.4135413, -21.6024222 ], [ -47.4142334, -21.6022935 ], [ -47.4171255, -21.6024856 ], [ -47.4188504, -21.602815 ], [ -47.4219612, -21.6028304 ], [ -47.4247364, -21.6017423 ], [ -47.4300967, -21.6041837 ], [ -47.432492, -21.6067846 ], [ -47.4331258, -21.607942 ], [ -47.4332065, -21.6095531 ], [ -47.4339509, -21.6106582 ], [ -47.4372078, -21.6131715 ], [ -47.43846, -21.6128872 ], [ -47.4391449, -21.6131535 ], [ -47.4401319, -21.6135371 ], [ -47.4414823, -21.6131316 ], [ -47.4427336, -21.6117974 ], [ -47.4413457, -21.6095732 ], [ -47.4414698, -21.6060487 ], [ -47.4415098, -21.604915 ], [ -47.4415185, -21.604668 ], [ -47.4416485, -21.6038442 ], [ -47.4417908, -21.602943 ], [ -47.4417115, -21.6010434 ], [ -47.4415284, -21.600092 ], [ -47.4413453, -21.5991406 ], [ -47.4404431, -21.5974365 ], [ -47.4394842, -21.5956252 ], [ -47.4389822, -21.5938618 ], [ -47.4393219, -21.5926141 ], [ -47.4415625, -21.5907057 ], [ -47.4443471, -21.588334 ], [ -47.4460563, -21.5841747 ], [ -47.446184, -21.5671829 ], [ -47.4463619, -21.5667953 ], [ -47.4470226, -21.5661596 ], [ -47.4473829, -21.5653495 ], [ -47.4475164, -21.5644055 ], [ -47.4474327, -21.5638818 ], [ -47.4468171, -21.5629409 ], [ -47.4464629, -21.5619258 ], [ -47.4465311, -21.5615923 ], [ -47.4468225, -21.5612896 ], [ -47.4471272, -21.560973 ], [ -47.4471791, -21.5606586 ], [ -47.4468659, -21.5597826 ], [ -47.4467196, -21.5587639 ], [ -47.445807, -21.5567382 ], [ -47.4456877, -21.5562338 ], [ -47.4456022, -21.5545317 ], [ -47.4454851, -21.5542359 ], [ -47.4444149, -21.5531981 ], [ -47.4435484, -21.5526036 ], [ -47.443309, -21.5524394 ], [ -47.443033, -21.5521198 ], [ -47.4427571, -21.5518003 ], [ -47.4416958, -21.5495396 ], [ -47.4416146, -21.5493086 ], [ -47.4412351, -21.548229 ], [ -47.4407582, -21.5476114 ], [ -47.4403478, -21.5470798 ], [ -47.439438, -21.5449949 ], [ -47.4392749, -21.5430641 ], [ -47.4388285, -21.5421443 ], [ -47.4384095, -21.5404893 ], [ -47.4377504, -21.539038 ], [ -47.4371571, -21.5381393 ], [ -47.4369152, -21.5372266 ], [ -47.4366574, -21.5367949 ], [ -47.43623, -21.536354 ], [ -47.4357501, -21.5359833 ], [ -47.4352703, -21.5356126 ], [ -47.4349136, -21.5349093 ], [ -47.4348649, -21.5347493 ], [ -47.4347167, -21.5342634 ], [ -47.4345548, -21.534062 ], [ -47.4342258, -21.5338586 ], [ -47.4332582, -21.5335493 ], [ -47.4325536, -21.5330056 ], [ -47.4323255, -21.5328297 ], [ -47.4319671, -21.5327065 ], [ -47.4315758, -21.532572 ], [ -47.4312091, -21.5323491 ], [ -47.4311103, -21.5322694 ], [ -47.4303375, -21.5316463 ], [ -47.4289675, -21.5311765 ], [ -47.4287299, -21.5309622 ], [ -47.4285651, -21.5306322 ], [ -47.4277077, -21.5298724 ], [ -47.4274057, -21.5297356 ], [ -47.4271386, -21.5293602 ], [ -47.4269584, -21.5284966 ], [ -47.4267834, -21.5281455 ], [ -47.4266085, -21.5277944 ], [ -47.4266749, -21.5273296 ], [ -47.4274849, -21.5266352 ], [ -47.427686, -21.5263545 ], [ -47.4281156, -21.5252505 ], [ -47.4303501, -21.5210355 ], [ -47.4312066, -21.5192247 ], [ -47.4316465, -21.5187053 ], [ -47.4324799, -21.5171902 ], [ -47.4326411, -21.5170653 ], [ -47.4328023, -21.5169404 ], [ -47.4336467, -21.5165303 ], [ -47.4346507, -21.5157112 ], [ -47.4352617, -21.5154223 ], [ -47.4364236, -21.515149 ], [ -47.4364899, -21.5151333 ], [ -47.4367023, -21.5150077 ], [ -47.4375407, -21.5137894 ], [ -47.437535, -21.5133595 ], [ -47.437252, -21.5125729 ], [ -47.4372405, -21.5125409 ], [ -47.437298, -21.5123692 ], [ -47.4373555, -21.5121975 ], [ -47.4377252, -21.5116699 ], [ -47.4379667, -21.5113253 ], [ -47.4380237, -21.5111813 ], [ -47.438479, -21.5100313 ], [ -47.4390918, -21.5093586 ], [ -47.4402125, -21.5075985 ], [ -47.4409125, -21.5056107 ], [ -47.4409543, -21.50479 ], [ -47.4406911, -21.504177 ], [ -47.440428, -21.5035641 ], [ -47.4405211, -21.5015329 ], [ -47.4405393, -21.5011362 ], [ -47.4404412, -21.5002902 ], [ -47.4405466, -21.4999222 ], [ -47.4408194, -21.499612 ], [ -47.4411342, -21.4988208 ], [ -47.4414453, -21.498629 ], [ -47.4419846, -21.4982967 ], [ -47.4422936, -21.4972257 ], [ -47.442971, -21.4969618 ], [ -47.4434249, -21.4966407 ], [ -47.4443525, -21.495539 ], [ -47.4446961, -21.4953942 ], [ -47.4443892, -21.4949176 ], [ -47.4441561, -21.4938281 ], [ -47.4441354, -21.4931289 ], [ -47.4436758, -21.4924171 ], [ -47.4435964, -21.4918648 ], [ -47.4435934, -21.4917173 ], [ -47.4437761, -21.491177 ], [ -47.44383, -21.4911025 ], [ -47.4438422, -21.4910857 ], [ -47.4442416, -21.4905336 ], [ -47.4442833, -21.4902512 ], [ -47.44417, -21.4896347 ], [ -47.4440612, -21.4893474 ], [ -47.4435965, -21.4888996 ], [ -47.4434561, -21.48822 ], [ -47.4427619, -21.4874639 ], [ -47.4423901, -21.4858963 ], [ -47.4413865, -21.4849969 ], [ -47.4411777, -21.4843353 ], [ -47.4407901, -21.4840191 ], [ -47.4396601, -21.4839975 ], [ -47.4394849, -21.4838792 ], [ -47.4392231, -21.4831921 ], [ -47.4387501, -21.48278 ], [ -47.4384931, -21.4819233 ], [ -47.4381343, -21.4816567 ], [ -47.43784, -21.4808551 ], [ -47.4373009, -21.479938 ], [ -47.4370833, -21.4796868 ], [ -47.4358959, -21.4791596 ], [ -47.4357909, -21.4788975 ], [ -47.435813, -21.4785568 ], [ -47.4365254, -21.4769551 ], [ -47.4364707, -21.476517 ], [ -47.4361548, -21.4760912 ], [ -47.4360941, -21.4757869 ], [ -47.4362566, -21.475031 ], [ -47.4361682, -21.4740973 ], [ -47.4362052, -21.4706779 ], [ -47.4363572, -21.4691891 ], [ -47.436133, -21.4685701 ], [ -47.4353935, -21.467921 ], [ -47.4351515, -21.4668591 ], [ -47.4343194, -21.466015 ], [ -47.4341913, -21.4657718 ], [ -47.434258, -21.4652989 ], [ -47.4346328, -21.464803 ], [ -47.4348703, -21.4633661 ], [ -47.4348417, -21.4627987 ], [ -47.434586, -21.4620005 ], [ -47.4344686, -21.4611978 ], [ -47.4337449, -21.4608855 ], [ -47.4331472, -21.4585648 ], [ -47.4328665, -21.4580002 ], [ -47.4318776, -21.4568857 ], [ -47.4311351, -21.4564774 ], [ -47.4308219, -21.4562279 ], [ -47.4307617, -21.4560629 ], [ -47.4308033, -21.4557616 ], [ -47.4309591, -21.4555385 ], [ -47.4320192, -21.4546406 ], [ -47.4321921, -21.4539319 ], [ -47.4318277, -21.4533587 ], [ -47.4300959, -21.4519545 ], [ -47.4299985, -21.4517368 ], [ -47.4303088, -21.4507198 ], [ -47.4302485, -21.450215 ], [ -47.4300029, -21.4500284 ], [ -47.4293741, -21.4498186 ], [ -47.4291832, -21.4496197 ], [ -47.4288437, -21.448838 ], [ -47.428443, -21.4483019 ], [ -47.4282168, -21.4482005 ], [ -47.4270397, -21.4481375 ], [ -47.4265296, -21.4477778 ], [ -47.4262131, -21.4473017 ], [ -47.4258949, -21.4463913 ], [ -47.4255787, -21.4459071 ], [ -47.4253522, -21.4457706 ], [ -47.4247099, -21.4457536 ], [ -47.4244386, -21.4458805 ], [ -47.423947, -21.4466136 ], [ -47.4236609, -21.4467912 ], [ -47.4226526, -21.4467122 ], [ -47.4223024, -21.4465331 ], [ -47.4222058, -21.4463847 ], [ -47.4221956, -21.4456679 ], [ -47.4218247, -21.4453056 ], [ -47.4213409, -21.4450278 ], [ -47.420914, -21.444044 ], [ -47.420734, -21.4439247 ], [ -47.4204459, -21.4439116 ], [ -47.4199563, -21.444278 ], [ -47.4192493, -21.4444113 ], [ -47.4186409, -21.4443488 ], [ -47.4178955, -21.4440276 ], [ -47.4176543, -21.4434016 ], [ -47.4177153, -21.4414473 ], [ -47.4166772, -21.4407452 ], [ -47.4163054, -21.4402956 ], [ -47.4159914, -21.4396587 ], [ -47.4146683, -21.4398163 ], [ -47.414284, -21.4397087 ], [ -47.413785, -21.4394268 ], [ -47.4130161, -21.438728 ], [ -47.4121886, -21.4377447 ], [ -47.4118042, -21.4371032 ], [ -47.4114665, -21.4360492 ], [ -47.4114072, -21.4348164 ], [ -47.4106931, -21.4321542 ], [ -47.4107147, -21.4318027 ], [ -47.4109287, -21.4312314 ], [ -47.4109201, -21.430716 ], [ -47.4107639, -21.4303684 ], [ -47.4103293, -21.4298571 ], [ -47.4099004, -21.4295212 ], [ -47.4087448, -21.4290482 ], [ -47.4084334, -21.4288239 ], [ -47.4076125, -21.4277168 ], [ -47.406199, -21.4271833 ], [ -47.4055943, -21.4267633 ], [ -47.405253, -21.4264102 ], [ -47.4048494, -21.4257266 ], [ -47.4041354, -21.4237483 ], [ -47.4038976, -21.423499 ], [ -47.4034165, -21.4232051 ], [ -47.4032626, -21.4228935 ], [ -47.4031517, -21.4223778 ], [ -47.403248, -21.4213345 ], [ -47.4031541, -21.4208473 ], [ -47.4022662, -21.4199209 ], [ -47.4001137, -21.4183519 ], [ -47.3998076, -21.4179696 ], [ -47.3996738, -21.4172121 ], [ -47.3993872, -21.4168036 ], [ -47.3985002, -21.4164983 ], [ -47.3982703, -21.4161181 ], [ -47.3981895, -21.4157258 ], [ -47.3980584, -21.4156137 ], [ -47.3971233, -21.4157136 ], [ -47.3965037, -21.415453 ], [ -47.3962993, -21.4154908 ], [ -47.3960514, -21.4157651 ], [ -47.395875, -21.4158022 ], [ -47.395161, -21.4155154 ], [ -47.3949046, -21.4152932 ], [ -47.3947018, -21.4149536 ], [ -47.3945636, -21.4144215 ], [ -47.3941997, -21.4121325 ], [ -47.3942516, -21.4108116 ], [ -47.3935626, -21.4098229 ], [ -47.3934632, -21.4095009 ], [ -47.3935841, -21.4079993 ], [ -47.3933757, -21.4065639 ], [ -47.3934784, -21.4048244 ], [ -47.3930866, -21.4042437 ], [ -47.3923398, -21.403703 ], [ -47.391947, -21.4031232 ], [ -47.3917113, -21.4023779 ], [ -47.3913192, -21.4018053 ], [ -47.3897121, -21.4002009 ], [ -47.3893481, -21.3996888 ], [ -47.3889911, -21.3988964 ], [ -47.3891734, -21.3963979 ], [ -47.389085, -21.3961527 ], [ -47.3882149, -21.3956072 ], [ -47.387738, -21.3954384 ], [ -47.3873929, -21.3954698 ], [ -47.3863562, -21.3960268 ], [ -47.3861234, -21.3960734 ], [ -47.3855154, -21.3959866 ], [ -47.384887, -21.3963718 ], [ -47.3845891, -21.3964481 ], [ -47.3836606, -21.3962131 ], [ -47.3832871, -21.3962973 ], [ -47.3823134, -21.3971677 ], [ -47.3820032, -21.3972616 ], [ -47.3814353, -21.3972258 ], [ -47.3806625, -21.3973671 ], [ -47.3803313, -21.3970926 ], [ -47.3801477, -21.3967546 ], [ -47.3797489, -21.395327 ], [ -47.3788531, -21.3954357 ], [ -47.3775864, -21.3953572 ], [ -47.3752674, -21.3950054 ], [ -47.3737542, -21.3949783 ], [ -47.3726272, -21.3951398 ], [ -47.3702091, -21.3964243 ], [ -47.3683282, -21.3976301 ], [ -47.3669766, -21.3981053 ], [ -47.3658483, -21.3983153 ], [ -47.3650107, -21.3989285 ], [ -47.3640706, -21.4000139 ], [ -47.3627888, -21.4018849 ], [ -47.3618539, -21.402789 ], [ -47.3600466, -21.4038826 ], [ -47.3588579, -21.404934 ], [ -47.3582563, -21.4058323 ], [ -47.3569469, -21.409052 ], [ -47.3565184, -21.4093694 ], [ -47.3558243, -21.4094759 ], [ -47.3549251, -21.4094639 ], [ -47.3531562, -21.4090067 ], [ -47.3521747, -21.4086607 ], [ -47.3509927, -21.4086293 ], [ -47.3498405, -21.4087896 ], [ -47.3475421, -21.4096156 ], [ -47.3461936, -21.4103568 ], [ -47.3445563, -21.4107406 ], [ -47.3436407, -21.4108306 ], [ -47.3434286, -21.4108515 ], [ -47.3392466, -21.4135674 ], [ -47.3381746, -21.4139168 ], [ -47.3370979, -21.4140306 ], [ -47.3355256, -21.4136422 ], [ -47.3344221, -21.4137082 ], [ -47.3333528, -21.4142509 ], [ -47.33287, -21.4147629 ], [ -47.3325523, -21.4156337 ], [ -47.3321199, -21.4175164 ], [ -47.3316024, -21.4188709 ], [ -47.3302173, -21.4204543 ], [ -47.3292792, -21.4213572 ], [ -47.3285295, -21.4226189 ], [ -47.327985, -21.4231266 ], [ -47.326493, -21.4241288 ], [ -47.3263819, -21.4242358 ], [ -47.3260792, -21.424527 ], [ -47.3260712, -21.4245348 ], [ -47.3260452, -21.4245597 ] ] ] ] } },
{ "type": "Feature", "properties": { "CD_MUN": "3529708", "NM_MUN": "Miguelópolis", "CD_RGI": "350035", "NM_RGI": "Ituverava", "CD_RGINT": "3508", "NM_RGINT": "Ribeirão Preto", "CD_UF": "35", "NM_UF": "São Paulo", "SIGLA_UF": "SP", "CD_REGIA": "3", "NM_REGIA": "Sudeste", "SIGLA_RG": "SE", "CD_CONCU": null, "NM_CONCU": null, "AREA_KM2": 820.849 }, "geometry": { "type": "MultiPolygon", "coordinates": [ [ [ [ -47.896159, -20.1311426 ], [ -47.8952259, -20.1319019 ], [ -47.8943118, -20.1323479 ], [ -47.8933431, -20.1325987 ], [ -47.8920973, -20.1326412 ], [ -47.8911417, -20.13253 ], [ -47.8903869, -20.132619 ], [ -47.8888001, -20.1333072 ], [ -47.8882603, -20.1338228 ], [ -47.8879732, -20.1343632 ], [ -47.8878711, -20.1347968 ], [ -47.8877861, -20.1371934 ], [ -47.8880475, -20.1395462 ], [ -47.888327, -20.1400586 ], [ -47.8886415, -20.1403626 ], [ -47.889561, -20.1407145 ], [ -47.8901815, -20.1407791 ], [ -47.8908207, -20.1411267 ], [ -47.8910061, -20.1414506 ], [ -47.8910867, -20.1420344 ], [ -47.8910358, -20.1425561 ], [ -47.8907422, -20.1433095 ], [ -47.8891454, -20.1462358 ], [ -47.8891956, -20.1468365 ], [ -47.890149, -20.1477166 ], [ -47.8907394, -20.1485051 ], [ -47.8908775, -20.1490386 ], [ -47.8908961, -20.1496401 ], [ -47.8908429, -20.1504387 ], [ -47.8906662, -20.1510432 ], [ -47.8894269, -20.1539791 ], [ -47.8892996, -20.1545656 ], [ -47.8895105, -20.1557889 ], [ -47.8898641, -20.156183 ], [ -47.8907371, -20.1573409 ], [ -47.8914064, -20.1581522 ], [ -47.8923035, -20.1593143 ], [ -47.8935882, -20.1606199 ], [ -47.8944674, -20.1618504 ], [ -47.8954123, -20.1632524 ], [ -47.8960703, -20.1639685 ], [ -47.8978872, -20.1651699 ], [ -47.9002408, -20.166771 ], [ -47.902723, -20.1682933 ], [ -47.9038238, -20.1690112 ], [ -47.9050343, -20.1699408 ], [ -47.9058183, -20.1704413 ], [ -47.9067176, -20.1711943 ], [ -47.9080004, -20.1726452 ], [ -47.9089183, -20.1736205 ], [ -47.9099164, -20.1752805 ], [ -47.9103534, -20.1767908 ], [ -47.9108039, -20.1782463 ], [ -47.9111515, -20.1793447 ], [ -47.9112896, -20.180819 ], [ -47.9112913, -20.1832816 ], [ -47.9114502, -20.184542 ], [ -47.9116363, -20.1854885 ], [ -47.9115399, -20.185999 ], [ -47.9109175, -20.1869498 ], [ -47.9102645, -20.1878057 ], [ -47.9096165, -20.1886706 ], [ -47.9092026, -20.1894499 ], [ -47.908904, -20.1907316 ], [ -47.9087326, -20.1916068 ], [ -47.9088411, -20.1925228 ], [ -47.9090952, -20.193509 ], [ -47.9095714, -20.1955684 ], [ -47.9098682, -20.1970356 ], [ -47.9099274, -20.1984068 ], [ -47.909813, -20.1992447 ], [ -47.9098194, -20.1995899 ], [ -47.909935, -20.200115 ], [ -47.9101294, -20.2009887 ], [ -47.9101544, -20.2023331 ], [ -47.9101247, -20.2033241 ], [ -47.9103406, -20.2038067 ], [ -47.910903, -20.204547 ], [ -47.9116422, -20.2055093 ], [ -47.9121449, -20.2066255 ], [ -47.9127819, -20.2085232 ], [ -47.9131601, -20.2091894 ], [ -47.9136922, -20.210112 ], [ -47.9141044, -20.2107912 ], [ -47.9145563, -20.2112835 ], [ -47.9150316, -20.2114755 ], [ -47.9158328, -20.2113395 ], [ -47.9165372, -20.2111733 ], [ -47.9175546, -20.211011 ], [ -47.918387, -20.2109972 ], [ -47.919193, -20.2111156 ], [ -47.9208944, -20.2115053 ], [ -47.9216434, -20.2119199 ], [ -47.922183, -20.2122108 ], [ -47.9227061, -20.2123838 ], [ -47.9232266, -20.2124206 ], [ -47.9247713, -20.2126629 ], [ -47.9250138, -20.2127634 ], [ -47.9264965, -20.2132929 ], [ -47.9274746, -20.2136398 ], [ -47.928338, -20.2138953 ], [ -47.9288382, -20.2141796 ], [ -47.9294652, -20.2149216 ], [ -47.9300155, -20.2165037 ], [ -47.9301756, -20.2180733 ], [ -47.9301802, -20.2188398 ], [ -47.9300504, -20.2198373 ], [ -47.9295525, -20.2219284 ], [ -47.9283286, -20.2240934 ], [ -47.9280133, -20.2252806 ], [ -47.9278362, -20.2256469 ], [ -47.9273714, -20.2261471 ], [ -47.9270081, -20.2267471 ], [ -47.9269327, -20.2271816 ], [ -47.9269637, -20.2278618 ], [ -47.9271209, -20.2284473 ], [ -47.9277365, -20.2295316 ], [ -47.9286754, -20.2302844 ], [ -47.9327155, -20.2315423 ], [ -47.9334669, -20.2321168 ], [ -47.9335843, -20.232495 ], [ -47.9335748, -20.2329372 ], [ -47.933308, -20.2333705 ], [ -47.9320372, -20.2348684 ], [ -47.9284662, -20.2373727 ], [ -47.9251381, -20.2411813 ], [ -47.9240016, -20.2428914 ], [ -47.9239943, -20.2445506 ], [ -47.9242782, -20.2460624 ], [ -47.9246609, -20.246957 ], [ -47.9264772, -20.2482716 ], [ -47.9291164, -20.2491154 ], [ -47.9315009, -20.2494898 ], [ -47.9332687, -20.2501848 ], [ -47.9346459, -20.2514401 ], [ -47.9352132, -20.2524643 ], [ -47.9352128, -20.2532932 ], [ -47.9351151, -20.2544007 ], [ -47.9351492, -20.2555122 ], [ -47.9357663, -20.256819 ], [ -47.9373091, -20.2591376 ], [ -47.93924, -20.2608922 ], [ -47.9404668, -20.2617103 ], [ -47.942223, -20.2630228 ], [ -47.943756, -20.26437 ], [ -47.9447716, -20.2651606 ], [ -47.9453053, -20.2655306 ], [ -47.9457773, -20.2657712 ], [ -47.9466218, -20.2662167 ], [ -47.9479903, -20.2668677 ], [ -47.9485242, -20.26707 ], [ -47.9490928, -20.2671762 ], [ -47.9498961, -20.2670313 ], [ -47.9507393, -20.2670544 ], [ -47.9515634, -20.267463 ], [ -47.9529864, -20.2681374 ], [ -47.9541542, -20.2686867 ], [ -47.9551993, -20.2696382 ], [ -47.956215, -20.2704287 ], [ -47.9570332, -20.2705267 ], [ -47.9584462, -20.2707389 ], [ -47.95972, -20.2712517 ], [ -47.9604995, -20.2720834 ], [ -47.9609511, -20.2729828 ], [ -47.9616996, -20.2731577 ], [ -47.9624367, -20.2728583 ], [ -47.9638893, -20.2716543 ], [ -47.9649042, -20.2707788 ], [ -47.965735, -20.2696101 ], [ -47.9662636, -20.2691947 ], [ -47.9668498, -20.2688991 ], [ -47.96923, -20.2682835 ], [ -47.9699156, -20.2679175 ], [ -47.9709852, -20.2669378 ], [ -47.971543, -20.2660394 ], [ -47.9720265, -20.265626 ], [ -47.9744601, -20.2639569 ], [ -47.9754537, -20.2632413 ], [ -47.9765592, -20.261961 ], [ -47.976977, -20.262684 ], [ -47.9773155, -20.2631753 ], [ -47.978505, -20.2640994 ], [ -47.9793419, -20.2651785 ], [ -47.9806546, -20.2670324 ], [ -47.9810933, -20.2679444 ], [ -47.9815634, -20.2691167 ], [ -47.9817437, -20.2702816 ], [ -47.982359, -20.2756015 ], [ -47.9826587, -20.276814 ], [ -47.9830271, -20.2775121 ], [ -47.9833635, -20.2783736 ], [ -47.9834098, -20.2795907 ], [ -47.983437, -20.2803233 ], [ -47.9832826, -20.2809101 ], [ -47.9827362, -20.2817999 ], [ -47.9823808, -20.2825902 ], [ -47.9820199, -20.2833419 ], [ -47.9816085, -20.2838645 ], [ -47.9811641, -20.2843815 ], [ -47.9805867, -20.2849726 ], [ -47.9799404, -20.2856305 ], [ -47.9792173, -20.2858684 ], [ -47.9782098, -20.2858669 ], [ -47.9769731, -20.2859252 ], [ -47.9760505, -20.285885 ], [ -47.9755204, -20.2857076 ], [ -47.9750319, -20.2856414 ], [ -47.9747053, -20.2857774 ], [ -47.9746055, -20.2860711 ], [ -47.9746304, -20.2863378 ], [ -47.9747057, -20.2867016 ], [ -47.9746749, -20.2872876 ], [ -47.9745369, -20.2879919 ], [ -47.9740647, -20.2887827 ], [ -47.9736838, -20.2891806 ], [ -47.973321, -20.2894912 ], [ -47.9714984, -20.2906519 ], [ -47.9709518, -20.2911333 ], [ -47.9700844, -20.2925499 ], [ -47.9700872, -20.2927992 ], [ -47.9702214, -20.2929945 ], [ -47.9712533, -20.2936082 ], [ -47.974232, -20.2953806 ], [ -47.9798683, -20.2985122 ], [ -47.9798803, -20.2985189 ], [ -47.9867467, -20.302333 ], [ -47.9921192, -20.3054607 ], [ -47.9956559, -20.3077287 ], [ -47.9961818, -20.3079778 ], [ -47.996945, -20.3081631 ], [ -47.9982786, -20.3087348 ], [ -47.9992552, -20.3093457 ], [ -48.0004843, -20.3103168 ], [ -48.001088, -20.3112297 ], [ -48.0019889, -20.3119909 ], [ -48.0048126, -20.3147651 ], [ -48.0058967, -20.3161441 ], [ -48.0069264, -20.3171193 ], [ -48.0075196, -20.3180588 ], [ -48.0082596, -20.3185464 ], [ -48.0088416, -20.3193308 ], [ -48.0098341, -20.3200033 ], [ -48.0106808, -20.321055 ], [ -48.0111824, -20.3214157 ], [ -48.0120422, -20.3215808 ], [ -48.0129723, -20.3219858 ], [ -48.0132762, -20.3220672 ], [ -48.0135802, -20.3221487 ], [ -48.0399622, -20.3532808 ], [ -48.0405512, -20.3531659 ], [ -48.0433386, -20.353427 ], [ -48.0441237, -20.3533241 ], [ -48.0495401, -20.3516872 ], [ -48.0510072, -20.3507924 ], [ -48.0535769, -20.3502093 ], [ -48.0543471, -20.3499683 ], [ -48.0551317, -20.3496008 ], [ -48.0561332, -20.3489007 ], [ -48.0563144, -20.3486505 ], [ -48.0564258, -20.3476962 ], [ -48.056407, -20.3456382 ], [ -48.0566077, -20.3449281 ], [ -48.0569422, -20.3442782 ], [ -48.0573993, -20.3436793 ], [ -48.0581698, -20.3429299 ], [ -48.0588499, -20.3425121 ], [ -48.0594629, -20.3422963 ], [ -48.0601184, -20.342269 ], [ -48.0610345, -20.3425204 ], [ -48.0615353, -20.3428801 ], [ -48.0628051, -20.3445801 ], [ -48.0635264, -20.3453143 ], [ -48.0642308, -20.345787 ], [ -48.0649923, -20.3461231 ], [ -48.0672245, -20.3466151 ], [ -48.0679027, -20.3468998 ], [ -48.0696528, -20.3484451 ], [ -48.0703988, -20.34876 ], [ -48.0713511, -20.3487661 ], [ -48.0729215, -20.3484494 ], [ -48.0740298, -20.3478634 ], [ -48.0745288, -20.3473945 ], [ -48.0748768, -20.3468647 ], [ -48.0750982, -20.3461138 ], [ -48.0751759, -20.3452582 ], [ -48.0750904, -20.343385 ], [ -48.0747083, -20.3422521 ], [ -48.070375, -20.3354614 ], [ -48.069537, -20.3332965 ], [ -48.0686413, -20.331763 ], [ -48.0684574, -20.3311604 ], [ -48.0684666, -20.3301172 ], [ -48.0692613, -20.3276045 ], [ -48.069895, -20.3268432 ], [ -48.0706904, -20.3264661 ], [ -48.0744061, -20.3272753 ], [ -48.0749751, -20.3273044 ], [ -48.0763738, -20.32681 ], [ -48.076939, -20.3263612 ], [ -48.0772475, -20.3259353 ], [ -48.0805518, -20.3199249 ], [ -48.0815741, -20.3184462 ], [ -48.0825302, -20.3177965 ], [ -48.0837707, -20.3172509 ], [ -48.0843066, -20.3169181 ], [ -48.0846187, -20.3165975 ], [ -48.085223, -20.315299 ], [ -48.0857395, -20.3126068 ], [ -48.0866438, -20.3050678 ], [ -48.0867879, -20.304631 ], [ -48.0880529, -20.3027843 ], [ -48.088445, -20.3023504 ], [ -48.0891352, -20.301913 ], [ -48.0895574, -20.3020469 ], [ -48.0897384, -20.3023237 ], [ -48.091234, -20.3057944 ], [ -48.0920864, -20.3082952 ], [ -48.0925532, -20.3093203 ], [ -48.0929086, -20.3097757 ], [ -48.0933678, -20.3100961 ], [ -48.0941496, -20.3103734 ], [ -48.0959843, -20.3107769 ], [ -48.0980625, -20.3106236 ], [ -48.101245, -20.3109599 ], [ -48.1018675, -20.3108899 ], [ -48.1022851, -20.3107429 ], [ -48.1047001, -20.3082546 ], [ -48.1050857, -20.3076638 ], [ -48.1053625, -20.306984 ], [ -48.1059139, -20.3044475 ], [ -48.1061818, -20.3040805 ], [ -48.1077759, -20.3026927 ], [ -48.1082359, -20.3024373 ], [ -48.1093278, -20.3021914 ], [ -48.1097456, -20.302012 ], [ -48.1105109, -20.301487 ], [ -48.1109278, -20.3013571 ], [ -48.1114365, -20.3013066 ], [ -48.1132933, -20.3014552 ], [ -48.1137146, -20.301589 ], [ -48.1139483, -20.3017677 ], [ -48.1143518, -20.3024704 ], [ -48.1154561, -20.3064703 ], [ -48.1157953, -20.3072275 ], [ -48.1165918, -20.3083067 ], [ -48.11914, -20.3104135 ], [ -48.1218707, -20.3120514 ], [ -48.1221932, -20.3124419 ], [ -48.1235975, -20.3148028 ], [ -48.1240379, -20.315064 ], [ -48.1262463, -20.3157226 ], [ -48.1268, -20.3160047 ], [ -48.1277063, -20.3167908 ], [ -48.1281692, -20.317015 ], [ -48.1286349, -20.3170917 ], [ -48.1312214, -20.3165466 ], [ -48.1315569, -20.3163652 ], [ -48.1322187, -20.3156622 ], [ -48.1330636, -20.3141475 ], [ -48.1338519, -20.3116169 ], [ -48.1341294, -20.3111215 ], [ -48.1350269, -20.3102383 ], [ -48.1370896, -20.3090485 ], [ -48.1382115, -20.3081358 ], [ -48.1387285, -20.3075872 ], [ -48.1392179, -20.3068811 ], [ -48.1395438, -20.3060651 ], [ -48.1395822, -20.3057335 ], [ -48.1395033, -20.3054376 ], [ -48.1393108, -20.305182 ], [ -48.1380643, -20.3042974 ], [ -48.1377599, -20.3039598 ], [ -48.1363644, -20.3016667 ], [ -48.136271, -20.3010194 ], [ -48.1366481, -20.300243 ], [ -48.1372912, -20.2995501 ], [ -48.138732, -20.2983956 ], [ -48.1392325, -20.2979945 ], [ -48.1398718, -20.2976038 ], [ -48.1408411, -20.2972294 ], [ -48.1416693, -20.2972426 ], [ -48.1434258, -20.2982197 ], [ -48.143971, -20.2983944 ], [ -48.1445919, -20.298443 ], [ -48.1457338, -20.298266 ], [ -48.1461543, -20.297912 ], [ -48.146575, -20.2970192 ], [ -48.1469949, -20.2941901 ], [ -48.1471867, -20.2937017 ], [ -48.1473876, -20.2933551 ], [ -48.1488076, -20.2909054 ], [ -48.1497886, -20.2895543 ], [ -48.1512073, -20.2880297 ], [ -48.1515338, -20.2874234 ], [ -48.1516354, -20.2860206 ], [ -48.1514316, -20.2850232 ], [ -48.1511668, -20.2844215 ], [ -48.1507807, -20.283966 ], [ -48.1494311, -20.2828955 ], [ -48.1490717, -20.2824922 ], [ -48.1489315, -20.282044 ], [ -48.1489444, -20.2814713 ], [ -48.1491174, -20.2805917 ], [ -48.1494663, -20.2795408 ], [ -48.1508483, -20.2774086 ], [ -48.1521823, -20.2758146 ], [ -48.1528224, -20.2753761 ], [ -48.1535058, -20.2750839 ], [ -48.1559631, -20.2745898 ], [ -48.1573689, -20.2740894 ], [ -48.1579303, -20.2737032 ], [ -48.1582918, -20.2732347 ], [ -48.1584054, -20.2728364 ], [ -48.1583859, -20.2724641 ], [ -48.1581441, -20.2720143 ], [ -48.1575247, -20.271319 ], [ -48.1546977, -20.2693151 ], [ -48.1538857, -20.2690542 ], [ -48.1522, -20.2690009 ], [ -48.1517155, -20.2688687 ], [ -48.1507575, -20.2682881 ], [ -48.1492309, -20.2669076 ], [ -48.1486488, -20.2662144 ], [ -48.1479045, -20.2645612 ], [ -48.1459773, -20.2618403 ], [ -48.1459855, -20.2614187 ], [ -48.1461356, -20.2611456 ], [ -48.1467082, -20.2608192 ], [ -48.1473481, -20.2602575 ], [ -48.1494086, -20.2582099 ], [ -48.150196, -20.2577745 ], [ -48.1531913, -20.2566666 ], [ -48.1535261, -20.2563727 ], [ -48.1540295, -20.2553871 ], [ -48.1546954, -20.2547435 ], [ -48.1555467, -20.2542112 ], [ -48.1559511, -20.2537964 ], [ -48.1564525, -20.2530438 ], [ -48.1571969, -20.251709 ], [ -48.1582057, -20.2491756 ], [ -48.1583911, -20.2484206 ], [ -48.1583474, -20.2472622 ], [ -48.1575743, -20.2455073 ], [ -48.1567817, -20.2443492 ], [ -48.1560959, -20.2429463 ], [ -48.1557559, -20.2420299 ], [ -48.1556383, -20.2412829 ], [ -48.1556709, -20.2393442 ], [ -48.1554644, -20.2371124 ], [ -48.1556379, -20.2363183 ], [ -48.1558954, -20.235707 ], [ -48.1564755, -20.2351009 ], [ -48.1570612, -20.2347002 ], [ -48.15901, -20.2339604 ], [ -48.1594508, -20.2336187 ], [ -48.1598125, -20.233242 ], [ -48.1601453, -20.2326683 ], [ -48.1606952, -20.2313576 ], [ -48.1610467, -20.2308186 ], [ -48.1615033, -20.2304136 ], [ -48.1621648, -20.2301125 ], [ -48.1628402, -20.2299252 ], [ -48.1656544, -20.2300841 ], [ -48.1666715, -20.2299009 ], [ -48.1675393, -20.2295868 ], [ -48.1706824, -20.2277105 ], [ -48.1714066, -20.2275473 ], [ -48.173449, -20.2273197 ], [ -48.1742584, -20.2271089 ], [ -48.1746581, -20.2268162 ], [ -48.1749751, -20.2263796 ], [ -48.1759751, -20.2242686 ], [ -48.1763654, -20.2237164 ], [ -48.1771929, -20.2231211 ], [ -48.1781069, -20.2227995 ], [ -48.178913, -20.2227002 ], [ -48.1794758, -20.2228087 ], [ -48.1799121, -20.2231515 ], [ -48.1804665, -20.2238707 ], [ -48.1809957, -20.2242634 ], [ -48.1823251, -20.2243846 ], [ -48.1829888, -20.2240979 ], [ -48.1850313, -20.222813 ], [ -48.1862786, -20.222361 ], [ -48.1871495, -20.2221675 ], [ -48.1880319, -20.2221273 ], [ -48.190948, -20.2224501 ], [ -48.1925424, -20.2223983 ], [ -48.1933405, -20.2222293 ], [ -48.1946397, -20.2216171 ], [ -48.1953939, -20.2213684 ], [ -48.1959092, -20.2213638 ], [ -48.1964018, -20.2215077 ], [ -48.1970689, -20.2219778 ], [ -48.19823, -20.2226062 ], [ -48.1990145, -20.22283 ], [ -48.1997171, -20.2228882 ], [ -48.2010879, -20.2226921 ], [ -48.2025398, -20.222092 ], [ -48.2031712, -20.2215163 ], [ -48.2034048, -20.2209508 ], [ -48.2036898, -20.2188727 ], [ -48.2040586, -20.218174 ], [ -48.2046322, -20.217914 ], [ -48.205406, -20.2179349 ], [ -48.2076386, -20.2183043 ], [ -48.2108993, -20.2177014 ], [ -48.2117181, -20.2176977 ], [ -48.2133605, -20.2181268 ], [ -48.2171567, -20.2201237 ], [ -48.2175748, -20.220599 ], [ -48.2187113, -20.2226158 ], [ -48.219167, -20.2228746 ], [ -48.2197694, -20.2230527 ], [ -48.2216109, -20.223383 ], [ -48.2224178, -20.2238827 ], [ -48.2228902, -20.2243922 ], [ -48.2243472, -20.226675 ], [ -48.2254161, -20.2275477 ], [ -48.2263124, -20.228116 ], [ -48.2270912, -20.2282612 ], [ -48.2278924, -20.2281912 ], [ -48.2288209, -20.2278271 ], [ -48.2288227, -20.2278264 ], [ -48.2288942, -20.2277984 ], [ -48.2293938, -20.2277283 ], [ -48.2302977, -20.2278587 ], [ -48.2322385, -20.2286141 ], [ -48.2332086, -20.2288969 ], [ -48.2366167, -20.2284793 ], [ -48.2377366, -20.2284637 ], [ -48.2390676, -20.2286197 ], [ -48.2410334, -20.2290358 ], [ -48.2415317, -20.2290277 ], [ -48.2421375, -20.2288019 ], [ -48.2428583, -20.2283944 ], [ -48.2435516, -20.2278416 ], [ -48.2440985, -20.2274055 ], [ -48.2443493, -20.2262908 ], [ -48.2441639, -20.2256342 ], [ -48.2432512, -20.2241089 ], [ -48.2398452, -20.2202725 ], [ -48.2368487, -20.2187295 ], [ -48.235227, -20.2180493 ], [ -48.2313484, -20.2167213 ], [ -48.2295006, -20.2157862 ], [ -48.2287476, -20.2152532 ], [ -48.2279842, -20.2141494 ], [ -48.2278176, -20.2134754 ], [ -48.2278166, -20.2125189 ], [ -48.2279582, -20.2115904 ], [ -48.2286713, -20.2093706 ], [ -48.2287971, -20.2082985 ], [ -48.2287405, -20.206516 ], [ -48.2278881, -20.2014484 ], [ -48.2278321, -20.200608 ], [ -48.2278965, -20.2000045 ], [ -48.2282635, -20.199321 ], [ -48.2287663, -20.1988768 ], [ -48.2293975, -20.1985339 ], [ -48.2299103, -20.1985929 ], [ -48.2304481, -20.1988607 ], [ -48.2320231, -20.2001772 ], [ -48.232817, -20.20051 ], [ -48.2338294, -20.2006268 ], [ -48.2349845, -20.200561 ], [ -48.2368755, -20.2001693 ], [ -48.239339, -20.1993868 ], [ -48.2403785, -20.1988998 ], [ -48.2410358, -20.1982878 ], [ -48.2419976, -20.1971287 ], [ -48.2425917, -20.1968034 ], [ -48.2431936, -20.1968636 ], [ -48.2440401, -20.197144 ], [ -48.2448646, -20.1977621 ], [ -48.2459548, -20.1984158 ], [ -48.2468769, -20.1985169 ], [ -48.2475911, -20.1983081 ], [ -48.2481309, -20.1979486 ], [ -48.2485857, -20.1972994 ], [ -48.2490824, -20.1963159 ], [ -48.2496249, -20.1958558 ], [ -48.2510564, -20.195744 ], [ -48.2524755, -20.1958163 ], [ -48.2542825, -20.1961136 ], [ -48.2555243, -20.1962161 ], [ -48.2563426, -20.1961456 ], [ -48.2571672, -20.1958224 ], [ -48.2594087, -20.1946166 ], [ -48.2606891, -20.1945017 ], [ -48.2612184, -20.1946602 ], [ -48.2635441, -20.1961908 ], [ -48.2646604, -20.1974671 ], [ -48.2653251, -20.1990211 ], [ -48.2655373, -20.2000997 ], [ -48.2655713, -20.2032412 ], [ -48.2653454, -20.2059756 ], [ -48.2654863, -20.2069349 ], [ -48.2657573, -20.2077671 ], [ -48.2663112, -20.2086138 ], [ -48.2683997, -20.211132 ], [ -48.2688477, -20.2119438 ], [ -48.2691188, -20.2126707 ], [ -48.2695047, -20.2154061 ], [ -48.2698587, -20.2165847 ], [ -48.2702184, -20.2171948 ], [ -48.2708546, -20.2175736 ], [ -48.2722154, -20.2178805 ], [ -48.272682, -20.2177688 ], [ -48.2731294, -20.2174747 ], [ -48.2733662, -20.2170748 ], [ -48.2736644, -20.2144281 ], [ -48.2737204, -20.2131126 ], [ -48.2739767, -20.2116055 ], [ -48.274413, -20.2100504 ], [ -48.275347, -20.20847 ], [ -48.2760001, -20.2077092 ], [ -48.276683, -20.2072328 ], [ -48.279615, -20.2069338 ], [ -48.2814541, -20.2064922 ], [ -48.2830601, -20.2046258 ], [ -48.284585, -20.2037438 ], [ -48.2855863, -20.2034073 ], [ -48.2864023, -20.2033194 ], [ -48.2883409, -20.2032976 ], [ -48.2896079, -20.2028597 ], [ -48.2897217, -20.2028204 ], [ -48.2909435, -20.2023983 ], [ -48.2918315, -20.2022273 ], [ -48.2923445, -20.2023365 ], [ -48.2925569, -20.2025234 ], [ -48.2932823, -20.2037104 ], [ -48.2939849, -20.2041065 ], [ -48.2962795, -20.2040089 ], [ -48.3026708, -20.2026532 ], [ -48.3055345, -20.2015209 ], [ -48.3073756, -20.2006264 ], [ -48.3084935, -20.1986125 ], [ -48.3091144, -20.197784 ], [ -48.3097619, -20.1972739 ], [ -48.3103702, -20.1970289 ], [ -48.3108924, -20.1970152 ], [ -48.3128817, -20.1972287 ], [ -48.3135046, -20.1971048 ], [ -48.3142223, -20.1966941 ], [ -48.3147989, -20.1961332 ], [ -48.3151299, -20.1955364 ], [ -48.3163898, -20.1905628 ], [ -48.3166948, -20.1882842 ], [ -48.3166517, -20.1876781 ], [ -48.3164356, -20.1868027 ], [ -48.3161787, -20.1862617 ], [ -48.3156554, -20.1857508 ], [ -48.3133899, -20.1840824 ], [ -48.3128865, -20.1836063 ], [ -48.3123044, -20.1823718 ], [ -48.3121913, -20.1816654 ], [ -48.3123065, -20.1812623 ], [ -48.3135608, -20.1795713 ], [ -48.3138735, -20.1789209 ], [ -48.3140627, -20.1782205 ], [ -48.3142956, -20.1760008 ], [ -48.3142142, -20.1745557 ], [ -48.3140823, -20.1740502 ], [ -48.3136303, -20.1734219 ], [ -48.3125618, -20.1724822 ], [ -48.3119724, -20.1717658 ], [ -48.3115383, -20.1710697 ], [ -48.3113726, -20.1704138 ], [ -48.3113263, -20.1668712 ], [ -48.3110926, -20.1649802 ], [ -48.3111098, -20.1639549 ], [ -48.3109476, -20.1630966 ], [ -48.3093929, -20.1594749 ], [ -48.3086568, -20.156793 ], [ -48.3087962, -20.1559579 ], [ -48.3091479, -20.1551575 ], [ -48.3095814, -20.1546594 ], [ -48.3100484, -20.1543982 ], [ -48.3109218, -20.1542778 ], [ -48.3119682, -20.1542953 ], [ -48.3125691, -20.1544829 ], [ -48.3159705, -20.1561464 ], [ -48.3163093, -20.1564884 ], [ -48.3172376, -20.158417 ], [ -48.3181926, -20.1595555 ], [ -48.3185997, -20.1596784 ], [ -48.3205183, -20.158635 ], [ -48.3219365, -20.1582198 ], [ -48.3239308, -20.1579122 ], [ -48.3246584, -20.157958 ], [ -48.3252923, -20.1583213 ], [ -48.325586, -20.1587455 ], [ -48.325635, -20.1590315 ], [ -48.3254148, -20.1594555 ], [ -48.3246337, -20.1604338 ], [ -48.3241874, -20.1616037 ], [ -48.3242165, -20.1619889 ], [ -48.3249124, -20.1639137 ], [ -48.3248455, -20.1657824 ], [ -48.3241919, -20.1687608 ], [ -48.3241882, -20.1699692 ], [ -48.3243428, -20.171118 ], [ -48.3246687, -20.1719474 ], [ -48.3252417, -20.1727244 ], [ -48.32626, -20.1735463 ], [ -48.3273484, -20.1741518 ], [ -48.3281283, -20.1743145 ], [ -48.3300252, -20.1744276 ], [ -48.3308229, -20.1746575 ], [ -48.3319445, -20.1754305 ], [ -48.3336189, -20.1770078 ], [ -48.3340448, -20.177988 ], [ -48.3340312, -20.1786256 ], [ -48.3336503, -20.1803151 ], [ -48.3335282, -20.1813047 ], [ -48.3336988, -20.1826204 ], [ -48.3339636, -20.1837646 ], [ -48.3344847, -20.184495 ], [ -48.3351148, -20.1850435 ], [ -48.3361236, -20.1853116 ], [ -48.3388991, -20.1854861 ], [ -48.3395185, -20.1856454 ], [ -48.3403633, -20.1860289 ], [ -48.3410187, -20.1860895 ], [ -48.342904, -20.1860509 ], [ -48.3441229, -20.18644 ], [ -48.3446017, -20.1864626 ], [ -48.3480933, -20.1856583 ], [ -48.3489737, -20.1854552 ], [ -48.3495459, -20.1851441 ], [ -48.350045, -20.1846561 ], [ -48.3510909, -20.182707 ], [ -48.3525929, -20.180984 ], [ -48.3539236, -20.1800798 ], [ -48.3551111, -20.178766 ], [ -48.3557153, -20.1777 ], [ -48.3558843, -20.1771817 ], [ -48.3559636, -20.1756228 ], [ -48.3560784, -20.1751207 ], [ -48.358624, -20.1706519 ], [ -48.3590684, -20.1691587 ], [ -48.3594721, -20.1682887 ], [ -48.3601773, -20.1675796 ], [ -48.3610035, -20.1671209 ], [ -48.3620024, -20.1668684 ], [ -48.3629752, -20.1670164 ], [ -48.364283, -20.1675387 ], [ -48.3646137, -20.1678462 ], [ -48.3655616, -20.1695909 ], [ -48.3660161, -20.1699663 ], [ -48.3671578, -20.1703185 ], [ -48.3679549, -20.1704312 ], [ -48.3685603, -20.1703903 ], [ -48.3722652, -20.169656 ], [ -48.3731222, -20.1694332 ], [ -48.3738222, -20.1690253 ], [ -48.3748546, -20.1678657 ], [ -48.376444, -20.1652695 ], [ -48.3767112, -20.1642511 ], [ -48.3767741, -20.1635413 ], [ -48.3766428, -20.1629341 ], [ -48.376065, -20.1613012 ], [ -48.3757168, -20.160841 ], [ -48.3752757, -20.1605993 ], [ -48.374748, -20.1604745 ], [ -48.3713283, -20.1602873 ], [ -48.3681388, -20.1600057 ], [ -48.3658424, -20.1601719 ], [ -48.3651337, -20.1600782 ], [ -48.364604, -20.1599039 ], [ -48.3640416, -20.1595745 ], [ -48.3607112, -20.1549695 ], [ -48.3605633, -20.1543447 ], [ -48.3605221, -20.1536576 ], [ -48.3611146, -20.1508381 ], [ -48.362183, -20.1485692 ], [ -48.3629551, -20.1480457 ], [ -48.3638128, -20.1477725 ], [ -48.3645253, -20.1477331 ], [ -48.3662614, -20.1481061 ], [ -48.3682894, -20.1487431 ], [ -48.3695049, -20.1492462 ], [ -48.3705672, -20.1495131 ], [ -48.3724148, -20.1496592 ], [ -48.3733378, -20.149622 ], [ -48.3752177, -20.1490293 ], [ -48.3757354, -20.1490026 ], [ -48.3763544, -20.1491969 ], [ -48.3766842, -20.1495538 ], [ -48.3772, -20.1506196 ], [ -48.3777198, -20.1514164 ], [ -48.3789644, -20.1523919 ], [ -48.3794772, -20.152635 ], [ -48.3810545, -20.152741 ], [ -48.3831615, -20.1514472 ], [ -48.3840696, -20.1511583 ], [ -48.3854745, -20.1510788 ], [ -48.3867169, -20.1511812 ], [ -48.3877221, -20.1515479 ], [ -48.3885819, -20.1522331 ], [ -48.3891732, -20.1529295 ], [ -48.3896233, -20.1537241 ], [ -48.3900152, -20.1546716 ], [ -48.3903062, -20.1558742 ], [ -48.3904764, -20.1574546 ], [ -48.3906795, -20.1580622 ], [ -48.3910589, -20.1587718 ], [ -48.3918063, -20.15979 ], [ -48.3924831, -20.1604549 ], [ -48.3935945, -20.1611436 ], [ -48.3942844, -20.1613895 ], [ -48.3950289, -20.1614186 ], [ -48.3954404, -20.1612885 ], [ -48.3957288, -20.1610394 ], [ -48.396797, -20.1596476 ], [ -48.3975529, -20.1581821 ], [ -48.3980531, -20.1568273 ], [ -48.3983939, -20.1546601 ], [ -48.3984081, -20.1537543 ], [ -48.3982225, -20.1531643 ], [ -48.3978561, -20.1527054 ], [ -48.3957683, -20.1511129 ], [ -48.3953008, -20.1504851 ], [ -48.394715, -20.1491787 ], [ -48.3942575, -20.1478961 ], [ -48.3940275, -20.1468349 ], [ -48.3935725, -20.1422216 ], [ -48.3932864, -20.1411757 ], [ -48.3929794, -20.1404496 ], [ -48.3906195, -20.13815 ], [ -48.3900659, -20.1373621 ], [ -48.3897083, -20.1364175 ], [ -48.3896239, -20.1350054 ], [ -48.3899434, -20.1340202 ], [ -48.390176, -20.1339385 ], [ -48.3913258, -20.1340568 ], [ -48.3951643, -20.1340812 ], [ -48.3959416, -20.1342598 ], [ -48.3986868, -20.1358209 ], [ -48.3990538, -20.1362636 ], [ -48.3994743, -20.1371076 ], [ -48.4000444, -20.1392298 ], [ -48.4001081, -20.1407951 ], [ -48.4002344, -20.1416244 ], [ -48.4005957, -20.1423865 ], [ -48.4041534, -20.1474077 ], [ -48.4052648, -20.1485786 ], [ -48.4060849, -20.1492778 ], [ -48.4069446, -20.1497784 ], [ -48.4077432, -20.1500889 ], [ -48.4085555, -20.1502541 ], [ -48.4095506, -20.1502352 ], [ -48.4099979, -20.1500909 ], [ -48.410268, -20.149843 ], [ -48.4115038, -20.1458932 ], [ -48.4120747, -20.1446728 ], [ -48.413115, -20.1430344 ], [ -48.4137433, -20.1424836 ], [ -48.4152156, -20.141694 ], [ -48.4159667, -20.1414567 ], [ -48.4166776, -20.1414054 ], [ -48.4170868, -20.1414984 ], [ -48.4176564, -20.1418683 ], [ -48.418156, -20.1424853 ], [ -48.4184875, -20.1431734 ], [ -48.4185983, -20.143635 ], [ -48.4186118, -20.1451898 ], [ -48.4187962, -20.1458688 ], [ -48.4192642, -20.1471571 ], [ -48.4203037, -20.1494895 ], [ -48.4206455, -20.1511239 ], [ -48.4209929, -20.1520115 ], [ -48.4215091, -20.1527523 ], [ -48.4219745, -20.1531207 ], [ -48.422731, -20.1534055 ], [ -48.4237952, -20.1536209 ], [ -48.424598, -20.1536552 ], [ -48.4259323, -20.1533265 ], [ -48.4264774, -20.1529369 ], [ -48.430981, -20.14845 ], [ -48.4316409, -20.1474672 ], [ -48.4318686, -20.1469587 ], [ -48.4325124, -20.1448405 ], [ -48.4329033, -20.1439374 ], [ -48.4334443, -20.1429608 ], [ -48.4350482, -20.140646 ], [ -48.4352553, -20.1401224 ], [ -48.4354873, -20.1388706 ], [ -48.4357706, -20.1384376 ], [ -48.437103, -20.1373508 ], [ -48.4383341, -20.1357497 ], [ -48.4397085, -20.1346111 ], [ -48.4401907, -20.1340998 ], [ -48.441403, -20.1323513 ], [ -48.4419912, -20.1317397 ], [ -48.4432819, -20.1309342 ], [ -48.445322, -20.1301243 ], [ -48.4463771, -20.1295697 ], [ -48.4478915, -20.1291213 ], [ -48.4485925, -20.1287797 ], [ -48.4497264, -20.12789 ], [ -48.4516159, -20.1258737 ], [ -48.4435204, -20.1219107 ], [ -48.4390266, -20.1202206 ], [ -48.4226625, -20.1165323 ], [ -48.4057768, -20.113511 ], [ -48.3978667, -20.1142879 ], [ -48.3962771, -20.1150205 ], [ -48.3938598, -20.116798 ], [ -48.392293, -20.1185222 ], [ -48.3907643, -20.1192892 ], [ -48.388659, -20.1195879 ], [ -48.3863615, -20.1186007 ], [ -48.3851096, -20.1186924 ], [ -48.3838646, -20.1189895 ], [ -48.3816092, -20.1209401 ], [ -48.3810015, -20.1215832 ], [ -48.378949, -20.1222776 ], [ -48.3749359, -20.1231032 ], [ -48.3686687, -20.1228787 ], [ -48.3618216, -20.1230541 ], [ -48.3530543, -20.1218666 ], [ -48.3459193, -20.1198633 ], [ -48.3443329, -20.1187732 ], [ -48.3432281, -20.1174888 ], [ -48.3419995, -20.1149972 ], [ -48.3394509, -20.1141895 ], [ -48.3344866, -20.1144339 ], [ -48.3332559, -20.1142542 ], [ -48.3289899, -20.1127299 ], [ -48.3240743, -20.114087 ], [ -48.3184617, -20.1132096 ], [ -48.3171344, -20.113347 ], [ -48.3154129, -20.1138011 ], [ -48.3109386, -20.1167305 ], [ -48.3092552, -20.1174242 ], [ -48.3075326, -20.1177477 ], [ -48.3057521, -20.1190862 ], [ -48.30372, -20.1209223 ], [ -48.3016314, -20.1219151 ], [ -48.2976733, -20.122926 ], [ -48.2954933, -20.1240076 ], [ -48.2919659, -20.1276409 ], [ -48.2898703, -20.1306086 ], [ -48.2888174, -20.1333453 ], [ -48.2870788, -20.1360967 ], [ -48.2857619, -20.1374112 ], [ -48.2834224, -20.1388437 ], [ -48.2794071, -20.1407998 ], [ -48.2749559, -20.1421127 ], [ -48.2651001, -20.1437964 ], [ -48.2546878, -20.1438158 ], [ -48.2477523, -20.1414146 ], [ -48.2413328, -20.1401845 ], [ -48.2393913, -20.1370278 ], [ -48.2374119, -20.1359187 ], [ -48.2253433, -20.1341792 ], [ -48.2248273, -20.1335082 ], [ -48.2239342, -20.132348 ], [ -48.2224259, -20.1310773 ], [ -48.2212905, -20.1301208 ], [ -48.2186355, -20.127884 ], [ -48.2177475, -20.1252888 ], [ -48.2177706, -20.1220162 ], [ -48.2182066, -20.119646 ], [ -48.2189901, -20.1153868 ], [ -48.2281268, -20.1042144 ], [ -48.2371848, -20.0964749 ], [ -48.2476436, -20.0882062 ], [ -48.2500844, -20.0857677 ], [ -48.2513404, -20.0840726 ], [ -48.2534251, -20.0779207 ], [ -48.253329, -20.0744281 ], [ -48.2512779, -20.0687018 ], [ -48.2481215, -20.0632537 ], [ -48.2473625, -20.0602579 ], [ -48.2463856, -20.0587497 ], [ -48.2441319, -20.0474038 ], [ -48.2475319, -20.0389784 ], [ -48.2476526, -20.0357798 ], [ -48.2476279, -20.0357085 ], [ -48.2473498, -20.0349022 ], [ -48.246997, -20.0338798 ], [ -48.2444689, -20.0314054 ], [ -48.2408836, -20.0292844 ], [ -48.2348267, -20.0282756 ], [ -48.228499, -20.0282142 ], [ -48.223658, -20.0293112 ], [ -48.2170633, -20.0325348 ], [ -48.2119118, -20.0366104 ], [ -48.2099056, -20.0379476 ], [ -48.2077715, -20.03937 ], [ -48.2044495, -20.0440126 ], [ -48.2034096, -20.0454658 ], [ -48.2015433, -20.0472069 ], [ -48.2012534, -20.0474774 ], [ -48.1999157, -20.050788 ], [ -48.1976367, -20.0543872 ], [ -48.1970801, -20.0552661 ], [ -48.1948548, -20.056965 ], [ -48.1910563, -20.0609823 ], [ -48.1847499, -20.0719235 ], [ -48.1824659, -20.074627 ], [ -48.1818308, -20.0778551 ], [ -48.1820543, -20.0895131 ], [ -48.180553, -20.0932894 ], [ -48.178606, -20.0961802 ], [ -48.1677493, -20.1038101 ], [ -48.1614688, -20.1029096 ], [ -48.1589262, -20.1030229 ], [ -48.1583263, -20.1030499 ], [ -48.15566, -20.1053012 ], [ -48.153996, -20.109052 ], [ -48.1514353, -20.1173958 ], [ -48.1492114, -20.1224254 ], [ -48.1477216, -20.1241396 ], [ -48.1441875, -20.125473 ], [ -48.1406341, -20.1258395 ], [ -48.1344681, -20.1287401 ], [ -48.1297999, -20.1299169 ], [ -48.1265467, -20.1312565 ], [ -48.1229945, -20.1353598 ], [ -48.1199661, -20.1394255 ], [ -48.1169775, -20.1420683 ], [ -48.1129946, -20.1437631 ], [ -48.1054874, -20.146356 ], [ -48.0957148, -20.1469612 ], [ -48.0923552, -20.1462067 ], [ -48.0907399, -20.1471873 ], [ -48.0833012, -20.1482062 ], [ -48.0819902, -20.1482514 ], [ -48.0767758, -20.1484296 ], [ -48.0704425, -20.1466161 ], [ -48.0576396, -20.1396025 ], [ -48.0513583, -20.1382724 ], [ -48.0493869, -20.1372355 ], [ -48.0489414, -20.1365063 ], [ -48.0484958, -20.135777 ], [ -48.0483779, -20.1343221 ], [ -48.0461181, -20.126876 ], [ -48.0451985, -20.1257825 ], [ -48.045142, -20.12568 ], [ -48.044958, -20.125487 ], [ -48.044797, -20.125327 ], [ -48.044601, -20.125169 ], [ -48.044306, -20.124965 ], [ -48.043986, -20.124659 ], [ -48.04374, -20.12442 ], [ -48.04358, -20.124238 ], [ -48.043262, -20.124104 ], [ -48.043077, -20.123957 ], [ -48.04288, -20.123775 ], [ -48.042732, -20.123581 ], [ -48.042509, -20.123239 ], [ -48.042287, -20.122989 ], [ -48.042053, -20.122819 ], [ -48.041832, -20.122592 ], [ -48.041671, -20.122422 ], [ -48.04151, -20.122171 ], [ -48.041349, -20.121908 ], [ -48.0412, -20.121669 ], [ -48.040965, -20.121407 ], [ -48.040732, -20.121203 ], [ -48.040523, -20.121056 ], [ -48.040241, -20.120864 ], [ -48.04002, -20.120682 ], [ -48.039835, -20.120535 ], [ -48.03959, -20.120389 ], [ -48.039333, -20.120231 ], [ -48.0391, -20.120072 ], [ -48.038843, -20.119949 ], [ -48.038599, -20.119906 ], [ -48.038319, -20.119874 ], [ -48.037966, -20.119867 ], [ -48.037565, -20.119894 ], [ -48.037175, -20.119876 ], [ -48.036919, -20.119833 ], [ -48.036651, -20.119767 ], [ -48.036345, -20.119609 ], [ -48.035893, -20.119454 ], [ -48.035661, -20.119422 ], [ -48.035358, -20.119437 ], [ -48.035054, -20.119486 ], [ -48.034775, -20.119546 ], [ -48.034484, -20.119619 ], [ -48.034229, -20.119656 ], [ -48.033987, -20.119716 ], [ -48.033684, -20.119788 ], [ -48.033429, -20.119826 ], [ -48.03315, -20.119921 ], [ -48.03292, -20.119981 ], [ -48.032678, -20.120075 ], [ -48.032461, -20.120227 ], [ -48.032255, -20.120344 ], [ -48.031953, -20.120474 ], [ -48.031651, -20.120615 ], [ -48.031384, -20.120733 ], [ -48.031154, -20.120782 ], [ -48.0309, -20.1209 ], [ -48.030695, -20.121017 ], [ -48.03038, -20.121135 ], [ -48.0302835, -20.1211995 ], [ -48.030187, -20.121264 ], [ -48.029982, -20.121392 ], [ -48.029838, -20.121566 ], [ -48.029645, -20.121695 ], [ -48.029452, -20.121858 ], [ -48.029223, -20.121987 ], [ -48.029006, -20.122127 ], [ -48.028788, -20.12221 ], [ -48.028571, -20.12235 ], [ -48.02839, -20.12249 ], [ -48.028136, -20.122642 ], [ -48.027775, -20.122899 ], [ -48.027521, -20.123063 ], [ -48.02733, -20.123318 ], [ -48.027078, -20.123562 ], [ -48.026885, -20.123702 ], [ -48.026608, -20.123923 ], [ -48.026125, -20.124204 ], [ -48.025846, -20.124311 ], [ -48.025592, -20.12436 ], [ -48.025289, -20.124443 ], [ -48.024974, -20.12455 ], [ -48.024756, -20.124645 ], [ -48.024392, -20.124729 ], [ -48.023967, -20.124803 ], [ -48.023639, -20.124829 ], [ -48.023359, -20.124787 ], [ -48.023127, -20.12472 ], [ -48.022883, -20.124665 ], [ -48.022615, -20.124599 ], [ -48.022297, -20.1245 ], [ -48.0219835, -20.1243579 ], [ -48.021759, -20.124276 ], [ -48.021503, -20.124221 ], [ -48.021247, -20.124178 ], [ -48.020979, -20.124181 ], [ -48.020803, -20.1242005 ], [ -48.020627, -20.12422 ], [ -48.020407, -20.124142 ], [ -48.020163, -20.124029 ], [ -48.019954, -20.123848 ], [ -48.019805, -20.123654 ], [ -48.019632, -20.123438 ], [ -48.0195559, -20.1233214 ], [ -48.019446, -20.123153 ], [ -48.0193836, -20.1230494 ], [ -48.019322, -20.122947 ], [ -48.019234, -20.122707 ], [ -48.019122, -20.12249 ], [ -48.0191007, -20.122341 ], [ -48.0190793, -20.1221919 ], [ -48.01903, -20.121986 ], [ -48.018979, -20.121745 ], [ -48.0189645, -20.1216989 ], [ -48.018903, -20.121504 ], [ -48.0188815, -20.1213628 ], [ -48.018863, -20.121241 ], [ -48.018665, -20.120933 ], [ -48.01848, -20.120728 ], [ -48.018343, -20.120546 ], [ -48.0182295, -20.120392 ], [ -48.018183, -20.120329 ], [ -48.0181331, -20.1202659 ], [ -48.017985, -20.120079 ], [ -48.017873, -20.119885 ], [ -48.017724, -20.119668 ], [ -48.0176218, -20.1195731 ], [ -48.017528, -20.119486 ], [ -48.0174437, -20.1193769 ], [ -48.017379, -20.119293 ], [ -48.01717, -20.119111 ], [ -48.016886, -20.118781 ], [ -48.016676, -20.118462 ], [ -48.016429, -20.118223 ], [ -48.016196, -20.118054 ], [ -48.015902, -20.117862 ], [ -48.015729, -20.117668 ], [ -48.015508, -20.117487 ], [ -48.015298, -20.117259 ], [ -48.015051, -20.116963 ], [ -48.014695, -20.11668 ], [ -48.014474, -20.116464 ], [ -48.0142203, -20.1162579 ], [ -48.014154, -20.116204 ], [ -48.013883, -20.115931 ], [ -48.01371, -20.115738 ], [ -48.013549, -20.11551 ], [ -48.0134353, -20.1153657 ], [ -48.013315, -20.115213 ], [ -48.013031, -20.114929 ], [ -48.012871, -20.1147585 ], [ -48.012711, -20.114588 ], [ -48.012489, -20.114373 ], [ -48.012305, -20.114214 ], [ -48.012133, -20.114066 ], [ -48.0120362, -20.1139828 ], [ -48.011933, -20.1138893 ], [ -48.011603, -20.113498 ], [ -48.011406, -20.113339 ], [ -48.0113219, -20.1132418 ], [ -48.011258, -20.113168 ], [ -48.01121, -20.1131278 ], [ -48.0111949, -20.1131152 ], [ -48.0111797, -20.1131025 ], [ -48.0111529, -20.11308 ], [ -48.0111404, -20.1130696 ], [ -48.0111247, -20.1130564 ], [ -48.0110414, -20.1129867 ], [ -48.010988, -20.112942 ], [ -48.0109769, -20.1129271 ], [ -48.0109594, -20.1129034 ], [ -48.0108776, -20.1127932 ], [ -48.010827, -20.112725 ], [ -48.010667, -20.112566 ], [ -48.0105852, -20.1124654 ], [ -48.010519, -20.112384 ], [ -48.0104506, -20.1123208 ], [ -48.0103759, -20.1122518 ], [ -48.01031, -20.112191 ], [ -48.0100987, -20.1120518 ], [ -48.0086066, -20.110873 ], [ -48.0053177, -20.1067283 ], [ -48.0042425, -20.1046628 ], [ -48.0024175, -20.1039695 ], [ -48.0019345, -20.1031138 ], [ -48.0013957, -20.101772 ], [ -48.0012253, -20.1015155 ], [ -48.001055, -20.101259 ], [ -48.0012153, -20.0968398 ], [ -48.0003974, -20.0942089 ], [ -47.9968476, -20.0874064 ], [ -47.9963997, -20.086808 ], [ -47.9928207, -20.0820269 ], [ -47.9915776, -20.0797091 ], [ -47.9905534, -20.0769228 ], [ -47.9897482, -20.072963 ], [ -47.989877, -20.0673914 ], [ -47.991528, -20.0491659 ], [ -47.991212, -20.0461707 ], [ -47.9906062, -20.0442262 ], [ -47.9885171, -20.040348 ], [ -47.9867417, -20.0387507 ], [ -47.9845557, -20.037386 ], [ -47.9811601, -20.0364313 ], [ -47.97955, -20.0359788 ], [ -47.9759693, -20.0353727 ], [ -47.9567381, -20.0475883 ], [ -47.9526658, -20.0509333 ], [ -47.948482, -20.0557576 ], [ -47.9460221, -20.0604678 ], [ -47.9455824, -20.0643608 ], [ -47.9450494, -20.0713447 ], [ -47.9451909, -20.0732816 ], [ -47.9446682, -20.0852541 ], [ -47.9434963, -20.0919985 ], [ -47.9424045, -20.0950013 ], [ -47.9341021, -20.1078536 ], [ -47.9315248, -20.1104348 ], [ -47.9292264, -20.111868 ], [ -47.92716, -20.1128918 ], [ -47.9240504, -20.1136217 ], [ -47.9223495, -20.1144996 ], [ -47.9130718, -20.1202737 ], [ -47.8994, -20.1256745 ], [ -47.8995143, -20.1264007 ], [ -47.8991743, -20.1274394 ], [ -47.8984207, -20.1285557 ], [ -47.896159, -20.1311426 ] ] ] ] } },
{ "type": "Feature", "properties": { "CD_MUN": "3537008", "NM_MUN": "Pedregulho", "CD_RGI": "350033", "NM_RGI": "Franca", "CD_RGINT": "3508", "NM_RGINT": "Ribeirão Preto", "CD_UF": "35", "NM_UF": "São Paulo", "SIGLA_UF": "SP", "CD_REGIA": "3", "NM_REGIA": "Sudeste", "SIGLA_RG": "SE", "CD_CONCU": null, "NM_CONCU": null, "AREA_KM2": 712.604 }, "geometry": { "type": "MultiPolygon", "coordinates": [ [ [ [ -47.5079596, -20.3091057 ], [ -47.508265, -20.3083565 ], [ -47.5084377, -20.3081912 ], [ -47.508838, -20.3081511 ], [ -47.5090724, -20.3084124 ], [ -47.5094142, -20.3085095 ], [ -47.5095355, -20.3082686 ], [ -47.5093155, -20.307687 ], [ -47.509394, -20.3073663 ], [ -47.509513, -20.3073167 ], [ -47.5097155, -20.3073332 ], [ -47.5102035, -20.3076002 ], [ -47.5108131, -20.3075741 ], [ -47.5109494, -20.3076367 ], [ -47.51106, -20.3078799 ], [ -47.511048, -20.3082561 ], [ -47.5109541, -20.3083937 ], [ -47.5110531, -20.3086859 ], [ -47.5112488, -20.3087947 ], [ -47.5117119, -20.3086949 ], [ -47.5127121, -20.3077143 ], [ -47.5135915, -20.3071256 ], [ -47.5137701, -20.3067942 ], [ -47.5137304, -20.3062561 ], [ -47.5138077, -20.3059426 ], [ -47.5141251, -20.3054095 ], [ -47.5142686, -20.304658 ], [ -47.5144304, -20.3045471 ], [ -47.5148186, -20.3045659 ], [ -47.5155638, -20.3051237 ], [ -47.5156183, -20.3055617 ], [ -47.5155033, -20.3062028 ], [ -47.5148374, -20.3075536 ], [ -47.5146727, -20.3081479 ], [ -47.5146228, -20.3092265 ], [ -47.5148282, -20.3097914 ], [ -47.5152732, -20.309966 ], [ -47.5158575, -20.3098339 ], [ -47.5160312, -20.3104452 ], [ -47.5161789, -20.3105792 ], [ -47.5164801, -20.3105948 ], [ -47.5170936, -20.3102444 ], [ -47.5174835, -20.3098129 ], [ -47.5178603, -20.3098061 ], [ -47.5179542, -20.3101053 ], [ -47.5179216, -20.3106093 ], [ -47.5174218, -20.3115392 ], [ -47.5174542, -20.311659 ], [ -47.517921, -20.3116322 ], [ -47.5183342, -20.3120187 ], [ -47.5186205, -20.311907 ], [ -47.5188281, -20.3109986 ], [ -47.5190093, -20.3108139 ], [ -47.5192909, -20.3107011 ], [ -47.5203571, -20.3106406 ], [ -47.520691, -20.3103077 ], [ -47.5214998, -20.310031 ], [ -47.5219506, -20.3103433 ], [ -47.5221932, -20.3103388 ], [ -47.5222965, -20.3102752 ], [ -47.5224929, -20.3098168 ], [ -47.5227422, -20.3096282 ], [ -47.5230133, -20.3096067 ], [ -47.5231789, -20.3097045 ], [ -47.523428, -20.3101407 ], [ -47.5237126, -20.3103462 ], [ -47.5243117, -20.3102262 ], [ -47.5247675, -20.31035 ], [ -47.5249714, -20.310309 ], [ -47.5253146, -20.3100286 ], [ -47.5253398, -20.3098839 ], [ -47.5250107, -20.3093899 ], [ -47.5249869, -20.3090879 ], [ -47.5257254, -20.3087511 ], [ -47.525768, -20.3085108 ], [ -47.5256192, -20.3081027 ], [ -47.5256539, -20.3079376 ], [ -47.5261609, -20.3075464 ], [ -47.5262057, -20.3072065 ], [ -47.5258403, -20.3068694 ], [ -47.5260564, -20.30649 ], [ -47.5259463, -20.3062369 ], [ -47.5260014, -20.3060187 ], [ -47.5261729, -20.3058587 ], [ -47.5265307, -20.3058719 ], [ -47.5269348, -20.3063128 ], [ -47.5273043, -20.306437 ], [ -47.5275077, -20.3063627 ], [ -47.5276101, -20.3062047 ], [ -47.5275834, -20.3057201 ], [ -47.5277546, -20.305498 ], [ -47.5288333, -20.3051809 ], [ -47.5291042, -20.3051863 ], [ -47.5299148, -20.3056243 ], [ -47.5301912, -20.3056821 ], [ -47.5307046, -20.3057108 ], [ -47.5315057, -20.3055713 ], [ -47.5318022, -20.3053764 ], [ -47.5318814, -20.3048795 ], [ -47.5317703, -20.3046264 ], [ -47.531825, -20.3042787 ], [ -47.5321803, -20.3041911 ], [ -47.5325632, -20.3044982 ], [ -47.5327361, -20.3045118 ], [ -47.5334237, -20.3042225 ], [ -47.5339847, -20.3041873 ], [ -47.5344058, -20.3038334 ], [ -47.5344005, -20.3029469 ], [ -47.5346854, -20.3026418 ], [ -47.535026, -20.3026993 ], [ -47.5352355, -20.3032355 ], [ -47.5354332, -20.3033435 ], [ -47.5359362, -20.3032532 ], [ -47.5363961, -20.3036207 ], [ -47.5369578, -20.3035478 ], [ -47.5374107, -20.3036247 ], [ -47.5375274, -20.3035139 ], [ -47.5375214, -20.3031757 ], [ -47.5374028, -20.3029862 ], [ -47.5375073, -20.3028462 ], [ -47.5383526, -20.302497 ], [ -47.5384655, -20.3029155 ], [ -47.53871, -20.3031402 ], [ -47.5390494, -20.3030898 ], [ -47.5391712, -20.3028327 ], [ -47.5390662, -20.3025493 ], [ -47.5396758, -20.3023128 ], [ -47.5397351, -20.3017639 ], [ -47.5398782, -20.3016631 ], [ -47.5402941, -20.3016388 ], [ -47.5404648, -20.3015435 ], [ -47.5409046, -20.3009915 ], [ -47.5410771, -20.3008972 ], [ -47.541262, -20.3008761 ], [ -47.5414179, -20.3009753 ], [ -47.5414067, -20.3014504 ], [ -47.5416247, -20.3017838 ], [ -47.5425709, -20.3021188 ], [ -47.5428977, -20.3020481 ], [ -47.543137, -20.3018906 ], [ -47.5432591, -20.3009611 ], [ -47.5434321, -20.300856 ], [ -47.5436815, -20.3008723 ], [ -47.543908, -20.3011161 ], [ -47.544113, -20.3011857 ], [ -47.5443718, -20.3010001 ], [ -47.5445405, -20.3007232 ], [ -47.5451688, -20.300659 ], [ -47.5456984, -20.3004591 ], [ -47.545713, -20.3001765 ], [ -47.5456127, -20.3000308 ], [ -47.5448386, -20.2999592 ], [ -47.5446218, -20.2997805 ], [ -47.5445125, -20.2995994 ], [ -47.5445567, -20.2993889 ], [ -47.5447483, -20.2992044 ], [ -47.5451437, -20.2990508 ], [ -47.5454913, -20.2990573 ], [ -47.5458552, -20.2994059 ], [ -47.5460599, -20.2994845 ], [ -47.5464793, -20.2993983 ], [ -47.5472554, -20.2995607 ], [ -47.5474576, -20.2994207 ], [ -47.5477209, -20.2989422 ], [ -47.5479882, -20.2987821 ], [ -47.5484161, -20.2988131 ], [ -47.5488958, -20.2991893 ], [ -47.5491485, -20.299195 ], [ -47.5494739, -20.2991359 ], [ -47.5511464, -20.2982704 ], [ -47.5514013, -20.2982222 ], [ -47.5527784, -20.298332 ], [ -47.5532883, -20.2981673 ], [ -47.5538059, -20.2977935 ], [ -47.5539328, -20.2973442 ], [ -47.553741, -20.2968643 ], [ -47.5531326, -20.2963566 ], [ -47.5532582, -20.2957319 ], [ -47.5533922, -20.2956658 ], [ -47.5540268, -20.2960963 ], [ -47.5544543, -20.2960454 ], [ -47.5545379, -20.2958777 ], [ -47.5542664, -20.2953338 ], [ -47.5544309, -20.295249 ], [ -47.5547206, -20.2952165 ], [ -47.5550814, -20.2953412 ], [ -47.555686, -20.295064 ], [ -47.5559647, -20.2950436 ], [ -47.5563781, -20.2958417 ], [ -47.5567626, -20.2960652 ], [ -47.5580839, -20.2960633 ], [ -47.558895, -20.2957981 ], [ -47.5596495, -20.2952549 ], [ -47.5601918, -20.2945628 ], [ -47.5603367, -20.2940476 ], [ -47.5602753, -20.2938206 ], [ -47.5594508, -20.2930704 ], [ -47.5594809, -20.2925771 ], [ -47.5597178, -20.2922918 ], [ -47.559998, -20.2921681 ], [ -47.5610691, -20.2922154 ], [ -47.5616367, -20.2918595 ], [ -47.5618502, -20.291354 ], [ -47.5616873, -20.2902226 ], [ -47.5617301, -20.2899761 ], [ -47.5620952, -20.2897431 ], [ -47.5624449, -20.2898116 ], [ -47.5634542, -20.2907268 ], [ -47.5640418, -20.2923376 ], [ -47.5644133, -20.294168 ], [ -47.564738, -20.294401 ], [ -47.5664108, -20.2944505 ], [ -47.5668812, -20.2941971 ], [ -47.5672812, -20.2938162 ], [ -47.5677259, -20.293187 ], [ -47.5678667, -20.2919866 ], [ -47.5680535, -20.2916644 ], [ -47.568588, -20.2912273 ], [ -47.5687425, -20.2912428 ], [ -47.5688912, -20.2914236 ], [ -47.5686937, -20.2923764 ], [ -47.5688313, -20.2925226 ], [ -47.5691502, -20.2924794 ], [ -47.5693779, -20.2922109 ], [ -47.5695351, -20.2921636 ], [ -47.5700196, -20.2924024 ], [ -47.5702613, -20.2923717 ], [ -47.5703827, -20.2920777 ], [ -47.569973, -20.2918829 ], [ -47.5699401, -20.2916372 ], [ -47.5700153, -20.2915339 ], [ -47.5704503, -20.2915093 ], [ -47.5707253, -20.2917162 ], [ -47.5708509, -20.2917145 ], [ -47.5709526, -20.2914117 ], [ -47.5710971, -20.2912992 ], [ -47.5713947, -20.2912858 ], [ -47.5716041, -20.2910175 ], [ -47.5715599, -20.2907444 ], [ -47.5716646, -20.2905981 ], [ -47.5718084, -20.2905035 ], [ -47.5723177, -20.2904889 ], [ -47.5728075, -20.2901607 ], [ -47.5731091, -20.2903506 ], [ -47.5731551, -20.2907676 ], [ -47.5734179, -20.2909219 ], [ -47.5741352, -20.2904438 ], [ -47.574466, -20.2904828 ], [ -47.5749849, -20.2908173 ], [ -47.5758572, -20.2909211 ], [ -47.5762262, -20.2915908 ], [ -47.5765085, -20.2917143 ], [ -47.5766887, -20.2920589 ], [ -47.5768836, -20.2922117 ], [ -47.5777063, -20.2921266 ], [ -47.5780927, -20.2921668 ], [ -47.5782877, -20.2927106 ], [ -47.5788016, -20.2929325 ], [ -47.5797956, -20.2926892 ], [ -47.5810705, -20.2925136 ], [ -47.58232, -20.2926248 ], [ -47.5824345, -20.2925679 ], [ -47.5824869, -20.2922021 ], [ -47.5823968, -20.292019 ], [ -47.582054, -20.2917827 ], [ -47.5820022, -20.2915749 ], [ -47.5820378, -20.2913632 ], [ -47.5823059, -20.2912049 ], [ -47.5829331, -20.2910974 ], [ -47.583584, -20.290695 ], [ -47.5859575, -20.2908957 ], [ -47.5863673, -20.2910634 ], [ -47.5866179, -20.291051 ], [ -47.5867044, -20.2908123 ], [ -47.5862081, -20.2901416 ], [ -47.5862933, -20.2898399 ], [ -47.5864164, -20.2897833 ], [ -47.5869682, -20.2898304 ], [ -47.5872866, -20.289708 ], [ -47.5875417, -20.2894216 ], [ -47.5877444, -20.2893624 ], [ -47.5883744, -20.2894896 ], [ -47.588713, -20.2894561 ], [ -47.5888718, -20.2896471 ], [ -47.5887283, -20.2898037 ], [ -47.5887313, -20.2899405 ], [ -47.5889385, -20.2901215 ], [ -47.5892562, -20.2900612 ], [ -47.5896344, -20.289718 ], [ -47.5898402, -20.2897696 ], [ -47.5900948, -20.2899847 ], [ -47.5902501, -20.2899823 ], [ -47.5904215, -20.289797 ], [ -47.5902972, -20.2893053 ], [ -47.5904103, -20.2891404 ], [ -47.5907192, -20.2891085 ], [ -47.5909254, -20.2892418 ], [ -47.5910853, -20.2895686 ], [ -47.5914846, -20.2897378 ], [ -47.5917999, -20.2895029 ], [ -47.5918053, -20.2886985 ], [ -47.5919019, -20.2885879 ], [ -47.592251, -20.2885547 ], [ -47.5926888, -20.2886956 ], [ -47.5929877, -20.2886724 ], [ -47.5938818, -20.2882482 ], [ -47.5944378, -20.2886137 ], [ -47.5952617, -20.2886383 ], [ -47.595801, -20.2891047 ], [ -47.5959569, -20.2892029 ], [ -47.5960916, -20.2891674 ], [ -47.5961242, -20.2888171 ], [ -47.5963402, -20.288504 ], [ -47.5961759, -20.2879577 ], [ -47.596308, -20.2876371 ], [ -47.5967572, -20.2875707 ], [ -47.5971737, -20.2877396 ], [ -47.5976907, -20.2877485 ], [ -47.5983122, -20.2874754 ], [ -47.5987809, -20.2870744 ], [ -47.5988256, -20.2869214 ], [ -47.5988286, -20.2865448 ], [ -47.5985719, -20.2862199 ], [ -47.5986728, -20.2858622 ], [ -47.5989411, -20.2856769 ], [ -47.5993448, -20.2855504 ], [ -47.599674, -20.2850248 ], [ -47.599847, -20.2849412 ], [ -47.6006676, -20.2851166 ], [ -47.601111, -20.2850276 ], [ -47.6012748, -20.2848879 ], [ -47.601488, -20.284456 ], [ -47.6014422, -20.2839635 ], [ -47.6015624, -20.2836973 ], [ -47.6019102, -20.2836281 ], [ -47.6023673, -20.28374 ], [ -47.6027225, -20.2836073 ], [ -47.6028992, -20.2832937 ], [ -47.6026934, -20.2824753 ], [ -47.6029875, -20.2822675 ], [ -47.6034398, -20.2821491 ], [ -47.6035289, -20.2816822 ], [ -47.6036427, -20.2815245 ], [ -47.6041905, -20.2812972 ], [ -47.6042737, -20.2809757 ], [ -47.6044437, -20.2808722 ], [ -47.6048698, -20.2808301 ], [ -47.6050271, -20.2804537 ], [ -47.6051766, -20.2804061 ], [ -47.6056483, -20.2805365 ], [ -47.6057734, -20.2804988 ], [ -47.6059438, -20.2802695 ], [ -47.6060585, -20.2796956 ], [ -47.6065736, -20.2791192 ], [ -47.6064269, -20.2780063 ], [ -47.6064555, -20.2774967 ], [ -47.6067057, -20.2767254 ], [ -47.6070381, -20.2763536 ], [ -47.6075007, -20.2761924 ], [ -47.6078299, -20.2762241 ], [ -47.6093448, -20.2770325 ], [ -47.6102097, -20.2771295 ], [ -47.6106071, -20.2772968 ], [ -47.6099613, -20.2751571 ], [ -47.6100715, -20.2743169 ], [ -47.6098513, -20.2739169 ], [ -47.6094842, -20.2735494 ], [ -47.6095149, -20.2729203 ], [ -47.6092206, -20.2725986 ], [ -47.609545, -20.2713266 ], [ -47.609317, -20.270324 ], [ -47.6093235, -20.2699332 ], [ -47.6096433, -20.2694944 ], [ -47.6097022, -20.2692493 ], [ -47.6096441, -20.2690323 ], [ -47.6089475, -20.2683148 ], [ -47.6083474, -20.2673455 ], [ -47.6083802, -20.2668747 ], [ -47.6087291, -20.2655892 ], [ -47.6083825, -20.2639998 ], [ -47.6074463, -20.2615835 ], [ -47.6074153, -20.2607319 ], [ -47.607312, -20.2604243 ], [ -47.6061564, -20.259059 ], [ -47.6055767, -20.2582253 ], [ -47.6048187, -20.2566246 ], [ -47.6047464, -20.2561949 ], [ -47.6042332, -20.2550229 ], [ -47.6034949, -20.2540629 ], [ -47.6030947, -20.2532447 ], [ -47.6026499, -20.252646 ], [ -47.602704, -20.252381 ], [ -47.6034071, -20.2518896 ], [ -47.6038131, -20.2514027 ], [ -47.6048542, -20.2494698 ], [ -47.6049926, -20.2484797 ], [ -47.6052537, -20.2478383 ], [ -47.6052501, -20.2475981 ], [ -47.6049038, -20.2470066 ], [ -47.6048574, -20.2462461 ], [ -47.6046797, -20.2454207 ], [ -47.6049425, -20.2439433 ], [ -47.6056156, -20.2414083 ], [ -47.6063105, -20.2395986 ], [ -47.6080324, -20.235825 ], [ -47.6097059, -20.231779 ], [ -47.6105487, -20.2301922 ], [ -47.6136778, -20.2258159 ], [ -47.6153098, -20.2239438 ], [ -47.616406, -20.2229703 ], [ -47.6170678, -20.2228046 ], [ -47.6187406, -20.2216873 ], [ -47.6189402, -20.2213044 ], [ -47.6186593, -20.2207494 ], [ -47.6186773, -20.2205217 ], [ -47.6192395, -20.2196772 ], [ -47.6191607, -20.2188652 ], [ -47.6190631, -20.2186093 ], [ -47.6119911, -20.2000674 ], [ -47.6119038, -20.1998387 ], [ -47.6108809, -20.1971569 ], [ -47.6099064, -20.1969166 ], [ -47.6092265, -20.1964974 ], [ -47.6083861, -20.1963043 ], [ -47.6058341, -20.1951664 ], [ -47.605666, -20.1943386 ], [ -47.605197, -20.193259 ], [ -47.6047853, -20.1926526 ], [ -47.6040573, -20.1919583 ], [ -47.6039783, -20.1909665 ], [ -47.6038917, -20.1908133 ], [ -47.6028399, -20.1900533 ], [ -47.6021084, -20.1898911 ], [ -47.6016363, -20.1895647 ], [ -47.6012023, -20.1891058 ], [ -47.6004327, -20.1887741 ], [ -47.599804, -20.1879234 ], [ -47.5992486, -20.1876695 ], [ -47.5989982, -20.1874249 ], [ -47.5979932, -20.1854314 ], [ -47.5975758, -20.1850585 ], [ -47.5970044, -20.1847726 ], [ -47.596488, -20.1842226 ], [ -47.5958205, -20.1836887 ], [ -47.5956697, -20.1833731 ], [ -47.5953536, -20.1832151 ], [ -47.5949466, -20.1824461 ], [ -47.5944564, -20.1820499 ], [ -47.5942353, -20.1814647 ], [ -47.5931232, -20.1802171 ], [ -47.592543, -20.1789114 ], [ -47.5925777, -20.1779723 ], [ -47.5923066, -20.1769251 ], [ -47.5923646, -20.1764687 ], [ -47.5929246, -20.1761438 ], [ -47.5929458, -20.1759072 ], [ -47.5927636, -20.1754008 ], [ -47.5929082, -20.1753081 ], [ -47.5932891, -20.1754261 ], [ -47.5935561, -20.1753603 ], [ -47.5935777, -20.1750896 ], [ -47.5933609, -20.1748444 ], [ -47.5933756, -20.1747425 ], [ -47.5935694, -20.1746623 ], [ -47.5938669, -20.174691 ], [ -47.5939567, -20.1745558 ], [ -47.5937234, -20.1739406 ], [ -47.5937515, -20.1736297 ], [ -47.5939264, -20.1732872 ], [ -47.5941509, -20.1730885 ], [ -47.5943409, -20.1730316 ], [ -47.5947052, -20.1732039 ], [ -47.5952655, -20.1739704 ], [ -47.5956081, -20.1742992 ], [ -47.5961992, -20.1746398 ], [ -47.5965027, -20.1747344 ], [ -47.5970368, -20.174689 ], [ -47.5972584, -20.1743743 ], [ -47.5973058, -20.1736613 ], [ -47.5974099, -20.1734808 ], [ -47.5975242, -20.1734031 ], [ -47.5980896, -20.1734119 ], [ -47.5987487, -20.1730977 ], [ -47.598869, -20.1729411 ], [ -47.5985937, -20.172185 ], [ -47.5989033, -20.1715894 ], [ -47.5990207, -20.1707585 ], [ -47.5992489, -20.1705384 ], [ -47.6014584, -20.1693706 ], [ -47.6019356, -20.1690318 ], [ -47.6023287, -20.1685984 ], [ -47.6023943, -20.1679076 ], [ -47.6025613, -20.1676871 ], [ -47.6040256, -20.1671575 ], [ -47.6052561, -20.1671948 ], [ -47.6057785, -20.1670393 ], [ -47.6059371, -20.1666036 ], [ -47.6058171, -20.1658846 ], [ -47.6058966, -20.165651 ], [ -47.6064254, -20.1649383 ], [ -47.6065529, -20.1643964 ], [ -47.6069571, -20.1639705 ], [ -47.6069707, -20.1633345 ], [ -47.6072831, -20.1629268 ], [ -47.6074372, -20.1623669 ], [ -47.609123, -20.1596032 ], [ -47.6087674, -20.1592631 ], [ -47.6087397, -20.1589321 ], [ -47.6085619, -20.1587405 ], [ -47.6079475, -20.1584315 ], [ -47.6077673, -20.1580852 ], [ -47.6074388, -20.1577614 ], [ -47.6073322, -20.1572092 ], [ -47.6066106, -20.1564324 ], [ -47.6065678, -20.1558384 ], [ -47.6061049, -20.155454 ], [ -47.6055129, -20.1551854 ], [ -47.6051656, -20.1550866 ], [ -47.604327, -20.1550886 ], [ -47.6029702, -20.1552841 ], [ -47.602411, -20.1552423 ], [ -47.6017548, -20.1550667 ], [ -47.6006496, -20.1546114 ], [ -47.5989364, -20.1535992 ], [ -47.598545, -20.1534808 ], [ -47.5980563, -20.1535386 ], [ -47.5973923, -20.1540216 ], [ -47.5968278, -20.1539688 ], [ -47.5957549, -20.1536145 ], [ -47.59424, -20.1526705 ], [ -47.5938246, -20.152553 ], [ -47.5927594, -20.1525486 ], [ -47.5916015, -20.1522811 ], [ -47.5909928, -20.1522788 ], [ -47.5903841, -20.1522765 ], [ -47.5875664, -20.1518257 ], [ -47.586111, -20.1519285 ], [ -47.5854739, -20.1517319 ], [ -47.5843787, -20.1511519 ], [ -47.5820428, -20.1505503 ], [ -47.5812366, -20.1504402 ], [ -47.5797377, -20.1506241 ], [ -47.5792001, -20.1509408 ], [ -47.5781749, -20.1520857 ], [ -47.5778094, -20.1523376 ], [ -47.5767278, -20.1526616 ], [ -47.5760626, -20.1532667 ], [ -47.5757289, -20.1533742 ], [ -47.57447, -20.1533527 ], [ -47.573696, -20.1538784 ], [ -47.5729373, -20.1540333 ], [ -47.5724283, -20.1544679 ], [ -47.5719268, -20.1547454 ], [ -47.5712441, -20.1554946 ], [ -47.570724, -20.1556663 ], [ -47.5701163, -20.1556146 ], [ -47.5693233, -20.1550905 ], [ -47.5689701, -20.1549724 ], [ -47.5680601, -20.154987 ], [ -47.5676448, -20.1548919 ], [ -47.5668547, -20.1543877 ], [ -47.5663091, -20.1542707 ], [ -47.5658431, -20.1538484 ], [ -47.564889, -20.1536087 ], [ -47.5636061, -20.153287 ], [ -47.5633609, -20.1529194 ], [ -47.5617546, -20.1490594 ], [ -47.5600295, -20.1455762 ], [ -47.559326, -20.1441582 ], [ -47.5587702, -20.1434071 ], [ -47.5582199, -20.1429619 ], [ -47.5561688, -20.1422383 ], [ -47.5529177, -20.1416705 ], [ -47.5496096, -20.1407922 ], [ -47.5482301, -20.1402161 ], [ -47.5471974, -20.1396562 ], [ -47.5458772, -20.1385024 ], [ -47.5456109, -20.1383228 ], [ -47.5449347, -20.1381472 ], [ -47.5441232, -20.1377266 ], [ -47.543332, -20.1371844 ], [ -47.5428658, -20.1366973 ], [ -47.5424278, -20.1360404 ], [ -47.5418871, -20.1348539 ], [ -47.541678, -20.1340544 ], [ -47.5416397, -20.1329869 ], [ -47.5417487, -20.131691 ], [ -47.5419686, -20.1305583 ], [ -47.5425542, -20.1289607 ], [ -47.5438288, -20.1271554 ], [ -47.5438875, -20.1268474 ], [ -47.5437098, -20.126583 ], [ -47.5434004, -20.1263811 ], [ -47.5408336, -20.1261923 ], [ -47.5395909, -20.1259016 ], [ -47.538677, -20.1255752 ], [ -47.5375703, -20.1250477 ], [ -47.5352496, -20.1233055 ], [ -47.5334394, -20.1225967 ], [ -47.5328672, -20.1221749 ], [ -47.532358, -20.1215037 ], [ -47.5320648, -20.120933 ], [ -47.5319684, -20.1202769 ], [ -47.5320384, -20.1191855 ], [ -47.5325268, -20.1171593 ], [ -47.5328002, -20.1152663 ], [ -47.5329113, -20.1139894 ], [ -47.5328895, -20.1125935 ], [ -47.5328068, -20.1115352 ], [ -47.5324344, -20.1101247 ], [ -47.5319625, -20.109267 ], [ -47.5314795, -20.1088431 ], [ -47.5311063, -20.1087046 ], [ -47.5299965, -20.1085346 ], [ -47.527368, -20.1085736 ], [ -47.5235369, -20.10828 ], [ -47.5216058, -20.10784 ], [ -47.519639, -20.1071281 ], [ -47.518428, -20.1062812 ], [ -47.5178732, -20.1055112 ], [ -47.5176194, -20.104568 ], [ -47.517589, -20.10278 ], [ -47.5176831, -20.1017542 ], [ -47.5183513, -20.1000573 ], [ -47.5185586, -20.0994185 ], [ -47.518596, -20.0989992 ], [ -47.5171842, -20.0932475 ], [ -47.5090011, -20.0599083 ], [ -47.5298403, -20.0354239 ], [ -47.5294377, -20.0347711 ], [ -47.5292991, -20.0342806 ], [ -47.5292942, -20.0332135 ], [ -47.5294899, -20.0326857 ], [ -47.5306643, -20.0321559 ], [ -47.5309446, -20.0319467 ], [ -47.5322151, -20.030472 ], [ -47.5332853, -20.0296129 ], [ -47.5342328, -20.0289938 ], [ -47.5350529, -20.0276115 ], [ -47.535404, -20.0272359 ], [ -47.5359358, -20.0268175 ], [ -47.5364675, -20.026399 ], [ -47.5371231, -20.0253414 ], [ -47.5373316, -20.0247818 ], [ -47.5374559, -20.0237103 ], [ -47.5373284, -20.0225524 ], [ -47.5373751, -20.0220894 ], [ -47.5375534, -20.0217066 ], [ -47.5390439, -20.0206965 ], [ -47.5400786, -20.0189029 ], [ -47.5402555, -20.0184383 ], [ -47.5403068, -20.0175611 ], [ -47.5406265, -20.0172275 ], [ -47.5409875, -20.0159794 ], [ -47.5412863, -20.0156667 ], [ -47.5418347, -20.014678 ], [ -47.5419131, -20.0141424 ], [ -47.5420709, -20.0138155 ], [ -47.5420409, -20.0133101 ], [ -47.5422428, -20.0130523 ], [ -47.5358645, -20.0132892 ], [ -47.5349542, -20.0136336 ], [ -47.5327977, -20.0155634 ], [ -47.5305179, -20.0183283 ], [ -47.5270291, -20.0207678 ], [ -47.5265809, -20.0213402 ], [ -47.5255406, -20.0245896 ], [ -47.5250641, -20.0256635 ], [ -47.5242299, -20.0265761 ], [ -47.5229724, -20.0271272 ], [ -47.5217056, -20.0273471 ], [ -47.521093, -20.0278003 ], [ -47.5209637, -20.0285696 ], [ -47.5205923, -20.029508 ], [ -47.5188936, -20.0313661 ], [ -47.518907, -20.0322016 ], [ -47.5191499, -20.0341314 ], [ -47.5195282, -20.0357919 ], [ -47.5200449, -20.0372498 ], [ -47.5186084, -20.0378716 ], [ -47.5180908, -20.0384793 ], [ -47.5171422, -20.0409094 ], [ -47.5164836, -20.0416863 ], [ -47.5157943, -20.0426302 ], [ -47.5154089, -20.0433703 ], [ -47.5149775, -20.0438579 ], [ -47.5144537, -20.0442649 ], [ -47.512686, -20.0450741 ], [ -47.5124, -20.0454448 ], [ -47.5120171, -20.0456834 ], [ -47.5102191, -20.0456753 ], [ -47.5089527, -20.0459266 ], [ -47.5086027, -20.0461313 ], [ -47.5082829, -20.0460693 ], [ -47.5079579, -20.0455082 ], [ -47.5074424, -20.0441142 ], [ -47.5067707, -20.0418254 ], [ -47.5063048, -20.0414318 ], [ -47.5055949, -20.0410418 ], [ -47.5052689, -20.0404807 ], [ -47.5055665, -20.0393428 ], [ -47.5061087, -20.03784 ], [ -47.507062, -20.0356923 ], [ -47.5074592, -20.0340871 ], [ -47.5073405, -20.033254 ], [ -47.506949, -20.0329593 ], [ -47.5063505, -20.0330687 ], [ -47.5059033, -20.0337076 ], [ -47.5053909, -20.0348817 ], [ -47.5036413, -20.0378748 ], [ -47.5024621, -20.0414586 ], [ -47.5021555, -20.0420964 ], [ -47.5014925, -20.0425396 ], [ -47.5004492, -20.043527 ], [ -47.4970427, -20.0456577 ], [ -47.4960873, -20.0459526 ], [ -47.4955579, -20.0460096 ], [ -47.4951332, -20.0459159 ], [ -47.4948253, -20.0454507 ], [ -47.4945807, -20.0438239 ], [ -47.4948394, -20.0401822 ], [ -47.4946516, -20.0395183 ], [ -47.4950299, -20.0388131 ], [ -47.4952944, -20.0377837 ], [ -47.4952166, -20.0373521 ], [ -47.4945422, -20.0370281 ], [ -47.4938114, -20.0376063 ], [ -47.4933417, -20.0391126 ], [ -47.49353, -20.0398782 ], [ -47.4934822, -20.0413128 ], [ -47.4932471, -20.0421158 ], [ -47.4928311, -20.0426228 ], [ -47.4919046, -20.0441376 ], [ -47.4915567, -20.0444772 ], [ -47.4903364, -20.0453251 ], [ -47.487819, -20.0467951 ], [ -47.4871859, -20.0468375 ], [ -47.4852534, -20.0450643 ], [ -47.4853507, -20.0445619 ], [ -47.4855898, -20.0441239 ], [ -47.4855126, -20.043793 ], [ -47.4852685, -20.0437292 ], [ -47.4849498, -20.0438011 ], [ -47.4841317, -20.0432768 ], [ -47.4829143, -20.0413276 ], [ -47.4824893, -20.0410343 ], [ -47.4819243, -20.0411412 ], [ -47.481156, -20.0416541 ], [ -47.4808747, -20.0417247 ], [ -47.4801682, -20.0415991 ], [ -47.4796331, -20.0412397 ], [ -47.4787108, -20.0408526 ], [ -47.477897, -20.0407311 ], [ -47.4777181, -20.0404998 ], [ -47.4775597, -20.0395682 ], [ -47.4777299, -20.0388995 ], [ -47.4774615, -20.0376681 ], [ -47.4771348, -20.0371735 ], [ -47.4763838, -20.0364835 ], [ -47.4758803, -20.0355698 ], [ -47.4760123, -20.0351999 ], [ -47.4766348, -20.0342583 ], [ -47.4813694, -20.03029 ], [ -47.4817558, -20.0301532 ], [ -47.4840781, -20.0297852 ], [ -47.4859831, -20.029793 ], [ -47.4872457, -20.029308 ], [ -47.4880097, -20.0285971 ], [ -47.4882828, -20.0279599 ], [ -47.488194, -20.0266615 ], [ -47.4875462, -20.0261371 ], [ -47.486768, -20.0258489 ], [ -47.4858878, -20.0259937 ], [ -47.4846687, -20.0269774 ], [ -47.4838017, -20.0278894 ], [ -47.4834476, -20.0278953 ], [ -47.4825201, -20.0272411 ], [ -47.4812103, -20.0268579 ], [ -47.4809919, -20.0264958 ], [ -47.4809856, -20.0261621 ], [ -47.4814997, -20.0250879 ], [ -47.4814603, -20.0247225 ], [ -47.4809972, -20.024497 ], [ -47.4806073, -20.0245339 ], [ -47.4802275, -20.0249056 ], [ -47.4799531, -20.0254106 ], [ -47.4802949, -20.0269727 ], [ -47.4801278, -20.0274744 ], [ -47.4796407, -20.0280821 ], [ -47.4787344, -20.0286934 ], [ -47.4782815, -20.0291675 ], [ -47.4781107, -20.0295046 ], [ -47.4778316, -20.0297074 ], [ -47.4774094, -20.0296461 ], [ -47.4769531, -20.0297866 ], [ -47.4761854, -20.0302627 ], [ -47.4755241, -20.0309396 ], [ -47.4748956, -20.0313812 ], [ -47.4742599, -20.0312563 ], [ -47.4734761, -20.030735 ], [ -47.472598, -20.0287515 ], [ -47.4723917, -20.0269211 ], [ -47.472498, -20.0247508 ], [ -47.4727901, -20.0230115 ], [ -47.4735375, -20.0212701 ], [ -47.4751351, -20.0196461 ], [ -47.4768786, -20.0183536 ], [ -47.4775035, -20.0176764 ], [ -47.4777768, -20.0171731 ], [ -47.4782314, -20.0168653 ], [ -47.4801315, -20.0165502 ], [ -47.4807623, -20.0163073 ], [ -47.4813539, -20.0158319 ], [ -47.4816985, -20.0152935 ], [ -47.4817196, -20.0144593 ], [ -47.4794327, -20.0125222 ], [ -47.4784995, -20.0115667 ], [ -47.4774899, -20.0100575 ], [ -47.4773272, -20.0086269 ], [ -47.477589, -20.0073862 ], [ -47.4784543, -20.0063726 ], [ -47.4805534, -20.004943 ], [ -47.4822988, -20.0040164 ], [ -47.4828218, -20.0035088 ], [ -47.4828505, -20.0032088 ], [ -47.4826342, -20.0029114 ], [ -47.4820664, -20.0026525 ], [ -47.4808664, -20.0026697 ], [ -47.47925, -20.0031597 ], [ -47.4773977, -20.0041507 ], [ -47.4764788, -20.0041017 ], [ -47.4758366, -20.0036737 ], [ -47.4743001, -20.0023942 ], [ -47.4735045, -20.0012155 ], [ -47.4729596, -20.0002176 ], [ -47.4715054, -19.9988448 ], [ -47.4708937, -19.9989303 ], [ -47.4706138, -19.9993604 ], [ -47.4707498, -20.0003254 ], [ -47.4722685, -20.0031655 ], [ -47.4724909, -20.004308 ], [ -47.4720609, -20.005591 ], [ -47.4708882, -20.0064972 ], [ -47.4690574, -20.0096208 ], [ -47.4678941, -20.0111061 ], [ -47.4677781, -20.0116888 ], [ -47.4678347, -20.0126544 ], [ -47.4684164, -20.0131116 ], [ -47.4694377, -20.0131365 ], [ -47.4709852, -20.0126504 ], [ -47.4720902, -20.0127107 ], [ -47.4730795, -20.0131631 ], [ -47.4737043, -20.0138502 ], [ -47.4740078, -20.0146981 ], [ -47.4737819, -20.0161567 ], [ -47.4729876, -20.0177149 ], [ -47.4723254, -20.0197758 ], [ -47.4722821, -20.0221372 ], [ -47.47201, -20.023186 ], [ -47.4710454, -20.0243982 ], [ -47.470433, -20.0270785 ], [ -47.4707263, -20.0302458 ], [ -47.4718685, -20.0323191 ], [ -47.4720457, -20.0333745 ], [ -47.472153, -20.0349621 ], [ -47.4729942, -20.0363808 ], [ -47.4747706, -20.03744 ], [ -47.475723, -20.0381625 ], [ -47.4758566, -20.0388164 ], [ -47.4757855, -20.0395158 ], [ -47.4753026, -20.0401811 ], [ -47.4744949, -20.0408121 ], [ -47.4731061, -20.0409481 ], [ -47.4704406, -20.0406364 ], [ -47.4685973, -20.0405453 ], [ -47.4663047, -20.0405384 ], [ -47.465737, -20.0407782 ], [ -47.4653766, -20.0414418 ], [ -47.4660434, -20.0421296 ], [ -47.4674042, -20.0428078 ], [ -47.4701649, -20.0438916 ], [ -47.4718986, -20.0448739 ], [ -47.4721939, -20.0454114 ], [ -47.4719966, -20.0458778 ], [ -47.4705677, -20.0461714 ], [ -47.4683611, -20.0463942 ], [ -47.4668511, -20.046727 ], [ -47.465183, -20.0473677 ], [ -47.463967, -20.048131 ], [ -47.4635289, -20.0489112 ], [ -47.4633789, -20.0498054 ], [ -47.4638004, -20.0505732 ], [ -47.4656517, -20.0511679 ], [ -47.467209, -20.0512611 ], [ -47.469148, -20.0522779 ], [ -47.4701706, -20.052186 ], [ -47.4721612, -20.0512687 ], [ -47.4739838, -20.0498112 ], [ -47.4749157, -20.049254 ], [ -47.4764625, -20.0488865 ], [ -47.477203, -20.0489541 ], [ -47.4777399, -20.0492947 ], [ -47.4780783, -20.0499471 ], [ -47.478381, -20.0510655 ], [ -47.4791001, -20.0524105 ], [ -47.4785689, -20.0525339 ], [ -47.4783247, -20.0527685 ], [ -47.4782073, -20.0530401 ], [ -47.4782126, -20.0533513 ], [ -47.4787498, -20.0536137 ], [ -47.478963, -20.0541932 ], [ -47.4786017, -20.054624 ], [ -47.4778641, -20.0545564 ], [ -47.4772517, -20.0547218 ], [ -47.4769724, -20.0551115 ], [ -47.4772231, -20.055456 ], [ -47.4798907, -20.0559988 ], [ -47.4802228, -20.0562267 ], [ -47.480032, -20.0595579 ], [ -47.4796368, -20.0597205 ], [ -47.4788568, -20.0595211 ], [ -47.4752836, -20.058208 ], [ -47.4739871, -20.0581209 ], [ -47.4731407, -20.0584124 ], [ -47.4724217, -20.0596462 ], [ -47.4733272, -20.0607877 ], [ -47.4761669, -20.0626024 ], [ -47.4771481, -20.0637404 ], [ -47.4772375, -20.0647908 ], [ -47.4770998, -20.0654571 ], [ -47.4765162, -20.0659193 ], [ -47.4755923, -20.0660723 ], [ -47.4728623, -20.0658534 ], [ -47.4700745, -20.0652287 ], [ -47.4671372, -20.0643586 ], [ -47.4667304, -20.0642942 ], [ -47.4657333, -20.0644831 ], [ -47.4647261, -20.0639733 ], [ -47.4641335, -20.063983 ], [ -47.4638023, -20.0641254 ], [ -47.4636609, -20.0644419 ], [ -47.463853, -20.0649991 ], [ -47.465685, -20.0661288 ], [ -47.467482, -20.0674326 ], [ -47.4686433, -20.0681521 ], [ -47.4696164, -20.0690462 ], [ -47.4697711, -20.0694681 ], [ -47.4696264, -20.0696793 ], [ -47.4666788, -20.0698837 ], [ -47.4643459, -20.0697072 ], [ -47.4617592, -20.0699517 ], [ -47.4601381, -20.0705356 ], [ -47.4587046, -20.0711865 ], [ -47.4573795, -20.0716213 ], [ -47.4556787, -20.0717519 ], [ -47.4545622, -20.0714528 ], [ -47.4529596, -20.070672 ], [ -47.4500427, -20.0687157 ], [ -47.4494474, -20.068514 ], [ -47.4487825, -20.0686288 ], [ -47.4485682, -20.0691556 ], [ -47.4508585, -20.0712237 ], [ -47.45292, -20.0728393 ], [ -47.4535221, -20.0734988 ], [ -47.4534521, -20.0737775 ], [ -47.4530087, -20.0739238 ], [ -47.4525356, -20.0742803 ], [ -47.4525042, -20.0746647 ], [ -47.4526931, -20.074909 ], [ -47.454215, -20.0752374 ], [ -47.4560314, -20.075387 ], [ -47.4579138, -20.0750106 ], [ -47.4590556, -20.0746796 ], [ -47.4598712, -20.0747402 ], [ -47.4607661, -20.0751444 ], [ -47.4623862, -20.0769081 ], [ -47.4630972, -20.0774583 ], [ -47.4635428, -20.0775799 ], [ -47.4638064, -20.0778898 ], [ -47.4639626, -20.0784815 ], [ -47.464722, -20.0795916 ], [ -47.4658786, -20.08024 ], [ -47.4674062, -20.0807798 ], [ -47.4681141, -20.0809442 ], [ -47.4682997, -20.0812207 ], [ -47.4681951, -20.0814335 ], [ -47.4667615, -20.082222 ], [ -47.4658205, -20.0835661 ], [ -47.4652006, -20.0842057 ], [ -47.4612163, -20.0821868 ], [ -47.4598454, -20.0819269 ], [ -47.4572587, -20.0824877 ], [ -47.4566455, -20.0834035 ], [ -47.4565514, -20.0844894 ], [ -47.4583385, -20.086493 ], [ -47.4632583, -20.0885231 ], [ -47.4679339, -20.089159 ], [ -47.4685312, -20.0894973 ], [ -47.4692133, -20.0904671 ], [ -47.4690797, -20.0912405 ], [ -47.4682796, -20.0923005 ], [ -47.467851, -20.0933561 ], [ -47.4675073, -20.0950386 ], [ -47.4675274, -20.0963003 ], [ -47.4673136, -20.0968632 ], [ -47.4660042, -20.0973534 ], [ -47.4642262, -20.0974461 ], [ -47.4627395, -20.0969788 ], [ -47.4620649, -20.0964272 ], [ -47.4614731, -20.0964369 ], [ -47.4611782, -20.0965788 ], [ -47.4609624, -20.0971416 ], [ -47.4603864, -20.0980578 ], [ -47.4589162, -20.0987784 ], [ -47.4572118, -20.0987344 ], [ -47.4546036, -20.0975794 ], [ -47.4507315, -20.0964434 ], [ -47.445953, -20.0936407 ], [ -47.4455114, -20.0938572 ], [ -47.4454441, -20.0943472 ], [ -47.4463517, -20.0955941 ], [ -47.4489745, -20.0976593 ], [ -47.4508629, -20.0999418 ], [ -47.4508662, -20.1008245 ], [ -47.4507893, -20.1009934 ], [ -47.4501757, -20.1023494 ], [ -47.449794, -20.1034921 ], [ -47.4502494, -20.1041596 ], [ -47.4513641, -20.1041864 ], [ -47.4527371, -20.1036196 ], [ -47.4549425, -20.1021146 ], [ -47.4557859, -20.1018087 ], [ -47.4560984, -20.1018885 ], [ -47.4563261, -20.1023472 ], [ -47.4560733, -20.1031531 ], [ -47.4552875, -20.1042584 ], [ -47.4551289, -20.1053985 ], [ -47.4557287, -20.1067787 ], [ -47.4569497, -20.1078133 ], [ -47.4602089, -20.1081879 ], [ -47.4618139, -20.1082515 ], [ -47.4617666, -20.1086057 ], [ -47.4608875, -20.1093768 ], [ -47.4610358, -20.1103872 ], [ -47.462741, -20.1110792 ], [ -47.4644877, -20.1116029 ], [ -47.4653892, -20.1122221 ], [ -47.4654004, -20.1128966 ], [ -47.4657658, -20.1135653 ], [ -47.4666656, -20.1139742 ], [ -47.4678764, -20.114337 ], [ -47.4685415, -20.1141997 ], [ -47.4686779, -20.1143269 ], [ -47.4686078, -20.1145832 ], [ -47.4677702, -20.1161504 ], [ -47.4674747, -20.1172469 ], [ -47.4674897, -20.1182181 ], [ -47.4676374, -20.1190595 ], [ -47.4675521, -20.1193143 ], [ -47.4670643, -20.1194464 ], [ -47.4662634, -20.1194888 ], [ -47.4655002, -20.1192468 ], [ -47.4651922, -20.1193343 ], [ -47.4651072, -20.1196736 ], [ -47.4655174, -20.1202568 ], [ -47.4654786, -20.1206364 ], [ -47.4650357, -20.1208133 ], [ -47.4627198, -20.1209697 ], [ -47.4610321, -20.1214153 ], [ -47.4604954, -20.1212957 ], [ -47.4600847, -20.1208384 ], [ -47.4595462, -20.1196159 ], [ -47.4590462, -20.1190753 ], [ -47.4574288, -20.1182956 ], [ -47.4542353, -20.1165285 ], [ -47.4522084, -20.1149221 ], [ -47.4504708, -20.112122 ], [ -47.4499727, -20.1115823 ], [ -47.4492559, -20.1114228 ], [ -47.4488115, -20.1116824 ], [ -47.4489172, -20.1125653 ], [ -47.448847, -20.1138309 ], [ -47.4505107, -20.1149439 ], [ -47.4510205, -20.1158669 ], [ -47.4525194, -20.1177414 ], [ -47.4531659, -20.1190811 ], [ -47.453503, -20.1206772 ], [ -47.4534795, -20.1221117 ], [ -47.45314, -20.1230429 ], [ -47.4524871, -20.1241468 ], [ -47.4514226, -20.1245416 ], [ -47.4498126, -20.1242691 ], [ -47.4478964, -20.1243402 ], [ -47.4459427, -20.1248288 ], [ -47.4442183, -20.1257366 ], [ -47.4429248, -20.1258398 ], [ -47.4417099, -20.1251378 ], [ -47.4404284, -20.1229666 ], [ -47.4398418, -20.1225521 ], [ -47.4386759, -20.1221468 ], [ -47.4374693, -20.1219116 ], [ -47.4366143, -20.1214171 ], [ -47.4360215, -20.1206249 ], [ -47.4359152, -20.1195307 ], [ -47.4360898, -20.1155242 ], [ -47.4357584, -20.1144334 ], [ -47.4349822, -20.1131797 ], [ -47.434746, -20.1122138 ], [ -47.4342945, -20.1117989 ], [ -47.4334462, -20.1118088 ], [ -47.4330531, -20.1125322 ], [ -47.4328247, -20.1148533 ], [ -47.4331107, -20.1161131 ], [ -47.4328559, -20.116918 ], [ -47.432655, -20.118354 ], [ -47.4320846, -20.1189494 ], [ -47.4310156, -20.1219152 ], [ -47.4304287, -20.1217137 ], [ -47.4274511, -20.1191408 ], [ -47.4259266, -20.1186573 ], [ -47.4241851, -20.1185128 ], [ -47.4233291, -20.117975 ], [ -47.4232325, -20.1174717 ], [ -47.4228677, -20.1169288 ], [ -47.4221981, -20.1168537 ], [ -47.4203203, -20.118062 ], [ -47.418602, -20.1193481 ], [ -47.4177511, -20.1191907 ], [ -47.416758, -20.1183612 ], [ -47.4155908, -20.1178289 ], [ -47.4126881, -20.1175764 ], [ -47.410982, -20.1167949 ], [ -47.4097915, -20.1148364 ], [ -47.4088624, -20.1124885 ], [ -47.4061853, -20.1197749 ], [ -47.3984161, -20.1409199 ], [ -47.3935053, -20.1405652 ], [ -47.3917273, -20.1410974 ], [ -47.3888897, -20.1423989 ], [ -47.385591, -20.1453681 ], [ -47.3841721, -20.1458948 ], [ -47.380419, -20.1454382 ], [ -47.3781739, -20.1445428 ], [ -47.3773694, -20.144554 ], [ -47.3763096, -20.145325 ], [ -47.3761714, -20.147775 ], [ -47.3764712, -20.149962 ], [ -47.3780342, -20.1529744 ], [ -47.3793, -20.1540516 ], [ -47.3819499, -20.1582326 ], [ -47.3844962, -20.1614031 ], [ -47.3842365, -20.1619964 ], [ -47.3831831, -20.1630211 ], [ -47.3819377, -20.1632917 ], [ -47.3793467, -20.1630744 ], [ -47.3762937, -20.1617667 ], [ -47.374579, -20.1605262 ], [ -47.3733071, -20.1590272 ], [ -47.3726759, -20.1586962 ], [ -47.3715154, -20.1585431 ], [ -47.3701864, -20.1590676 ], [ -47.3687643, -20.1595077 ], [ -47.3672456, -20.1593609 ], [ -47.3649956, -20.1581254 ], [ -47.3621055, -20.1558037 ], [ -47.3601332, -20.1551555 ], [ -47.3589829, -20.1558456 ], [ -47.3588306, -20.1574485 ], [ -47.3605169, -20.1628229 ], [ -47.3609091, -20.1652631 ], [ -47.3609464, -20.1676747 ], [ -47.3604631, -20.169586 ], [ -47.3603366, -20.1700836 ], [ -47.3599767, -20.1708258 ], [ -47.3597479, -20.1707121 ], [ -47.3593878, -20.1697694 ], [ -47.3591384, -20.1694886 ], [ -47.3579764, -20.1693453 ], [ -47.3576168, -20.1692239 ], [ -47.3569608, -20.1686215 ], [ -47.3567367, -20.1678132 ], [ -47.3567149, -20.1670863 ], [ -47.3566315, -20.1668873 ], [ -47.3557619, -20.1662642 ], [ -47.3556468, -20.1660208 ], [ -47.3556134, -20.1652297 ], [ -47.3554061, -20.1645218 ], [ -47.3545614, -20.1640345 ], [ -47.354048, -20.1636117 ], [ -47.3533706, -20.1632888 ], [ -47.3528942, -20.1632359 ], [ -47.3518608, -20.1633579 ], [ -47.350052, -20.1629835 ], [ -47.3494877, -20.1625885 ], [ -47.3493269, -20.16225 ], [ -47.3492189, -20.1612107 ], [ -47.3490255, -20.1607613 ], [ -47.3481479, -20.1601478 ], [ -47.3476495, -20.1600275 ], [ -47.3473924, -20.1600619 ], [ -47.3470161, -20.1597934 ], [ -47.3466867, -20.1592787 ], [ -47.3465191, -20.1587395 ], [ -47.3456349, -20.1578328 ], [ -47.3450861, -20.1569602 ], [ -47.3447298, -20.1565838 ], [ -47.3446892, -20.156008 ], [ -47.3453753, -20.1548907 ], [ -47.3453661, -20.154273 ], [ -47.3450776, -20.1537212 ], [ -47.3449421, -20.15299 ], [ -47.344223, -20.1525892 ], [ -47.3440302, -20.1520598 ], [ -47.3434518, -20.1521531 ], [ -47.3433495, -20.1520378 ], [ -47.3433183, -20.1515801 ], [ -47.3431748, -20.151466 ], [ -47.3416722, -20.1510761 ], [ -47.3413638, -20.1512137 ], [ -47.3413276, -20.1514118 ], [ -47.341082, -20.1517171 ], [ -47.3398214, -20.1518027 ], [ -47.339236, -20.1520844 ], [ -47.3387718, -20.1521281 ], [ -47.3382684, -20.151676 ], [ -47.3380467, -20.151328 ], [ -47.3378237, -20.1503158 ], [ -47.3376012, -20.1498096 ], [ -47.3374728, -20.1475887 ], [ -47.3375731, -20.1473229 ], [ -47.3379756, -20.1469319 ], [ -47.339218, -20.1470694 ], [ -47.3399623, -20.1469446 ], [ -47.3401241, -20.1467862 ], [ -47.3399247, -20.1460068 ], [ -47.3397958, -20.1458627 ], [ -47.3394125, -20.1458285 ], [ -47.3392652, -20.1457124 ], [ -47.3391789, -20.1454018 ], [ -47.3384996, -20.1443384 ], [ -47.3384628, -20.1438976 ], [ -47.3395461, -20.1430945 ], [ -47.3400547, -20.1424819 ], [ -47.3405164, -20.1422027 ], [ -47.3408145, -20.1422381 ], [ -47.3408785, -20.1423538 ], [ -47.3405078, -20.1429455 ], [ -47.3406135, -20.1431391 ], [ -47.3407689, -20.1431764 ], [ -47.3412709, -20.1428969 ], [ -47.3420918, -20.1428163 ], [ -47.3423598, -20.1427042 ], [ -47.343034, -20.1421796 ], [ -47.343608, -20.1411066 ], [ -47.3436295, -20.1406455 ], [ -47.3438388, -20.1399578 ], [ -47.3439285, -20.1383203 ], [ -47.3443431, -20.1377095 ], [ -47.3443486, -20.1373098 ], [ -47.3441197, -20.1365266 ], [ -47.3442163, -20.1361456 ], [ -47.3445672, -20.1354561 ], [ -47.344566, -20.1352817 ], [ -47.3443643, -20.1349605 ], [ -47.3436763, -20.1346183 ], [ -47.343494, -20.1342691 ], [ -47.343416, -20.1337629 ], [ -47.3431013, -20.1334644 ], [ -47.3429509, -20.1331532 ], [ -47.3430408, -20.1328403 ], [ -47.3438333, -20.1325933 ], [ -47.3439011, -20.1323487 ], [ -47.3438045, -20.1321447 ], [ -47.343, -20.1315942 ], [ -47.3425523, -20.131385 ], [ -47.3421489, -20.1313492 ], [ -47.3420336, -20.1312254 ], [ -47.3419772, -20.1307964 ], [ -47.3417661, -20.1305845 ], [ -47.3403588, -20.1305442 ], [ -47.3395687, -20.1303303 ], [ -47.3390694, -20.1300536 ], [ -47.3384819, -20.1295094 ], [ -47.3379948, -20.12935 ], [ -47.3371402, -20.1284022 ], [ -47.3357031, -20.1272213 ], [ -47.33551, -20.1266982 ], [ -47.3355219, -20.1261487 ], [ -47.3357407, -20.1256178 ], [ -47.3367207, -20.1246086 ], [ -47.3368785, -20.1241374 ], [ -47.3364367, -20.1223064 ], [ -47.336533, -20.1217978 ], [ -47.3371141, -20.120558 ], [ -47.3370909, -20.1202713 ], [ -47.3367499, -20.119669 ], [ -47.3360603, -20.11921 ], [ -47.3317261, -20.1171536 ], [ -47.330684, -20.1165645 ], [ -47.329182, -20.1153164 ], [ -47.3288263, -20.1155097 ], [ -47.326538, -20.1157346 ], [ -47.3232893, -20.1167535 ], [ -47.3164798, -20.1217988 ], [ -47.3096734, -20.1244984 ], [ -47.3087373, -20.1258208 ], [ -47.3071556, -20.1310269 ], [ -47.3058711, -20.1332643 ], [ -47.2980114, -20.1429477 ], [ -47.2964016, -20.1458881 ], [ -47.2930069, -20.1486619 ], [ -47.2890447, -20.1513621 ], [ -47.2872324, -20.1521012 ], [ -47.2852059, -20.1518096 ], [ -47.2794279, -20.1524288 ], [ -47.2754676, -20.1544754 ], [ -47.2714848, -20.1557434 ], [ -47.2714812, -20.1557445 ], [ -47.2684975, -20.1566941 ], [ -47.2617804, -20.1599249 ], [ -47.2570443, -20.166204 ], [ -47.2565582, -20.1701911 ], [ -47.2573479, -20.1846702 ], [ -47.2558673, -20.1907713 ], [ -47.2541008, -20.1943303 ], [ -47.2505709, -20.1996702 ], [ -47.2441844, -20.2056438 ], [ -47.2401269, -20.2088679 ], [ -47.2310736, -20.2191522 ], [ -47.2324319, -20.2246562 ], [ -47.2325295, -20.2266853 ], [ -47.2325698, -20.2275223 ], [ -47.2359009, -20.2320858 ], [ -47.2373173, -20.235221 ], [ -47.2380122, -20.2403016 ], [ -47.239102, -20.2435681 ], [ -47.2416627, -20.2461182 ], [ -47.242283, -20.2501187 ], [ -47.2436255, -20.2511441 ], [ -47.2434708, -20.2517168 ], [ -47.2433161, -20.2522895 ], [ -47.2448105, -20.2535894 ], [ -47.2459834, -20.2566237 ], [ -47.2473518, -20.2586438 ], [ -47.2473759, -20.2598972 ], [ -47.2462664, -20.2614442 ], [ -47.2469797, -20.2623781 ], [ -47.2485138, -20.2632087 ], [ -47.2512678, -20.2621757 ], [ -47.252111, -20.2635396 ], [ -47.2528741, -20.263638 ], [ -47.253596, -20.2644195 ], [ -47.2548509, -20.2675557 ], [ -47.2574307, -20.2694344 ], [ -47.2578184, -20.2708779 ], [ -47.2587049, -20.2719963 ], [ -47.2582379, -20.2722929 ], [ -47.2582122, -20.2733252 ], [ -47.2587061, -20.274992 ], [ -47.2602329, -20.2748465 ], [ -47.2603407, -20.2755407 ], [ -47.2595747, -20.2759498 ], [ -47.2599025, -20.276763 ], [ -47.261032, -20.2770074 ], [ -47.2604338, -20.2775686 ], [ -47.2623438, -20.2794099 ], [ -47.2635667, -20.2795106 ], [ -47.2626956, -20.2802447 ], [ -47.2634712, -20.2810282 ], [ -47.2640942, -20.2803842 ], [ -47.2641854, -20.2802899 ], [ -47.2645943, -20.2804943 ], [ -47.2649296, -20.2815539 ], [ -47.2646259, -20.2825702 ], [ -47.2650262, -20.2829719 ], [ -47.2658462, -20.2821137 ], [ -47.2671177, -20.2831282 ], [ -47.2680354, -20.2822252 ], [ -47.26885, -20.2828386 ], [ -47.2699275, -20.2828258 ], [ -47.2692716, -20.2839437 ], [ -47.2695186, -20.2845453 ], [ -47.2709277, -20.2845946 ], [ -47.2725852, -20.2856571 ], [ -47.2712073, -20.2867223 ], [ -47.2725704, -20.2872147 ], [ -47.2730451, -20.2882652 ], [ -47.2743241, -20.2877597 ], [ -47.275022, -20.2896095 ], [ -47.2767287, -20.291638 ], [ -47.2773361, -20.292017 ], [ -47.2777657, -20.2924054 ], [ -47.278564, -20.2928222 ], [ -47.2789883, -20.2928501 ], [ -47.2793906, -20.2927648 ], [ -47.2801212, -20.2923336 ], [ -47.2804544, -20.2919851 ], [ -47.2808589, -20.2913392 ], [ -47.2816214, -20.2907896 ], [ -47.2822448, -20.2899346 ], [ -47.282467, -20.2897822 ], [ -47.2826711, -20.2897163 ], [ -47.2837949, -20.2898059 ], [ -47.2843804, -20.2896054 ], [ -47.2844653, -20.2892816 ], [ -47.2843933, -20.2886885 ], [ -47.2844532, -20.2883008 ], [ -47.2847951, -20.2875069 ], [ -47.2861051, -20.2859053 ], [ -47.2878413, -20.2847512 ], [ -47.2884081, -20.2839632 ], [ -47.2888614, -20.2826308 ], [ -47.2890417, -20.2823618 ], [ -47.2896231, -20.2819006 ], [ -47.2903029, -20.2815769 ], [ -47.2905461, -20.2808269 ], [ -47.2908607, -20.2803105 ], [ -47.2920486, -20.2798022 ], [ -47.2926188, -20.2792884 ], [ -47.2932507, -20.278501 ], [ -47.2940121, -20.2778857 ], [ -47.2948129, -20.2776682 ], [ -47.2959259, -20.2775623 ], [ -47.2971857, -20.2771421 ], [ -47.298012, -20.2765984 ], [ -47.2984556, -20.2761337 ], [ -47.2993362, -20.275486 ], [ -47.3008693, -20.2746143 ], [ -47.3010699, -20.2744072 ], [ -47.3013876, -20.2737696 ], [ -47.3016513, -20.2734992 ], [ -47.3019249, -20.273329 ], [ -47.3030098, -20.2730764 ], [ -47.3045452, -20.2721733 ], [ -47.3049553, -20.2721278 ], [ -47.3051942, -20.2722312 ], [ -47.3073478, -20.2741228 ], [ -47.3108022, -20.2738172 ], [ -47.3142512, -20.273772 ], [ -47.317066, -20.2742607 ], [ -47.3195971, -20.2743072 ], [ -47.3210417, -20.2746666 ], [ -47.3216497, -20.2749197 ], [ -47.3230136, -20.2757083 ], [ -47.3238451, -20.2760435 ], [ -47.3243284, -20.276167 ], [ -47.3248433, -20.2761577 ], [ -47.3261282, -20.2759539 ], [ -47.3271303, -20.2754868 ], [ -47.3292385, -20.2734666 ], [ -47.3297067, -20.2731599 ], [ -47.3310064, -20.2727463 ], [ -47.3312513, -20.272575 ], [ -47.3318481, -20.2718409 ], [ -47.3323673, -20.2714607 ], [ -47.3329353, -20.2712863 ], [ -47.3345888, -20.2713533 ], [ -47.3349974, -20.2712304 ], [ -47.3354265, -20.2706526 ], [ -47.3358669, -20.2686491 ], [ -47.3361188, -20.2684035 ], [ -47.3364064, -20.2682876 ], [ -47.3368532, -20.2683018 ], [ -47.3386119, -20.2699832 ], [ -47.3392548, -20.2704505 ], [ -47.3421727, -20.2715268 ], [ -47.343234, -20.272382 ], [ -47.3435291, -20.2725153 ], [ -47.3437857, -20.2725196 ], [ -47.3444452, -20.2721959 ], [ -47.3451414, -20.2715545 ], [ -47.3452774, -20.2712648 ], [ -47.3452987, -20.2707238 ], [ -47.345059, -20.2697882 ], [ -47.3452944, -20.2695706 ], [ -47.3457983, -20.2695043 ], [ -47.3463292, -20.2698128 ], [ -47.3469201, -20.2706457 ], [ -47.347264, -20.2714747 ], [ -47.3484327, -20.2732442 ], [ -47.3512542, -20.2770675 ], [ -47.3516731, -20.277175 ], [ -47.3526237, -20.277103 ], [ -47.3542279, -20.276601 ], [ -47.3553698, -20.2764922 ], [ -47.3570595, -20.2769235 ], [ -47.3574559, -20.2769303 ], [ -47.3582344, -20.2767143 ], [ -47.3589086, -20.2763389 ], [ -47.3593105, -20.2758805 ], [ -47.3614401, -20.2753011 ], [ -47.3629133, -20.2747231 ], [ -47.3646483, -20.2736714 ], [ -47.3664742, -20.2717199 ], [ -47.3669386, -20.2715011 ], [ -47.3671272, -20.2715729 ], [ -47.3678938, -20.2726684 ], [ -47.3680874, -20.2732051 ], [ -47.3681358, -20.2745163 ], [ -47.3681624, -20.2752182 ], [ -47.3677785, -20.2761303 ], [ -47.3666807, -20.2776536 ], [ -47.3665118, -20.2779959 ], [ -47.3664709, -20.2785291 ], [ -47.3668105, -20.2788321 ], [ -47.368127, -20.2790533 ], [ -47.3703414, -20.2796301 ], [ -47.3709725, -20.2802407 ], [ -47.3724323, -20.2810334 ], [ -47.3733267, -20.2818076 ], [ -47.3730551, -20.282537 ], [ -47.3723006, -20.2835133 ], [ -47.3716382, -20.2851366 ], [ -47.3703083, -20.2902296 ], [ -47.3701283, -20.2914172 ], [ -47.3701734, -20.2920651 ], [ -47.3703104, -20.2923803 ], [ -47.3708916, -20.292971 ], [ -47.3709599, -20.2929938 ], [ -47.3710604, -20.2930274 ], [ -47.3717947, -20.2932728 ], [ -47.3721464, -20.2932951 ], [ -47.3745748, -20.2925426 ], [ -47.3773974, -20.2914446 ], [ -47.3799081, -20.2911903 ], [ -47.3807473, -20.291238 ], [ -47.3824585, -20.2918443 ], [ -47.3838747, -20.2920233 ], [ -47.3853397, -20.2926293 ], [ -47.3864495, -20.292909 ], [ -47.3872669, -20.2931151 ], [ -47.3877412, -20.2932965 ], [ -47.3886802, -20.2938808 ], [ -47.3895868, -20.2941225 ], [ -47.390158, -20.2947272 ], [ -47.3915728, -20.2956817 ], [ -47.4116786, -20.3112363 ], [ -47.4117525, -20.3112935 ], [ -47.4135022, -20.3126472 ], [ -47.4135656, -20.3126962 ], [ -47.421305, -20.3186837 ], [ -47.4223265, -20.3189556 ], [ -47.4233055, -20.319438 ], [ -47.4240393, -20.3199184 ], [ -47.4248894, -20.3201659 ], [ -47.4262602, -20.3202225 ], [ -47.4272033, -20.3204016 ], [ -47.4280077, -20.3203238 ], [ -47.4289339, -20.3199504 ], [ -47.4293906, -20.3198704 ], [ -47.4340712, -20.3180311 ], [ -47.4344724, -20.3177683 ], [ -47.4348062, -20.317353 ], [ -47.4355953, -20.3168917 ], [ -47.436636, -20.3166421 ], [ -47.4386391, -20.3166341 ], [ -47.4398551, -20.3163649 ], [ -47.4401865, -20.3159396 ], [ -47.4403823, -20.3158175 ], [ -47.4413656, -20.3154524 ], [ -47.4426325, -20.3133219 ], [ -47.4430047, -20.3124963 ], [ -47.4437888, -20.311518 ], [ -47.4444288, -20.3109756 ], [ -47.4449914, -20.3107701 ], [ -47.4462298, -20.3107389 ], [ -47.4475209, -20.3110935 ], [ -47.4482426, -20.3112031 ], [ -47.4487783, -20.3111556 ], [ -47.449267, -20.3109752 ], [ -47.4500258, -20.310501 ], [ -47.453363, -20.309216 ], [ -47.4540544, -20.3091806 ], [ -47.4545936, -20.3092788 ], [ -47.4553468, -20.3095954 ], [ -47.4574068, -20.3100783 ], [ -47.4576666, -20.310301 ], [ -47.4604991, -20.3142792 ], [ -47.4623341, -20.3089169 ], [ -47.4636861, -20.3078733 ], [ -47.4646005, -20.3075944 ], [ -47.465118, -20.307593 ], [ -47.466499, -20.3081341 ], [ -47.4684002, -20.3096105 ], [ -47.4699455, -20.3106647 ], [ -47.4708915, -20.3111815 ], [ -47.4714016, -20.3112886 ], [ -47.4720341, -20.3116967 ], [ -47.4745362, -20.3123082 ], [ -47.4760328, -20.3121543 ], [ -47.4765734, -20.3121941 ], [ -47.4781099, -20.3126178 ], [ -47.4789715, -20.3127505 ], [ -47.48069, -20.313358 ], [ -47.4817304, -20.3136158 ], [ -47.483476, -20.3134181 ], [ -47.4845431, -20.3130163 ], [ -47.4851926, -20.3126556 ], [ -47.4855649, -20.3125768 ], [ -47.4860362, -20.3126033 ], [ -47.4899001, -20.3142852 ], [ -47.4910513, -20.3145282 ], [ -47.4919663, -20.3145756 ], [ -47.4937622, -20.3143904 ], [ -47.4946368, -20.3144443 ], [ -47.4948639, -20.3145587 ], [ -47.4950807, -20.3149173 ], [ -47.4953817, -20.3158965 ], [ -47.4957063, -20.3163831 ], [ -47.4959998, -20.316651 ], [ -47.4962355, -20.3167416 ], [ -47.4972938, -20.3169398 ], [ -47.4975166, -20.3168824 ], [ -47.4980496, -20.3164887 ], [ -47.4982951, -20.3161643 ], [ -47.4987169, -20.3155884 ], [ -47.4991669, -20.3153938 ], [ -47.5006063, -20.3163036 ], [ -47.501599, -20.3163529 ], [ -47.5020575, -20.3165478 ], [ -47.5028637, -20.3167008 ], [ -47.5034621, -20.3165746 ], [ -47.5037304, -20.3164146 ], [ -47.5039129, -20.3162676 ], [ -47.504499, -20.3148124 ], [ -47.5045829, -20.3134043 ], [ -47.5046226, -20.3131892 ], [ -47.5048421, -20.3128665 ], [ -47.5057896, -20.3121401 ], [ -47.5062032, -20.3119882 ], [ -47.5065342, -20.3125964 ], [ -47.5069421, -20.31258 ], [ -47.5070829, -20.3124683 ], [ -47.5071226, -20.3120473 ], [ -47.5067482, -20.3114681 ], [ -47.5067286, -20.3109281 ], [ -47.5069087, -20.3106795 ], [ -47.5075138, -20.3103692 ], [ -47.5076388, -20.3102219 ], [ -47.5074965, -20.3098688 ], [ -47.50695, -20.3096464 ], [ -47.5067885, -20.3093384 ], [ -47.5068048, -20.3092006 ], [ -47.5072403, -20.3090755 ], [ -47.5076392, -20.3091604 ], [ -47.5079596, -20.3091057 ] ] ] ] } },
{ "type": "Feature", "properties": { "CD_MUN": "3527603", "NM_MUN": "Luís Antônio", "CD_RGI": "350031", "NM_RGI": "Ribeirão Preto", "CD_RGINT": "3508", "NM_RGINT": "Ribeirão Preto", "CD_UF": "35", "NM_UF": "São Paulo", "SIGLA_UF": "SP", "CD_REGIA": "3", "NM_REGIA": "Sudeste", "SIGLA_RG": "SE", "CD_CONCU": null, "NM_CONCU": null, "AREA_KM2": 598.257 }, "geometry": { "type": "MultiPolygon", "coordinates": [ [ [ [ -47.8975787, -21.4137052 ], [ -47.89765, -21.413382 ], [ -47.897689, -21.412941 ], [ -47.897862, -21.412204 ], [ -47.898385, -21.410903 ], [ -47.898501, -21.410461 ], [ -47.898637, -21.410165 ], [ -47.898818, -21.409869 ], [ -47.899201, -21.409363 ], [ -47.899289, -21.409068 ], [ -47.89927, -21.408895 ], [ -47.898914, -21.408341 ], [ -47.898705, -21.408052 ], [ -47.898471, -21.407322 ], [ -47.898294, -21.406327 ], [ -47.898179, -21.406007 ], [ -47.897934, -21.405504 ], [ -47.897795, -21.404839 ], [ -47.897532, -21.404227 ], [ -47.896749, -21.402656 ], [ -47.896443, -21.401487 ], [ -47.8963844, -21.4006276 ], [ -47.896384, -21.400021 ], [ -47.896562, -21.399518 ], [ -47.896619, -21.399224 ], [ -47.896767, -21.398781 ], [ -47.896964, -21.397633 ], [ -47.897082, -21.397338 ], [ -47.897163, -21.396602 ], [ -47.89722, -21.396308 ], [ -47.897428, -21.395776 ], [ -47.897513, -21.395306 ], [ -47.897468, -21.394631 ], [ -47.8970929, -21.3936584 ], [ -47.8970441, -21.3934434 ], [ -47.89707, -21.3932679 ], [ -47.8976198, -21.3927192 ], [ -47.897895, -21.392452 ], [ -47.897846, -21.391514 ], [ -47.897738, -21.390841 ], [ -47.897705, -21.390768 ], [ -47.897727, -21.390224 ], [ -47.897809, -21.389694 ], [ -47.898247, -21.388806 ], [ -47.898319, -21.388512 ], [ -47.898344, -21.388188 ], [ -47.898404, -21.388012 ], [ -47.898646, -21.387626 ], [ -47.898998, -21.387179 ], [ -47.899208, -21.386736 ], [ -47.899334, -21.385941 ], [ -47.899289, -21.385267 ], [ -47.899123, -21.384829 ], [ -47.899106, -21.384809 ], [ -47.898185, -21.383719 ], [ -47.897862, -21.383453 ], [ -47.897366, -21.383214 ], [ -47.897012, -21.382851 ], [ -47.896649, -21.382368 ], [ -47.896141, -21.381994 ], [ -47.895896, -21.381691 ], [ -47.895651, -21.381215 ], [ -47.895521, -21.381084 ], [ -47.895242, -21.380884 ], [ -47.895107, -21.380722 ], [ -47.894949, -21.380401 ], [ -47.894768, -21.380636 ], [ -47.894652, -21.380691 ], [ -47.894264, -21.380731 ], [ -47.893875, -21.380826 ], [ -47.893845, -21.3809 ], [ -47.893782, -21.380916 ], [ -47.893372, -21.381554 ], [ -47.893234, -21.381689 ], [ -47.893014, -21.381721 ], [ -47.892712, -21.381521 ], [ -47.892524, -21.381451 ], [ -47.892262, -21.381511 ], [ -47.892171, -21.381614 ], [ -47.892098, -21.381828 ], [ -47.892186, -21.382379 ], [ -47.89217, -21.38253 ], [ -47.89207, -21.38267 ], [ -47.891877, -21.382851 ], [ -47.891597, -21.383034 ], [ -47.891431, -21.383099 ], [ -47.891217, -21.383137 ], [ -47.891021, -21.383135 ], [ -47.890725, -21.383199 ], [ -47.890524, -21.383349 ], [ -47.890299, -21.3838 ], [ -47.890118, -21.38407 ], [ -47.889954, -21.384198 ], [ -47.889876, -21.384208 ], [ -47.889747, -21.38413 ], [ -47.889421, -21.383795 ], [ -47.889342, -21.383781 ], [ -47.889202, -21.383842 ], [ -47.889002, -21.384006 ], [ -47.888759, -21.384392 ], [ -47.888561, -21.384645 ], [ -47.888342, -21.384722 ], [ -47.888297, -21.384811 ], [ -47.888255, -21.385061 ], [ -47.888435, -21.385454 ], [ -47.888436, -21.385513 ], [ -47.888189, -21.385664 ], [ -47.887812, -21.385655 ], [ -47.887625, -21.385717 ], [ -47.887281, -21.385723 ], [ -47.887092, -21.385683 ], [ -47.886696, -21.385252 ], [ -47.886528, -21.385131 ], [ -47.886082, -21.384942 ], [ -47.885962, -21.384811 ], [ -47.885807, -21.384343 ], [ -47.885721, -21.38418 ], [ -47.88562, -21.384094 ], [ -47.885619, -21.384065 ], [ -47.885288, -21.383953 ], [ -47.885114, -21.383845 ], [ -47.884953, -21.383688 ], [ -47.884722, -21.383291 ], [ -47.884541, -21.383081 ], [ -47.884362, -21.382977 ], [ -47.88423, -21.382975 ], [ -47.884037, -21.383112 ], [ -47.883829, -21.383461 ], [ -47.883616, -21.383652 ], [ -47.88348, -21.383708 ], [ -47.883295, -21.383738 ], [ -47.882859, -21.383741 ], [ -47.882567, -21.383836 ], [ -47.882383, -21.38399 ], [ -47.882255, -21.384357 ], [ -47.882082, -21.384736 ], [ -47.881918, -21.384881 ], [ -47.881725, -21.384991 ], [ -47.881578, -21.38502 ], [ -47.881194, -21.384921 ], [ -47.880728, -21.384889 ], [ -47.880455, -21.384982 ], [ -47.880379, -21.38509 ], [ -47.880412, -21.385223 ], [ -47.880481, -21.385284 ], [ -47.880895, -21.385402 ], [ -47.880964, -21.385462 ], [ -47.880966, -21.385552 ], [ -47.880706, -21.385823 ], [ -47.880611, -21.385877 ], [ -47.879549, -21.385964 ], [ -47.879373, -21.386002 ], [ -47.879084, -21.386221 ], [ -47.878926, -21.386424 ], [ -47.878785, -21.386702 ], [ -47.878591, -21.386865 ], [ -47.878415, -21.38686 ], [ -47.878355, -21.386807 ], [ -47.878333, -21.386684 ], [ -47.878408, -21.385962 ], [ -47.878376, -21.385881 ], [ -47.878277, -21.38583 ], [ -47.878101, -21.385842 ], [ -47.878029, -21.385919 ], [ -47.877861, -21.386349 ], [ -47.877784, -21.386422 ], [ -47.877491, -21.386497 ], [ -47.876144, -21.386473 ], [ -47.87568, -21.386601 ], [ -47.875367, -21.386641 ], [ -47.875303, -21.386812 ], [ -47.875664, -21.38725 ], [ -47.875665, -21.387304 ], [ -47.875548, -21.38735 ], [ -47.875449, -21.387325 ], [ -47.875031, -21.386967 ], [ -47.874938, -21.386956 ], [ -47.874734, -21.387057 ], [ -47.8745, -21.387613 ], [ -47.874288, -21.387848 ], [ -47.874076, -21.388029 ], [ -47.873888, -21.388134 ], [ -47.873722, -21.388164 ], [ -47.873545, -21.388158 ], [ -47.873436, -21.388106 ], [ -47.873385, -21.388037 ], [ -47.873279, -21.387593 ], [ -47.873237, -21.386945 ], [ -47.873191, -21.386887 ], [ -47.873113, -21.386854 ], [ -47.872986, -21.386891 ], [ -47.872553, -21.387386 ], [ -47.872493, -21.387504 ], [ -47.872353, -21.38758 ], [ -47.871984, -21.387924 ], [ -47.871958, -21.388158 ], [ -47.872132, -21.388258 ], [ -47.872539, -21.388266 ], [ -47.872636, -21.388338 ], [ -47.872687, -21.388714 ], [ -47.87265, -21.388831 ], [ -47.872535, -21.388985 ], [ -47.872323, -21.389156 ], [ -47.872119, -21.389249 ], [ -47.871749, -21.389337 ], [ -47.87157, -21.389414 ], [ -47.871493, -21.389504 ], [ -47.871314, -21.389908 ], [ -47.87117, -21.390044 ], [ -47.871044, -21.390099 ], [ -47.870614, -21.390196 ], [ -47.870533, -21.390273 ], [ -47.870304, -21.390624 ], [ -47.870207, -21.390715 ], [ -47.87013, -21.390733 ], [ -47.870041, -21.390699 ], [ -47.869911, -21.390568 ], [ -47.869872, -21.390089 ], [ -47.869793, -21.390019 ], [ -47.869694, -21.389985 ], [ -47.869016, -21.390116 ], [ -47.868467, -21.390117 ], [ -47.867913, -21.390033 ], [ -47.867755, -21.390035 ], [ -47.867619, -21.390073 ], [ -47.866849, -21.390563 ], [ -47.866783, -21.390687 ], [ -47.866635, -21.391153 ], [ -47.866718, -21.391646 ], [ -47.866671, -21.391762 ], [ -47.866528, -21.391951 ], [ -47.866066, -21.392377 ], [ -47.865925, -21.392429 ], [ -47.86565, -21.392407 ], [ -47.865203, -21.39212 ], [ -47.865066, -21.392123 ], [ -47.86478, -21.392283 ], [ -47.864662, -21.392276 ], [ -47.864087, -21.391939 ], [ -47.863857, -21.391938 ], [ -47.863653, -21.392004 ], [ -47.863595, -21.392076 ], [ -47.863598, -21.392192 ], [ -47.863659, -21.392298 ], [ -47.863958, -21.392603 ], [ -47.863999, -21.392701 ], [ -47.864001, -21.392817 ], [ -47.863895, -21.392926 ], [ -47.863532, -21.393123 ], [ -47.863455, -21.393195 ], [ -47.863427, -21.393275 ], [ -47.863431, -21.393516 ], [ -47.863563, -21.393967 ], [ -47.863611, -21.393995 ], [ -47.863661, -21.3942 ], [ -47.863989, -21.394942 ], [ -47.864425, -21.395581 ], [ -47.864902, -21.395983 ], [ -47.865329, -21.396196 ], [ -47.86568, -21.396426 ], [ -47.865712, -21.396528 ], [ -47.865687, -21.396791 ], [ -47.865504, -21.397059 ], [ -47.864509, -21.397458 ], [ -47.864199, -21.397684 ], [ -47.8642, -21.397742 ], [ -47.864053, -21.397932 ], [ -47.863929, -21.398092 ], [ -47.863786, -21.398352 ], [ -47.863704, -21.398647 ], [ -47.863687, -21.399526 ], [ -47.863748, -21.400259 ], [ -47.863946, -21.400781 ], [ -47.864296, -21.401376 ], [ -47.864527, -21.401901 ], [ -47.864582, -21.402168 ], [ -47.864544, -21.402556 ], [ -47.864468, -21.402646 ], [ -47.863991, -21.40285 ], [ -47.863582, -21.402954 ], [ -47.863293, -21.402981 ], [ -47.862999, -21.40296 ], [ -47.862811, -21.402882 ], [ -47.862553, -21.402709 ], [ -47.862371, -21.402672 ], [ -47.862294, -21.402691 ], [ -47.862139, -21.402869 ], [ -47.861788, -21.403404 ], [ -47.861511, -21.403687 ], [ -47.86153, -21.403818 ], [ -47.861579, -21.403891 ], [ -47.861897, -21.404136 ], [ -47.862238, -21.40455 ], [ -47.86227, -21.40463 ], [ -47.862251, -21.404711 ], [ -47.862166, -21.40481 ], [ -47.862048, -21.40483 ], [ -47.86183, -21.404753 ], [ -47.861798, -21.404665 ], [ -47.861575, -21.404508 ], [ -47.86104, -21.404429 ], [ -47.860727, -21.404435 ], [ -47.860571, -21.404466 ], [ -47.860383, -21.404455 ], [ -47.860335, -21.404412 ], [ -47.860224, -21.404399 ], [ -47.85975, -21.404158 ], [ -47.859561, -21.404102 ], [ -47.859373, -21.40412 ], [ -47.859155, -21.404212 ], [ -47.859034, -21.404405 ], [ -47.859035, -21.404478 ], [ -47.858945, -21.404655 ], [ -47.858785, -21.405303 ], [ -47.858679, -21.405496 ], [ -47.858367, -21.405576 ], [ -47.858135, -21.405711 ], [ -47.85773, -21.406672 ], [ -47.857547, -21.406909 ], [ -47.857281, -21.406929 ], [ -47.857073, -21.406683 ], [ -47.857072, -21.406639 ], [ -47.856945, -21.406554 ], [ -47.856756, -21.406557 ], [ -47.856634, -21.406661 ], [ -47.856273, -21.40749 ], [ -47.856135, -21.407595 ], [ -47.856072, -21.407595 ], [ -47.856057, -21.40764 ], [ -47.855807, -21.407659 ], [ -47.855303, -21.40752 ], [ -47.854768, -21.407442 ], [ -47.854266, -21.40748 ], [ -47.853924, -21.407573 ], [ -47.853612, -21.407579 ], [ -47.853377, -21.407642 ], [ -47.85313, -21.407837 ], [ -47.852994, -21.408088 ], [ -47.852825, -21.408266 ], [ -47.852593, -21.408403 ], [ -47.852406, -21.40845 ], [ -47.852188, -21.408556 ], [ -47.852143, -21.40866 ], [ -47.852112, -21.408661 ], [ -47.851883, -21.408973 ], [ -47.85171, -21.408991 ], [ -47.851694, -21.408947 ], [ -47.851632, -21.408934 ], [ -47.851385, -21.40835 ], [ -47.850987, -21.407976 ], [ -47.850647, -21.407452 ], [ -47.850505, -21.407426 ], [ -47.850349, -21.407443 ], [ -47.850271, -21.407489 ], [ -47.850213, -21.40771 ], [ -47.850234, -21.408003 ], [ -47.850206, -21.408107 ], [ -47.849974, -21.408315 ], [ -47.849769, -21.408319 ], [ -47.849706, -21.408288 ], [ -47.849595, -21.40813 ], [ -47.849436, -21.408044 ], [ -47.849358, -21.408045 ], [ -47.849174, -21.408242 ], [ -47.849195, -21.408579 ], [ -47.849124, -21.408932 ], [ -47.848928, -21.409258 ], [ -47.848558, -21.409601 ], [ -47.848137, -21.40977 ], [ -47.848048, -21.410006 ], [ -47.84805, -21.41008 ], [ -47.848114, -21.410181 ], [ -47.848273, -21.410311 ], [ -47.848402, -21.4105 ], [ -47.848404, -21.410631 ], [ -47.848268, -21.410869 ], [ -47.848337, -21.411176 ], [ -47.848325, -21.411322 ], [ -47.848264, -21.41147 ], [ -47.848051, -21.411753 ], [ -47.847929, -21.411975 ], [ -47.847966, -21.412268 ], [ -47.848014, -21.412311 ], [ -47.848016, -21.41237 ], [ -47.84813, -21.412617 ], [ -47.848117, -21.412793 ], [ -47.847979, -21.412899 ], [ -47.847792, -21.412975 ], [ -47.847761, -21.41302 ], [ -47.847707, -21.413461 ], [ -47.847342, -21.41401 ], [ -47.847158, -21.414174 ], [ -47.847143, -21.41422 ], [ -47.84708, -21.41422 ], [ -47.847065, -21.414264 ], [ -47.846595, -21.414243 ], [ -47.846501, -21.414288 ], [ -47.846505, -21.414465 ], [ -47.846569, -21.414639 ], [ -47.846591, -21.414698 ], [ -47.846585, -21.414911 ], [ -47.84649, -21.415046 ], [ -47.846362, -21.414986 ], [ -47.846228, -21.414807 ], [ -47.846102, -21.41475 ], [ -47.845915, -21.414768 ], [ -47.845499, -21.415113 ], [ -47.845171, -21.415192 ], [ -47.844843, -21.415227 ], [ -47.844749, -21.415271 ], [ -47.844772, -21.415668 ], [ -47.844699, -21.415919 ], [ -47.844491, -21.416113 ], [ -47.844467, -21.416327 ], [ -47.844508, -21.416424 ], [ -47.844777, -21.416677 ], [ -47.84487, -21.416863 ], [ -47.844842, -21.416997 ], [ -47.844667, -21.417325 ], [ -47.84467, -21.417476 ], [ -47.844877, -21.41757 ], [ -47.845301, -21.417616 ], [ -47.84542, -21.417704 ], [ -47.84545, -21.417774 ], [ -47.845413, -21.417891 ], [ -47.845326, -21.417944 ], [ -47.845228, -21.417947 ], [ -47.845071, -21.417895 ], [ -47.844865, -21.417926 ], [ -47.844826, -21.417962 ], [ -47.844767, -21.418154 ], [ -47.844808, -21.418269 ], [ -47.844987, -21.4184 ], [ -47.84552, -21.418596 ], [ -47.845671, -21.418727 ], [ -47.845842, -21.41899 ], [ -47.846438, -21.42015 ], [ -47.846921, -21.420538 ], [ -47.847421, -21.421245 ], [ -47.847796, -21.421382 ], [ -47.847974, -21.421494 ], [ -47.848094, -21.421634 ], [ -47.848166, -21.421785 ], [ -47.848159, -21.421901 ], [ -47.848084, -21.422079 ], [ -47.848096, -21.42244 ], [ -47.848239, -21.422766 ], [ -47.848202, -21.422883 ], [ -47.848077, -21.422947 ], [ -47.847832, -21.423013 ], [ -47.847244, -21.422996 ], [ -47.847197, -21.423068 ], [ -47.847169, -21.423429 ], [ -47.847073, -21.423555 ], [ -47.846793, -21.423729 ], [ -47.846709, -21.424006 ], [ -47.846584, -21.424115 ], [ -47.846449, -21.42417 ], [ -47.84559, -21.424136 ], [ -47.845355, -21.424158 ], [ -47.84521, -21.424213 ], [ -47.844685, -21.424689 ], [ -47.844491, -21.424782 ], [ -47.843783, -21.424878 ], [ -47.843667, -21.424951 ], [ -47.843561, -21.425077 ], [ -47.843506, -21.425265 ], [ -47.843472, -21.425559 ], [ -47.843492, -21.426337 ], [ -47.843419, -21.426552 ], [ -47.843294, -21.426715 ], [ -47.843188, -21.426797 ], [ -47.843011, -21.4268 ], [ -47.842745, -21.426725 ], [ -47.842122, -21.427148 ], [ -47.84184, -21.427268 ], [ -47.84114, -21.427329 ], [ -47.839899, -21.427784 ], [ -47.839336, -21.42807 ], [ -47.838551, -21.428395 ], [ -47.838058, -21.428496 ], [ -47.837911, -21.428499 ], [ -47.837763, -21.428448 ], [ -47.837692, -21.428379 ], [ -47.837578, -21.427998 ], [ -47.837435, -21.42796 ], [ -47.837192, -21.428053 ], [ -47.83667, -21.427902 ], [ -47.836551, -21.427824 ], [ -47.836195, -21.427417 ], [ -47.835699, -21.427096 ], [ -47.835538, -21.426867 ], [ -47.835479, -21.426179 ], [ -47.835438, -21.426038 ], [ -47.835287, -21.425844 ], [ -47.834984, -21.425632 ], [ -47.834789, -21.425661 ], [ -47.834576, -21.425825 ], [ -47.834499, -21.425835 ], [ -47.834439, -21.4258 ], [ -47.834388, -21.425712 ], [ -47.834361, -21.42534 ], [ -47.834281, -21.425243 ], [ -47.834117, -21.425161 ], [ -47.83393, -21.425111 ], [ -47.833811, -21.425033 ], [ -47.833621, -21.424796 ], [ -47.83318, -21.424585 ], [ -47.832826, -21.424058 ], [ -47.832707, -21.423998 ], [ -47.832589, -21.423981 ], [ -47.832249, -21.424076 ], [ -47.832009, -21.424076 ], [ -47.831919, -21.424015 ], [ -47.831729, -21.423779 ], [ -47.83157, -21.423648 ], [ -47.831363, -21.423625 ], [ -47.831088, -21.423839 ], [ -47.830979, -21.423858 ], [ -47.830892, -21.423833 ], [ -47.830832, -21.423781 ], [ -47.83083, -21.423692 ], [ -47.830971, -21.423378 ], [ -47.830939, -21.423219 ], [ -47.83082, -21.423167 ], [ -47.830732, -21.423169 ], [ -47.830528, -21.42327 ], [ -47.830399, -21.423218 ], [ -47.83017, -21.422992 ], [ -47.830057, -21.422945 ], [ -47.829574, -21.422882 ], [ -47.8295712, -21.4231303 ], [ -47.8241261, -21.4221428 ], [ -47.8214443, -21.4213474 ], [ -47.8205478, -21.4213172 ], [ -47.8199172, -21.4214847 ], [ -47.8190302, -21.4219845 ], [ -47.8182222, -21.4229675 ], [ -47.8176852, -21.4244819 ], [ -47.816713, -21.4267691 ], [ -47.8157038, -21.4282869 ], [ -47.8140388, -21.4299928 ], [ -47.8119621, -21.4323697 ], [ -47.8116438, -21.4328895 ], [ -47.8074094, -21.4335799 ], [ -47.806718, -21.4337891 ], [ -47.8060202, -21.4343309 ], [ -47.8057022, -21.4349343 ], [ -47.8052315, -21.4362218 ], [ -47.8039654, -21.4372597 ], [ -47.8029497, -21.4384237 ], [ -47.8016293, -21.44092 ], [ -47.800553, -21.4438534 ], [ -47.7996391, -21.445415 ], [ -47.7988094, -21.4464689 ], [ -47.7971715, -21.4471171 ], [ -47.793197, -21.4465631 ], [ -47.7907871, -21.4463392 ], [ -47.7873891, -21.4463954 ], [ -47.783698, -21.4469424 ], [ -47.7823423, -21.447493 ], [ -47.7812633, -21.4478227 ], [ -47.7789533, -21.4479045 ], [ -47.7783481, -21.4480817 ], [ -47.7771126, -21.4487095 ], [ -47.7767985, -21.4490576 ], [ -47.7762292, -21.450657 ], [ -47.775988, -21.4510608 ], [ -47.7754423, -21.451564 ], [ -47.7750801, -21.4517709 ], [ -47.7738793, -21.4519233 ], [ -47.7717435, -21.4519027 ], [ -47.7694461, -21.4521179 ], [ -47.7680794, -21.4520843 ], [ -47.7638534, -21.4522631 ], [ -47.7627121, -21.4525588 ], [ -47.7606887, -21.4533659 ], [ -47.7581593, -21.4547386 ], [ -47.7530562, -21.4569329 ], [ -47.7492722, -21.4578128 ], [ -47.7457073, -21.4584464 ], [ -47.7395717, -21.4612941 ], [ -47.737539, -21.4624692 ], [ -47.7354843, -21.4644688 ], [ -47.7344194, -21.4648706 ], [ -47.7315785, -21.4650965 ], [ -47.7301866, -21.4658044 ], [ -47.7280873, -21.4673131 ], [ -47.7276294, -21.4675406 ], [ -47.7268314, -21.4677977 ], [ -47.7230409, -21.4683458 ], [ -47.7221585, -21.4686779 ], [ -47.721298, -21.4693777 ], [ -47.7209644, -21.4698139 ], [ -47.7205219, -21.4707846 ], [ -47.7201521, -21.4712555 ], [ -47.7193843, -21.4718409 ], [ -47.7188095, -21.4720487 ], [ -47.7159121, -21.4723729 ], [ -47.7146077, -21.4727251 ], [ -47.7126792, -21.4734901 ], [ -47.7117712, -21.4741907 ], [ -47.7109353, -21.4750343 ], [ -47.7103733, -21.4758396 ], [ -47.7100922, -21.4765358 ], [ -47.7101108, -21.4768656 ], [ -47.7109975, -21.4791683 ], [ -47.7114056, -21.479536 ], [ -47.712263, -21.4799655 ], [ -47.7124313, -21.4801841 ], [ -47.7125813, -21.4806455 ], [ -47.7123555, -21.4811577 ], [ -47.711514, -21.4815695 ], [ -47.7106152, -21.4815394 ], [ -47.7083814, -21.480758 ], [ -47.7076246, -21.480593 ], [ -47.7019784, -21.4801377 ], [ -47.7016397, -21.4803327 ], [ -47.7009568, -21.4809635 ], [ -47.7002621, -21.4812162 ], [ -47.6992619, -21.481256 ], [ -47.6963509, -21.4810613 ], [ -47.6952082, -21.481067 ], [ -47.6933862, -21.4812387 ], [ -47.6927532, -21.4815161 ], [ -47.6913467, -21.4827086 ], [ -47.6908246, -21.4832581 ], [ -47.6902972, -21.4844225 ], [ -47.6902656, -21.4852647 ], [ -47.6908043, -21.4863162 ], [ -47.6908162, -21.4869802 ], [ -47.6906386, -21.487603 ], [ -47.688764, -21.4883849 ], [ -47.687731, -21.4887111 ], [ -47.6868449, -21.489345 ], [ -47.6852306, -21.4911841 ], [ -47.6841167, -21.4922634 ], [ -47.6836293, -21.492656 ], [ -47.6828803, -21.4928238 ], [ -47.6809748, -21.4926227 ], [ -47.6796559, -21.4921909 ], [ -47.6755512, -21.4902318 ], [ -47.6726098, -21.4883551 ], [ -47.6698425, -21.4870289 ], [ -47.6692762, -21.4870588 ], [ -47.6688481, -21.4873754 ], [ -47.6685251, -21.4885194 ], [ -47.6684596, -21.4893837 ], [ -47.6685169, -21.4905997 ], [ -47.668411, -21.4909697 ], [ -47.6672051, -21.4922504 ], [ -47.6663712, -21.4932817 ], [ -47.6648305, -21.4946873 ], [ -47.661229, -21.4979715 ], [ -47.6609015, -21.4986847 ], [ -47.6606996, -21.4994189 ], [ -47.6606746, -21.5000374 ], [ -47.6605439, -21.5005324 ], [ -47.6605263, -21.5014704 ], [ -47.6622183, -21.5062914 ], [ -47.6623402, -21.5070656 ], [ -47.6623882, -21.5089799 ], [ -47.6619883, -21.5104896 ], [ -47.6617027, -21.5109922 ], [ -47.6599698, -21.5126359 ], [ -47.658475, -21.5145323 ], [ -47.6575887, -21.5164067 ], [ -47.657236, -21.5179398 ], [ -47.656887, -21.5202058 ], [ -47.6566235, -21.5270721 ], [ -47.6563108, -21.5287703 ], [ -47.6555892, -21.5306536 ], [ -47.6548164, -21.5316709 ], [ -47.6539903, -21.5324704 ], [ -47.6530088, -21.5331296 ], [ -47.6524205, -21.5335246 ], [ -47.6522616, -21.5336313 ], [ -47.6513137, -21.5341214 ], [ -47.6484752, -21.5351863 ], [ -47.6470646, -21.5355644 ], [ -47.6457082, -21.5363824 ], [ -47.6443131, -21.537688 ], [ -47.6418359, -21.5408946 ], [ -47.6407239, -21.5421515 ], [ -47.6396197, -21.5438943 ], [ -47.6395557, -21.5454895 ], [ -47.6403339, -21.5468056 ], [ -47.6412068, -21.5478988 ], [ -47.6417017, -21.5491304 ], [ -47.6415855, -21.5505951 ], [ -47.6414143, -21.5514373 ], [ -47.6411215, -21.5522111 ], [ -47.6411091, -21.5529811 ], [ -47.6408571, -21.5534831 ], [ -47.6404176, -21.5539879 ], [ -47.6403732, -21.5541876 ], [ -47.6404746, -21.5545619 ], [ -47.6409651, -21.5555416 ], [ -47.6414198, -21.5571188 ], [ -47.6418316, -21.5575992 ], [ -47.6421662, -21.5578142 ], [ -47.6424842, -21.559005 ], [ -47.64295, -21.5593122 ], [ -47.6431675, -21.5595983 ], [ -47.6434435, -21.5604673 ], [ -47.6436393, -21.5607841 ], [ -47.6444572, -21.561547 ], [ -47.6446529, -21.5618655 ], [ -47.645314, -21.5637831 ], [ -47.6448749, -21.5650063 ], [ -47.6447549, -21.5656293 ], [ -47.64478, -21.5663819 ], [ -47.644616, -21.5669493 ], [ -47.6443627, -21.568718 ], [ -47.6441934, -21.5691845 ], [ -47.6435135, -21.5701927 ], [ -47.6431624, -21.5709283 ], [ -47.6430162, -21.5721266 ], [ -47.6430095, -21.5731162 ], [ -47.6428804, -21.5736822 ], [ -47.642328, -21.5746008 ], [ -47.6422207, -21.5750876 ], [ -47.642174, -21.5758878 ], [ -47.6423274, -21.5778572 ], [ -47.6426433, -21.5796017 ], [ -47.642738, -21.5808829 ], [ -47.6432655, -21.582827 ], [ -47.6431567, -21.5858824 ], [ -47.6432419, -21.5872244 ], [ -47.6429612, -21.5888447 ], [ -47.6432844, -21.5909302 ], [ -47.6432061, -21.5911736 ], [ -47.6425459, -21.5919028 ], [ -47.6425628, -21.592246 ], [ -47.6426642, -21.5925547 ], [ -47.6429891, -21.5929257 ], [ -47.6437797, -21.5934341 ], [ -47.6441482, -21.5935164 ], [ -47.6459902, -21.5933427 ], [ -47.6466429, -21.5934458 ], [ -47.6472005, -21.593645 ], [ -47.6474897, -21.593816 ], [ -47.6481751, -21.5945415 ], [ -47.6489671, -21.5951047 ], [ -47.6496087, -21.5959473 ], [ -47.6500067, -21.5962384 ], [ -47.6506585, -21.5963836 ], [ -47.6548479, -21.5967908 ], [ -47.6581162, -21.5975504 ], [ -47.6593539, -21.5985773 ], [ -47.6608718, -21.5993614 ], [ -47.6619567, -21.5996821 ], [ -47.6650555, -21.6001664 ], [ -47.6661394, -21.6005122 ], [ -47.6672434, -21.6007266 ], [ -47.668719, -21.6015081 ], [ -47.6696839, -21.6018333 ], [ -47.6706463, -21.6026582 ], [ -47.6709514, -21.6031085 ], [ -47.6711187, -21.6045022 ], [ -47.6711476, -21.6061631 ], [ -47.6712471, -21.606718 ], [ -47.6713941, -21.6070032 ], [ -47.6724334, -21.6074408 ], [ -47.672993, -21.6083503 ], [ -47.6738519, -21.6086463 ], [ -47.6751785, -21.6087918 ], [ -47.6760175, -21.6092785 ], [ -47.6768862, -21.6103471 ], [ -47.6770603, -21.6106774 ], [ -47.6780368, -21.6116692 ], [ -47.6790979, -21.6140677 ], [ -47.6790867, -21.6146994 ], [ -47.6787941, -21.6154688 ], [ -47.6787849, -21.6162767 ], [ -47.6786944, -21.6165341 ], [ -47.6784972, -21.6167577 ], [ -47.6782605, -21.6173961 ], [ -47.6779292, -21.6178988 ], [ -47.6772806, -21.6194495 ], [ -47.6764763, -21.6207129 ], [ -47.6762367, -21.6219032 ], [ -47.6761637, -21.6230451 ], [ -47.6763498, -21.6234306 ], [ -47.6768751, -21.6237985 ], [ -47.6770459, -21.624027 ], [ -47.6774739, -21.6260033 ], [ -47.6774996, -21.6268099 ], [ -47.6773425, -21.627329 ], [ -47.6773518, -21.6278032 ], [ -47.6776177, -21.6293508 ], [ -47.6775987, -21.6307806 ], [ -47.6772132, -21.6319717 ], [ -47.6777104, -21.6331145 ], [ -47.6781036, -21.6351802 ], [ -47.6783972, -21.6357173 ], [ -47.678608, -21.6368447 ], [ -47.678823, -21.6396456 ], [ -47.6786768, -21.645603 ], [ -47.679061, -21.6491781 ], [ -47.6794385, -21.6516461 ], [ -47.6802186, -21.6528661 ], [ -47.680239, -21.6533506 ], [ -47.6796099, -21.6545811 ], [ -47.679454, -21.6556928 ], [ -47.6790107, -21.6567415 ], [ -47.6789584, -21.6570757 ], [ -47.6793096, -21.6575116 ], [ -47.6800397, -21.6579529 ], [ -47.6802956, -21.658271 ], [ -47.6805093, -21.6589327 ], [ -47.6809344, -21.6595611 ], [ -47.6827123, -21.660961 ], [ -47.6832608, -21.6617721 ], [ -47.6839038, -21.6623485 ], [ -47.6843992, -21.6629391 ], [ -47.6848796, -21.6633187 ], [ -47.6850439, -21.6644039 ], [ -47.685474, -21.6653166 ], [ -47.6855209, -21.6665008 ], [ -47.6858919, -21.6672584 ], [ -47.6868135, -21.6677887 ], [ -47.6870026, -21.6684612 ], [ -47.6874938, -21.6688179 ], [ -47.687948, -21.6693997 ], [ -47.689291, -21.6702643 ], [ -47.6895126, -21.6707258 ], [ -47.689634, -21.6715109 ], [ -47.6898164, -21.6717624 ], [ -47.6904502, -21.6721289 ], [ -47.6914857, -21.6730196 ], [ -47.6921563, -21.6733417 ], [ -47.6922777, -21.6735063 ], [ -47.6922999, -21.67415 ], [ -47.6924944, -21.6743444 ], [ -47.6934953, -21.6746988 ], [ -47.693654, -21.6749394 ], [ -47.6937087, -21.675392 ], [ -47.6940111, -21.6757757 ], [ -47.6945971, -21.676019 ], [ -47.6952841, -21.6765413 ], [ -47.6959499, -21.6767301 ], [ -47.6968542, -21.677391 ], [ -47.6970793, -21.6773968 ], [ -47.6972418, -21.6772852 ], [ -47.6976909, -21.676546 ], [ -47.697952, -21.6765226 ], [ -47.6984408, -21.6767119 ], [ -47.6989615, -21.6771677 ], [ -47.6998136, -21.6772313 ], [ -47.700055, -21.6777476 ], [ -47.7000047, -21.6780145 ], [ -47.6997975, -21.6782639 ], [ -47.6990935, -21.6785735 ], [ -47.6990524, -21.6788516 ], [ -47.6991787, -21.6789715 ], [ -47.6994293, -21.6790781 ], [ -47.7000931, -21.679069 ], [ -47.7011118, -21.6792378 ], [ -47.7017858, -21.6792165 ], [ -47.7029442, -21.6796406 ], [ -47.7042949, -21.680001 ], [ -47.7048126, -21.6803262 ], [ -47.7054122, -21.6813676 ], [ -47.7071494, -21.6824259 ], [ -47.7078869, -21.682478 ], [ -47.708852, -21.6833003 ], [ -47.7100375, -21.6833252 ], [ -47.710728, -21.6835024 ], [ -47.7115443, -21.6834567 ], [ -47.7119629, -21.6836595 ], [ -47.7122068, -21.6839879 ], [ -47.7127634, -21.6853532 ], [ -47.7129686, -21.6861261 ], [ -47.7132724, -21.6865881 ], [ -47.7133774, -21.6871082 ], [ -47.713679, -21.6875116 ], [ -47.713725, -21.6879206 ], [ -47.713996, -21.6884928 ], [ -47.7142134, -21.6887429 ], [ -47.714992, -21.6892731 ], [ -47.7153216, -21.6897891 ], [ -47.7163837, -21.6909828 ], [ -47.7166523, -21.6914785 ], [ -47.7170865, -21.6918797 ], [ -47.7171987, -21.6921447 ], [ -47.7171281, -21.6928326 ], [ -47.7172633, -21.693726 ], [ -47.7176175, -21.6942097 ], [ -47.717877, -21.6948246 ], [ -47.7181282, -21.6950535 ], [ -47.7186068, -21.6952118 ], [ -47.7192666, -21.6956062 ], [ -47.7192265, -21.6960606 ], [ -47.7194613, -21.6965334 ], [ -47.7197304, -21.6967953 ], [ -47.7208604, -21.6972318 ], [ -47.7214654, -21.6979298 ], [ -47.7223483, -21.7004215 ], [ -47.7237797, -21.7035785 ], [ -47.7241394, -21.7062482 ], [ -47.7246023, -21.7065022 ], [ -47.7254405, -21.7073331 ], [ -47.7261957, -21.7082725 ], [ -47.727532, -21.7095709 ], [ -47.7281781, -21.7098829 ], [ -47.7309026, -21.7103542 ], [ -47.7315988, -21.7106502 ], [ -47.7320327, -21.7111035 ], [ -47.7327965, -21.7132247 ], [ -47.7332735, -21.7140456 ], [ -47.73413, -21.7142784 ], [ -47.7344216, -21.7141805 ], [ -47.7360424, -21.7122966 ], [ -47.7368293, -21.7118828 ], [ -47.7374304, -21.7116276 ], [ -47.742802, -21.7105275 ], [ -47.7443585, -21.7098531 ], [ -47.7453391, -21.709301 ], [ -47.7465101, -21.7084835 ], [ -47.7472132, -21.7078148 ], [ -47.7478455, -21.7068413 ], [ -47.7481315, -21.7061327 ], [ -47.7483507, -21.7051823 ], [ -47.7483548, -21.7043507 ], [ -47.7484821, -21.7037359 ], [ -47.7489, -21.7027508 ], [ -47.7494393, -21.7020013 ], [ -47.7501621, -21.7014143 ], [ -47.7509337, -21.7010179 ], [ -47.752689, -21.7006197 ], [ -47.7549818, -21.7003388 ], [ -47.7561062, -21.7000797 ], [ -47.7567705, -21.6996811 ], [ -47.7574494, -21.6990573 ], [ -47.7580487, -21.6981032 ], [ -47.7586202, -21.6963828 ], [ -47.7591231, -21.6956904 ], [ -47.7610071, -21.6947286 ], [ -47.7615372, -21.694592 ], [ -47.7631067, -21.6947524 ], [ -47.7640547, -21.6946808 ], [ -47.7647993, -21.6943697 ], [ -47.7653492, -21.693955 ], [ -47.7676617, -21.6917125 ], [ -47.7681522, -21.6914638 ], [ -47.7697999, -21.6913563 ], [ -47.7764885, -21.6911756 ], [ -47.7788223, -21.6909713 ], [ -47.7797548, -21.6910098 ], [ -47.7804514, -21.6911832 ], [ -47.7814301, -21.6916109 ], [ -47.7829558, -21.6926975 ], [ -47.7836709, -21.693833 ], [ -47.7840488, -21.6949388 ], [ -47.7844642, -21.6969704 ], [ -47.7845011, -21.6979313 ], [ -47.7847518, -21.6985567 ], [ -47.7851382, -21.6991043 ], [ -47.7859275, -21.6997102 ], [ -47.7865442, -21.6998294 ], [ -47.7875335, -21.6998331 ], [ -47.7887185, -21.6996254 ], [ -47.7900934, -21.6990283 ], [ -47.7912659, -21.6982114 ], [ -47.7935376, -21.6958096 ], [ -47.7943163, -21.6951309 ], [ -47.7948653, -21.694824 ], [ -47.7956533, -21.6946267 ], [ -47.7973166, -21.6946536 ], [ -47.8005311, -21.6949522 ], [ -47.8025636, -21.695232 ], [ -47.8032613, -21.6954243 ], [ -47.8042892, -21.6963519 ], [ -47.8049384, -21.6971557 ], [ -47.8063669, -21.6982817 ], [ -47.8072265, -21.698784 ], [ -47.8081849, -21.6990993 ], [ -47.8090995, -21.699288 ], [ -47.8105065, -21.69936 ], [ -47.8118596, -21.6991117 ], [ -47.8155896, -21.6973824 ], [ -47.8165648, -21.6966066 ], [ -47.8169292, -21.6960256 ], [ -47.8169971, -21.6954337 ], [ -47.8166678, -21.6947893 ], [ -47.8138668, -21.6923804 ], [ -47.812831, -21.6910281 ], [ -47.8121742, -21.6898346 ], [ -47.8117222, -21.6879725 ], [ -47.811438, -21.6845617 ], [ -47.8115352, -21.6824295 ], [ -47.8118267, -21.6801192 ], [ -47.8122673, -21.6793154 ], [ -47.8127704, -21.6786776 ], [ -47.813301, -21.6783907 ], [ -47.8147193, -21.6781276 ], [ -47.8157438, -21.6777565 ], [ -47.8192066, -21.6756789 ], [ -47.8213655, -21.6739477 ], [ -47.8234193, -21.6726146 ], [ -47.8248755, -21.6720732 ], [ -47.8283935, -21.6713689 ], [ -47.82948, -21.6710368 ], [ -47.8299893, -21.6707499 ], [ -47.8303567, -21.6702068 ], [ -47.830578, -21.6694623 ], [ -47.8304484, -21.6689646 ], [ -47.830145, -21.6685065 ], [ -47.8279277, -21.6675808 ], [ -47.8266663, -21.6669361 ], [ -47.822454, -21.6641632 ], [ -47.8214855, -21.6637235 ], [ -47.8203305, -21.6633731 ], [ -47.8176492, -21.6629923 ], [ -47.8169278, -21.662542 ], [ -47.8167535, -21.6617118 ], [ -47.8169472, -21.6614312 ], [ -47.8177054, -21.6607506 ], [ -47.8188381, -21.6599715 ], [ -47.8204428, -21.6590741 ], [ -47.8246047, -21.6575933 ], [ -47.8253822, -21.657159 ], [ -47.8259741, -21.6567015 ], [ -47.8263367, -21.6561583 ], [ -47.8263472, -21.6555282 ], [ -47.8261508, -21.6546244 ], [ -47.8256114, -21.6533544 ], [ -47.8247768, -21.6522047 ], [ -47.82413, -21.6515927 ], [ -47.8232687, -21.6510697 ], [ -47.8211988, -21.6504571 ], [ -47.8206756, -21.6500969 ], [ -47.8200906, -21.6492762 ], [ -47.8188231, -21.6474977 ], [ -47.8181783, -21.6469522 ], [ -47.8174017, -21.6466869 ], [ -47.8167108, -21.6466802 ], [ -47.8160981, -21.646876 ], [ -47.8153751, -21.6473708 ], [ -47.8148885, -21.6481019 ], [ -47.8143794, -21.6484976 ], [ -47.8137515, -21.6488035 ], [ -47.8132568, -21.6489075 ], [ -47.8126646, -21.6488963 ], [ -47.8118218, -21.6483938 ], [ -47.8112144, -21.6476995 ], [ -47.8108214, -21.6458351 ], [ -47.8104554, -21.6453045 ], [ -47.8101458, -21.644543 ], [ -47.8098628, -21.6433616 ], [ -47.8092531, -21.6416132 ], [ -47.8087184, -21.640418 ], [ -47.8079042, -21.6393375 ], [ -47.8075819, -21.638669 ], [ -47.8073674, -21.6378751 ], [ -47.8071614, -21.6363423 ], [ -47.8068276, -21.6355115 ], [ -47.8063862, -21.6351867 ], [ -47.8057675, -21.634938 ], [ -47.8046213, -21.6349747 ], [ -47.8034756, -21.635273 ], [ -47.8022913, -21.6353864 ], [ -47.8018918, -21.635189 ], [ -47.8017071, -21.6348953 ], [ -47.801599, -21.6343949 ], [ -47.8016138, -21.6331256 ], [ -47.8018662, -21.6318814 ], [ -47.8023078, -21.6310947 ], [ -47.8031089, -21.6305813 ], [ -47.8037953, -21.63031 ], [ -47.8056757, -21.6301487 ], [ -47.8078248, -21.6306861 ], [ -47.8097017, -21.6314877 ], [ -47.8106561, -21.6316184 ], [ -47.8111445, -21.631409 ], [ -47.8117252, -21.6307138 ], [ -47.8127952, -21.6286374 ], [ -47.8140393, -21.626964 ], [ -47.8151162, -21.6264409 ], [ -47.8168872, -21.6256935 ], [ -47.8177635, -21.6249562 ], [ -47.817872, -21.624453 ], [ -47.8177144, -21.623457 ], [ -47.8170258, -21.6226518 ], [ -47.8166187, -21.621974 ], [ -47.8164493, -21.6214596 ], [ -47.8164401, -21.6209952 ], [ -47.8169531, -21.6198937 ], [ -47.817667, -21.6188392 ], [ -47.8180236, -21.6178883 ], [ -47.8180381, -21.6156469 ], [ -47.8182493, -21.6151601 ], [ -47.818556, -21.6147668 ], [ -47.8200994, -21.6143886 ], [ -47.8222966, -21.6133871 ], [ -47.8245742, -21.6125171 ], [ -47.8258602, -21.6123479 ], [ -47.8269498, -21.6123638 ], [ -47.8278494, -21.6127775 ], [ -47.8288571, -21.6137203 ], [ -47.8294897, -21.6147293 ], [ -47.8303407, -21.6156969 ], [ -47.8309203, -21.6160007 ], [ -47.8318505, -21.6159694 ], [ -47.8330839, -21.6152424 ], [ -47.8339686, -21.6144414 ], [ -47.8341466, -21.6141647 ], [ -47.8345834, -21.6134856 ], [ -47.8346912, -21.6128062 ], [ -47.8347247, -21.6125951 ], [ -47.8346077, -21.6115962 ], [ -47.8342115, -21.6106391 ], [ -47.8329839, -21.6085298 ], [ -47.8327336, -21.6077795 ], [ -47.8327877, -21.6055764 ], [ -47.8326826, -21.6052065 ], [ -47.8322788, -21.6047707 ], [ -47.8298295, -21.6030697 ], [ -47.8296918, -21.6020358 ], [ -47.830075, -21.6014573 ], [ -47.8307974, -21.6010172 ], [ -47.8313099, -21.6008976 ], [ -47.8318497, -21.6009994 ], [ -47.8325889, -21.6013216 ], [ -47.8334136, -21.6019726 ], [ -47.8356529, -21.6041569 ], [ -47.8365877, -21.6044926 ], [ -47.8371443, -21.6045194 ], [ -47.8377707, -21.6041756 ], [ -47.838082, -21.6038561 ], [ -47.8386468, -21.6023454 ], [ -47.8388348, -21.6011733 ], [ -47.8392123, -21.6002969 ], [ -47.8395851, -21.6001442 ], [ -47.8400201, -21.6000964 ], [ -47.8404799, -21.6003301 ], [ -47.8408669, -21.6008435 ], [ -47.8413615, -21.6018726 ], [ -47.8412973, -21.6026328 ], [ -47.840917, -21.6034174 ], [ -47.83961, -21.6054035 ], [ -47.83917, -21.6062273 ], [ -47.8392156, -21.606541 ], [ -47.8395178, -21.606777 ], [ -47.8399135, -21.6067898 ], [ -47.8405014, -21.6065569 ], [ -47.8428842, -21.6037732 ], [ -47.8438842, -21.6023477 ], [ -47.8443984, -21.6012092 ], [ -47.8449562, -21.5994751 ], [ -47.8454549, -21.5985402 ], [ -47.8462563, -21.597968 ], [ -47.8470918, -21.5981616 ], [ -47.848769, -21.5995408 ], [ -47.8499626, -21.5998159 ], [ -47.8508481, -21.5995597 ], [ -47.8514698, -21.5990295 ], [ -47.8520678, -21.5981683 ], [ -47.852633, -21.5975353 ], [ -47.8535392, -21.5974283 ], [ -47.8542576, -21.5977866 ], [ -47.8549047, -21.5984588 ], [ -47.8553635, -21.5995819 ], [ -47.8559475, -21.6001465 ], [ -47.8569315, -21.6007592 ], [ -47.8579257, -21.6010187 ], [ -47.8582894, -21.6013289 ], [ -47.8583378, -21.6018082 ], [ -47.8581482, -21.6023139 ], [ -47.8576992, -21.6026913 ], [ -47.8567936, -21.6028739 ], [ -47.8559609, -21.6028873 ], [ -47.8549405, -21.6032006 ], [ -47.8541576, -21.6037707 ], [ -47.8539272, -21.6041454 ], [ -47.8539, -21.6047631 ], [ -47.8541894, -21.6053701 ], [ -47.8561771, -21.6078183 ], [ -47.857045, -21.6085265 ], [ -47.8579826, -21.608936 ], [ -47.8592371, -21.6091206 ], [ -47.8604194, -21.6088403 ], [ -47.8615743, -21.6081138 ], [ -47.8628966, -21.6069248 ], [ -47.8638819, -21.6066858 ], [ -47.8644627, -21.6069157 ], [ -47.8644961, -21.6077498 ], [ -47.8629212, -21.6091282 ], [ -47.8626938, -21.6096145 ], [ -47.8625695, -21.6103582 ], [ -47.8625802, -21.6109495 ], [ -47.8631494, -21.6116134 ], [ -47.8634503, -21.6118808 ], [ -47.8641869, -21.6121075 ], [ -47.8649587, -21.6120954 ], [ -47.8660601, -21.6116492 ], [ -47.8668588, -21.6110247 ], [ -47.8676065, -21.6107158 ], [ -47.868258, -21.6106678 ], [ -47.8689538, -21.610785 ], [ -47.8694962, -21.6112384 ], [ -47.8696473, -21.6118492 ], [ -47.8687963, -21.6138919 ], [ -47.8687342, -21.6147647 ], [ -47.8689099, -21.6155015 ], [ -47.8693891, -21.6158257 ], [ -47.8699038, -21.6158158 ], [ -47.8707494, -21.6155456 ], [ -47.8711992, -21.6152392 ], [ -47.871504, -21.6146604 ], [ -47.8716298, -21.6138799 ], [ -47.87141, -21.6119004 ], [ -47.8714958, -21.6112884 ], [ -47.8718646, -21.610819 ], [ -47.8723227, -21.6104184 ], [ -47.8736317, -21.6099718 ], [ -47.8747058, -21.609834 ], [ -47.8755481, -21.6101506 ], [ -47.8762721, -21.6109331 ], [ -47.8775005, -21.6121442 ], [ -47.8782728, -21.6125018 ], [ -47.8789973, -21.6125953 ], [ -47.8795334, -21.61248 ], [ -47.8803398, -21.6116975 ], [ -47.8807243, -21.6110813 ], [ -47.8808059, -21.6101921 ], [ -47.8800971, -21.6087468 ], [ -47.879504, -21.6081343 ], [ -47.877846, -21.6074078 ], [ -47.875778, -21.6074436 ], [ -47.8741871, -21.6072458 ], [ -47.8727334, -21.6068204 ], [ -47.8718054, -21.6064655 ], [ -47.8712162, -21.6060516 ], [ -47.8709146, -21.6048276 ], [ -47.8713402, -21.6030018 ], [ -47.8724068, -21.6017644 ], [ -47.8734618, -21.6013751 ], [ -47.874314, -21.6007641 ], [ -47.8752601, -21.5998865 ], [ -47.8760565, -21.5993162 ], [ -47.8767298, -21.5989733 ], [ -47.8777876, -21.5987297 ], [ -47.8793999, -21.5985826 ], [ -47.8805309, -21.598457 ], [ -47.8809941, -21.5982369 ], [ -47.8811578, -21.5979161 ], [ -47.8809909, -21.5973625 ], [ -47.8801249, -21.5972715 ], [ -47.8791211, -21.5970223 ], [ -47.8784376, -21.5964924 ], [ -47.8779663, -21.5955863 ], [ -47.8781066, -21.5948021 ], [ -47.8787141, -21.5939965 ], [ -47.8797322, -21.5931839 ], [ -47.8806851, -21.5926506 ], [ -47.8821589, -21.5919493 ], [ -47.882519, -21.5915323 ], [ -47.882482, -21.5910957 ], [ -47.8821287, -21.590426 ], [ -47.8818061, -21.5898751 ], [ -47.8816574, -21.5895199 ], [ -47.8818509, -21.589278 ], [ -47.8823012, -21.5891245 ], [ -47.8827023, -21.5893428 ], [ -47.8831245, -21.5899185 ], [ -47.883545, -21.5904015 ], [ -47.8840076, -21.5908705 ], [ -47.8846115, -21.5912927 ], [ -47.8855286, -21.5911223 ], [ -47.8861132, -21.5905954 ], [ -47.8861294, -21.5899856 ], [ -47.8859526, -21.5889287 ], [ -47.8852683, -21.5879998 ], [ -47.8849077, -21.5869592 ], [ -47.8850768, -21.586201 ], [ -47.8857385, -21.5852753 ], [ -47.8868562, -21.5844873 ], [ -47.8879184, -21.5837534 ], [ -47.8884696, -21.5829753 ], [ -47.8897108, -21.5819865 ], [ -47.8913549, -21.5820242 ], [ -47.892896, -21.5825804 ], [ -47.8938796, -21.5835968 ], [ -47.8943752, -21.5850003 ], [ -47.8948545, -21.5861951 ], [ -47.8954204, -21.5867778 ], [ -47.8960597, -21.5870629 ], [ -47.8967232, -21.5870502 ], [ -47.8972905, -21.5868209 ], [ -47.8978725, -21.5863364 ], [ -47.898313, -21.5856927 ], [ -47.8984664, -21.5848553 ], [ -47.8984138, -21.5835926 ], [ -47.8983213, -21.5825522 ], [ -47.8985198, -21.5818465 ], [ -47.8990647, -21.581466 ], [ -47.8998308, -21.5815189 ], [ -47.9004655, -21.5820908 ], [ -47.9008076, -21.5829064 ], [ -47.9009724, -21.5838082 ], [ -47.9008094, -21.5844169 ], [ -47.900538, -21.5850179 ], [ -47.8999994, -21.5857163 ], [ -47.8991794, -21.5865124 ], [ -47.8988928, -21.5870606 ], [ -47.8988531, -21.5879093 ], [ -47.8995107, -21.5889182 ], [ -47.9004992, -21.5894707 ], [ -47.9017699, -21.5892498 ], [ -47.9025118, -21.5887996 ], [ -47.9033273, -21.5877783 ], [ -47.9036912, -21.5868444 ], [ -47.9039449, -21.5860715 ], [ -47.9044903, -21.585002 ], [ -47.9047128, -21.5840838 ], [ -47.9044019, -21.5834135 ], [ -47.9036391, -21.582542 ], [ -47.9028031, -21.5817831 ], [ -47.9024282, -21.5809353 ], [ -47.9024988, -21.5801432 ], [ -47.9029244, -21.5795123 ], [ -47.9036921, -21.57932 ], [ -47.904384, -21.5793541 ], [ -47.9050099, -21.5794817 ], [ -47.9055506, -21.5796685 ], [ -47.9061386, -21.5800624 ], [ -47.9071254, -21.5809572 ], [ -47.9080779, -21.5819854 ], [ -47.9088659, -21.5831204 ], [ -47.9093745, -21.5847913 ], [ -47.9099277, -21.586219 ], [ -47.910217, -21.5883383 ], [ -47.9107606, -21.5889811 ], [ -47.9114778, -21.5893495 ], [ -47.911968, -21.5894795 ], [ -47.9124982, -21.5894471 ], [ -47.9131682, -21.5893084 ], [ -47.9139394, -21.5889889 ], [ -47.9150612, -21.5882939 ], [ -47.9159994, -21.5873711 ], [ -47.9165748, -21.5865183 ], [ -47.9169384, -21.5855652 ], [ -47.9173609, -21.5841666 ], [ -47.91768, -21.5837684 ], [ -47.9183009, -21.5833362 ], [ -47.9189033, -21.5832159 ], [ -47.9196749, -21.5832197 ], [ -47.9204219, -21.5835356 ], [ -47.9214343, -21.5841644 ], [ -47.9222457, -21.5846119 ], [ -47.9228535, -21.5847629 ], [ -47.923307, -21.5845991 ], [ -47.9236535, -21.5840273 ], [ -47.9238871, -21.5830591 ], [ -47.9236979, -21.5819368 ], [ -47.9231782, -21.5809531 ], [ -47.9225966, -21.5799588 ], [ -47.922519, -21.5791694 ], [ -47.9227956, -21.5784949 ], [ -47.9233335, -21.5779313 ], [ -47.9238505, -21.5775527 ], [ -47.9247474, -21.5771416 ], [ -47.9251908, -21.5766806 ], [ -47.9253154, -21.5758183 ], [ -47.924906, -21.5747922 ], [ -47.9243667, -21.5740628 ], [ -47.9239381, -21.5736143 ], [ -47.9240426, -21.5732892 ], [ -47.9243536, -21.573099 ], [ -47.9247742, -21.5731494 ], [ -47.9252382, -21.5735107 ], [ -47.9256691, -21.5739543 ], [ -47.9263163, -21.5747244 ], [ -47.9271768, -21.5759673 ], [ -47.9274428, -21.5756831 ], [ -47.9275921, -21.5753876 ], [ -47.9274616, -21.5749267 ], [ -47.9271906, -21.5745455 ], [ -47.9272392, -21.5743397 ], [ -47.9274648, -21.5740752 ], [ -47.9278234, -21.5736622 ], [ -47.9280731, -21.5732448 ], [ -47.9281245, -21.572732 ], [ -47.9279966, -21.572301 ], [ -47.9279312, -21.5719321 ], [ -47.9278683, -21.5715075 ], [ -47.9278067, -21.5711806 ], [ -47.9277701, -21.5708771 ], [ -47.9278526, -21.5705689 ], [ -47.9277905, -21.5703202 ], [ -47.9277425, -21.5699784 ], [ -47.9275967, -21.5694854 ], [ -47.9274872, -21.5691061 ], [ -47.9273212, -21.5687417 ], [ -47.9271616, -21.568451 ], [ -47.926949, -21.56801 ], [ -47.926807, -21.5677075 ], [ -47.9266132, -21.5674631 ], [ -47.9263324, -21.5670741 ], [ -47.9260119, -21.5666731 ], [ -47.9257617, -21.5663915 ], [ -47.9255491, -21.5659505 ], [ -47.925387, -21.5656611 ], [ -47.9250477, -21.5653366 ], [ -47.924818, -21.5650595 ], [ -47.9246484, -21.5650245 ], [ -47.9242618, -21.5651026 ], [ -47.9238478, -21.5651163 ], [ -47.9236302, -21.5651074 ], [ -47.92346, -21.5650461 ], [ -47.9230621, -21.5644183 ], [ -47.9229369, -21.5640648 ], [ -47.9228078, -21.5636625 ], [ -47.9228371, -21.5635143 ], [ -47.9229035, -21.5634173 ], [ -47.9229478, -21.5632577 ], [ -47.922937, -21.5631132 ], [ -47.9228647, -21.5629945 ], [ -47.9227693, -21.5628224 ], [ -47.9225415, -21.5626421 ], [ -47.9223468, -21.5624168 ], [ -47.9224308, -21.5615874 ], [ -47.9223457, -21.5613108 ], [ -47.9218528, -21.5604748 ], [ -47.9211025, -21.5596863 ], [ -47.9208741, -21.558751 ], [ -47.9207473, -21.5581877 ], [ -47.920528, -21.5578063 ], [ -47.9200487, -21.557556 ], [ -47.9197312, -21.5573033 ], [ -47.9195723, -21.557026 ], [ -47.9195145, -21.5565598 ], [ -47.9194269, -21.5563556 ], [ -47.9193285, -21.5562014 ], [ -47.9191635, -21.5558518 ], [ -47.9191649, -21.5554833 ], [ -47.9191846, -21.5551081 ], [ -47.9193252, -21.5546672 ], [ -47.9196569, -21.553937 ], [ -47.9203355, -21.5525464 ], [ -47.9203375, -21.5525407 ], [ -47.9209926, -21.5507684 ], [ -47.9212163, -21.549643 ], [ -47.9212258, -21.5485087 ], [ -47.921271, -21.5473769 ], [ -47.9213086, -21.5468807 ], [ -47.9211785, -21.5458091 ], [ -47.9208881, -21.5448739 ], [ -47.9203345, -21.5440194 ], [ -47.9198866, -21.5436969 ], [ -47.9193331, -21.5435287 ], [ -47.9185357, -21.5433901 ], [ -47.9176156, -21.5432283 ], [ -47.9170121, -21.5429339 ], [ -47.9156586, -21.541967 ], [ -47.9132761, -21.5402408 ], [ -47.9119271, -21.5396261 ], [ -47.908987, -21.5387115 ], [ -47.9062056, -21.5372779 ], [ -47.9048615, -21.5365082 ], [ -47.9028479, -21.5340272 ], [ -47.9022978, -21.5332319 ], [ -47.90093, -21.5316397 ], [ -47.9004765, -21.5307291 ], [ -47.9002832, -21.5289782 ], [ -47.9000989, -21.5274099 ], [ -47.8992865, -21.5257616 ], [ -47.8980336, -21.5238326 ], [ -47.89658, -21.5218393 ], [ -47.8931403, -21.5175055 ], [ -47.8920167, -21.5156929 ], [ -47.891067, -21.5143989 ], [ -47.8906789, -21.5129206 ], [ -47.8906139, -21.5116609 ], [ -47.8904018, -21.5109148 ], [ -47.8904015, -21.5099785 ], [ -47.8898724, -21.5087073 ], [ -47.8897591, -21.5074926 ], [ -47.8895476, -21.5068463 ], [ -47.8894942, -21.5061158 ], [ -47.8891252, -21.5052096 ], [ -47.8887766, -21.5043674 ], [ -47.8882334, -21.5037306 ], [ -47.8880178, -21.5028162 ], [ -47.8875054, -21.5015375 ], [ -47.887428, -21.5010337 ], [ -47.8876162, -21.5000935 ], [ -47.8883498, -21.4986533 ], [ -47.8884019, -21.4983081 ], [ -47.8883963, -21.498003 ], [ -47.8881439, -21.4972284 ], [ -47.8880569, -21.4963555 ], [ -47.8880652, -21.4953777 ], [ -47.8885323, -21.4944172 ], [ -47.8891365, -21.4934829 ], [ -47.8898535, -21.4921059 ], [ -47.8905274, -21.4908577 ], [ -47.8908578, -21.4891321 ], [ -47.891729, -21.4857919 ], [ -47.8922077, -21.4844323 ], [ -47.8931559, -21.4832361 ], [ -47.8936583, -21.4817634 ], [ -47.8938504, -21.4799549 ], [ -47.8941884, -21.4779065 ], [ -47.8944715, -21.4758014 ], [ -47.8946767, -21.4750759 ], [ -47.8955578, -21.4729637 ], [ -47.8971754, -21.4706256 ], [ -47.8987964, -21.4680214 ], [ -47.9014261, -21.463297 ], [ -47.9023547, -21.4606676 ], [ -47.9023799, -21.4601091 ], [ -47.9021062, -21.4591961 ], [ -47.9012629, -21.4578875 ], [ -47.9008047, -21.456466 ], [ -47.9007269, -21.454838 ], [ -47.9005281, -21.4509992 ], [ -47.9004126, -21.4497646 ], [ -47.9001875, -21.4483613 ], [ -47.8999925, -21.4465666 ], [ -47.8997937, -21.4452066 ], [ -47.8996103, -21.4447983 ], [ -47.8988513, -21.4441742 ], [ -47.89871, -21.444076 ], [ -47.89812, -21.44353 ], [ -47.897943, -21.443254 ], [ -47.897894, -21.443181 ], [ -47.897599, -21.442555 ], [ -47.897467, -21.442176 ], [ -47.897208, -21.441755 ], [ -47.897015, -21.441523 ], [ -47.896535, -21.441062 ], [ -47.8962781, -21.4408759 ], [ -47.896042, -21.440705 ], [ -47.895298, -21.440292 ], [ -47.894836, -21.439933 ], [ -47.894577, -21.439601 ], [ -47.894639, -21.439525 ], [ -47.89485, -21.439081 ], [ -47.894957, -21.438932 ], [ -47.8955, -21.437866 ], [ -47.896048, -21.43702 ], [ -47.89635, -21.436443 ], [ -47.896535, -21.435501 ], [ -47.896593, -21.434443 ], [ -47.896571, -21.43415 ], [ -47.896627, -21.433826 ], [ -47.896724, -21.432327 ], [ -47.896875, -21.431239 ], [ -47.896991, -21.430796 ], [ -47.896988, -21.430651 ], [ -47.897045, -21.430356 ], [ -47.897639, -21.428672 ], [ -47.897843, -21.427935 ], [ -47.897857, -21.427804 ], [ -47.897945, -21.427581 ], [ -47.898013, -21.426993 ], [ -47.898001, -21.426377 ], [ -47.897889, -21.425499 ], [ -47.897699, -21.424563 ], [ -47.897478, -21.423686 ], [ -47.897406, -21.423247 ], [ -47.89734, -21.423102 ], [ -47.897187, -21.422459 ], [ -47.897001, -21.420994 ], [ -47.89701, -21.420671 ], [ -47.896812, -21.419325 ], [ -47.896605, -21.41836 ], [ -47.896511, -21.417628 ], [ -47.896484, -21.417042 ], [ -47.896554, -21.4166 ], [ -47.89673, -21.41601 ], [ -47.896821, -21.415832 ], [ -47.896908, -21.415507 ], [ -47.8973252, -21.4144782 ], [ -47.897507, -21.41403 ], [ -47.8975787, -21.4137052 ] ] ] ] } },
{ "type": "Feature", "properties": { "CD_MUN": "3547908", "NM_MUN": "Santo Antônio da Alegria", "CD_RGI": "350031", "NM_RGI": "Ribeirão Preto", "CD_RGINT": "3508", "NM_RGINT": "Ribeirão Preto", "CD_UF": "35", "NM_UF": "São Paulo", "SIGLA_UF": "SP", "CD_REGIA": "3", "NM_REGIA": "Sudeste", "SIGLA_RG": "SE", "CD_CONCU": null, "NM_CONCU": null, "AREA_KM2": 310.311 }, "geometry": { "type": "MultiPolygon", "coordinates": [ [ [ [ -47.1406713, -21.0811124 ], [ -47.1408864, -21.083597 ], [ -47.141294, -21.0859389 ], [ -47.1417185, -21.0866405 ], [ -47.1420295, -21.0873048 ], [ -47.1420716, -21.0874813 ], [ -47.1419875, -21.087847 ], [ -47.1421695, -21.0880101 ], [ -47.1422962, -21.0882358 ], [ -47.1394971, -21.0884108 ], [ -47.1370422, -21.0880229 ], [ -47.1371818, -21.0897785 ], [ -47.1354251, -21.0904805 ], [ -47.1335687, -21.0902549 ], [ -47.1288437, -21.0953857 ], [ -47.1281243, -21.0992153 ], [ -47.1239796, -21.1013669 ], [ -47.1219803, -21.1010824 ], [ -47.1202695, -21.1013512 ], [ -47.1177276, -21.103464 ], [ -47.1147601, -21.1046962 ], [ -47.114013, -21.1053929 ], [ -47.1131514, -21.1049215 ], [ -47.113347, -21.106355 ], [ -47.1127893, -21.1086395 ], [ -47.1184774, -21.1090533 ], [ -47.1183964, -21.1101982 ], [ -47.1215378, -21.1124738 ], [ -47.1226468, -21.1151571 ], [ -47.124375, -21.1169517 ], [ -47.1268745, -21.121671 ], [ -47.1262084, -21.1235505 ], [ -47.1262322, -21.1253473 ], [ -47.1291217, -21.1282838 ], [ -47.1310544, -21.1291829 ], [ -47.1330356, -21.1332183 ], [ -47.1335055, -21.1334556 ], [ -47.1323688, -21.1353431 ], [ -47.1314877, -21.1382022 ], [ -47.1294026, -21.1398852 ], [ -47.12682, -21.1442737 ], [ -47.1224561, -21.1455331 ], [ -47.1197894, -21.1485921 ], [ -47.1185995, -21.1490435 ], [ -47.1185706, -21.151388 ], [ -47.1176033, -21.1531522 ], [ -47.1173051, -21.1536959 ], [ -47.1179347, -21.1555163 ], [ -47.1196372, -21.1579533 ], [ -47.1211804, -21.1619541 ], [ -47.122072, -21.1658334 ], [ -47.1235682, -21.1671956 ], [ -47.1236478, -21.1679094 ], [ -47.1185632, -21.1753462 ], [ -47.1184451, -21.1826353 ], [ -47.1187879, -21.1857521 ], [ -47.1185293, -21.1859249 ], [ -47.1199105, -21.1864246 ], [ -47.1205697, -21.1864744 ], [ -47.121139, -21.1865174 ], [ -47.1219192, -21.1867179 ], [ -47.1233818, -21.1865031 ], [ -47.1241547, -21.1866107 ], [ -47.1248957, -21.1869057 ], [ -47.1279504, -21.1884405 ], [ -47.1284859, -21.1886436 ], [ -47.1287565, -21.1887462 ], [ -47.1301759, -21.1890057 ], [ -47.1319764, -21.1888422 ], [ -47.1329869, -21.1886073 ], [ -47.134242, -21.1880659 ], [ -47.135555, -21.1873571 ], [ -47.1371082, -21.1869562 ], [ -47.1386164, -21.1859579 ], [ -47.1388415, -21.1858089 ], [ -47.1393386, -21.1856939 ], [ -47.1396882, -21.1856131 ], [ -47.1400669, -21.1856478 ], [ -47.1402142, -21.1856612 ], [ -47.1403609, -21.1857388 ], [ -47.1407862, -21.1859637 ], [ -47.1413016, -21.1865316 ], [ -47.1420106, -21.1875395 ], [ -47.1435606, -21.1893701 ], [ -47.1445434, -21.1908777 ], [ -47.1448559, -21.1915174 ], [ -47.1448796, -21.1916276 ], [ -47.1450201, -21.1922814 ], [ -47.1446983, -21.1935468 ], [ -47.1448148, -21.1944859 ], [ -47.1452688, -21.1953172 ], [ -47.1458007, -21.1959891 ], [ -47.1466093, -21.1967629 ], [ -47.147855, -21.1974025 ], [ -47.1482775, -21.1974582 ], [ -47.1491144, -21.1973931 ], [ -47.1512961, -21.1967228 ], [ -47.152032, -21.1962763 ], [ -47.1525807, -21.1956264 ], [ -47.1529139, -21.1954053 ], [ -47.1547912, -21.194499 ], [ -47.1560809, -21.1943344 ], [ -47.15688, -21.1941276 ], [ -47.1588142, -21.1938668 ], [ -47.1593065, -21.1938731 ], [ -47.1605335, -21.1941049 ], [ -47.1629955, -21.1948131 ], [ -47.1640211, -21.1948139 ], [ -47.1643615, -21.1946857 ], [ -47.1646085, -21.1944719 ], [ -47.1647453, -21.1942485 ], [ -47.1648598, -21.1940615 ], [ -47.165939, -21.1931328 ], [ -47.1665798, -21.1928648 ], [ -47.1671848, -21.1927697 ], [ -47.1680286, -21.1929716 ], [ -47.1686392, -21.1932333 ], [ -47.1700087, -21.1940943 ], [ -47.1712537, -21.1955656 ], [ -47.1717263, -21.1963537 ], [ -47.1718073, -21.1965858 ], [ -47.1718416, -21.1966842 ], [ -47.1727589, -21.1993151 ], [ -47.1732606, -21.2000792 ], [ -47.1737291, -21.2004754 ], [ -47.1745966, -21.2010008 ], [ -47.1755042, -21.2017623 ], [ -47.1760532, -21.2020862 ], [ -47.1764257, -21.2022862 ], [ -47.1779637, -21.2028016 ], [ -47.1779855, -21.2028089 ], [ -47.1793007, -21.2037215 ], [ -47.1808743, -21.2050111 ], [ -47.1820411, -21.2064676 ], [ -47.1824395, -21.2077998 ], [ -47.1826674, -21.2081675 ], [ -47.1849626, -21.2104096 ], [ -47.1868233, -21.2116208 ], [ -47.1874986, -21.2119444 ], [ -47.1885801, -21.2122636 ], [ -47.1895428, -21.2122303 ], [ -47.1903289, -21.2117407 ], [ -47.1941403, -21.21058 ], [ -47.1955911, -21.2103946 ], [ -47.1973259, -21.2103213 ], [ -47.1990914, -21.2100002 ], [ -47.1997702, -21.209642 ], [ -47.2008054, -21.2087023 ], [ -47.2014271, -21.2084334 ], [ -47.2038852, -21.208583 ], [ -47.2051561, -21.2082843 ], [ -47.2064788, -21.2076121 ], [ -47.2071689, -21.2070917 ], [ -47.2078303, -21.206301 ], [ -47.2078739, -21.2062489 ], [ -47.2078761, -21.2062463 ], [ -47.2079203, -21.2061935 ], [ -47.2085174, -21.2054798 ], [ -47.2095251, -21.2044652 ], [ -47.210821, -21.2036832 ], [ -47.212343, -21.2029731 ], [ -47.2138796, -21.2016904 ], [ -47.2142147, -21.2015726 ], [ -47.2160142, -21.2017685 ], [ -47.2165887, -21.2017267 ], [ -47.2170693, -21.201612 ], [ -47.2180555, -21.2010215 ], [ -47.2191843, -21.2007494 ], [ -47.2203625, -21.2006805 ], [ -47.2223398, -21.2009104 ], [ -47.223284, -21.2008375 ], [ -47.223627, -21.2006922 ], [ -47.2239178, -21.2004275 ], [ -47.2242085, -21.2001628 ], [ -47.2247916, -21.1991348 ], [ -47.2260396, -21.1957316 ], [ -47.2265347, -21.1951089 ], [ -47.2275128, -21.1945467 ], [ -47.2297397, -21.1942267 ], [ -47.2314536, -21.1941844 ], [ -47.2329119, -21.1944402 ], [ -47.2334093, -21.1944402 ], [ -47.2337023, -21.1943351 ], [ -47.2338557, -21.1940159 ], [ -47.2337335, -21.1936525 ], [ -47.2331738, -21.1932879 ], [ -47.2328316, -21.1929086 ], [ -47.2322891, -21.191745 ], [ -47.2311189, -21.1905447 ], [ -47.2304727, -21.1896887 ], [ -47.2302239, -21.188933 ], [ -47.2307622, -21.1875096 ], [ -47.2305683, -21.1864614 ], [ -47.2307273, -21.1851119 ], [ -47.2311253, -21.1843972 ], [ -47.2313407, -21.1842189 ], [ -47.2326852, -21.183674 ], [ -47.2329954, -21.1833395 ], [ -47.2333463, -21.1826428 ], [ -47.2335492, -21.1817883 ], [ -47.2340505, -21.1811334 ], [ -47.2349028, -21.1795464 ], [ -47.2354281, -21.1770775 ], [ -47.23528, -21.1760365 ], [ -47.2354125, -21.1747191 ], [ -47.235197, -21.173254 ], [ -47.2352266, -21.1703898 ], [ -47.2353105, -21.1702404 ], [ -47.2359335, -21.1701906 ], [ -47.2365711, -21.1704325 ], [ -47.2370925, -21.1704532 ], [ -47.2374472, -21.1701789 ], [ -47.2382417, -21.1698745 ], [ -47.2389488, -21.1700302 ], [ -47.2392284, -21.1699856 ], [ -47.2403821, -21.169309 ], [ -47.2404819, -21.1691476 ], [ -47.2405653, -21.1683144 ], [ -47.2408666, -21.167878 ], [ -47.2421689, -21.1672172 ], [ -47.2428451, -21.1666969 ], [ -47.2429785, -21.1664551 ], [ -47.2429648, -21.1660376 ], [ -47.2426276, -21.165698 ], [ -47.2425116, -21.1650932 ], [ -47.2422268, -21.1647441 ], [ -47.2422029, -21.1641483 ], [ -47.2420437, -21.1636235 ], [ -47.2422328, -21.1633021 ], [ -47.2428714, -21.1627812 ], [ -47.2430534, -21.1624892 ], [ -47.2432012, -21.1618886 ], [ -47.2433419, -21.1617198 ], [ -47.2435122, -21.1609862 ], [ -47.244084, -21.1604312 ], [ -47.2440455, -21.1601331 ], [ -47.2438084, -21.1596906 ], [ -47.2438536, -21.1593527 ], [ -47.244586, -21.158911 ], [ -47.2450479, -21.1588826 ], [ -47.2458632, -21.1591782 ], [ -47.2464776, -21.1591892 ], [ -47.2472818, -21.1586927 ], [ -47.2483022, -21.1578922 ], [ -47.2487883, -21.1576491 ], [ -47.2501406, -21.1571996 ], [ -47.2504803, -21.1568294 ], [ -47.2505824, -21.1564506 ], [ -47.251001, -21.1557861 ], [ -47.2518314, -21.1554974 ], [ -47.2534017, -21.1551265 ], [ -47.2535368, -21.1550169 ], [ -47.253829, -21.1543977 ], [ -47.2544651, -21.1541003 ], [ -47.2544902, -21.153803 ], [ -47.2547445, -21.153149 ], [ -47.255607, -21.1522802 ], [ -47.2556604, -21.1518672 ], [ -47.2553642, -21.1508167 ], [ -47.2554579, -21.1499012 ], [ -47.2555547, -21.1496795 ], [ -47.2567378, -21.1489222 ], [ -47.2568833, -21.14852 ], [ -47.2568585, -21.1478568 ], [ -47.257048, -21.1473144 ], [ -47.2573522, -21.1469607 ], [ -47.2585961, -21.1459029 ], [ -47.2588737, -21.1451178 ], [ -47.2591045, -21.1448511 ], [ -47.2608159, -21.1446816 ], [ -47.2614029, -21.1444443 ], [ -47.2624444, -21.14449 ], [ -47.262826, -21.1444054 ], [ -47.2636061, -21.14365 ], [ -47.2636754, -21.143482 ], [ -47.2635629, -21.1425017 ], [ -47.2637715, -21.142067 ], [ -47.2641478, -21.1416955 ], [ -47.2644348, -21.1411668 ], [ -47.264473, -21.1408987 ], [ -47.2643414, -21.1402537 ], [ -47.2644619, -21.1396574 ], [ -47.2646947, -21.1393907 ], [ -47.264884, -21.1393389 ], [ -47.2652227, -21.1392465 ], [ -47.2652568, -21.1392372 ], [ -47.2652813, -21.1392305 ], [ -47.2655972, -21.1391443 ], [ -47.2662442, -21.1396021 ], [ -47.2668147, -21.139728 ], [ -47.2672146, -21.1396009 ], [ -47.2675134, -21.1393 ], [ -47.2682298, -21.1391621 ], [ -47.2687225, -21.138859 ], [ -47.2690526, -21.1388667 ], [ -47.2697482, -21.139188 ], [ -47.2698622, -21.1394144 ], [ -47.269981, -21.1406412 ], [ -47.270299, -21.1407463 ], [ -47.2706737, -21.1406641 ], [ -47.2711624, -21.1407463 ], [ -47.27242, -21.1416146 ], [ -47.272737, -21.141637 ], [ -47.2731116, -21.1415997 ], [ -47.2738908, -21.1412234 ], [ -47.2746582, -21.1411306 ], [ -47.275506, -21.140518 ], [ -47.2765023, -21.140392 ], [ -47.2768374, -21.1399919 ], [ -47.277583, -21.1398264 ], [ -47.2780655, -21.1395552 ], [ -47.2787828, -21.1397165 ], [ -47.2796592, -21.1396621 ], [ -47.2799756, -21.1397195 ], [ -47.2805568, -21.1400561 ], [ -47.2810538, -21.1399957 ], [ -47.2812321, -21.1398249 ], [ -47.2818502, -21.1384106 ], [ -47.2822547, -21.1380752 ], [ -47.2830209, -21.1378377 ], [ -47.2830841, -21.1376748 ], [ -47.2830156, -21.1374861 ], [ -47.2825115, -21.1369989 ], [ -47.282452, -21.1368456 ], [ -47.2825288, -21.1361073 ], [ -47.2821832, -21.13493 ], [ -47.2820493, -21.1340342 ], [ -47.282193, -21.1336059 ], [ -47.2824133, -21.1334223 ], [ -47.2832312, -21.133424 ], [ -47.2836199, -21.1333099 ], [ -47.2837739, -21.1330572 ], [ -47.2838031, -21.131688 ], [ -47.2839262, -21.1315652 ], [ -47.2850824, -21.131503 ], [ -47.2856786, -21.1310808 ], [ -47.2859076, -21.1308535 ], [ -47.2861255, -21.1304245 ], [ -47.2867582, -21.1299839 ], [ -47.286841, -21.1297733 ], [ -47.2867668, -21.1291333 ], [ -47.2870542, -21.1286585 ], [ -47.2870215, -21.1283598 ], [ -47.2863179, -21.1278756 ], [ -47.2862406, -21.1276667 ], [ -47.2865262, -21.1274875 ], [ -47.2869413, -21.1274481 ], [ -47.2871914, -21.1272226 ], [ -47.2871005, -21.126953 ], [ -47.2866946, -21.126662 ], [ -47.2865882, -21.126373 ], [ -47.286999, -21.1259156 ], [ -47.2869067, -21.1251239 ], [ -47.2873235, -21.1245571 ], [ -47.2873589, -21.1240931 ], [ -47.2868566, -21.1232268 ], [ -47.2870473, -21.1229935 ], [ -47.2874621, -21.1228984 ], [ -47.287646, -21.1226657 ], [ -47.2876202, -21.1224059 ], [ -47.287326, -21.1219432 ], [ -47.2874067, -21.1216301 ], [ -47.2875134, -21.1215489 ], [ -47.2878229, -21.1215449 ], [ -47.2881806, -21.1218376 ], [ -47.2884605, -21.1218262 ], [ -47.2886015, -21.121244 ], [ -47.2887501, -21.1210675 ], [ -47.2896541, -21.1207409 ], [ -47.2900581, -21.1207353 ], [ -47.2902839, -21.1209607 ], [ -47.2904059, -21.1209682 ], [ -47.291034, -21.1200746 ], [ -47.2909288, -21.1198863 ], [ -47.2910203, -21.1193112 ], [ -47.2918423, -21.1180477 ], [ -47.2918005, -21.1176507 ], [ -47.2916819, -21.1174825 ], [ -47.2907732, -21.1172526 ], [ -47.2906631, -21.117153 ], [ -47.2906163, -21.1168663 ], [ -47.2906844, -21.1167648 ], [ -47.2915383, -21.1165234 ], [ -47.2914432, -21.1159634 ], [ -47.2915688, -21.1158273 ], [ -47.2920654, -21.1157759 ], [ -47.2921785, -21.1156177 ], [ -47.2920159, -21.1153147 ], [ -47.2920361, -21.1152293 ], [ -47.2922077, -21.1151848 ], [ -47.2921972, -21.1149471 ], [ -47.2917902, -21.1145933 ], [ -47.291661, -21.1140211 ], [ -47.2911991, -21.1135824 ], [ -47.2909322, -21.1131136 ], [ -47.2910557, -21.1122783 ], [ -47.2914142, -21.1117209 ], [ -47.2916817, -21.1108301 ], [ -47.2919576, -21.1105867 ], [ -47.292237, -21.1105015 ], [ -47.2932374, -21.110664 ], [ -47.2940018, -21.1104191 ], [ -47.2959512, -21.1105803 ], [ -47.296744, -21.1104955 ], [ -47.2969711, -21.1103508 ], [ -47.2973453, -21.1098937 ], [ -47.2979368, -21.1095746 ], [ -47.2988174, -21.1080969 ], [ -47.2993249, -21.1078463 ], [ -47.3001075, -21.1078582 ], [ -47.3002007, -21.1078008 ], [ -47.3002578, -21.1073681 ], [ -47.3003715, -21.1072387 ], [ -47.3006371, -21.1072015 ], [ -47.300947, -21.1073368 ], [ -47.3012065, -21.1073083 ], [ -47.3011559, -21.1067627 ], [ -47.3015597, -21.1064398 ], [ -47.3018062, -21.1058438 ], [ -47.3025481, -21.105562 ], [ -47.3027293, -21.1053041 ], [ -47.3034834, -21.1047945 ], [ -47.3039392, -21.1043011 ], [ -47.3041234, -21.104231 ], [ -47.3046567, -21.104305 ], [ -47.3049061, -21.1044784 ], [ -47.3058103, -21.1054907 ], [ -47.3060991, -21.1056242 ], [ -47.3062842, -21.1055794 ], [ -47.3064278, -21.10547 ], [ -47.3066958, -21.1045882 ], [ -47.307739, -21.1040351 ], [ -47.3079565, -21.1033967 ], [ -47.3078806, -21.1031142 ], [ -47.3080172, -21.1026271 ], [ -47.3087524, -21.1018742 ], [ -47.3083949, -21.1018547 ], [ -47.3082829, -21.1017326 ], [ -47.3080332, -21.1009455 ], [ -47.3077254, -21.1009559 ], [ -47.3073796, -21.1011266 ], [ -47.3071539, -21.1010889 ], [ -47.3069124, -21.1007398 ], [ -47.3066823, -21.1000954 ], [ -47.306256, -21.0997004 ], [ -47.305472, -21.0996759 ], [ -47.3047739, -21.0995424 ], [ -47.3041227, -21.0990927 ], [ -47.3032523, -21.0988905 ], [ -47.3030014, -21.0987288 ], [ -47.3022715, -21.0977188 ], [ -47.3022806, -21.0971962 ], [ -47.3020855, -21.0969288 ], [ -47.3005351, -21.097045 ], [ -47.2996727, -21.0976716 ], [ -47.299446, -21.0977435 ], [ -47.2989624, -21.0974873 ], [ -47.2977869, -21.0963385 ], [ -47.2972303, -21.0962492 ], [ -47.2969583, -21.0963634 ], [ -47.2967379, -21.096831 ], [ -47.2966712, -21.0977531 ], [ -47.2963687, -21.0978607 ], [ -47.2956275, -21.0973589 ], [ -47.2952085, -21.0973155 ], [ -47.2946187, -21.0976625 ], [ -47.293892, -21.0976717 ], [ -47.293725, -21.0977424 ], [ -47.293532, -21.0980915 ], [ -47.2934429, -21.0990217 ], [ -47.293113, -21.0995227 ], [ -47.2931175, -21.0998068 ], [ -47.2933728, -21.1006382 ], [ -47.2933391, -21.1008103 ], [ -47.2931291, -21.1010222 ], [ -47.2923098, -21.1011832 ], [ -47.2913992, -21.1018501 ], [ -47.2910909, -21.1018523 ], [ -47.2900337, -21.1013497 ], [ -47.2888556, -21.101156 ], [ -47.288696, -21.1003599 ], [ -47.2886104, -21.1002927 ], [ -47.2881712, -21.1003131 ], [ -47.2879769, -21.1001995 ], [ -47.2879713, -21.0996825 ], [ -47.287731, -21.0994997 ], [ -47.2875265, -21.0991654 ], [ -47.287395, -21.0991117 ], [ -47.2865052, -21.0992339 ], [ -47.285844, -21.0991351 ], [ -47.2854871, -21.0989333 ], [ -47.2847657, -21.0988024 ], [ -47.2842243, -21.0988665 ], [ -47.2837589, -21.0991896 ], [ -47.283407, -21.0991524 ], [ -47.283213, -21.0989911 ], [ -47.2830416, -21.0983715 ], [ -47.28253, -21.0977969 ], [ -47.2814902, -21.0974208 ], [ -47.2802158, -21.0968251 ], [ -47.2779554, -21.0964952 ], [ -47.2774982, -21.0963586 ], [ -47.2762515, -21.0957029 ], [ -47.2756036, -21.0946934 ], [ -47.2753382, -21.0946191 ], [ -47.2748091, -21.0946459 ], [ -47.2741191, -21.0950356 ], [ -47.273156, -21.0951369 ], [ -47.2727157, -21.0952894 ], [ -47.2725103, -21.0951663 ], [ -47.2723063, -21.0947359 ], [ -47.2721641, -21.094662 ], [ -47.2715069, -21.0947754 ], [ -47.2710145, -21.0943947 ], [ -47.2702548, -21.0944941 ], [ -47.2698827, -21.0941389 ], [ -47.2697506, -21.0937158 ], [ -47.2693868, -21.0933897 ], [ -47.268972, -21.092402 ], [ -47.2684596, -21.0919747 ], [ -47.2681436, -21.0914437 ], [ -47.2679122, -21.0912585 ], [ -47.267435, -21.0902647 ], [ -47.2673677, -21.0895818 ], [ -47.2671037, -21.0891581 ], [ -47.2669741, -21.0883191 ], [ -47.2670308, -21.0877256 ], [ -47.2669039, -21.0871653 ], [ -47.2664144, -21.0863184 ], [ -47.2660889, -21.0859775 ], [ -47.2660616, -21.0857509 ], [ -47.2662169, -21.0854039 ], [ -47.2661866, -21.0852877 ], [ -47.2655985, -21.0847029 ], [ -47.2648268, -21.0848126 ], [ -47.2643987, -21.0847157 ], [ -47.2638654, -21.0847504 ], [ -47.2634978, -21.0844663 ], [ -47.2633592, -21.0836126 ], [ -47.2631232, -21.0829752 ], [ -47.2627419, -21.082483 ], [ -47.2626291, -21.0817193 ], [ -47.2623604, -21.081378 ], [ -47.2614595, -21.081045 ], [ -47.2610161, -21.0805854 ], [ -47.2609065, -21.0803043 ], [ -47.2608692, -21.0792776 ], [ -47.2606445, -21.0789848 ], [ -47.2603761, -21.0782751 ], [ -47.2598608, -21.0775323 ], [ -47.2598397, -21.0771675 ], [ -47.260541, -21.0763775 ], [ -47.2606752, -21.075797 ], [ -47.2605651, -21.0756543 ], [ -47.2601666, -21.0755208 ], [ -47.2589172, -21.0753771 ], [ -47.2580711, -21.0757481 ], [ -47.2570203, -21.0758323 ], [ -47.2562848, -21.0762508 ], [ -47.25507, -21.0764247 ], [ -47.2544835, -21.0766361 ], [ -47.2533825, -21.0766393 ], [ -47.2518033, -21.0762048 ], [ -47.2508181, -21.0756933 ], [ -47.2484551, -21.0756591 ], [ -47.2480527, -21.0757384 ], [ -47.2464715, -21.0765798 ], [ -47.2417785, -21.0797501 ], [ -47.2407986, -21.0800985 ], [ -47.2392226, -21.0802302 ], [ -47.2380402, -21.0806659 ], [ -47.2359412, -21.0825558 ], [ -47.234678, -21.0834133 ], [ -47.2337736, -21.0837494 ], [ -47.2310658, -21.0843689 ], [ -47.230569, -21.0844049 ], [ -47.2288292, -21.0839244 ], [ -47.2285725, -21.0839555 ], [ -47.2279135, -21.0841711 ], [ -47.2258896, -21.0852103 ], [ -47.2251801, -21.0853708 ], [ -47.2243552, -21.0856974 ], [ -47.2236149, -21.0857291 ], [ -47.2233001, -21.0854507 ], [ -47.2229076, -21.0846148 ], [ -47.2228837, -21.0839543 ], [ -47.2234742, -21.0832554 ], [ -47.2247695, -21.0825637 ], [ -47.2259847, -21.0824439 ], [ -47.2274629, -21.082473 ], [ -47.2281265, -21.0823466 ], [ -47.2287803, -21.0820975 ], [ -47.2299214, -21.0813647 ], [ -47.2308321, -21.0806551 ], [ -47.2316475, -21.0798383 ], [ -47.2318778, -21.0794979 ], [ -47.2320881, -21.0788333 ], [ -47.2318287, -21.0771886 ], [ -47.2318417, -21.0762241 ], [ -47.2324524, -21.0748879 ], [ -47.2337462, -21.073082 ], [ -47.2338976, -21.0725048 ], [ -47.2340438, -21.070391 ], [ -47.2342085, -21.0697551 ], [ -47.2346781, -21.0687458 ], [ -47.2351834, -21.0681809 ], [ -47.2355944, -21.0669563 ], [ -47.2357461, -21.0653558 ], [ -47.2352865, -21.0643842 ], [ -47.2353295, -21.0632475 ], [ -47.2363709, -21.0605671 ], [ -47.2366411, -21.059496 ], [ -47.236633, -21.0579349 ], [ -47.2367381, -21.0571673 ], [ -47.2372978, -21.055466 ], [ -47.2388867, -21.0523904 ], [ -47.239206, -21.0513598 ], [ -47.2391396, -21.0501056 ], [ -47.2389933, -21.0497224 ], [ -47.2384419, -21.0490545 ], [ -47.2376822, -21.0478654 ], [ -47.2372212, -21.0466278 ], [ -47.2365921, -21.0454232 ], [ -47.2357205, -21.0444075 ], [ -47.2343459, -21.0431428 ], [ -47.2336339, -21.0421343 ], [ -47.2335551, -21.0417691 ], [ -47.233668, -21.0413611 ], [ -47.2339114, -21.0410464 ], [ -47.2342603, -21.0408499 ], [ -47.2346955, -21.0407441 ], [ -47.2369639, -21.0405373 ], [ -47.2375557, -21.0403774 ], [ -47.2384428, -21.039842 ], [ -47.2390116, -21.0391465 ], [ -47.2393662, -21.0381857 ], [ -47.2396375, -21.0368747 ], [ -47.2398083, -21.0364825 ], [ -47.2406225, -21.0352181 ], [ -47.2412871, -21.0343845 ], [ -47.2416437, -21.0337184 ], [ -47.2422159, -21.0309061 ], [ -47.2446429, -21.0255345 ], [ -47.2453719, -21.0244688 ], [ -47.2465887, -21.0222184 ], [ -47.2472334, -21.0212465 ], [ -47.2487827, -21.0199868 ], [ -47.2494319, -21.0192145 ], [ -47.2494746, -21.0182062 ], [ -47.2497758, -21.0168676 ], [ -47.2491898, -21.012474 ], [ -47.2491617, -21.0110514 ], [ -47.2500834, -21.0100428 ], [ -47.250663, -21.009168 ], [ -47.2514773, -21.0087032 ], [ -47.2528714, -21.008423 ], [ -47.253243, -21.0082319 ], [ -47.2538275, -21.0077185 ], [ -47.2534859, -21.0065208 ], [ -47.2533439, -21.0051673 ], [ -47.2531642, -21.0047963 ], [ -47.2520623, -21.0037645 ], [ -47.2500091, -21.0014363 ], [ -47.2498188, -21.0012805 ], [ -47.2488239, -21.0009511 ], [ -47.2483909, -21.000456 ], [ -47.2468563, -21.0001169 ], [ -47.2459148, -20.999564 ], [ -47.245791, -20.9994908 ], [ -47.2468035, -20.9981326 ], [ -47.2468642, -20.9977684 ], [ -47.2466707, -20.9971291 ], [ -47.2463292, -20.9967616 ], [ -47.2444979, -20.9955779 ], [ -47.2409182, -20.99461 ], [ -47.239949, -20.9940102 ], [ -47.2398061, -20.993743 ], [ -47.2398035, -20.9934815 ], [ -47.2399876, -20.9931563 ], [ -47.2402637, -20.9929048 ], [ -47.2405184, -20.992807 ], [ -47.2428551, -20.9925012 ], [ -47.2433859, -20.9923002 ], [ -47.2436818, -20.9920154 ], [ -47.2437471, -20.9914851 ], [ -47.2427276, -20.9894654 ], [ -47.2429077, -20.989229 ], [ -47.2439472, -20.9891676 ], [ -47.2452697, -20.9896385 ], [ -47.2464724, -20.9898216 ], [ -47.2475941, -20.9904131 ], [ -47.2483855, -20.9903885 ], [ -47.2488748, -20.9902102 ], [ -47.2485441, -20.9892851 ], [ -47.2469957, -20.9865887 ], [ -47.2464391, -20.9859961 ], [ -47.2435057, -20.9839396 ], [ -47.2428197, -20.983634 ], [ -47.2419208, -20.9833973 ], [ -47.2385633, -20.9818874 ], [ -47.2371594, -20.9814501 ], [ -47.2346113, -20.981008 ], [ -47.2331173, -20.9809463 ], [ -47.2322021, -20.9810072 ], [ -47.2314138, -20.9811756 ], [ -47.2298056, -20.9820429 ], [ -47.2290572, -20.9827546 ], [ -47.2282673, -20.9833433 ], [ -47.2275171, -20.9836281 ], [ -47.2268156, -20.9837064 ], [ -47.2264043, -20.9836497 ], [ -47.2256722, -20.9833638 ], [ -47.2251035, -20.982999 ], [ -47.22419, -20.9820653 ], [ -47.2230412, -20.9796945 ], [ -47.2221437, -20.9786841 ], [ -47.2206121, -20.9774788 ], [ -47.219966, -20.9768675 ], [ -47.2193997, -20.976173 ], [ -47.2175752, -20.9731699 ], [ -47.2164982, -20.9718739 ], [ -47.2155314, -20.9710341 ], [ -47.2148823, -20.9708099 ], [ -47.2142971, -20.9708092 ], [ -47.2115236, -20.9711621 ], [ -47.2058479, -20.9724727 ], [ -47.2044079, -20.9724109 ], [ -47.204066, -20.9723963 ], [ -47.2038988, -20.9723891 ], [ -47.2018432, -20.9720857 ], [ -47.2004261, -20.9717527 ], [ -47.1997728, -20.9711751 ], [ -47.1993214, -20.9703288 ], [ -47.1990909, -20.970105 ], [ -47.1981852, -20.96983 ], [ -47.195125, -20.9694175 ], [ -47.1937041, -20.9688301 ], [ -47.1891811, -20.9624043 ], [ -47.1879358, -20.9611536 ], [ -47.1867846, -20.9595716 ], [ -47.1852578, -20.9579512 ], [ -47.1827615, -20.9547748 ], [ -47.182248, -20.9543222 ], [ -47.1812762, -20.9538101 ], [ -47.1798153, -20.9541482 ], [ -47.1753498, -20.9539149 ], [ -47.1736193, -20.9542566 ], [ -47.1688419, -20.9564931 ], [ -47.168261, -20.9580053 ], [ -47.1680447, -20.9625338 ], [ -47.1645367, -20.9660523 ], [ -47.1628504, -20.9666221 ], [ -47.1606655, -20.9663714 ], [ -47.1575497, -20.9683548 ], [ -47.156484, -20.9685072 ], [ -47.1532641, -20.9708941 ], [ -47.1512901, -20.9713534 ], [ -47.1495699, -20.9699703 ], [ -47.1478143, -20.9724929 ], [ -47.1474209, -20.97774 ], [ -47.1437389, -20.9823857 ], [ -47.1437523, -20.9824433 ], [ -47.1456828, -20.990797 ], [ -47.1468441, -20.9930167 ], [ -47.1502601, -20.9963444 ], [ -47.150646, -20.997482 ], [ -47.1504563, -21.0072903 ], [ -47.1511234, -21.0103141 ], [ -47.1538994, -21.0129308 ], [ -47.1570299, -21.0188247 ], [ -47.1560659, -21.0214104 ], [ -47.1548959, -21.022926 ], [ -47.1532643, -21.0240003 ], [ -47.152672, -21.0243903 ], [ -47.1482897, -21.0349104 ], [ -47.1480619, -21.0354573 ], [ -47.1478615, -21.0354609 ], [ -47.1469812, -21.0380418 ], [ -47.1481212, -21.0448551 ], [ -47.1472909, -21.0449647 ], [ -47.1468079, -21.0460352 ], [ -47.1459806, -21.0478688 ], [ -47.1465115, -21.0494335 ], [ -47.1465587, -21.0563423 ], [ -47.1461008, -21.0590515 ], [ -47.1394224, -21.0693541 ], [ -47.1404829, -21.0789373 ], [ -47.1405433, -21.0796346 ], [ -47.1405736, -21.0799848 ], [ -47.1406713, -21.0811124 ] ] ] ] } },
{ "type": "Feature", "properties": { "CD_MUN": "3509403", "NM_MUN": "Cajuru", "CD_RGI": "350031", "NM_RGI": "Ribeirão Preto", "CD_RGINT": "3508", "NM_RGINT": "Ribeirão Preto", "CD_UF": "35", "NM_UF": "São Paulo", "SIGLA_UF": "SP", "CD_REGIA": "3", "NM_REGIA": "Sudeste", "SIGLA_RG": "SE", "CD_CONCU": null, "NM_CONCU": null, "AREA_KM2": 660.088 }, "geometry": { "type": "MultiPolygon", "coordinates": [ [ [ [ -47.3260452, -21.4245597 ], [ -47.3260712, -21.4245348 ], [ -47.3260792, -21.424527 ], [ -47.3263819, -21.4242358 ], [ -47.326493, -21.4241288 ], [ -47.327985, -21.4231266 ], [ -47.3285295, -21.4226189 ], [ -47.3292792, -21.4213572 ], [ -47.3302173, -21.4204543 ], [ -47.3316024, -21.4188709 ], [ -47.3321199, -21.4175164 ], [ -47.3325523, -21.4156337 ], [ -47.33287, -21.4147629 ], [ -47.3333528, -21.4142509 ], [ -47.3344221, -21.4137082 ], [ -47.3355256, -21.4136422 ], [ -47.3370979, -21.4140306 ], [ -47.3381746, -21.4139168 ], [ -47.3392466, -21.4135674 ], [ -47.3434286, -21.4108515 ], [ -47.3436407, -21.4108306 ], [ -47.3445563, -21.4107406 ], [ -47.3461936, -21.4103568 ], [ -47.3475421, -21.4096156 ], [ -47.3498405, -21.4087896 ], [ -47.3509927, -21.4086293 ], [ -47.3521747, -21.4086607 ], [ -47.3531562, -21.4090067 ], [ -47.3549251, -21.4094639 ], [ -47.3558243, -21.4094759 ], [ -47.3565184, -21.4093694 ], [ -47.3569469, -21.409052 ], [ -47.3582563, -21.4058323 ], [ -47.3588579, -21.404934 ], [ -47.3600466, -21.4038826 ], [ -47.3618539, -21.402789 ], [ -47.3627888, -21.4018849 ], [ -47.3640706, -21.4000139 ], [ -47.3650107, -21.3989285 ], [ -47.3658483, -21.3983153 ], [ -47.3669766, -21.3981053 ], [ -47.3683282, -21.3976301 ], [ -47.3702091, -21.3964243 ], [ -47.3726272, -21.3951398 ], [ -47.3737542, -21.3949783 ], [ -47.3752674, -21.3950054 ], [ -47.3775864, -21.3953572 ], [ -47.3788531, -21.3954357 ], [ -47.3797489, -21.395327 ], [ -47.3805672, -21.395077 ], [ -47.3810739, -21.3945855 ], [ -47.3816703, -21.3935421 ], [ -47.3821442, -21.3918605 ], [ -47.3833195, -21.3876896 ], [ -47.3835658, -21.3868158 ], [ -47.3840127, -21.382647 ], [ -47.3842724, -21.3820779 ], [ -47.3845322, -21.3815089 ], [ -47.3854886, -21.3803322 ], [ -47.3873179, -21.3791277 ], [ -47.3883794, -21.3781241 ], [ -47.3892806, -21.376716 ], [ -47.3903476, -21.3744139 ], [ -47.390799, -21.3737566 ], [ -47.391431, -21.3732682 ], [ -47.3923755, -21.3728451 ], [ -47.3949335, -21.3713769 ], [ -47.3974051, -21.3704769 ], [ -47.3995788, -21.3698681 ], [ -47.401681, -21.3696456 ], [ -47.4045515, -21.369508 ], [ -47.4054452, -21.3693991 ], [ -47.4060328, -21.3691003 ], [ -47.4069679, -21.3682228 ], [ -47.4082663, -21.3658945 ], [ -47.4112418, -21.3610755 ], [ -47.4114332, -21.3602301 ], [ -47.4113108, -21.3591513 ], [ -47.4107548, -21.3581239 ], [ -47.4083095, -21.3560187 ], [ -47.4064565, -21.3541992 ], [ -47.4057229, -21.3531756 ], [ -47.4053364, -21.3516389 ], [ -47.40521, -21.348633 ], [ -47.4045463, -21.3439901 ], [ -47.4047328, -21.3429522 ], [ -47.405039, -21.3423552 ], [ -47.4052299, -21.3419829 ], [ -47.4067509, -21.3406852 ], [ -47.4081263, -21.3401367 ], [ -47.4094818, -21.3399235 ], [ -47.4099475, -21.3400397 ], [ -47.4102091, -21.3402512 ], [ -47.4104759, -21.3409932 ], [ -47.4109744, -21.3415384 ], [ -47.4126053, -21.3424774 ], [ -47.4150783, -21.3432093 ], [ -47.4149039, -21.3419352 ], [ -47.4145872, -21.3413153 ], [ -47.4139619, -21.3408433 ], [ -47.4135852, -21.3398634 ], [ -47.4127538, -21.3389735 ], [ -47.4122432, -21.3382463 ], [ -47.4120019, -21.3368069 ], [ -47.4114369, -21.3360236 ], [ -47.4110956, -21.3347925 ], [ -47.4104278, -21.3339566 ], [ -47.4103188, -21.3328172 ], [ -47.4100639, -21.3320254 ], [ -47.4098665, -21.3318011 ], [ -47.4080662, -21.3307907 ], [ -47.4066193, -21.3302454 ], [ -47.4060237, -21.3299309 ], [ -47.4045752, -21.3286278 ], [ -47.4023811, -21.327363 ], [ -47.4018085, -21.3269003 ], [ -47.3988766, -21.3257405 ], [ -47.3976503, -21.3254203 ], [ -47.3972194, -21.3250035 ], [ -47.3968703, -21.3240345 ], [ -47.3962003, -21.3231653 ], [ -47.3950533, -21.3211882 ], [ -47.3947562, -21.320499 ], [ -47.3947306, -21.3204398 ], [ -47.3947051, -21.3203806 ], [ -47.3943569, -21.3195729 ], [ -47.3939523, -21.3191095 ], [ -47.3921762, -21.3179293 ], [ -47.3918669, -21.3176422 ], [ -47.3911448, -21.3166658 ], [ -47.3901941, -21.3158611 ], [ -47.3882905, -21.314816 ], [ -47.3877423, -21.3143057 ], [ -47.3865369, -21.3125357 ], [ -47.3834588, -21.3091879 ], [ -47.3811288, -21.3072473 ], [ -47.3790329, -21.3055016 ], [ -47.3764695, -21.3030016 ], [ -47.3761347, -21.3021887 ], [ -47.3758486, -21.3003387 ], [ -47.375575, -21.2997303 ], [ -47.375126, -21.2996759 ], [ -47.3728998, -21.3001882 ], [ -47.3721153, -21.3001511 ], [ -47.3713918, -21.2998954 ], [ -47.370568, -21.2993228 ], [ -47.3691845, -21.2983611 ], [ -47.368336, -21.2976035 ], [ -47.3678898, -21.296867 ], [ -47.3678094, -21.2962959 ], [ -47.3678338, -21.2952831 ], [ -47.3679601, -21.294799 ], [ -47.3679668, -21.2947734 ], [ -47.3684611, -21.2942481 ], [ -47.3702225, -21.2930592 ], [ -47.3737932, -21.2906491 ], [ -47.3753386, -21.2892519 ], [ -47.3756218, -21.2888316 ], [ -47.3758935, -21.2881295 ], [ -47.3759518, -21.2870686 ], [ -47.3789106, -21.2880633 ], [ -47.3817812, -21.288468 ], [ -47.3833415, -21.2886879 ], [ -47.3839569, -21.2887747 ], [ -47.3861984, -21.2892488 ], [ -47.3895056, -21.2904537 ], [ -47.3918794, -21.2909266 ], [ -47.3957773, -21.2910392 ], [ -47.3996753, -21.2911517 ], [ -47.4006218, -21.2908979 ], [ -47.4015683, -21.290644 ], [ -47.4024393, -21.2905351 ], [ -47.4039843, -21.2907544 ], [ -47.4038738, -21.2898221 ], [ -47.4038327, -21.2894753 ], [ -47.4037904, -21.2891178 ], [ -47.4037279, -21.2885904 ], [ -47.4035791, -21.2873348 ], [ -47.4034258, -21.2860411 ], [ -47.4033055, -21.2857551 ], [ -47.4031816, -21.2856748 ], [ -47.4030322, -21.2855779 ], [ -47.402881, -21.2854799 ], [ -47.4027303, -21.2853822 ], [ -47.4025897, -21.2852911 ], [ -47.4024454, -21.2851976 ], [ -47.402318, -21.285115 ], [ -47.402196, -21.2850359 ], [ -47.4020576, -21.2849462 ], [ -47.401929, -21.2848628 ], [ -47.4018333, -21.2848008 ], [ -47.4017278, -21.2847324 ], [ -47.4016092, -21.2846555 ], [ -47.4015318, -21.2846053 ], [ -47.401474, -21.2845678 ], [ -47.4013382, -21.2844798 ], [ -47.4012181, -21.284402 ], [ -47.4008017, -21.2840519 ], [ -47.4003853, -21.2837018 ], [ -47.3994458, -21.2823269 ], [ -47.3988347, -21.2811554 ], [ -47.398574, -21.2800865 ], [ -47.3983133, -21.2790176 ], [ -47.3983391, -21.2774512 ], [ -47.3984258, -21.2764632 ], [ -47.3986201, -21.2757859 ], [ -47.3986397, -21.2754124 ], [ -47.3986594, -21.2750388 ], [ -47.3984417, -21.2743437 ], [ -47.3978891, -21.2734593 ], [ -47.3968308, -21.2730163 ], [ -47.3959016, -21.2727887 ], [ -47.3947957, -21.272804 ], [ -47.3933964, -21.2736194 ], [ -47.3906708, -21.2735157 ], [ -47.3876112, -21.2740632 ], [ -47.3866824, -21.273893 ], [ -47.3857475, -21.2732678 ], [ -47.3848125, -21.2726426 ], [ -47.3837638, -21.2712122 ], [ -47.3832592, -21.2702066 ], [ -47.3831583, -21.2697659 ], [ -47.3830393, -21.2692462 ], [ -47.3827911, -21.2681624 ], [ -47.3826763, -21.2676611 ], [ -47.382275, -21.2664609 ], [ -47.3819883, -21.2662726 ], [ -47.3816778, -21.2662295 ], [ -47.3813673, -21.2661864 ], [ -47.3802177, -21.2664668 ], [ -47.3789703, -21.2671847 ], [ -47.3786005, -21.2673459 ], [ -47.3782306, -21.2675071 ], [ -47.3756501, -21.2667727 ], [ -47.3751166, -21.2663905 ], [ -47.3749571, -21.2660553 ], [ -47.37495, -21.2657414 ], [ -47.3751018, -21.2655833 ], [ -47.3752535, -21.2654253 ], [ -47.3767072, -21.2649887 ], [ -47.376865, -21.2644385 ], [ -47.3774367, -21.2640331 ], [ -47.3779466, -21.2634176 ], [ -47.3782778, -21.2622703 ], [ -47.3783442, -21.2609203 ], [ -47.3783595, -21.2608659 ], [ -47.379085, -21.2582954 ], [ -47.3789914, -21.2568582 ], [ -47.3786568, -21.2557608 ], [ -47.3786409, -21.2557085 ], [ -47.3786696, -21.2555403 ], [ -47.3786984, -21.255372 ], [ -47.3794576, -21.2543996 ], [ -47.3798859, -21.2534717 ], [ -47.38028, -21.2528769 ], [ -47.3810001, -21.2522157 ], [ -47.3819565, -21.2509283 ], [ -47.3822158, -21.2507596 ], [ -47.3826648, -21.2501642 ], [ -47.3830441, -21.2493629 ], [ -47.3831952, -21.2485527 ], [ -47.3832408, -21.2483083 ], [ -47.3836183, -21.2478467 ], [ -47.3839958, -21.2473851 ], [ -47.3841157, -21.2468182 ], [ -47.3837282, -21.2455207 ], [ -47.3836755, -21.2453442 ], [ -47.3836829, -21.2449212 ], [ -47.3837867, -21.2442844 ], [ -47.3838904, -21.2436477 ], [ -47.3844338, -21.2419802 ], [ -47.3843669, -21.2405252 ], [ -47.3844247, -21.2397303 ], [ -47.3845476, -21.2392686 ], [ -47.3847567, -21.2389479 ], [ -47.3851989, -21.2385253 ], [ -47.385485, -21.2382519 ], [ -47.3856597, -21.2379468 ], [ -47.3857032, -21.2377405 ], [ -47.3857467, -21.2375341 ], [ -47.3857336, -21.237383 ], [ -47.3856266, -21.2361472 ], [ -47.3859203, -21.2351871 ], [ -47.3862593, -21.2344418 ], [ -47.3866866, -21.2337484 ], [ -47.3872934, -21.2330396 ], [ -47.3878576, -21.2323804 ], [ -47.3885734, -21.2310377 ], [ -47.3891217, -21.2307212 ], [ -47.3899644, -21.2304188 ], [ -47.3901761, -21.2302122 ], [ -47.3903629, -21.2298735 ], [ -47.3905878, -21.2290698 ], [ -47.3907985, -21.2287122 ], [ -47.3926221, -21.2262038 ], [ -47.3942346, -21.2256959 ], [ -47.395136, -21.2250713 ], [ -47.3959547, -21.2226299 ], [ -47.3966693, -21.221634 ], [ -47.3972449, -21.2212232 ], [ -47.3977837, -21.220642 ], [ -47.3979487, -21.2194522 ], [ -47.3992236, -21.2178247 ], [ -47.3994288, -21.2165547 ], [ -47.4000784, -21.2148957 ], [ -47.4001579, -21.2141078 ], [ -47.4001388, -21.2138766 ], [ -47.4000872, -21.2132513 ], [ -47.4001629, -21.2130466 ], [ -47.4004512, -21.2126983 ], [ -47.4014535, -21.2118844 ], [ -47.4018367, -21.212026 ], [ -47.4020595, -21.2118504 ], [ -47.402346, -21.2110023 ], [ -47.4025555, -21.2107166 ], [ -47.404094, -21.209723 ], [ -47.4044098, -21.2097317 ], [ -47.4046155, -21.2100255 ], [ -47.4048132, -21.2107162 ], [ -47.404945, -21.2108292 ], [ -47.4064563, -21.2109427 ], [ -47.4073896, -21.2114814 ], [ -47.4107152, -21.2131078 ], [ -47.4108474, -21.2134743 ], [ -47.4108179, -21.2137239 ], [ -47.4103511, -21.2142909 ], [ -47.4096234, -21.2149358 ], [ -47.4095547, -21.2151165 ], [ -47.4096138, -21.2152383 ], [ -47.4128241, -21.2168603 ], [ -47.4138483, -21.2175867 ], [ -47.4139373, -21.2177735 ], [ -47.4138436, -21.2194874 ], [ -47.4139987, -21.2199014 ], [ -47.4141753, -21.220026 ], [ -47.4147864, -21.2200956 ], [ -47.4177509, -21.2181039 ], [ -47.4180895, -21.2177521 ], [ -47.4185433, -21.2165465 ], [ -47.4187358, -21.2164236 ], [ -47.4190004, -21.2163916 ], [ -47.4195216, -21.2165062 ], [ -47.4197035, -21.2167739 ], [ -47.4196796, -21.2170291 ], [ -47.4193825, -21.2177267 ], [ -47.4195931, -21.2187766 ], [ -47.4194896, -21.2200399 ], [ -47.4195904, -21.2203089 ], [ -47.4201679, -21.2209802 ], [ -47.4203018, -21.2213287 ], [ -47.4206639, -21.2241739 ], [ -47.4209016, -21.2247476 ], [ -47.4211302, -21.2250486 ], [ -47.4214952, -21.2250564 ], [ -47.4217784, -21.224911 ], [ -47.4218676, -21.2232319 ], [ -47.4222509, -21.222526 ], [ -47.4231827, -21.2217137 ], [ -47.4237217, -21.2209104 ], [ -47.4241265, -21.2206088 ], [ -47.4250306, -21.220571 ], [ -47.4254516, -21.2206853 ], [ -47.4256824, -21.2208497 ], [ -47.4263818, -21.2218358 ], [ -47.4272522, -21.2219046 ], [ -47.4280777, -21.2218125 ], [ -47.4289347, -21.2215976 ], [ -47.4298407, -21.2212346 ], [ -47.4315482, -21.2203201 ], [ -47.4320201, -21.2203527 ], [ -47.4339187, -21.2210401 ], [ -47.4350873, -21.2209702 ], [ -47.4353659, -21.2208633 ], [ -47.4369188, -21.2194134 ], [ -47.4375722, -21.2190486 ], [ -47.438596, -21.219267 ], [ -47.4393049, -21.2192585 ], [ -47.4396282, -21.2191335 ], [ -47.4401779, -21.218921 ], [ -47.4422459, -21.2188328 ], [ -47.4440181, -21.2191296 ], [ -47.4459415, -21.2199976 ], [ -47.446534, -21.2203323 ], [ -47.4473005, -21.2209183 ], [ -47.4480819, -21.2212316 ], [ -47.44885, -21.2212604 ], [ -47.4499175, -21.2206445 ], [ -47.4503268, -21.2206756 ], [ -47.4504949, -21.2207989 ], [ -47.4507958, -21.2216231 ], [ -47.4509535, -21.2217631 ], [ -47.4516789, -21.2219277 ], [ -47.4522736, -21.2218644 ], [ -47.4534461, -21.2210989 ], [ -47.4537034, -21.2205569 ], [ -47.4539017, -21.2204325 ], [ -47.4552443, -21.2204402 ], [ -47.4555455, -21.220388 ], [ -47.4557155, -21.2202499 ], [ -47.4558386, -21.2198654 ], [ -47.4557567, -21.2192115 ], [ -47.4561844, -21.2186518 ], [ -47.4563843, -21.2179477 ], [ -47.4571675, -21.2166962 ], [ -47.4575148, -21.2152552 ], [ -47.4590173, -21.2130418 ], [ -47.4595753, -21.2125438 ], [ -47.4601211, -21.2122565 ], [ -47.4614626, -21.2117851 ], [ -47.4627091, -21.2115661 ], [ -47.4632725, -21.2112741 ], [ -47.4645792, -21.2102818 ], [ -47.4651876, -21.209712 ], [ -47.4656388, -21.2091199 ], [ -47.4663385, -21.2080125 ], [ -47.467137, -21.2064757 ], [ -47.4688877, -21.2045755 ], [ -47.469404, -21.2041909 ], [ -47.4699315, -21.2039882 ], [ -47.4707881, -21.203996 ], [ -47.4717376, -21.2045206 ], [ -47.4720077, -21.2045822 ], [ -47.4725387, -21.2045406 ], [ -47.4742165, -21.2039822 ], [ -47.4750576, -21.2039714 ], [ -47.4760961, -21.2042261 ], [ -47.4769397, -21.2051178 ], [ -47.4779477, -21.2052786 ], [ -47.4782836, -21.2053321 ], [ -47.4786196, -21.204688 ], [ -47.4784711, -21.2043812 ], [ -47.478472, -21.2041439 ], [ -47.4787155, -21.2039978 ], [ -47.4788764, -21.2037603 ], [ -47.4787729, -21.2035937 ], [ -47.4783093, -21.2033503 ], [ -47.4779523, -21.2030085 ], [ -47.4771696, -21.2026368 ], [ -47.4770346, -21.2022676 ], [ -47.4771215, -21.2013667 ], [ -47.4768436, -21.2007394 ], [ -47.4768906, -21.2000895 ], [ -47.4763644, -21.199255 ], [ -47.4763955, -21.1987915 ], [ -47.4766568, -21.1981768 ], [ -47.4766542, -21.1979745 ], [ -47.4761236, -21.1967829 ], [ -47.476098, -21.1955469 ], [ -47.4758176, -21.1942993 ], [ -47.4757019, -21.1929223 ], [ -47.4749336, -21.1904101 ], [ -47.4746507, -21.1888919 ], [ -47.4739545, -21.1876733 ], [ -47.473831, -21.1862556 ], [ -47.4727562, -21.1842701 ], [ -47.4721598, -21.1833897 ], [ -47.4717428, -21.1829898 ], [ -47.4710198, -21.1825549 ], [ -47.469431, -21.1820848 ], [ -47.4682311, -21.1816244 ], [ -47.464019, -21.1791416 ], [ -47.4616792, -21.1791145 ], [ -47.4603692, -21.1785069 ], [ -47.4595577, -21.1783543 ], [ -47.4578387, -21.1772545 ], [ -47.456951, -21.1770379 ], [ -47.4552938, -21.1768743 ], [ -47.4550263, -21.1767552 ], [ -47.454551, -21.1762588 ], [ -47.4542309, -21.1754105 ], [ -47.4537514, -21.175073 ], [ -47.453158, -21.1748263 ], [ -47.4526124, -21.1740449 ], [ -47.4515796, -21.1731638 ], [ -47.4513257, -21.172106 ], [ -47.4511656, -21.1719129 ], [ -47.4508527, -21.1717741 ], [ -47.4498854, -21.1715939 ], [ -47.449497, -21.1713974 ], [ -47.4472119, -21.1696331 ], [ -47.4466598, -21.1689341 ], [ -47.446158, -21.168557 ], [ -47.4459432, -21.1680544 ], [ -47.4459564, -21.1677772 ], [ -47.4463879, -21.1667808 ], [ -47.4463464, -21.1664107 ], [ -47.4462268, -21.1662174 ], [ -47.4456467, -21.1659757 ], [ -47.4435683, -21.165883 ], [ -47.4427367, -21.1659884 ], [ -47.4422402, -21.1659711 ], [ -47.4418879, -21.1658532 ], [ -47.4407072, -21.1644631 ], [ -47.4404071, -21.1642331 ], [ -47.4399129, -21.1641862 ], [ -47.4395756, -21.1642514 ], [ -47.4387832, -21.1646055 ], [ -47.4380845, -21.164583 ], [ -47.4377151, -21.1643935 ], [ -47.4373945, -21.1640827 ], [ -47.4367621, -21.1631308 ], [ -47.4361178, -21.1625325 ], [ -47.4352882, -21.1613329 ], [ -47.4340226, -21.1600572 ], [ -47.4327711, -21.1583955 ], [ -47.4325454, -21.1579869 ], [ -47.4320538, -21.1564022 ], [ -47.4310524, -21.1544931 ], [ -47.4301774, -21.1537107 ], [ -47.4298168, -21.1536482 ], [ -47.428597, -21.1537332 ], [ -47.4258341, -21.1548227 ], [ -47.4245279, -21.1548774 ], [ -47.4234736, -21.155162 ], [ -47.4227659, -21.1551482 ], [ -47.422556, -21.1549702 ], [ -47.4224054, -21.1544341 ], [ -47.4226444, -21.1532174 ], [ -47.4225848, -21.1522147 ], [ -47.422684, -21.1512596 ], [ -47.4225781, -21.1506065 ], [ -47.4225887, -21.1497801 ], [ -47.4224232, -21.1496667 ], [ -47.420412, -21.1497777 ], [ -47.4196377, -21.1495725 ], [ -47.4181551, -21.1498028 ], [ -47.4170935, -21.1494067 ], [ -47.4154178, -21.1494713 ], [ -47.4149274, -21.1492303 ], [ -47.4145594, -21.1487083 ], [ -47.4142974, -21.148531 ], [ -47.41366, -21.148607 ], [ -47.4130657, -21.1482972 ], [ -47.4122957, -21.1473884 ], [ -47.4117453, -21.1470678 ], [ -47.4110484, -21.1470499 ], [ -47.4101987, -21.1473926 ], [ -47.4097466, -21.1474192 ], [ -47.4094217, -21.1473356 ], [ -47.4084578, -21.1468021 ], [ -47.4081436, -21.1467118 ], [ -47.4071866, -21.1464365 ], [ -47.4045056, -21.1450348 ], [ -47.4016792, -21.1440877 ], [ -47.4006927, -21.1435209 ], [ -47.3992449, -21.1419495 ], [ -47.3983767, -21.1404796 ], [ -47.3978177, -21.1397893 ], [ -47.3971672, -21.1392716 ], [ -47.3957159, -21.1383893 ], [ -47.3944477, -21.1381109 ], [ -47.3907484, -21.1376636 ], [ -47.3887017, -21.1377746 ], [ -47.3883733, -21.1379003 ], [ -47.3876645, -21.1384758 ], [ -47.3872042, -21.1393998 ], [ -47.3864043, -21.142366 ], [ -47.3857735, -21.1442396 ], [ -47.385395, -21.1448387 ], [ -47.3822369, -21.1467282 ], [ -47.3809094, -21.147152 ], [ -47.3798459, -21.1472751 ], [ -47.3789132, -21.1472307 ], [ -47.3778383, -21.1471781 ], [ -47.3750218, -21.1470452 ], [ -47.371097, -21.1470469 ], [ -47.3692589, -21.1462617 ], [ -47.3678187, -21.1453905 ], [ -47.3670201, -21.1447824 ], [ -47.3659382, -21.1437445 ], [ -47.3619947, -21.1392976 ], [ -47.3611522, -21.1385297 ], [ -47.3599639, -21.1376952 ], [ -47.3585275, -21.1369588 ], [ -47.3565155, -21.1364445 ], [ -47.3561979, -21.1364357 ], [ -47.3550771, -21.1369365 ], [ -47.3544728, -21.1373704 ], [ -47.3542941, -21.1373589 ], [ -47.3539278, -21.1371029 ], [ -47.3535084, -21.1370874 ], [ -47.3533866, -21.1369469 ], [ -47.3533006, -21.1365428 ], [ -47.3530114, -21.1363517 ], [ -47.352803, -21.136402 ], [ -47.3519655, -21.1370937 ], [ -47.3514935, -21.1372631 ], [ -47.3508327, -21.1373873 ], [ -47.350271, -21.1373879 ], [ -47.349837, -21.137246 ], [ -47.3499065, -21.1365756 ], [ -47.3498428, -21.1357607 ], [ -47.3497745, -21.1355235 ], [ -47.3493327, -21.1349967 ], [ -47.3490491, -21.1341867 ], [ -47.3484353, -21.1340584 ], [ -47.3481748, -21.1339153 ], [ -47.3455359, -21.1316976 ], [ -47.3453416, -21.1307014 ], [ -47.3446704, -21.1301351 ], [ -47.3446434, -21.1297926 ], [ -47.3448176, -21.1294309 ], [ -47.3447823, -21.1289721 ], [ -47.3445858, -21.1287991 ], [ -47.3439164, -21.1287936 ], [ -47.3437064, -21.1286847 ], [ -47.3433804, -21.128069 ], [ -47.3432231, -21.1278813 ], [ -47.3430658, -21.1276936 ], [ -47.3430433, -21.127679 ], [ -47.3422513, -21.1271657 ], [ -47.3420887, -21.1269455 ], [ -47.3420691, -21.1266949 ], [ -47.3423887, -21.1260765 ], [ -47.3423667, -21.1258806 ], [ -47.3418608, -21.1258824 ], [ -47.3416879, -21.1258065 ], [ -47.3418446, -21.125578 ], [ -47.3427411, -21.1251592 ], [ -47.343105, -21.1245417 ], [ -47.3440653, -21.1240957 ], [ -47.3440725, -21.1239361 ], [ -47.3434035, -21.1238785 ], [ -47.3433284, -21.1237488 ], [ -47.3434162, -21.123639 ], [ -47.3432723, -21.123282 ], [ -47.3433133, -21.1231398 ], [ -47.3437255, -21.122951 ], [ -47.3444585, -21.1228476 ], [ -47.3446139, -21.122691 ], [ -47.3447067, -21.1222318 ], [ -47.3444535, -21.1211947 ], [ -47.344272, -21.1210744 ], [ -47.3434725, -21.1209641 ], [ -47.3433666, -21.1206184 ], [ -47.3428112, -21.1204997 ], [ -47.3426883, -21.1204041 ], [ -47.3425384, -21.1200307 ], [ -47.3422696, -21.1198791 ], [ -47.3411237, -21.1196726 ], [ -47.340449, -21.1197226 ], [ -47.3396974, -21.1200922 ], [ -47.3394267, -21.1201346 ], [ -47.3388602, -21.1200487 ], [ -47.3383765, -21.1201358 ], [ -47.3381437, -21.1200854 ], [ -47.3380569, -21.1199786 ], [ -47.3381492, -21.1195311 ], [ -47.3381173, -21.1193299 ], [ -47.3380854, -21.1191287 ], [ -47.3372424, -21.1185062 ], [ -47.3371786, -21.1179942 ], [ -47.3380054, -21.116745 ], [ -47.3380076, -21.1159866 ], [ -47.337767, -21.1155306 ], [ -47.3377807, -21.1152885 ], [ -47.3380989, -21.1147024 ], [ -47.3380187, -21.1139777 ], [ -47.3378027, -21.1139387 ], [ -47.3371143, -21.1140582 ], [ -47.3370543, -21.1139355 ], [ -47.3372654, -21.1135681 ], [ -47.3376059, -21.1134286 ], [ -47.3389318, -21.1135308 ], [ -47.3394954, -21.1127359 ], [ -47.339493, -21.1117347 ], [ -47.3391689, -21.1112278 ], [ -47.3390606, -21.1108515 ], [ -47.3390381, -21.1101919 ], [ -47.338718, -21.1098981 ], [ -47.3377952, -21.1098297 ], [ -47.3375639, -21.1096175 ], [ -47.3370179, -21.1087964 ], [ -47.3363757, -21.1082932 ], [ -47.3355984, -21.1081406 ], [ -47.3346715, -21.1077359 ], [ -47.3342753, -21.1072693 ], [ -47.3341854, -21.1067832 ], [ -47.3340429, -21.1066095 ], [ -47.3338681, -21.1065326 ], [ -47.3330659, -21.1065704 ], [ -47.3328212, -21.1065043 ], [ -47.3323531, -21.106095 ], [ -47.3319519, -21.1062339 ], [ -47.3318605, -21.106748 ], [ -47.3310136, -21.1068146 ], [ -47.3308598, -21.1071941 ], [ -47.3309305, -21.1078942 ], [ -47.3308048, -21.1081391 ], [ -47.3305057, -21.1082784 ], [ -47.3298699, -21.1081933 ], [ -47.3292181, -21.1079045 ], [ -47.3287588, -21.1078569 ], [ -47.3275957, -21.1079291 ], [ -47.327451, -21.1078479 ], [ -47.3272461, -21.1076476 ], [ -47.327197, -21.1058879 ], [ -47.3266866, -21.1044894 ], [ -47.3265248, -21.1042099 ], [ -47.3261758, -21.1039581 ], [ -47.3259153, -21.1038805 ], [ -47.325656, -21.1036277 ], [ -47.3254862, -21.1030755 ], [ -47.3255366, -21.1026165 ], [ -47.3257046, -21.102331 ], [ -47.3265279, -21.1016722 ], [ -47.3265673, -21.1014158 ], [ -47.3264175, -21.1009993 ], [ -47.3262716, -21.1008794 ], [ -47.3253077, -21.1007851 ], [ -47.3246904, -21.1008876 ], [ -47.3230731, -21.1013159 ], [ -47.3220969, -21.1014088 ], [ -47.3211106, -21.1017485 ], [ -47.3205088, -21.1018085 ], [ -47.3197589, -21.102224 ], [ -47.3190957, -21.1020839 ], [ -47.318824, -21.1021289 ], [ -47.3185393, -21.1023757 ], [ -47.3182765, -21.102972 ], [ -47.3180507, -21.1032597 ], [ -47.3172952, -21.1036075 ], [ -47.316418, -21.1036198 ], [ -47.3152525, -21.1034456 ], [ -47.3145561, -21.1031434 ], [ -47.3141907, -21.1028936 ], [ -47.3138313, -21.102333 ], [ -47.3138233, -21.1023206 ], [ -47.3132302, -21.1013956 ], [ -47.3127375, -21.1012137 ], [ -47.311474, -21.1013115 ], [ -47.3100328, -21.1009925 ], [ -47.3097451, -21.1010504 ], [ -47.3091961, -21.1017334 ], [ -47.3087524, -21.1018742 ], [ -47.3080172, -21.1026271 ], [ -47.3078806, -21.1031142 ], [ -47.3079565, -21.1033967 ], [ -47.307739, -21.1040351 ], [ -47.3066958, -21.1045882 ], [ -47.3064278, -21.10547 ], [ -47.3062842, -21.1055794 ], [ -47.3060991, -21.1056242 ], [ -47.3058103, -21.1054907 ], [ -47.3049061, -21.1044784 ], [ -47.3046567, -21.104305 ], [ -47.3041234, -21.104231 ], [ -47.3039392, -21.1043011 ], [ -47.3034834, -21.1047945 ], [ -47.3027293, -21.1053041 ], [ -47.3025481, -21.105562 ], [ -47.3018062, -21.1058438 ], [ -47.3015597, -21.1064398 ], [ -47.3011559, -21.1067627 ], [ -47.3012065, -21.1073083 ], [ -47.300947, -21.1073368 ], [ -47.3006371, -21.1072015 ], [ -47.3003715, -21.1072387 ], [ -47.3002578, -21.1073681 ], [ -47.3002007, -21.1078008 ], [ -47.3001075, -21.1078582 ], [ -47.2993249, -21.1078463 ], [ -47.2988174, -21.1080969 ], [ -47.2979368, -21.1095746 ], [ -47.2973453, -21.1098937 ], [ -47.2969711, -21.1103508 ], [ -47.296744, -21.1104955 ], [ -47.2959512, -21.1105803 ], [ -47.2940018, -21.1104191 ], [ -47.2932374, -21.110664 ], [ -47.292237, -21.1105015 ], [ -47.2919576, -21.1105867 ], [ -47.2916817, -21.1108301 ], [ -47.2914142, -21.1117209 ], [ -47.2910557, -21.1122783 ], [ -47.2909322, -21.1131136 ], [ -47.2911991, -21.1135824 ], [ -47.291661, -21.1140211 ], [ -47.2917902, -21.1145933 ], [ -47.2921972, -21.1149471 ], [ -47.2922077, -21.1151848 ], [ -47.2920361, -21.1152293 ], [ -47.2920159, -21.1153147 ], [ -47.2921785, -21.1156177 ], [ -47.2920654, -21.1157759 ], [ -47.2915688, -21.1158273 ], [ -47.2914432, -21.1159634 ], [ -47.2915383, -21.1165234 ], [ -47.2906844, -21.1167648 ], [ -47.2906163, -21.1168663 ], [ -47.2906631, -21.117153 ], [ -47.2907732, -21.1172526 ], [ -47.2916819, -21.1174825 ], [ -47.2918005, -21.1176507 ], [ -47.2918423, -21.1180477 ], [ -47.2910203, -21.1193112 ], [ -47.2909288, -21.1198863 ], [ -47.291034, -21.1200746 ], [ -47.2904059, -21.1209682 ], [ -47.2902839, -21.1209607 ], [ -47.2900581, -21.1207353 ], [ -47.2896541, -21.1207409 ], [ -47.2887501, -21.1210675 ], [ -47.2886015, -21.121244 ], [ -47.2884605, -21.1218262 ], [ -47.2881806, -21.1218376 ], [ -47.2878229, -21.1215449 ], [ -47.2875134, -21.1215489 ], [ -47.2874067, -21.1216301 ], [ -47.287326, -21.1219432 ], [ -47.2876202, -21.1224059 ], [ -47.287646, -21.1226657 ], [ -47.2874621, -21.1228984 ], [ -47.2870473, -21.1229935 ], [ -47.2868566, -21.1232268 ], [ -47.2873589, -21.1240931 ], [ -47.2873235, -21.1245571 ], [ -47.2869067, -21.1251239 ], [ -47.286999, -21.1259156 ], [ -47.2865882, -21.126373 ], [ -47.2866946, -21.126662 ], [ -47.2871005, -21.126953 ], [ -47.2871914, -21.1272226 ], [ -47.2869413, -21.1274481 ], [ -47.2865262, -21.1274875 ], [ -47.2862406, -21.1276667 ], [ -47.2863179, -21.1278756 ], [ -47.2870215, -21.1283598 ], [ -47.2870542, -21.1286585 ], [ -47.2867668, -21.1291333 ], [ -47.286841, -21.1297733 ], [ -47.2867582, -21.1299839 ], [ -47.2861255, -21.1304245 ], [ -47.2859076, -21.1308535 ], [ -47.2856786, -21.1310808 ], [ -47.2850824, -21.131503 ], [ -47.2839262, -21.1315652 ], [ -47.2838031, -21.131688 ], [ -47.2837739, -21.1330572 ], [ -47.2836199, -21.1333099 ], [ -47.2832312, -21.133424 ], [ -47.2824133, -21.1334223 ], [ -47.282193, -21.1336059 ], [ -47.2820493, -21.1340342 ], [ -47.2821832, -21.13493 ], [ -47.2825288, -21.1361073 ], [ -47.282452, -21.1368456 ], [ -47.2825115, -21.1369989 ], [ -47.2830156, -21.1374861 ], [ -47.2830841, -21.1376748 ], [ -47.2830209, -21.1378377 ], [ -47.2822547, -21.1380752 ], [ -47.2818502, -21.1384106 ], [ -47.2812321, -21.1398249 ], [ -47.2810538, -21.1399957 ], [ -47.2805568, -21.1400561 ], [ -47.2799756, -21.1397195 ], [ -47.2796592, -21.1396621 ], [ -47.2787828, -21.1397165 ], [ -47.2780655, -21.1395552 ], [ -47.277583, -21.1398264 ], [ -47.2768374, -21.1399919 ], [ -47.2765023, -21.140392 ], [ -47.275506, -21.140518 ], [ -47.2746582, -21.1411306 ], [ -47.2738908, -21.1412234 ], [ -47.2731116, -21.1415997 ], [ -47.272737, -21.141637 ], [ -47.27242, -21.1416146 ], [ -47.2711624, -21.1407463 ], [ -47.2706737, -21.1406641 ], [ -47.270299, -21.1407463 ], [ -47.269981, -21.1406412 ], [ -47.2698622, -21.1394144 ], [ -47.2697482, -21.139188 ], [ -47.2690526, -21.1388667 ], [ -47.2687225, -21.138859 ], [ -47.2682298, -21.1391621 ], [ -47.2675134, -21.1393 ], [ -47.2672146, -21.1396009 ], [ -47.2668147, -21.139728 ], [ -47.2662442, -21.1396021 ], [ -47.2655972, -21.1391443 ], [ -47.2652813, -21.1392305 ], [ -47.2652568, -21.1392372 ], [ -47.2652227, -21.1392465 ], [ -47.264884, -21.1393389 ], [ -47.2646947, -21.1393907 ], [ -47.2644619, -21.1396574 ], [ -47.2643414, -21.1402537 ], [ -47.264473, -21.1408987 ], [ -47.2644348, -21.1411668 ], [ -47.2641478, -21.1416955 ], [ -47.2637715, -21.142067 ], [ -47.2635629, -21.1425017 ], [ -47.2636754, -21.143482 ], [ -47.2636061, -21.14365 ], [ -47.262826, -21.1444054 ], [ -47.2624444, -21.14449 ], [ -47.2614029, -21.1444443 ], [ -47.2608159, -21.1446816 ], [ -47.2591045, -21.1448511 ], [ -47.2588737, -21.1451178 ], [ -47.2585961, -21.1459029 ], [ -47.2573522, -21.1469607 ], [ -47.257048, -21.1473144 ], [ -47.2568585, -21.1478568 ], [ -47.2568833, -21.14852 ], [ -47.2567378, -21.1489222 ], [ -47.2555547, -21.1496795 ], [ -47.2554579, -21.1499012 ], [ -47.2553642, -21.1508167 ], [ -47.2556604, -21.1518672 ], [ -47.255607, -21.1522802 ], [ -47.2547445, -21.153149 ], [ -47.2544902, -21.153803 ], [ -47.2544651, -21.1541003 ], [ -47.253829, -21.1543977 ], [ -47.2535368, -21.1550169 ], [ -47.2534017, -21.1551265 ], [ -47.2518314, -21.1554974 ], [ -47.251001, -21.1557861 ], [ -47.2505824, -21.1564506 ], [ -47.2504803, -21.1568294 ], [ -47.2501406, -21.1571996 ], [ -47.2487883, -21.1576491 ], [ -47.2483022, -21.1578922 ], [ -47.2472818, -21.1586927 ], [ -47.2464776, -21.1591892 ], [ -47.2458632, -21.1591782 ], [ -47.2450479, -21.1588826 ], [ -47.244586, -21.158911 ], [ -47.2438536, -21.1593527 ], [ -47.2438084, -21.1596906 ], [ -47.2440455, -21.1601331 ], [ -47.244084, -21.1604312 ], [ -47.2435122, -21.1609862 ], [ -47.2433419, -21.1617198 ], [ -47.2432012, -21.1618886 ], [ -47.2430534, -21.1624892 ], [ -47.2428714, -21.1627812 ], [ -47.2422328, -21.1633021 ], [ -47.2420437, -21.1636235 ], [ -47.2422029, -21.1641483 ], [ -47.2422268, -21.1647441 ], [ -47.2425116, -21.1650932 ], [ -47.2426276, -21.165698 ], [ -47.2429648, -21.1660376 ], [ -47.2429785, -21.1664551 ], [ -47.2428451, -21.1666969 ], [ -47.2421689, -21.1672172 ], [ -47.2408666, -21.167878 ], [ -47.2405653, -21.1683144 ], [ -47.2404819, -21.1691476 ], [ -47.2403821, -21.169309 ], [ -47.2392284, -21.1699856 ], [ -47.2389488, -21.1700302 ], [ -47.2382417, -21.1698745 ], [ -47.2374472, -21.1701789 ], [ -47.2370925, -21.1704532 ], [ -47.2365711, -21.1704325 ], [ -47.2359335, -21.1701906 ], [ -47.2353105, -21.1702404 ], [ -47.2352266, -21.1703898 ], [ -47.235197, -21.173254 ], [ -47.2354125, -21.1747191 ], [ -47.23528, -21.1760365 ], [ -47.2354281, -21.1770775 ], [ -47.2349028, -21.1795464 ], [ -47.2340505, -21.1811334 ], [ -47.2335492, -21.1817883 ], [ -47.2333463, -21.1826428 ], [ -47.2329954, -21.1833395 ], [ -47.2326852, -21.183674 ], [ -47.2313407, -21.1842189 ], [ -47.2311253, -21.1843972 ], [ -47.2307273, -21.1851119 ], [ -47.2305683, -21.1864614 ], [ -47.2307622, -21.1875096 ], [ -47.2302239, -21.188933 ], [ -47.2304727, -21.1896887 ], [ -47.2311189, -21.1905447 ], [ -47.2322891, -21.191745 ], [ -47.2328316, -21.1929086 ], [ -47.2331738, -21.1932879 ], [ -47.2337335, -21.1936525 ], [ -47.2338557, -21.1940159 ], [ -47.2337023, -21.1943351 ], [ -47.2334093, -21.1944402 ], [ -47.2329119, -21.1944402 ], [ -47.2314536, -21.1941844 ], [ -47.2297397, -21.1942267 ], [ -47.2275128, -21.1945467 ], [ -47.2265347, -21.1951089 ], [ -47.2260396, -21.1957316 ], [ -47.2247916, -21.1991348 ], [ -47.2242085, -21.2001628 ], [ -47.2239178, -21.2004275 ], [ -47.223627, -21.2006922 ], [ -47.223284, -21.2008375 ], [ -47.2223398, -21.2009104 ], [ -47.2203625, -21.2006805 ], [ -47.2191843, -21.2007494 ], [ -47.2180555, -21.2010215 ], [ -47.2170693, -21.201612 ], [ -47.2165887, -21.2017267 ], [ -47.2160142, -21.2017685 ], [ -47.2142147, -21.2015726 ], [ -47.2138796, -21.2016904 ], [ -47.212343, -21.2029731 ], [ -47.210821, -21.2036832 ], [ -47.2095251, -21.2044652 ], [ -47.2085174, -21.2054798 ], [ -47.2079203, -21.2061935 ], [ -47.2078761, -21.2062463 ], [ -47.2078739, -21.2062489 ], [ -47.2078303, -21.206301 ], [ -47.2071689, -21.2070917 ], [ -47.2064788, -21.2076121 ], [ -47.2051561, -21.2082843 ], [ -47.2038852, -21.208583 ], [ -47.2014271, -21.2084334 ], [ -47.2008054, -21.2087023 ], [ -47.1997702, -21.209642 ], [ -47.1990914, -21.2100002 ], [ -47.1973259, -21.2103213 ], [ -47.1955911, -21.2103946 ], [ -47.1941403, -21.21058 ], [ -47.1903289, -21.2117407 ], [ -47.1895428, -21.2122303 ], [ -47.1893844, -21.2123417 ], [ -47.1886451, -21.2137595 ], [ -47.1881367, -21.2143536 ], [ -47.1877532, -21.214641 ], [ -47.186977, -21.2149162 ], [ -47.1848241, -21.2148963 ], [ -47.1841123, -21.2150277 ], [ -47.1833539, -21.2152928 ], [ -47.1830307, -21.2155072 ], [ -47.1828072, -21.2157965 ], [ -47.1827016, -21.2160357 ], [ -47.1826932, -21.2168449 ], [ -47.1835589, -21.2184555 ], [ -47.183696, -21.2190783 ], [ -47.1835617, -21.2195653 ], [ -47.1825891, -21.2215037 ], [ -47.1823814, -21.221826 ], [ -47.1816524, -21.2223295 ], [ -47.181476, -21.2226009 ], [ -47.1813627, -21.2229881 ], [ -47.1813656, -21.2234258 ], [ -47.1815432, -21.2242352 ], [ -47.1815544, -21.2249742 ], [ -47.1816595, -21.2252668 ], [ -47.182388, -21.2263203 ], [ -47.1825391, -21.2269329 ], [ -47.1834441, -21.2280465 ], [ -47.1839296, -21.2282645 ], [ -47.1851358, -21.2282034 ], [ -47.1858001, -21.2283702 ], [ -47.186475, -21.2287261 ], [ -47.1872441, -21.2295683 ], [ -47.1879726, -21.2305805 ], [ -47.1883864, -21.2308918 ], [ -47.1895947, -21.2312215 ], [ -47.1918934, -21.230949 ], [ -47.1929327, -21.2310967 ], [ -47.1931897, -21.2312957 ], [ -47.1936573, -21.2319649 ], [ -47.1939166, -21.2325728 ], [ -47.194032, -21.2331698 ], [ -47.1945348, -21.235771 ], [ -47.1951103, -21.2372793 ], [ -47.1952543, -21.2381512 ], [ -47.196284, -21.2402877 ], [ -47.1972248, -21.241046 ], [ -47.198524, -21.2425465 ], [ -47.200552, -21.244175 ], [ -47.2010025, -21.2443584 ], [ -47.2024621, -21.2445975 ], [ -47.2030155, -21.2449548 ], [ -47.203164, -21.2452482 ], [ -47.2031542, -21.2455444 ], [ -47.2028149, -21.2460231 ], [ -47.2008878, -21.2472046 ], [ -47.2005733, -21.2474796 ], [ -47.2003911, -21.2478325 ], [ -47.2003431, -21.2482259 ], [ -47.2004536, -21.2486958 ], [ -47.2012651, -21.250608 ], [ -47.2015739, -21.2510229 ], [ -47.2016137, -21.2518735 ], [ -47.2013544, -21.2522279 ], [ -47.2008878, -21.2523512 ], [ -47.2005488, -21.2523403 ], [ -47.1985297, -21.2513527 ], [ -47.1972231, -21.2510586 ], [ -47.1969724, -21.2511007 ], [ -47.1968684, -21.2519536 ], [ -47.1972413, -21.2537377 ], [ -47.1968244, -21.2552915 ], [ -47.1969066, -21.2559965 ], [ -47.197078, -21.2562325 ], [ -47.1983161, -21.2572175 ], [ -47.1989358, -21.2576018 ], [ -47.1998505, -21.2584911 ], [ -47.2008137, -21.2589134 ], [ -47.2026991, -21.2593727 ], [ -47.2040338, -21.2594361 ], [ -47.2045039, -21.2595529 ], [ -47.2054482, -21.259863 ], [ -47.2065815, -21.2603828 ], [ -47.2072225, -21.2604741 ], [ -47.2078904, -21.2602304 ], [ -47.2082047, -21.2602322 ], [ -47.2094899, -21.2607428 ], [ -47.2113696, -21.2610967 ], [ -47.2137403, -21.2611332 ], [ -47.214251, -21.2612884 ], [ -47.2189076, -21.2637085 ], [ -47.2197458, -21.2642524 ], [ -47.2208057, -21.26532 ], [ -47.2212507, -21.265584 ], [ -47.2217798, -21.2657597 ], [ -47.2229701, -21.26565 ], [ -47.223806, -21.2651524 ], [ -47.2243069, -21.2649973 ], [ -47.227349, -21.264843 ], [ -47.2278872, -21.2650612 ], [ -47.228933, -21.265485 ], [ -47.2294064, -21.265822 ], [ -47.2298567, -21.2663287 ], [ -47.2300073, -21.2664713 ], [ -47.2304157, -21.2668605 ], [ -47.2315435, -21.2672515 ], [ -47.2317629, -21.2674508 ], [ -47.2322121, -21.268927 ], [ -47.2328518, -21.2696975 ], [ -47.233132, -21.2708624 ], [ -47.2337082, -21.2715458 ], [ -47.2340989, -21.272636 ], [ -47.2344855, -21.2733964 ], [ -47.2339584, -21.2733654 ], [ -47.2329849, -21.2736877 ], [ -47.232405, -21.2741767 ], [ -47.2320048, -21.2743423 ], [ -47.2316857, -21.274361 ], [ -47.2302235, -21.2736691 ], [ -47.2296585, -21.273624 ], [ -47.2283721, -21.2738089 ], [ -47.2274611, -21.2740924 ], [ -47.2257039, -21.2744471 ], [ -47.2240927, -21.2751922 ], [ -47.2224157, -21.2764882 ], [ -47.220866, -21.278013 ], [ -47.220493, -21.2785928 ], [ -47.2203561, -21.278927 ], [ -47.2203284, -21.2801155 ], [ -47.218474, -21.2839624 ], [ -47.2184762, -21.2853605 ], [ -47.2183635, -21.2856705 ], [ -47.2178168, -21.2860637 ], [ -47.2177495, -21.2862479 ], [ -47.2181772, -21.2872849 ], [ -47.2182232, -21.2877315 ], [ -47.2181021, -21.2901103 ], [ -47.217967, -21.2903421 ], [ -47.2172698, -21.2904427 ], [ -47.2158287, -21.290987 ], [ -47.215327, -21.2917423 ], [ -47.215043, -21.2920445 ], [ -47.2147903, -21.2921691 ], [ -47.2144886, -21.292228 ], [ -47.2127627, -21.2921912 ], [ -47.2123809, -21.2922702 ], [ -47.2118963, -21.2926551 ], [ -47.2118418, -21.2928524 ], [ -47.2118599, -21.2945728 ], [ -47.2125289, -21.2982431 ], [ -47.2128942, -21.303372 ], [ -47.2128013, -21.304424 ], [ -47.2124242, -21.3062832 ], [ -47.2123173, -21.3077632 ], [ -47.2123397, -21.3086159 ], [ -47.2127295, -21.3098894 ], [ -47.213619, -21.3113501 ], [ -47.2151857, -21.3134202 ], [ -47.2154763, -21.3142522 ], [ -47.2155426, -21.3151785 ], [ -47.215972, -21.3158117 ], [ -47.2159861, -21.3158325 ], [ -47.2159917, -21.3158448 ], [ -47.2160014, -21.3158659 ], [ -47.2163279, -21.3165794 ], [ -47.2176298, -21.3177826 ], [ -47.2180417, -21.3185979 ], [ -47.2184211, -21.3189913 ], [ -47.221231, -21.3203179 ], [ -47.2226205, -21.3206476 ], [ -47.2234308, -21.3210063 ], [ -47.2243065, -21.321726 ], [ -47.2249566, -21.3230271 ], [ -47.2252422, -21.3234015 ], [ -47.2256071, -21.3242778 ], [ -47.2266855, -21.3260615 ], [ -47.2270196, -21.3268718 ], [ -47.2273998, -21.3273318 ], [ -47.2278564, -21.3290834 ], [ -47.2279831, -21.3292861 ], [ -47.2292149, -21.3299833 ], [ -47.2293436, -21.3311053 ], [ -47.2295461, -21.3319455 ], [ -47.2298922, -21.3349883 ], [ -47.2298606, -21.3368236 ], [ -47.2294174, -21.3385463 ], [ -47.2291381, -21.3391218 ], [ -47.2284195, -21.3401632 ], [ -47.2279303, -21.3406432 ], [ -47.2268319, -21.3412982 ], [ -47.2237374, -21.3421149 ], [ -47.2177738, -21.3438766 ], [ -47.2159762, -21.3446472 ], [ -47.2154187, -21.344809 ], [ -47.2142123, -21.3455036 ], [ -47.2126953, -21.3474257 ], [ -47.211826, -21.3482147 ], [ -47.2115217, -21.3484325 ], [ -47.2107862, -21.3486437 ], [ -47.209839, -21.3486569 ], [ -47.2082882, -21.3480959 ], [ -47.2060022, -21.3468655 ], [ -47.2052266, -21.3462557 ], [ -47.2042359, -21.3456867 ], [ -47.2029138, -21.3451276 ], [ -47.2010566, -21.3436198 ], [ -47.2005275, -21.3433155 ], [ -47.1997863, -21.3430673 ], [ -47.1989058, -21.3431397 ], [ -47.1970538, -21.3443752 ], [ -47.1960537, -21.3445918 ], [ -47.1953389, -21.3452315 ], [ -47.1944532, -21.3457924 ], [ -47.1938924, -21.346441 ], [ -47.1924474, -21.3472822 ], [ -47.1918566, -21.3480149 ], [ -47.1912181, -21.34884 ], [ -47.1880793, -21.3520576 ], [ -47.1872661, -21.3531524 ], [ -47.1869117, -21.3543222 ], [ -47.1866982, -21.3565706 ], [ -47.1870203, -21.3587776 ], [ -47.1885015, -21.3610458 ], [ -47.1909691, -21.3628543 ], [ -47.1919292, -21.3634617 ], [ -47.1921271, -21.3637096 ], [ -47.1922396, -21.3643008 ], [ -47.1923006, -21.3663949 ], [ -47.1923825, -21.3669796 ], [ -47.1925753, -21.367442 ], [ -47.1929551, -21.3679514 ], [ -47.1945928, -21.3689294 ], [ -47.1949941, -21.3693077 ], [ -47.1960657, -21.3710679 ], [ -47.1977484, -21.3731375 ], [ -47.1979738, -21.3735617 ], [ -47.1984823, -21.3758311 ], [ -47.198949, -21.3772543 ], [ -47.2002222, -21.3794565 ], [ -47.2011045, -21.3804526 ], [ -47.202772, -21.3819151 ], [ -47.2039636, -21.3835058 ], [ -47.2044578, -21.38463 ], [ -47.2046167, -21.3849913 ], [ -47.2046502, -21.3859127 ], [ -47.2047276, -21.3862402 ], [ -47.2049505, -21.386596 ], [ -47.2049504, -21.3867865 ], [ -47.2044511, -21.3872291 ], [ -47.2044562, -21.3885114 ], [ -47.2036946, -21.389532 ], [ -47.2036985, -21.3896984 ], [ -47.2037529, -21.3899198 ], [ -47.2039022, -21.3900722 ], [ -47.2044181, -21.3901245 ], [ -47.2043767, -21.3907455 ], [ -47.2046117, -21.3911314 ], [ -47.2045266, -21.3918216 ], [ -47.2047274, -21.3921334 ], [ -47.204831, -21.3929372 ], [ -47.2050153, -21.3931873 ], [ -47.2057136, -21.3936152 ], [ -47.2064432, -21.3953868 ], [ -47.2070083, -21.3961059 ], [ -47.2070942, -21.3969593 ], [ -47.2064606, -21.3975286 ], [ -47.2061813, -21.3981382 ], [ -47.2064123, -21.3984656 ], [ -47.2068617, -21.3986832 ], [ -47.2072324, -21.3992186 ], [ -47.2072392, -21.3992283 ], [ -47.2075004, -21.3996056 ], [ -47.2076135, -21.3997692 ], [ -47.2086975, -21.4004149 ], [ -47.2092798, -21.4009505 ], [ -47.2096173, -21.4014367 ], [ -47.2096837, -21.4018149 ], [ -47.209632, -21.4020761 ], [ -47.208897, -21.4031463 ], [ -47.2087095, -21.4038171 ], [ -47.208775, -21.4047344 ], [ -47.209127, -21.4067181 ], [ -47.208969, -21.4072733 ], [ -47.2087746, -21.4074694 ], [ -47.2078961, -21.4075724 ], [ -47.2074634, -21.4077643 ], [ -47.2065609, -21.4082814 ], [ -47.2061625, -21.4087128 ], [ -47.2061258, -21.409024 ], [ -47.2064553, -21.4094964 ], [ -47.2068096, -21.4097236 ], [ -47.2071401, -21.4103398 ], [ -47.2074677, -21.4121626 ], [ -47.2076043, -21.4124242 ], [ -47.2080155, -21.4127777 ], [ -47.2081539, -21.4130187 ], [ -47.2082213, -21.4133763 ], [ -47.2080815, -21.4143285 ], [ -47.2082667, -21.4143943 ], [ -47.2086714, -21.4143505 ], [ -47.2094941, -21.4141383 ], [ -47.2100237, -21.4143951 ], [ -47.210554, -21.4143679 ], [ -47.2107928, -21.414444 ], [ -47.2114735, -21.4149009 ], [ -47.2136083, -21.4151639 ], [ -47.2144259, -21.4150845 ], [ -47.2147053, -21.4151578 ], [ -47.2148755, -21.4153803 ], [ -47.214867, -21.4155444 ], [ -47.2145203, -21.4158988 ], [ -47.2150234, -21.4162515 ], [ -47.2151431, -21.4166669 ], [ -47.2150935, -21.4168411 ], [ -47.2148089, -21.4171279 ], [ -47.2148099, -21.4172537 ], [ -47.2153021, -21.4177552 ], [ -47.2153303, -21.4180842 ], [ -47.2155664, -21.4185089 ], [ -47.2158253, -21.4186514 ], [ -47.216735, -21.4185424 ], [ -47.2168151, -21.4189805 ], [ -47.2171963, -21.4195458 ], [ -47.2171198, -21.4199452 ], [ -47.2168857, -21.4202889 ], [ -47.2169695, -21.4204999 ], [ -47.2171909, -21.4205762 ], [ -47.2172777, -21.4207872 ], [ -47.2168217, -21.4210025 ], [ -47.2170875, -21.4214534 ], [ -47.217058, -21.4215888 ], [ -47.2161742, -21.422078 ], [ -47.2161048, -21.422263 ], [ -47.2161172, -21.4230964 ], [ -47.2159852, -21.4231962 ], [ -47.2152299, -21.4232646 ], [ -47.2147609, -21.4231154 ], [ -47.2143146, -21.4231199 ], [ -47.2139421, -21.4232613 ], [ -47.213701, -21.4236927 ], [ -47.2143728, -21.4247989 ], [ -47.2146122, -21.42561 ], [ -47.2148209, -21.4257738 ], [ -47.2148538, -21.4258983 ], [ -47.2144743, -21.4261265 ], [ -47.214465, -21.4262438 ], [ -47.2145507, -21.4264359 ], [ -47.2147793, -21.4266078 ], [ -47.2149226, -21.4269945 ], [ -47.2165976, -21.4274546 ], [ -47.2171716, -21.4277563 ], [ -47.2188544, -21.4291296 ], [ -47.219115, -21.429194 ], [ -47.2217727, -21.4283054 ], [ -47.2240122, -21.4281494 ], [ -47.224276, -21.4278742 ], [ -47.2242587, -21.4274962 ], [ -47.22385, -21.4271904 ], [ -47.2233405, -21.4270612 ], [ -47.2230325, -21.42656 ], [ -47.2227375, -21.4263217 ], [ -47.2226824, -21.4260319 ], [ -47.2229079, -21.4258541 ], [ -47.2236844, -21.4257865 ], [ -47.2241294, -21.4253713 ], [ -47.2245659, -21.4254725 ], [ -47.224902, -21.4257205 ], [ -47.2252429, -21.425718 ], [ -47.225952, -21.4252308 ], [ -47.2259884, -21.4249852 ], [ -47.2255648, -21.424376 ], [ -47.2254049, -21.4233677 ], [ -47.2249892, -21.4226088 ], [ -47.2249818, -21.4221233 ], [ -47.225364, -21.4216894 ], [ -47.2256114, -21.4210381 ], [ -47.2260565, -21.4207666 ], [ -47.2263538, -21.4208091 ], [ -47.2267624, -21.4207204 ], [ -47.2272419, -21.4201853 ], [ -47.2274075, -21.4201111 ], [ -47.2276522, -21.4201443 ], [ -47.2288243, -21.4211852 ], [ -47.2293853, -21.4218511 ], [ -47.2296829, -21.4219925 ], [ -47.2306517, -21.4218571 ], [ -47.2309996, -21.4219124 ], [ -47.2313361, -21.4220885 ], [ -47.2316146, -21.4226622 ], [ -47.2321264, -21.423389 ], [ -47.2321818, -21.4236536 ], [ -47.2318611, -21.4245734 ], [ -47.2319154, -21.4247787 ], [ -47.2323084, -21.4252572 ], [ -47.2325766, -21.4261773 ], [ -47.2327892, -21.4264868 ], [ -47.2333586, -21.4268044 ], [ -47.2336477, -21.4272339 ], [ -47.2334957, -21.4282233 ], [ -47.2335344, -21.4290336 ], [ -47.2329436, -21.4300333 ], [ -47.2327764, -21.4308298 ], [ -47.2320428, -21.4315354 ], [ -47.2319079, -21.431946 ], [ -47.231962, -21.4321737 ], [ -47.2323785, -21.4324797 ], [ -47.2326019, -21.4328041 ], [ -47.2325712, -21.4333851 ], [ -47.232995, -21.4342207 ], [ -47.2331358, -21.4350369 ], [ -47.2330142, -21.4363268 ], [ -47.2328636, -21.436557 ], [ -47.2328309, -21.4369493 ], [ -47.2332128, -21.4375226 ], [ -47.2336022, -21.4378078 ], [ -47.235069, -21.438015 ], [ -47.2353681, -21.4382274 ], [ -47.2357385, -21.4388605 ], [ -47.2363726, -21.439284 ], [ -47.2365182, -21.4395594 ], [ -47.2367588, -21.4409537 ], [ -47.2367361, -21.4411712 ], [ -47.2365071, -21.4414261 ], [ -47.2363597, -21.4418362 ], [ -47.2369566, -21.4430202 ], [ -47.237568, -21.4435174 ], [ -47.2381118, -21.443763 ], [ -47.2394796, -21.4438773 ], [ -47.2400946, -21.443796 ], [ -47.2413211, -21.4433115 ], [ -47.2420036, -21.4423756 ], [ -47.2422099, -21.4423008 ], [ -47.2424161, -21.442226 ], [ -47.24412, -21.4427562 ], [ -47.2458014, -21.4436468 ], [ -47.2483557, -21.4444546 ], [ -47.2502169, -21.4451529 ], [ -47.2510634, -21.4453692 ], [ -47.2524356, -21.4461206 ], [ -47.2536105, -21.4473574 ], [ -47.2563417, -21.4496064 ], [ -47.257118, -21.4500257 ], [ -47.2581742, -21.4502288 ], [ -47.2592304, -21.450432 ], [ -47.262229, -21.4508648 ], [ -47.2641954, -21.4513164 ], [ -47.2655809, -21.4516361 ], [ -47.2681501, -21.451915 ], [ -47.2708727, -21.4517804 ], [ -47.273445, -21.451363 ], [ -47.2754927, -21.4508059 ], [ -47.2826372, -21.4478923 ], [ -47.2848068, -21.447118 ], [ -47.2873539, -21.4464082 ], [ -47.2892746, -21.4460696 ], [ -47.2904562, -21.4460538 ], [ -47.2925142, -21.4461943 ], [ -47.2947265, -21.4465493 ], [ -47.297117, -21.4475027 ], [ -47.2981315, -21.4483303 ], [ -47.2985562, -21.4492396 ], [ -47.2986266, -21.4504403 ], [ -47.2988457, -21.4513045 ], [ -47.2992983, -21.4524269 ], [ -47.2996648, -21.455948 ], [ -47.3000925, -21.458748 ], [ -47.300419, -21.4599239 ], [ -47.300924, -21.460999 ], [ -47.3017581, -21.4617816 ], [ -47.3026749, -21.4622836 ], [ -47.3028716, -21.4623912 ], [ -47.3036714, -21.4625974 ], [ -47.3052097, -21.4624304 ], [ -47.3065625, -21.4619064 ], [ -47.3076549, -21.4611447 ], [ -47.3084804, -21.4603895 ], [ -47.3089058, -21.4595158 ], [ -47.3092173, -21.458262 ], [ -47.3091768, -21.4573959 ], [ -47.3084763, -21.4551934 ], [ -47.30845, -21.4535343 ], [ -47.3081564, -21.4528397 ], [ -47.3074196, -21.4517437 ], [ -47.3069636, -21.4504657 ], [ -47.3065967, -21.4483779 ], [ -47.3060258, -21.4463405 ], [ -47.3036644, -21.4415287 ], [ -47.3031584, -21.4403089 ], [ -47.3030897, -21.4393006 ], [ -47.303181, -21.4385521 ], [ -47.3036288, -21.4376299 ], [ -47.3049167, -21.4362416 ], [ -47.3053169, -21.4355763 ], [ -47.306335, -21.4333972 ], [ -47.3069618, -21.4324021 ], [ -47.3078726, -21.4315712 ], [ -47.3091936, -21.4306388 ], [ -47.3121469, -21.4290585 ], [ -47.3157428, -21.4272755 ], [ -47.3159078, -21.4272263 ], [ -47.3184845, -21.4264569 ], [ -47.3194114, -21.426287 ], [ -47.3197647, -21.4262237 ], [ -47.3206155, -21.4264507 ], [ -47.3215747, -21.4269893 ], [ -47.3226379, -21.427745 ], [ -47.323515, -21.4279253 ], [ -47.3245933, -21.4278863 ], [ -47.3250272, -21.4276878 ], [ -47.3252753, -21.42718 ], [ -47.3252531, -21.4257629 ], [ -47.3256003, -21.4249876 ], [ -47.3260247, -21.4245795 ], [ -47.3260452, -21.4245597 ] ] ] ] } },
{ "type": "Feature", "properties": { "CD_MUN": "3549409", "NM_MUN": "São Joaquim da Barra", "CD_RGI": "350034", "NM_RGI": "São Joaquim da Barra - Orlândia", "CD_RGINT": "3508", "NM_RGINT": "Ribeirão Preto", "CD_UF": "35", "NM_UF": "São Paulo", "SIGLA_UF": "SP", "CD_REGIA": "3", "NM_REGIA": "Sudeste", "SIGLA_RG": "SE", "CD_CONCU": null, "NM_CONCU": null, "AREA_KM2": 410.863 }, "geometry": { "type": "MultiPolygon", "coordinates": [ [ [ [ -47.8806167, -20.6474693 ], [ -47.8807128, -20.6474448 ], [ -47.8811765, -20.6473281 ], [ -47.8835242, -20.64489 ], [ -47.8848753, -20.6436443 ], [ -47.8859333, -20.6430512 ], [ -47.8901661, -20.6418746 ], [ -47.8925165, -20.6409465 ], [ -47.8958779, -20.6388901 ], [ -47.8983194, -20.6372663 ], [ -47.9009828, -20.6353516 ], [ -47.9030456, -20.6340463 ], [ -47.9075642, -20.6319295 ], [ -47.910093, -20.630975 ], [ -47.9119684, -20.6305129 ], [ -47.9156338, -20.6303536 ], [ -47.9179839, -20.6307949 ], [ -47.921603, -20.6322088 ], [ -47.9221627, -20.6322356 ], [ -47.9225671, -20.6321094 ], [ -47.9230316, -20.6317551 ], [ -47.9233601, -20.6309796 ], [ -47.9233983, -20.6306725 ], [ -47.9232967, -20.6292946 ], [ -47.9232673, -20.6258137 ], [ -47.9235556, -20.6234935 ], [ -47.9258149, -20.6192445 ], [ -47.9271507, -20.6171372 ], [ -47.9282635, -20.614744 ], [ -47.9288386, -20.6128367 ], [ -47.9291123, -20.6079345 ], [ -47.9281217, -20.5960734 ], [ -47.928234, -20.5948667 ], [ -47.9287173, -20.5921727 ], [ -47.9297946, -20.5886127 ], [ -47.9306268, -20.586824 ], [ -47.9310617, -20.5863607 ], [ -47.9315938, -20.5861112 ], [ -47.9322022, -20.5861154 ], [ -47.9325356, -20.5862269 ], [ -47.9331259, -20.5865901 ], [ -47.9354785, -20.588383 ], [ -47.9387692, -20.5905053 ], [ -47.9407892, -20.5916829 ], [ -47.9428937, -20.5927124 ], [ -47.9466626, -20.5942064 ], [ -47.9534076, -20.5975605 ], [ -47.9548579, -20.5981219 ], [ -47.9580334, -20.599747 ], [ -47.9617336, -20.6017961 ], [ -47.9634265, -20.6024881 ], [ -47.9675578, -20.6036391 ], [ -47.9765624, -20.6051937 ], [ -47.9785849, -20.6057577 ], [ -47.9798148, -20.6062159 ], [ -47.9825357, -20.6074516 ], [ -47.9856969, -20.6094501 ], [ -47.9866808, -20.6103306 ], [ -47.9882636, -20.6125298 ], [ -47.9887213, -20.6138031 ], [ -47.9891312, -20.6158763 ], [ -47.9890502, -20.6168377 ], [ -47.9892569, -20.6164448 ], [ -47.9895542, -20.6161093 ], [ -47.9899282, -20.615751 ], [ -47.9902933, -20.6154255 ], [ -47.9906583, -20.6152217 ], [ -47.991166, -20.6149132 ], [ -47.9916813, -20.614625 ], [ -47.9921307, -20.614297 ], [ -47.9926324, -20.6140567 ], [ -47.9930612, -20.614082 ], [ -47.9932755, -20.6141497 ], [ -47.9936004, -20.6143465 ], [ -47.9938897, -20.6143415 ], [ -47.9943515, -20.6139111 ], [ -47.9948554, -20.6134119 ], [ -47.9952391, -20.6130511 ], [ -47.9957551, -20.6128037 ], [ -47.9970921, -20.6123582 ], [ -47.9991623, -20.6115673 ], [ -47.9998679, -20.6111247 ], [ -48.0003341, -20.6109191 ], [ -48.0007086, -20.6108309 ], [ -48.0011144, -20.6108647 ], [ -48.0015583, -20.6109932 ], [ -48.0020111, -20.6108423 ], [ -48.0024047, -20.6106243 ], [ -48.0032875, -20.6098937 ], [ -48.0039174, -20.6091811 ], [ -48.0048706, -20.6076961 ], [ -48.0052935, -20.607243 ], [ -48.0060032, -20.6067709 ], [ -48.0063291, -20.6062704 ], [ -48.0065991, -20.6060422 ], [ -48.0079457, -20.6054869 ], [ -48.0088082, -20.6047404 ], [ -48.0098403, -20.6044665 ], [ -48.0101635, -20.6041565 ], [ -48.0106138, -20.6039346 ], [ -48.0111606, -20.6038212 ], [ -48.0117093, -20.6035865 ], [ -48.0124267, -20.6031138 ], [ -48.0136511, -20.6028088 ], [ -48.0147217, -20.6022879 ], [ -48.0153828, -20.6018034 ], [ -48.017049, -20.6011736 ], [ -48.0173966, -20.6006566 ], [ -48.0174407, -20.5999223 ], [ -48.0175505, -20.5997669 ], [ -48.0181062, -20.599473 ], [ -48.0184956, -20.5988441 ], [ -48.0214039, -20.5977721 ], [ -48.0229608, -20.5968416 ], [ -48.0233356, -20.5967088 ], [ -48.023762, -20.5967279 ], [ -48.0244891, -20.5972063 ], [ -48.0260091, -20.5977596 ], [ -48.0265228, -20.5977314 ], [ -48.0271216, -20.5975154 ], [ -48.0273345, -20.5973492 ], [ -48.0275477, -20.596609 ], [ -48.0278646, -20.596359 ], [ -48.0285376, -20.5964793 ], [ -48.0288305, -20.5966486 ], [ -48.0291474, -20.5965965 ], [ -48.0291665, -20.5963273 ], [ -48.0289522, -20.5958917 ], [ -48.0290797, -20.5956011 ], [ -48.0293528, -20.5956131 ], [ -48.0299177, -20.596264 ], [ -48.0305317, -20.5965442 ], [ -48.0307054, -20.5965214 ], [ -48.0309069, -20.5960794 ], [ -48.0310604, -20.5960334 ], [ -48.0314059, -20.5961092 ], [ -48.0318948, -20.596421 ], [ -48.0327062, -20.5964876 ], [ -48.0335366, -20.5961905 ], [ -48.0337801, -20.5953874 ], [ -48.0343748, -20.5949311 ], [ -48.0363516, -20.5949702 ], [ -48.0368808, -20.5950855 ], [ -48.0377019, -20.5955922 ], [ -48.0380404, -20.5959196 ], [ -48.0386703, -20.595988 ], [ -48.039241, -20.5963449 ], [ -48.0404701, -20.5967037 ], [ -48.0419744, -20.5975361 ], [ -48.0427996, -20.5975446 ], [ -48.0438738, -20.5970264 ], [ -48.044582, -20.5970075 ], [ -48.0453394, -20.596563 ], [ -48.0455511, -20.5965235 ], [ -48.0457925, -20.5965372 ], [ -48.046541, -20.5969137 ], [ -48.0468179, -20.596951 ], [ -48.0484838, -20.5970612 ], [ -48.0491839, -20.5970033 ], [ -48.0496861, -20.596703 ], [ -48.0501848, -20.5957782 ], [ -48.0505026, -20.5955534 ], [ -48.0506397, -20.5955572 ], [ -48.0509847, -20.5961411 ], [ -48.0511162, -20.5961654 ], [ -48.0515904, -20.5959424 ], [ -48.0517041, -20.5959553 ], [ -48.0521208, -20.596324 ], [ -48.0525785, -20.5961795 ], [ -48.0531617, -20.5964118 ], [ -48.0539629, -20.5962728 ], [ -48.054415, -20.5963224 ], [ -48.0545501, -20.5968209 ], [ -48.0548091, -20.5968253 ], [ -48.0550908, -20.5965669 ], [ -48.0556474, -20.5966714 ], [ -48.0563639, -20.5964377 ], [ -48.0564766, -20.5963048 ], [ -48.0565538, -20.5958748 ], [ -48.056769, -20.5956977 ], [ -48.0570118, -20.5956494 ], [ -48.0574895, -20.5957305 ], [ -48.0580148, -20.5961685 ], [ -48.0588572, -20.5960318 ], [ -48.0603762, -20.5966127 ], [ -48.0607182, -20.5965075 ], [ -48.0615249, -20.5958298 ], [ -48.0622701, -20.5957482 ], [ -48.0629269, -20.5954945 ], [ -48.0643117, -20.5951577 ], [ -48.0644824, -20.5950358 ], [ -48.0652345, -20.5939864 ], [ -48.0659607, -20.5938493 ], [ -48.0664346, -20.5934859 ], [ -48.0669801, -20.5935009 ], [ -48.0673079, -20.5933898 ], [ -48.0675048, -20.5931401 ], [ -48.0677142, -20.5930627 ], [ -48.0684522, -20.5933128 ], [ -48.06883, -20.5932492 ], [ -48.0692742, -20.5927606 ], [ -48.0697328, -20.5924191 ], [ -48.0699855, -20.591126 ], [ -48.0703114, -20.5909392 ], [ -48.0713123, -20.5907233 ], [ -48.0725165, -20.589917 ], [ -48.0733326, -20.589665 ], [ -48.0754472, -20.5894879 ], [ -48.0769424, -20.5883065 ], [ -48.0772498, -20.5881523 ], [ -48.0794542, -20.588285 ], [ -48.0804688, -20.5882593 ], [ -48.0813641, -20.5881153 ], [ -48.0820795, -20.5878086 ], [ -48.0824919, -20.587497 ], [ -48.0827471, -20.5870513 ], [ -48.0834728, -20.5854882 ], [ -48.0835203, -20.5850796 ], [ -48.0832771, -20.584716 ], [ -48.0832774, -20.5845343 ], [ -48.0837358, -20.5833552 ], [ -48.0837562, -20.5819822 ], [ -48.0839942, -20.5818365 ], [ -48.0843752, -20.5819592 ], [ -48.0846571, -20.5818941 ], [ -48.0847661, -20.5815812 ], [ -48.0849597, -20.5814159 ], [ -48.0850018, -20.5808974 ], [ -48.085426, -20.5804503 ], [ -48.0855181, -20.5797832 ], [ -48.0861476, -20.5794871 ], [ -48.0861813, -20.5790627 ], [ -48.086043, -20.578816 ], [ -48.08604, -20.5785955 ], [ -48.086118, -20.5784146 ], [ -48.086569, -20.5780215 ], [ -48.0867183, -20.5777333 ], [ -48.0867388, -20.5774273 ], [ -48.0865822, -20.5768858 ], [ -48.0866341, -20.5763118 ], [ -48.0870473, -20.5752562 ], [ -48.0875537, -20.5744961 ], [ -48.0879638, -20.5735205 ], [ -48.0878232, -20.5729346 ], [ -48.087193, -20.5718822 ], [ -48.0870491, -20.5711864 ], [ -48.0870827, -20.5693982 ], [ -48.0867631, -20.5681548 ], [ -48.0868321, -20.5666683 ], [ -48.0870121, -20.5664549 ], [ -48.0882851, -20.5657992 ], [ -48.0888601, -20.5659186 ], [ -48.0890364, -20.5658526 ], [ -48.0890273, -20.5654403 ], [ -48.0891241, -20.5652466 ], [ -48.0895946, -20.5650907 ], [ -48.0897379, -20.564958 ], [ -48.0897915, -20.5641906 ], [ -48.0900176, -20.5639266 ], [ -48.0905726, -20.5639437 ], [ -48.0909855, -20.5641862 ], [ -48.0912364, -20.5641758 ], [ -48.0914371, -20.5638012 ], [ -48.0918902, -20.5635233 ], [ -48.0920128, -20.5633799 ], [ -48.0920749, -20.5629612 ], [ -48.0921659, -20.5623479 ], [ -48.0930155, -20.5611703 ], [ -48.0933199, -20.5600462 ], [ -48.0933277, -20.5596453 ], [ -48.0931687, -20.5591892 ], [ -48.0931377, -20.5586987 ], [ -48.0922906, -20.5583929 ], [ -48.0921765, -20.5582172 ], [ -48.0921544, -20.5576946 ], [ -48.0920569, -20.5575114 ], [ -48.0911889, -20.5569772 ], [ -48.0910895, -20.5565186 ], [ -48.0913913, -20.5560584 ], [ -48.0917032, -20.5558603 ], [ -48.0921777, -20.5557225 ], [ -48.0949675, -20.5545002 ], [ -48.0955317, -20.5536809 ], [ -48.0957781, -20.5535858 ], [ -48.0963001, -20.5536611 ], [ -48.0966338, -20.5536193 ], [ -48.0970759, -20.5533023 ], [ -48.0973099, -20.5528569 ], [ -48.0976061, -20.552642 ], [ -48.0976296, -20.5522569 ], [ -48.097443, -20.551744 ], [ -48.0977748, -20.551202 ], [ -48.0980059, -20.5504587 ], [ -48.0981594, -20.5503118 ], [ -48.0985549, -20.550184 ], [ -48.0986596, -20.549556 ], [ -48.0988886, -20.5492165 ], [ -48.0991423, -20.5490326 ], [ -48.0999154, -20.5487691 ], [ -48.100308, -20.548392 ], [ -48.1009465, -20.5464614 ], [ -48.1015786, -20.5435509 ], [ -48.1024986, -20.541513 ], [ -48.1022916, -20.5404831 ], [ -48.1022429, -20.5392795 ], [ -48.1023144, -20.5388429 ], [ -48.1025744, -20.5383461 ], [ -48.1031596, -20.538123 ], [ -48.1036571, -20.5373869 ], [ -48.1038371, -20.5372481 ], [ -48.1048672, -20.5371103 ], [ -48.1054251, -20.5366991 ], [ -48.1063315, -20.5364086 ], [ -48.1064751, -20.5359934 ], [ -48.1062756, -20.5353929 ], [ -48.1063286, -20.5352372 ], [ -48.1064741, -20.5350703 ], [ -48.1073625, -20.5345723 ], [ -48.1076794, -20.5331175 ], [ -48.1079252, -20.5325896 ], [ -48.1081775, -20.5323669 ], [ -48.1086436, -20.5321965 ], [ -48.108799, -20.5322215 ], [ -48.1090473, -20.5324279 ], [ -48.1092629, -20.5323344 ], [ -48.10928, -20.5317394 ], [ -48.1098614, -20.5315162 ], [ -48.1099583, -20.5312675 ], [ -48.1097641, -20.5307518 ], [ -48.1098588, -20.5305589 ], [ -48.1103248, -20.5301437 ], [ -48.1103223, -20.529584 ], [ -48.1104144, -20.5294837 ], [ -48.1109804, -20.5294362 ], [ -48.1111299, -20.5293396 ], [ -48.1111855, -20.5290428 ], [ -48.110766, -20.5284475 ], [ -48.1112018, -20.5275428 ], [ -48.1112372, -20.5272444 ], [ -48.1116402, -20.5267695 ], [ -48.1128183, -20.5263487 ], [ -48.1134399, -20.5263508 ], [ -48.1136835, -20.5261791 ], [ -48.1137444, -20.5257412 ], [ -48.1134109, -20.5248051 ], [ -48.1139889, -20.524069 ], [ -48.1141359, -20.523464 ], [ -48.1144902, -20.522982 ], [ -48.1146779, -20.5228651 ], [ -48.1153781, -20.5227196 ], [ -48.1158211, -20.5227013 ], [ -48.1164107, -20.5228634 ], [ -48.1170381, -20.5225157 ], [ -48.1177635, -20.5224133 ], [ -48.1180195, -20.5221926 ], [ -48.1184329, -20.5215687 ], [ -48.119217, -20.5210859 ], [ -48.1198747, -20.5204721 ], [ -48.1201493, -20.5194899 ], [ -48.1205586, -20.5187498 ], [ -48.120619, -20.5184001 ], [ -48.1205774, -20.5181837 ], [ -48.1200924, -20.517471 ], [ -48.120183, -20.5169594 ], [ -48.1205458, -20.5164031 ], [ -48.1205984, -20.5150302 ], [ -48.1208189, -20.5147344 ], [ -48.1209939, -20.513972 ], [ -48.1213372, -20.5138253 ], [ -48.1218312, -20.5140533 ], [ -48.1220741, -20.513672 ], [ -48.1225882, -20.5134005 ], [ -48.1227528, -20.5131614 ], [ -48.1226443, -20.5124623 ], [ -48.1227099, -20.5123025 ], [ -48.1231206, -20.5120987 ], [ -48.1232117, -20.5119488 ], [ -48.1231258, -20.5116121 ], [ -48.1234892, -20.5109892 ], [ -48.1234013, -20.510531 ], [ -48.1234812, -20.5101721 ], [ -48.124214, -20.5095229 ], [ -48.1249291, -20.5091863 ], [ -48.1253904, -20.5087898 ], [ -48.1254936, -20.5081239 ], [ -48.1256242, -20.5079933 ], [ -48.1268218, -20.5076351 ], [ -48.1269163, -20.5074215 ], [ -48.126727, -20.5072532 ], [ -48.1267464, -20.507046 ], [ -48.1271689, -20.5067859 ], [ -48.1275105, -20.5067344 ], [ -48.1275285, -20.5065128 ], [ -48.1280076, -20.5064272 ], [ -48.1277214, -20.5060101 ], [ -48.127832, -20.5057268 ], [ -48.1284883, -20.5055977 ], [ -48.1291346, -20.5049025 ], [ -48.1297412, -20.5047943 ], [ -48.1299964, -20.5045914 ], [ -48.130422, -20.5039472 ], [ -48.130657, -20.5030464 ], [ -48.1308189, -20.5029493 ], [ -48.1311749, -20.503224 ], [ -48.1313984, -20.5027484 ], [ -48.1318573, -20.5027126 ], [ -48.1322063, -20.502566 ], [ -48.1323747, -20.5020768 ], [ -48.1320629, -20.5014231 ], [ -48.1321062, -20.5013193 ], [ -48.1326021, -20.501147 ], [ -48.1331566, -20.5007923 ], [ -48.1332034, -20.5001461 ], [ -48.1337705, -20.4992871 ], [ -48.1338959, -20.4984151 ], [ -48.1343884, -20.4975499 ], [ -48.1344117, -20.497342 ], [ -48.1343313, -20.4972367 ], [ -48.1340397, -20.497137 ], [ -48.1338226, -20.4971944 ], [ -48.1337869, -20.4969476 ], [ -48.1339396, -20.4965677 ], [ -48.133762, -20.4960426 ], [ -48.1341078, -20.4955774 ], [ -48.1340868, -20.4952483 ], [ -48.1337571, -20.4942872 ], [ -48.1337387, -20.4935128 ], [ -48.1332284, -20.4939896 ], [ -48.1323491, -20.4941561 ], [ -48.131923, -20.494113 ], [ -48.1307483, -20.4937244 ], [ -48.1302502, -20.4936573 ], [ -48.1284113, -20.4937078 ], [ -48.1260392, -20.4932546 ], [ -48.119196, -20.4933803 ], [ -48.1159658, -20.4936672 ], [ -48.1135652, -20.4937571 ], [ -48.1122718, -20.4939915 ], [ -48.1071118, -20.4955994 ], [ -48.1056238, -20.4959288 ], [ -48.1039381, -20.496937 ], [ -48.1022313, -20.4976439 ], [ -48.1003295, -20.4980834 ], [ -48.0961356, -20.4987053 ], [ -48.0909936, -20.5004851 ], [ -48.0877184, -20.5020348 ], [ -48.0871752, -20.5023654 ], [ -48.0864176, -20.5025835 ], [ -48.0846875, -20.5027929 ], [ -48.0826045, -20.5028788 ], [ -48.0797895, -20.5026402 ], [ -48.0757713, -20.5016608 ], [ -48.0666463, -20.4990089 ], [ -48.0652793, -20.4986115 ], [ -48.0632283, -20.4982647 ], [ -48.0624166, -20.4983944 ], [ -48.0614172, -20.4987625 ], [ -48.0601595, -20.4994592 ], [ -48.0594117, -20.5000679 ], [ -48.0587115, -20.5009076 ], [ -48.0577499, -20.502307 ], [ -48.0513539, -20.5064492 ], [ -48.0501729, -20.507689 ], [ -48.0494489, -20.5080295 ], [ -48.0486993, -20.5089026 ], [ -48.0474263, -20.510759 ], [ -48.0466166, -20.5116003 ], [ -48.0457856, -20.5121234 ], [ -48.0445029, -20.512694 ], [ -48.0418805, -20.5132961 ], [ -48.0381763, -20.5143362 ], [ -48.036676, -20.514875 ], [ -48.0341183, -20.5159604 ], [ -48.0321363, -20.516202 ], [ -48.0308082, -20.5165074 ], [ -48.0293724, -20.516988 ], [ -48.0274107, -20.5180182 ], [ -48.0228285, -20.5212443 ], [ -48.0210686, -20.5224838 ], [ -48.0166911, -20.5250069 ], [ -48.0160689, -20.5254848 ], [ -48.0143628, -20.5271857 ], [ -48.013237, -20.528597 ], [ -48.0117246, -20.5296361 ], [ -48.0080589, -20.5314881 ], [ -48.0064791, -20.5318197 ], [ -48.0047789, -20.5316703 ], [ -48.0035734, -20.531314 ], [ -48.0018655, -20.5301857 ], [ -48.0001058, -20.5285167 ], [ -47.998494, -20.5265516 ], [ -47.9974239, -20.5255046 ], [ -47.9946656, -20.5236879 ], [ -47.9903456, -20.521327 ], [ -47.9862484, -20.5183496 ], [ -47.983343, -20.5147341 ], [ -47.9818894, -20.5131224 ], [ -47.9790672, -20.5103265 ], [ -47.9778687, -20.5093916 ], [ -47.9776326, -20.5092075 ], [ -47.9748141, -20.5070089 ], [ -47.9726807, -20.5048763 ], [ -47.9680893, -20.5008948 ], [ -47.9666343, -20.499399 ], [ -47.9649285, -20.4972307 ], [ -47.9608351, -20.4924263 ], [ -47.9545988, -20.4863818 ], [ -47.954052, -20.485772 ], [ -47.9536226, -20.4850816 ], [ -47.9533375, -20.4844781 ], [ -47.9531821, -20.4835265 ], [ -47.9530147, -20.4831006 ], [ -47.9525313, -20.4823913 ], [ -47.9523857, -20.482022 ], [ -47.9520524, -20.4796431 ], [ -47.9519174, -20.4778818 ], [ -47.9511488, -20.4747934 ], [ -47.9505738, -20.4729512 ], [ -47.9499192, -20.4715974 ], [ -47.9491088, -20.4706941 ], [ -47.9481669, -20.4702081 ], [ -47.9475544, -20.4700259 ], [ -47.9428476, -20.4696711 ], [ -47.9409712, -20.4693641 ], [ -47.9398609, -20.4690854 ], [ -47.9360094, -20.4686387 ], [ -47.931124, -20.4672197 ], [ -47.928624, -20.4661408 ], [ -47.9276514, -20.4655844 ], [ -47.9270437, -20.4650389 ], [ -47.9267968, -20.4644925 ], [ -47.9267356, -20.4641225 ], [ -47.9268605, -20.4617101 ], [ -47.9265904, -20.4599289 ], [ -47.9265386, -20.4586643 ], [ -47.9265624, -20.4574293 ], [ -47.9269018, -20.4542725 ], [ -47.9268509, -20.4510634 ], [ -47.926722, -20.4498339 ], [ -47.9269821, -20.4471788 ], [ -47.9269022, -20.4456776 ], [ -47.9266265, -20.444426 ], [ -47.9260498, -20.443073 ], [ -47.9253389, -20.4419618 ], [ -47.9241964, -20.4409984 ], [ -47.9223271, -20.4398883 ], [ -47.921679, -20.4396166 ], [ -47.9200896, -20.439216 ], [ -47.9194869, -20.4388866 ], [ -47.9186039, -20.4379834 ], [ -47.9173501, -20.4362871 ], [ -47.9170129, -20.435368 ], [ -47.9165556, -20.434035 ], [ -47.9158049, -20.4333634 ], [ -47.914985, -20.4329366 ], [ -47.9137593, -20.4325165 ], [ -47.9128721, -20.4324386 ], [ -47.9117669, -20.4325382 ], [ -47.910556, -20.4329064 ], [ -47.9086121, -20.4335418 ], [ -47.9073999, -20.4338404 ], [ -47.9064304, -20.4339609 ], [ -47.9051728, -20.433808 ], [ -47.903976, -20.4336193 ], [ -47.9029727, -20.4339027 ], [ -47.902025, -20.4345331 ], [ -47.9015684, -20.4351089 ], [ -47.9012205, -20.4362394 ], [ -47.9013412, -20.4380811 ], [ -47.9012458, -20.4389168 ], [ -47.9006266, -20.4393337 ], [ -47.8999294, -20.4395425 ], [ -47.8992066, -20.4397053 ], [ -47.898477, -20.43987 ], [ -47.8979039, -20.4397734 ], [ -47.8974443, -20.4395375 ], [ -47.8967905, -20.4387831 ], [ -47.89624, -20.4386184 ], [ -47.8956895, -20.4384536 ], [ -47.8948627, -20.4383166 ], [ -47.8938648, -20.4375795 ], [ -47.8930047, -20.4369793 ], [ -47.8925205, -20.4367438 ], [ -47.8918321, -20.4367669 ], [ -47.8897666, -20.4374853 ], [ -47.88878, -20.4380119 ], [ -47.8883293, -20.4382513 ], [ -47.8878231, -20.4381553 ], [ -47.8869389, -20.4375787 ], [ -47.8860854, -20.4366652 ], [ -47.8854364, -20.4361657 ], [ -47.884371, -20.435766 ], [ -47.8836631, -20.4354067 ], [ -47.8831308, -20.4352299 ], [ -47.8823319, -20.4352664 ], [ -47.8816162, -20.4351507 ], [ -47.8809794, -20.4353004 ], [ -47.8806486, -20.4360364 ], [ -47.8806912, -20.4369981 ], [ -47.8809473, -20.4379172 ], [ -47.8808343, -20.439396 ], [ -47.8809063, -20.4403936 ], [ -47.8813483, -20.4418921 ], [ -47.8815652, -20.4427899 ], [ -47.8820722, -20.4437702 ], [ -47.8823148, -20.4449026 ], [ -47.8822318, -20.4457272 ], [ -47.8820965, -20.4462855 ], [ -47.8812001, -20.4471358 ], [ -47.8805008, -20.4479011 ], [ -47.879924, -20.448623 ], [ -47.8793277, -20.4489873 ], [ -47.8781218, -20.4496334 ], [ -47.87735, -20.4504695 ], [ -47.8764867, -20.4516781 ], [ -47.8760362, -20.4525901 ], [ -47.875916, -20.4534037 ], [ -47.8759986, -20.4538778 ], [ -47.8765049, -20.4546347 ], [ -47.8775108, -20.4558008 ], [ -47.87868, -20.4567208 ], [ -47.8799684, -20.4571212 ], [ -47.8809672, -20.457077 ], [ -47.8819411, -20.4571768 ], [ -47.8826196, -20.4577392 ], [ -47.8830519, -20.458178 ], [ -47.8838366, -20.4591978 ], [ -47.8842387, -20.4603043 ], [ -47.8843199, -20.4613582 ], [ -47.8844937, -20.4620974 ], [ -47.884648, -20.4624543 ], [ -47.8850548, -20.4627548 ], [ -47.88584, -20.4630374 ], [ -47.8868687, -20.4634378 ], [ -47.8883174, -20.4639239 ], [ -47.8909199, -20.4649242 ], [ -47.8916607, -20.4654933 ], [ -47.892091, -20.4658636 ], [ -47.8922823, -20.4663371 ], [ -47.8923689, -20.4671028 ], [ -47.8925494, -20.4684917 ], [ -47.8924552, -20.4693745 ], [ -47.891772, -20.4700571 ], [ -47.8906918, -20.4704823 ], [ -47.8882599, -20.4713692 ], [ -47.8867492, -20.4721712 ], [ -47.886077, -20.4724143 ], [ -47.8853884, -20.4724598 ], [ -47.8849543, -20.4722324 ], [ -47.8845202, -20.4720049 ], [ -47.883842, -20.4715252 ], [ -47.8827199, -20.4712061 ], [ -47.8818232, -20.4712906 ], [ -47.8810087, -20.4715491 ], [ -47.8804505, -20.4713299 ], [ -47.8800419, -20.4709945 ], [ -47.8793018, -20.470116 ], [ -47.878732, -20.4691619 ], [ -47.8783144, -20.4678817 ], [ -47.8780089, -20.4670323 ], [ -47.8774747, -20.4663998 ], [ -47.8766931, -20.4660532 ], [ -47.8752919, -20.4661344 ], [ -47.8738591, -20.4664944 ], [ -47.8716569, -20.4671686 ], [ -47.8696685, -20.4676791 ], [ -47.8693319, -20.4678687 ], [ -47.868987, -20.468318 ], [ -47.8689234, -20.4686845 ], [ -47.8692496, -20.4692841 ], [ -47.869305, -20.4695315 ], [ -47.869174, -20.4697869 ], [ -47.8683138, -20.4704069 ], [ -47.8666998, -20.4713404 ], [ -47.8655252, -20.4718603 ], [ -47.8651314, -20.4722098 ], [ -47.8649811, -20.4726353 ], [ -47.8649209, -20.4732313 ], [ -47.8651464, -20.4736367 ], [ -47.8656899, -20.4742458 ], [ -47.8659936, -20.4748581 ], [ -47.8660436, -20.4755523 ], [ -47.8658121, -20.4761378 ], [ -47.8647556, -20.4772041 ], [ -47.8621935, -20.4792033 ], [ -47.8611966, -20.4802672 ], [ -47.8606464, -20.4812902 ], [ -47.859988, -20.48334 ], [ -47.8591718, -20.4843932 ], [ -47.8587026, -20.4854289 ], [ -47.8573763, -20.4872933 ], [ -47.8569119, -20.4883516 ], [ -47.8568503, -20.4889808 ], [ -47.8569362, -20.4896637 ], [ -47.8572537, -20.4905032 ], [ -47.8577377, -20.4911381 ], [ -47.8593674, -20.492173 ], [ -47.8603813, -20.4934461 ], [ -47.8616241, -20.4946581 ], [ -47.8638179, -20.4960537 ], [ -47.8641843, -20.496367 ], [ -47.8644202, -20.4972099 ], [ -47.8642235, -20.497667 ], [ -47.8623734, -20.4997702 ], [ -47.8612813, -20.5016267 ], [ -47.8605726, -20.5032277 ], [ -47.8597409, -20.5060098 ], [ -47.858848, -20.5082069 ], [ -47.8583583, -20.5090818 ], [ -47.8582218, -20.5097119 ], [ -47.8584153, -20.510895 ], [ -47.858289, -20.5113178 ], [ -47.8580364, -20.5113467 ], [ -47.855027, -20.5100004 ], [ -47.8547344, -20.5099263 ], [ -47.8541192, -20.5100278 ], [ -47.8527798, -20.5116354 ], [ -47.8507357, -20.513468 ], [ -47.8491865, -20.5140861 ], [ -47.8447503, -20.5170214 ], [ -47.8437147, -20.5174147 ], [ -47.8427009, -20.5175003 ], [ -47.8418745, -20.5173425 ], [ -47.8410206, -20.5166486 ], [ -47.8402394, -20.5162721 ], [ -47.8397908, -20.5161663 ], [ -47.8386847, -20.516138 ], [ -47.8383373, -20.516213 ], [ -47.838133, -20.5163299 ], [ -47.8366002, -20.5186615 ], [ -47.8359528, -20.5193958 ], [ -47.8355756, -20.5196379 ], [ -47.8342175, -20.520509 ], [ -47.832744, -20.5220288 ], [ -47.8322155, -20.5223114 ], [ -47.8315534, -20.5225281 ], [ -47.8294561, -20.5226921 ], [ -47.8291316, -20.5227904 ], [ -47.8288326, -20.5230217 ], [ -47.8284817, -20.52361 ], [ -47.8282631, -20.5243208 ], [ -47.8282258, -20.5249391 ], [ -47.8284842, -20.5258367 ], [ -47.8302289, -20.5291441 ], [ -47.8310494, -20.530978 ], [ -47.831706, -20.5317342 ], [ -47.8327028, -20.5326202 ], [ -47.8343441, -20.533895 ], [ -47.8366108, -20.5352972 ], [ -47.8369205, -20.5356382 ], [ -47.8370879, -20.5362962 ], [ -47.8369843, -20.5371765 ], [ -47.8365132, -20.5379162 ], [ -47.8358348, -20.538536 ], [ -47.8345528, -20.5392991 ], [ -47.8330018, -20.539997 ], [ -47.830714, -20.5407882 ], [ -47.8266386, -20.5419793 ], [ -47.8261122, -20.5422286 ], [ -47.8245274, -20.5437174 ], [ -47.8226646, -20.5448135 ], [ -47.8222686, -20.5450465 ], [ -47.8217698, -20.5452788 ], [ -47.8203021, -20.5455046 ], [ -47.8200518, -20.5457151 ], [ -47.819724, -20.546324 ], [ -47.8196135, -20.5468974 ], [ -47.8199621, -20.5480798 ], [ -47.8207491, -20.5494809 ], [ -47.8218324, -20.5509132 ], [ -47.8216312, -20.5517613 ], [ -47.820451, -20.5530414 ], [ -47.8198658, -20.5534154 ], [ -47.8192244, -20.5534951 ], [ -47.8186162, -20.5533234 ], [ -47.8167484, -20.5518802 ], [ -47.8149411, -20.5498187 ], [ -47.8121867, -20.5471633 ], [ -47.8119633, -20.5468029 ], [ -47.8118198, -20.5449848 ], [ -47.8116225, -20.5441208 ], [ -47.8113451, -20.5435534 ], [ -47.8099471, -20.5427178 ], [ -47.8095733, -20.5426586 ], [ -47.8090785, -20.5427912 ], [ -47.8081452, -20.5434226 ], [ -47.8055613, -20.5447434 ], [ -47.8047824, -20.5459216 ], [ -47.8041934, -20.5462955 ], [ -47.803578, -20.5463752 ], [ -47.801602, -20.5462815 ], [ -47.7998166, -20.5464355 ], [ -47.7977239, -20.5459554 ], [ -47.7969248, -20.5458541 ], [ -47.7955376, -20.5461509 ], [ -47.7938389, -20.5471965 ], [ -47.7931131, -20.5479628 ], [ -47.7926678, -20.548839 ], [ -47.7925985, -20.5496962 ], [ -47.793279, -20.5510442 ], [ -47.7942116, -20.5537959 ], [ -47.7946171, -20.5546826 ], [ -47.7959033, -20.5568093 ], [ -47.7960941, -20.5573089 ], [ -47.7961198, -20.5580967 ], [ -47.7959523, -20.5601446 ], [ -47.7960895, -20.5616863 ], [ -47.7962856, -20.5625062 ], [ -47.796948, -20.5642303 ], [ -47.7969327, -20.5647505 ], [ -47.7960671, -20.5684641 ], [ -47.7956503, -20.5688494 ], [ -47.7952742, -20.5687038 ], [ -47.7945458, -20.5681113 ], [ -47.7931656, -20.5674712 ], [ -47.7912432, -20.5664063 ], [ -47.7899484, -20.5655822 ], [ -47.7879471, -20.5640972 ], [ -47.7870673, -20.5636872 ], [ -47.7854531, -20.563474 ], [ -47.7835828, -20.5635142 ], [ -47.7825202, -20.5637055 ], [ -47.7814402, -20.5642802 ], [ -47.7806047, -20.5650012 ], [ -47.7795847, -20.5667201 ], [ -47.7789803, -20.5682478 ], [ -47.778805, -20.5693242 ], [ -47.7787573, -20.5706867 ], [ -47.7789963, -20.5712536 ], [ -47.7797372, -20.5718448 ], [ -47.7832819, -20.5730219 ], [ -47.7838481, -20.5734477 ], [ -47.7851278, -20.5758737 ], [ -47.7866952, -20.578167 ], [ -47.7869291, -20.5789289 ], [ -47.7873612, -20.5797042 ], [ -47.7880427, -20.5804138 ], [ -47.7883406, -20.581044 ], [ -47.7897374, -20.5809662 ], [ -47.7899269, -20.5810278 ], [ -47.7901424, -20.5814635 ], [ -47.7902063, -20.5820189 ], [ -47.79043, -20.5824189 ], [ -47.7906856, -20.5823642 ], [ -47.7909856, -20.5820206 ], [ -47.7912732, -20.5820309 ], [ -47.7914069, -20.5821642 ], [ -47.7918824, -20.5832675 ], [ -47.7924795, -20.5840928 ], [ -47.7926446, -20.5846598 ], [ -47.7927529, -20.585776 ], [ -47.7926506, -20.5864738 ], [ -47.792327, -20.5870449 ], [ -47.7922089, -20.5879193 ], [ -47.7920285, -20.5881305 ], [ -47.791366, -20.5883946 ], [ -47.7898978, -20.5883358 ], [ -47.7896074, -20.5883956 ], [ -47.7893197, -20.5885553 ], [ -47.7887016, -20.5898515 ], [ -47.7885496, -20.5900727 ], [ -47.7883673, -20.5901408 ], [ -47.7880957, -20.589998 ], [ -47.7879892, -20.5896893 ], [ -47.7877561, -20.5895443 ], [ -47.7873182, -20.5895718 ], [ -47.7870991, -20.589885 ], [ -47.7869517, -20.5902997 ], [ -47.7869489, -20.5907214 ], [ -47.7874519, -20.5916197 ], [ -47.7875559, -20.5941377 ], [ -47.7874885, -20.5946865 ], [ -47.7871301, -20.5953068 ], [ -47.7870398, -20.5956642 ], [ -47.787648, -20.5977263 ], [ -47.7878658, -20.5988401 ], [ -47.7880922, -20.5991747 ], [ -47.7883585, -20.5993056 ], [ -47.7903232, -20.5992922 ], [ -47.792527, -20.6001011 ], [ -47.7933716, -20.6007446 ], [ -47.7946196, -20.6020202 ], [ -47.7970026, -20.6033598 ], [ -47.7981949, -20.6042099 ], [ -47.7991407, -20.605695 ], [ -47.7995428, -20.6070933 ], [ -47.7998459, -20.6077381 ], [ -47.8007565, -20.6090503 ], [ -47.8014786, -20.6102999 ], [ -47.8018344, -20.6106876 ], [ -47.8022968, -20.611027 ], [ -47.8044961, -20.6121432 ], [ -47.8061531, -20.6127546 ], [ -47.8062686, -20.6127972 ], [ -47.8065879, -20.6129983 ], [ -47.8084225, -20.6137562 ], [ -47.8126273, -20.6159177 ], [ -47.8152314, -20.6176139 ], [ -47.8169498, -20.6183064 ], [ -47.8173766, -20.6185761 ], [ -47.8181169, -20.6194046 ], [ -47.8187003, -20.6198634 ], [ -47.8193966, -20.6202362 ], [ -47.8207461, -20.6207455 ], [ -47.8243047, -20.6217067 ], [ -47.8279342, -20.6230993 ], [ -47.8297735, -20.623224 ], [ -47.8310516, -20.6234583 ], [ -47.8344906, -20.6249088 ], [ -47.8368707, -20.6254573 ], [ -47.838256, -20.6258896 ], [ -47.8396528, -20.6264662 ], [ -47.8414633, -20.6265439 ], [ -47.8433338, -20.6271355 ], [ -47.8438626, -20.627451 ], [ -47.8448849, -20.6284549 ], [ -47.8462313, -20.6289955 ], [ -47.8467458, -20.6292863 ], [ -47.8473973, -20.6296997 ], [ -47.8489875, -20.6309584 ], [ -47.8498377, -20.6313995 ], [ -47.8519479, -20.6320247 ], [ -47.8534083, -20.6323112 ], [ -47.8544477, -20.6326547 ], [ -47.8553399, -20.6331503 ], [ -47.857547, -20.6346854 ], [ -47.8593385, -20.6364539 ], [ -47.8603728, -20.6378332 ], [ -47.8612625, -20.6392497 ], [ -47.8629871, -20.6412038 ], [ -47.8639157, -20.6431811 ], [ -47.8645634, -20.6450278 ], [ -47.864981, -20.646987 ], [ -47.8651382, -20.6485691 ], [ -47.8735439, -20.6478392 ], [ -47.8804152, -20.6474798 ], [ -47.8805452, -20.647473 ], [ -47.8806167, -20.6474693 ] ] ] ] } }
]
}
