{
"type": "FeatureCollection",
"name": "altamogiana",
"crs": { "type": "name", "properties": { "name": "urn:ogc:def:crs:EPSG::4674" } },
"features": [
{ "type": "Feature", "properties": { "CD_MUN": "3508207", "NM_MUN": "Buritizal", "CD_RGI": "350035", "NM_RGI": "Ituverava", "CD_RGINT": "3508", "NM_RGINT": "Ribeirão Preto", "CD_UF": "35", "NM_UF": "São Paulo", "SIGLA_UF": "SP", "CD_REGIA": "3", "NM_REGIA": "Sudeste", "SIGLA_RG": "SE", "CD_CONCU": null, "NM_CONCU": null, "AREA_KM2": 266.42 }, "geometry": { "type": "MultiPolygon", "coordinates": [ [ [ [ -47.663433, -20.1322171 ], [ -47.6627442, -20.1323525 ], [ -47.6621691, -20.1321836 ], [ -47.6618822, -20.1317292 ], [ -47.6619489, -20.130766 ], [ -47.6617735, -20.1306303 ], [ -47.6592737, -20.1298242 ], [ -47.6586197, -20.1299734 ], [ -47.658175, -20.130274 ], [ -47.6574655, -20.1300913 ], [ -47.6568423, -20.130496 ], [ -47.6563361, -20.130495 ], [ -47.6559611, -20.1302765 ], [ -47.6556518, -20.1299031 ], [ -47.6554881, -20.1298811 ], [ -47.6548271, -20.1305569 ], [ -47.6545668, -20.1306761 ], [ -47.6540814, -20.1305607 ], [ -47.6538603, -20.1306095 ], [ -47.6538037, -20.1307288 ], [ -47.6539479, -20.1318479 ], [ -47.6538442, -20.1320438 ], [ -47.6536081, -20.1321549 ], [ -47.6533623, -20.1321515 ], [ -47.6529405, -20.1319557 ], [ -47.6525914, -20.1321625 ], [ -47.6521453, -20.131929 ], [ -47.6521333, -20.1316588 ], [ -47.6523884, -20.1313605 ], [ -47.6524352, -20.1311275 ], [ -47.6523203, -20.1307053 ], [ -47.6516871, -20.1303167 ], [ -47.651038, -20.1301325 ], [ -47.650884, -20.1302259 ], [ -47.6510071, -20.1306601 ], [ -47.650538, -20.1306612 ], [ -47.6500763, -20.130482 ], [ -47.6499375, -20.1305066 ], [ -47.6497834, -20.1306027 ], [ -47.6495982, -20.1309449 ], [ -47.6492488, -20.1311356 ], [ -47.6489467, -20.1311023 ], [ -47.648772, -20.1309027 ], [ -47.6485122, -20.1308907 ], [ -47.6484062, -20.1315917 ], [ -47.6483198, -20.1317397 ], [ -47.6480977, -20.1317875 ], [ -47.6477053, -20.131599 ], [ -47.647422, -20.1313173 ], [ -47.6470253, -20.1311637 ], [ -47.6465318, -20.1310606 ], [ -47.644778, -20.131093 ], [ -47.6446229, -20.1311432 ], [ -47.6443996, -20.1314804 ], [ -47.6440647, -20.1315493 ], [ -47.6437109, -20.1314934 ], [ -47.6423448, -20.1325152 ], [ -47.6414199, -20.1329711 ], [ -47.6411752, -20.1330117 ], [ -47.6404523, -20.1329237 ], [ -47.640253, -20.1327637 ], [ -47.6400963, -20.1322852 ], [ -47.639492, -20.1321305 ], [ -47.6391992, -20.1322701 ], [ -47.6387638, -20.1322455 ], [ -47.6384524, -20.1317362 ], [ -47.6381767, -20.131524 ], [ -47.6377827, -20.1313984 ], [ -47.6371372, -20.1314085 ], [ -47.6367371, -20.1316458 ], [ -47.6355375, -20.1329252 ], [ -47.6345366, -20.1331805 ], [ -47.634169, -20.1335575 ], [ -47.6336426, -20.1334882 ], [ -47.6332606, -20.133773 ], [ -47.6325839, -20.1339375 ], [ -47.6324397, -20.134095 ], [ -47.6324407, -20.1342344 ], [ -47.6327608, -20.1347179 ], [ -47.632697, -20.1348505 ], [ -47.632442, -20.1348853 ], [ -47.6321787, -20.1347707 ], [ -47.6317458, -20.1348486 ], [ -47.6314322, -20.1347223 ], [ -47.6307389, -20.134941 ], [ -47.6306304, -20.1348571 ], [ -47.630619, -20.1345717 ], [ -47.6304537, -20.1345423 ], [ -47.6299029, -20.1347185 ], [ -47.6297838, -20.1348922 ], [ -47.6302345, -20.1358371 ], [ -47.6301612, -20.1361096 ], [ -47.6295432, -20.1362429 ], [ -47.6282896, -20.1362841 ], [ -47.6270251, -20.1362171 ], [ -47.6267203, -20.1364389 ], [ -47.6266953, -20.1367932 ], [ -47.6262886, -20.1370266 ], [ -47.6254712, -20.1371456 ], [ -47.6253576, -20.1372556 ], [ -47.6254838, -20.1375173 ], [ -47.6254664, -20.1378511 ], [ -47.6246395, -20.1383437 ], [ -47.6243751, -20.1382784 ], [ -47.6242287, -20.1377841 ], [ -47.6237838, -20.1377312 ], [ -47.623679, -20.1369696 ], [ -47.623374, -20.1370305 ], [ -47.6231554, -20.1371809 ], [ -47.6230129, -20.1374832 ], [ -47.6230065, -20.1380413 ], [ -47.6229011, -20.138184 ], [ -47.622176, -20.1384573 ], [ -47.621823, -20.1388977 ], [ -47.6213035, -20.1392215 ], [ -47.6211418, -20.1394557 ], [ -47.6206132, -20.1396263 ], [ -47.620239, -20.1404471 ], [ -47.6202046, -20.1408666 ], [ -47.6207274, -20.1412145 ], [ -47.6207709, -20.1413689 ], [ -47.6210037, -20.1415742 ], [ -47.621162, -20.1420824 ], [ -47.6211326, -20.142922 ], [ -47.6214214, -20.1434915 ], [ -47.6214416, -20.1436999 ], [ -47.6213858, -20.1439191 ], [ -47.6211205, -20.1441559 ], [ -47.6208834, -20.1442219 ], [ -47.620497, -20.144119 ], [ -47.620409, -20.1442363 ], [ -47.6204358, -20.1463239 ], [ -47.6196849, -20.147088 ], [ -47.6195825, -20.1473216 ], [ -47.6196825, -20.147781 ], [ -47.6196359, -20.1480311 ], [ -47.6194158, -20.1481238 ], [ -47.6188432, -20.1480331 ], [ -47.618712, -20.1480823 ], [ -47.6185918, -20.1482371 ], [ -47.6185013, -20.1486968 ], [ -47.6183879, -20.1487763 ], [ -47.6181762, -20.1488739 ], [ -47.6176415, -20.1488186 ], [ -47.6174137, -20.1489129 ], [ -47.6170434, -20.1493077 ], [ -47.6164804, -20.1494762 ], [ -47.6156471, -20.1500053 ], [ -47.6152191, -20.1504061 ], [ -47.6151396, -20.1506181 ], [ -47.6152145, -20.1511045 ], [ -47.6147744, -20.1518033 ], [ -47.614761, -20.15246 ], [ -47.6142681, -20.1529034 ], [ -47.6141435, -20.1533071 ], [ -47.6139031, -20.1536373 ], [ -47.6139597, -20.1540565 ], [ -47.6142042, -20.154469 ], [ -47.613887, -20.1551102 ], [ -47.6138334, -20.1557187 ], [ -47.6128127, -20.1564775 ], [ -47.612671, -20.1567124 ], [ -47.6126104, -20.1570932 ], [ -47.6119515, -20.157358 ], [ -47.6117249, -20.1576096 ], [ -47.611761, -20.1578033 ], [ -47.6122895, -20.1579905 ], [ -47.6123313, -20.1581143 ], [ -47.6122361, -20.1582879 ], [ -47.6117558, -20.1586122 ], [ -47.6108443, -20.15892 ], [ -47.6100312, -20.1590462 ], [ -47.6093891, -20.1593682 ], [ -47.609123, -20.1596032 ], [ -47.6074372, -20.1623669 ], [ -47.6072831, -20.1629268 ], [ -47.6069707, -20.1633345 ], [ -47.6069571, -20.1639705 ], [ -47.6065529, -20.1643964 ], [ -47.6064254, -20.1649383 ], [ -47.6058966, -20.165651 ], [ -47.6058171, -20.1658846 ], [ -47.6059371, -20.1666036 ], [ -47.6057785, -20.1670393 ], [ -47.6052561, -20.1671948 ], [ -47.6040256, -20.1671575 ], [ -47.6025613, -20.1676871 ], [ -47.6023943, -20.1679076 ], [ -47.6023287, -20.1685984 ], [ -47.6019356, -20.1690318 ], [ -47.6014584, -20.1693706 ], [ -47.5992489, -20.1705384 ], [ -47.5990207, -20.1707585 ], [ -47.5989033, -20.1715894 ], [ -47.5985937, -20.172185 ], [ -47.598869, -20.1729411 ], [ -47.5987487, -20.1730977 ], [ -47.5980896, -20.1734119 ], [ -47.5975242, -20.1734031 ], [ -47.5974099, -20.1734808 ], [ -47.5973058, -20.1736613 ], [ -47.5972584, -20.1743743 ], [ -47.5970368, -20.174689 ], [ -47.5965027, -20.1747344 ], [ -47.5961992, -20.1746398 ], [ -47.5956081, -20.1742992 ], [ -47.5952655, -20.1739704 ], [ -47.5947052, -20.1732039 ], [ -47.5943409, -20.1730316 ], [ -47.5941509, -20.1730885 ], [ -47.5939264, -20.1732872 ], [ -47.5937515, -20.1736297 ], [ -47.5937234, -20.1739406 ], [ -47.5939567, -20.1745558 ], [ -47.5938669, -20.174691 ], [ -47.5935694, -20.1746623 ], [ -47.5933756, -20.1747425 ], [ -47.5933609, -20.1748444 ], [ -47.5935777, -20.1750896 ], [ -47.5935561, -20.1753603 ], [ -47.5932891, -20.1754261 ], [ -47.5929082, -20.1753081 ], [ -47.5927636, -20.1754008 ], [ -47.5929458, -20.1759072 ], [ -47.5929246, -20.1761438 ], [ -47.5923646, -20.1764687 ], [ -47.5923066, -20.1769251 ], [ -47.5925777, -20.1779723 ], [ -47.592543, -20.1789114 ], [ -47.5931232, -20.1802171 ], [ -47.5942353, -20.1814647 ], [ -47.5944564, -20.1820499 ], [ -47.5949466, -20.1824461 ], [ -47.5953536, -20.1832151 ], [ -47.5956697, -20.1833731 ], [ -47.5958205, -20.1836887 ], [ -47.596488, -20.1842226 ], [ -47.5970044, -20.1847726 ], [ -47.5975758, -20.1850585 ], [ -47.5979932, -20.1854314 ], [ -47.5989982, -20.1874249 ], [ -47.5992486, -20.1876695 ], [ -47.599804, -20.1879234 ], [ -47.6004327, -20.1887741 ], [ -47.6012023, -20.1891058 ], [ -47.6016363, -20.1895647 ], [ -47.6021084, -20.1898911 ], [ -47.6028399, -20.1900533 ], [ -47.6038917, -20.1908133 ], [ -47.6039783, -20.1909665 ], [ -47.6040573, -20.1919583 ], [ -47.6047853, -20.1926526 ], [ -47.605197, -20.193259 ], [ -47.605666, -20.1943386 ], [ -47.6058341, -20.1951664 ], [ -47.6083861, -20.1963043 ], [ -47.6092265, -20.1964974 ], [ -47.6099064, -20.1969166 ], [ -47.6108809, -20.1971569 ], [ -47.6119038, -20.1998387 ], [ -47.6119911, -20.2000674 ], [ -47.6190631, -20.2186093 ], [ -47.6191607, -20.2188652 ], [ -47.6192395, -20.2196772 ], [ -47.6186773, -20.2205217 ], [ -47.6186593, -20.2207494 ], [ -47.6189402, -20.2213044 ], [ -47.6187406, -20.2216873 ], [ -47.6170678, -20.2228046 ], [ -47.616406, -20.2229703 ], [ -47.6153098, -20.2239438 ], [ -47.6136778, -20.2258159 ], [ -47.6105487, -20.2301922 ], [ -47.6097059, -20.231779 ], [ -47.6080324, -20.235825 ], [ -47.6063105, -20.2395986 ], [ -47.6056156, -20.2414083 ], [ -47.6049425, -20.2439433 ], [ -47.6046797, -20.2454207 ], [ -47.6048574, -20.2462461 ], [ -47.6049038, -20.2470066 ], [ -47.6052501, -20.2475981 ], [ -47.6052537, -20.2478383 ], [ -47.6049926, -20.2484797 ], [ -47.6048542, -20.2494698 ], [ -47.6038131, -20.2514027 ], [ -47.6034071, -20.2518896 ], [ -47.602704, -20.252381 ], [ -47.6026499, -20.252646 ], [ -47.6030947, -20.2532447 ], [ -47.6034949, -20.2540629 ], [ -47.6042332, -20.2550229 ], [ -47.6047464, -20.2561949 ], [ -47.6048187, -20.2566246 ], [ -47.6055767, -20.2582253 ], [ -47.6061564, -20.259059 ], [ -47.607312, -20.2604243 ], [ -47.6074153, -20.2607319 ], [ -47.6074463, -20.2615835 ], [ -47.6083825, -20.2639998 ], [ -47.6087291, -20.2655892 ], [ -47.6083802, -20.2668747 ], [ -47.6083474, -20.2673455 ], [ -47.6089475, -20.2683148 ], [ -47.6096441, -20.2690323 ], [ -47.6097022, -20.2692493 ], [ -47.6096433, -20.2694944 ], [ -47.6093235, -20.2699332 ], [ -47.609317, -20.270324 ], [ -47.609545, -20.2713266 ], [ -47.6092206, -20.2725986 ], [ -47.6095149, -20.2729203 ], [ -47.6094842, -20.2735494 ], [ -47.6098513, -20.2739169 ], [ -47.6100715, -20.2743169 ], [ -47.6099613, -20.2751571 ], [ -47.6106071, -20.2772968 ], [ -47.6115644, -20.2778035 ], [ -47.6120931, -20.277713 ], [ -47.6123218, -20.2774632 ], [ -47.6124149, -20.2771789 ], [ -47.6125253, -20.2763352 ], [ -47.6127166, -20.2761785 ], [ -47.6131316, -20.276127 ], [ -47.6135139, -20.2764511 ], [ -47.6136878, -20.2767423 ], [ -47.6139342, -20.2775055 ], [ -47.614122, -20.277738 ], [ -47.6144891, -20.277897 ], [ -47.6157337, -20.2776131 ], [ -47.6167561, -20.277936 ], [ -47.61745, -20.2778802 ], [ -47.6178613, -20.2782224 ], [ -47.6181204, -20.2787011 ], [ -47.6183165, -20.2788718 ], [ -47.6187354, -20.2790299 ], [ -47.6198746, -20.2789103 ], [ -47.6202427, -20.2789515 ], [ -47.6216148, -20.2798085 ], [ -47.6220315, -20.2798551 ], [ -47.6231216, -20.2797184 ], [ -47.6239176, -20.2799081 ], [ -47.6243114, -20.2803503 ], [ -47.6252758, -20.2807547 ], [ -47.6255237, -20.2810631 ], [ -47.6254732, -20.2815476 ], [ -47.6251613, -20.2819813 ], [ -47.6252833, -20.2823463 ], [ -47.6266395, -20.2827739 ], [ -47.6271421, -20.2832506 ], [ -47.6275119, -20.2834366 ], [ -47.6280598, -20.2832541 ], [ -47.6283017, -20.283288 ], [ -47.628554, -20.2838869 ], [ -47.6289267, -20.2842367 ], [ -47.6295885, -20.284382 ], [ -47.6297991, -20.284315 ], [ -47.6299889, -20.2840557 ], [ -47.6299537, -20.2835366 ], [ -47.6302353, -20.283305 ], [ -47.6306339, -20.2832798 ], [ -47.6308663, -20.283477 ], [ -47.6310225, -20.2841516 ], [ -47.631033, -20.2853917 ], [ -47.6311352, -20.2858207 ], [ -47.6315101, -20.2862082 ], [ -47.6318007, -20.2862475 ], [ -47.6323696, -20.2861126 ], [ -47.6333025, -20.2853938 ], [ -47.6335924, -20.2852622 ], [ -47.6344724, -20.2853219 ], [ -47.6359082, -20.2846978 ], [ -47.6372599, -20.2846046 ], [ -47.6380592, -20.2843647 ], [ -47.6387791, -20.2844406 ], [ -47.6397848, -20.2845466 ], [ -47.6413293, -20.2841682 ], [ -47.6425291, -20.2841144 ], [ -47.6428435, -20.2838983 ], [ -47.6433335, -20.2837254 ], [ -47.6434809, -20.2837981 ], [ -47.6435319, -20.2851036 ], [ -47.6446005, -20.2865699 ], [ -47.6450973, -20.287913 ], [ -47.6454422, -20.2882644 ], [ -47.6458863, -20.2881825 ], [ -47.6461525, -20.2879053 ], [ -47.6470299, -20.2865973 ], [ -47.6473759, -20.286243 ], [ -47.6482881, -20.2857482 ], [ -47.6494386, -20.2855155 ], [ -47.653185, -20.2854807 ], [ -47.6540356, -20.2854367 ], [ -47.6550016, -20.2852432 ], [ -47.655415, -20.2849264 ], [ -47.6555966, -20.2844897 ], [ -47.6556656, -20.2840687 ], [ -47.6554902, -20.2835301 ], [ -47.6555352, -20.2832971 ], [ -47.6558341, -20.2830139 ], [ -47.656002, -20.282235 ], [ -47.6561151, -20.2821168 ], [ -47.6565426, -20.2820873 ], [ -47.6573876, -20.2825088 ], [ -47.6577427, -20.2826106 ], [ -47.6581949, -20.2826116 ], [ -47.6585882, -20.2825278 ], [ -47.6594968, -20.2820723 ], [ -47.6598745, -20.2821138 ], [ -47.6602015, -20.2824582 ], [ -47.660249, -20.2833123 ], [ -47.6607873, -20.2835501 ], [ -47.661421, -20.2840773 ], [ -47.6616837, -20.2840967 ], [ -47.6619214, -20.2840001 ], [ -47.6620718, -20.2836719 ], [ -47.662008, -20.2832632 ], [ -47.6622761, -20.2831254 ], [ -47.665018, -20.2837591 ], [ -47.6662106, -20.2838101 ], [ -47.6664879, -20.2837526 ], [ -47.6677729, -20.2831344 ], [ -47.6684105, -20.282956 ], [ -47.6690929, -20.2830677 ], [ -47.6700739, -20.2830446 ], [ -47.6703305, -20.2832588 ], [ -47.6704244, -20.28387 ], [ -47.6709012, -20.2839015 ], [ -47.6719211, -20.2830867 ], [ -47.6738584, -20.2828012 ], [ -47.6747376, -20.2832068 ], [ -47.6751556, -20.2832227 ], [ -47.6759519, -20.2826067 ], [ -47.6768525, -20.282488 ], [ -47.6771052, -20.2823739 ], [ -47.6774689, -20.281959 ], [ -47.6776554, -20.2809308 ], [ -47.6785978, -20.2802571 ], [ -47.6790081, -20.2802736 ], [ -47.6798666, -20.2808808 ], [ -47.6802117, -20.2809705 ], [ -47.6817934, -20.2808987 ], [ -47.6822267, -20.2807749 ], [ -47.6828347, -20.2807589 ], [ -47.6839324, -20.2809521 ], [ -47.6849552, -20.2807721 ], [ -47.6851414, -20.2806457 ], [ -47.6852601, -20.280248 ], [ -47.6849697, -20.279236 ], [ -47.6850645, -20.2788843 ], [ -47.686165, -20.2782305 ], [ -47.6866789, -20.2774173 ], [ -47.6877327, -20.2766162 ], [ -47.6882504, -20.2763929 ], [ -47.6892123, -20.2761568 ], [ -47.6902148, -20.2757207 ], [ -47.6916197, -20.2757305 ], [ -47.6924995, -20.2753907 ], [ -47.6932941, -20.2753095 ], [ -47.6944641, -20.2756787 ], [ -47.6959652, -20.2758682 ], [ -47.6961881, -20.2759472 ], [ -47.6967485, -20.2764204 ], [ -47.6969318, -20.2764593 ], [ -47.6972161, -20.276323 ], [ -47.6975225, -20.2758763 ], [ -47.6980056, -20.2756814 ], [ -47.6982216, -20.2756945 ], [ -47.698565, -20.2758947 ], [ -47.6986545, -20.2760499 ], [ -47.6987305, -20.2770353 ], [ -47.6989742, -20.2773336 ], [ -47.6992004, -20.2773542 ], [ -47.7010343, -20.27659 ], [ -47.7012634, -20.2763716 ], [ -47.7021907, -20.2744348 ], [ -47.7023925, -20.2742055 ], [ -47.7036285, -20.2735394 ], [ -47.7042569, -20.2726412 ], [ -47.7053577, -20.2723065 ], [ -47.7056363, -20.2721438 ], [ -47.706338, -20.2709263 ], [ -47.7073088, -20.2703712 ], [ -47.7083164, -20.2701626 ], [ -47.7094218, -20.2693839 ], [ -47.7110703, -20.2691487 ], [ -47.7118545, -20.2688728 ], [ -47.7120892, -20.2687068 ], [ -47.7127112, -20.2678694 ], [ -47.7139541, -20.2673599 ], [ -47.7148999, -20.2664765 ], [ -47.7151369, -20.2659455 ], [ -47.7151673, -20.2649089 ], [ -47.7150578, -20.2646785 ], [ -47.7144705, -20.2641369 ], [ -47.7144175, -20.2638131 ], [ -47.7145037, -20.2635761 ], [ -47.714956, -20.2630968 ], [ -47.7149812, -20.2626625 ], [ -47.71472, -20.2623709 ], [ -47.714118, -20.2621705 ], [ -47.7139979, -20.2618929 ], [ -47.7145255, -20.2613533 ], [ -47.7147519, -20.2606825 ], [ -47.7150656, -20.2602199 ], [ -47.7152962, -20.2601787 ], [ -47.7154114, -20.2602916 ], [ -47.7154675, -20.2610587 ], [ -47.7155699, -20.2612521 ], [ -47.7157428, -20.2613806 ], [ -47.7159176, -20.2613922 ], [ -47.716228, -20.2612261 ], [ -47.7165534, -20.2606407 ], [ -47.7166428, -20.2595901 ], [ -47.7167421, -20.2592187 ], [ -47.7169196, -20.2590686 ], [ -47.7180534, -20.258957 ], [ -47.7187657, -20.2582793 ], [ -47.719492, -20.2574177 ], [ -47.7196814, -20.2573292 ], [ -47.7207427, -20.2572357 ], [ -47.7211803, -20.2570967 ], [ -47.7216254, -20.2567223 ], [ -47.7222447, -20.2564494 ], [ -47.7224876, -20.2561973 ], [ -47.7227881, -20.2555867 ], [ -47.7232167, -20.2553619 ], [ -47.7237058, -20.2553946 ], [ -47.7250255, -20.2561591 ], [ -47.7257357, -20.2561008 ], [ -47.7263068, -20.2563091 ], [ -47.7266342, -20.2562434 ], [ -47.7267948, -20.2560837 ], [ -47.7269429, -20.2554766 ], [ -47.7275906, -20.2549485 ], [ -47.7278617, -20.2540212 ], [ -47.7287958, -20.2533495 ], [ -47.7289385, -20.2531127 ], [ -47.728886, -20.2523951 ], [ -47.7292043, -20.2517923 ], [ -47.7307301, -20.25039 ], [ -47.7319402, -20.2495015 ], [ -47.732501, -20.2492049 ], [ -47.7329123, -20.2491926 ], [ -47.7342797, -20.2498688 ], [ -47.7350355, -20.2501276 ], [ -47.7356114, -20.250096 ], [ -47.736583, -20.249707 ], [ -47.7377949, -20.249938 ], [ -47.7400343, -20.2498647 ], [ -47.7410432, -20.2502125 ], [ -47.7421566, -20.24994 ], [ -47.7424046, -20.2500145 ], [ -47.7431705, -20.2505704 ], [ -47.7432371, -20.2510322 ], [ -47.7430389, -20.2515566 ], [ -47.7431186, -20.2518121 ], [ -47.7440768, -20.2523272 ], [ -47.7445871, -20.2523813 ], [ -47.7447775, -20.2522891 ], [ -47.7449115, -20.2516483 ], [ -47.7455016, -20.2505974 ], [ -47.7459862, -20.2502657 ], [ -47.7473672, -20.250151 ], [ -47.7481441, -20.2504816 ], [ -47.7486793, -20.2509628 ], [ -47.7496571, -20.2514668 ], [ -47.7501569, -20.2515664 ], [ -47.7513556, -20.2515549 ], [ -47.7516728, -20.2512641 ], [ -47.7518664, -20.2505453 ], [ -47.7528188, -20.249607 ], [ -47.7534408, -20.2492154 ], [ -47.7539963, -20.2492387 ], [ -47.7549365, -20.2496524 ], [ -47.7557317, -20.2498865 ], [ -47.7559162, -20.250063 ], [ -47.7561115, -20.25047 ], [ -47.7564758, -20.2506286 ], [ -47.7567704, -20.2505923 ], [ -47.757254, -20.2498541 ], [ -47.7573954, -20.2497907 ], [ -47.7578143, -20.2498056 ], [ -47.7584931, -20.2500526 ], [ -47.7593193, -20.2498463 ], [ -47.7595185, -20.2499666 ], [ -47.7595873, -20.2501372 ], [ -47.7595599, -20.2504869 ], [ -47.7596543, -20.2506881 ], [ -47.7602816, -20.2508092 ], [ -47.7604052, -20.2507606 ], [ -47.761355, -20.2495263 ], [ -47.7618146, -20.2491227 ], [ -47.7637063, -20.2479271 ], [ -47.7641207, -20.2474562 ], [ -47.7644536, -20.2477521 ], [ -47.7647481, -20.2483156 ], [ -47.7654186, -20.2488869 ], [ -47.7655627, -20.2491878 ], [ -47.7660011, -20.249313 ], [ -47.7672889, -20.2489665 ], [ -47.7685294, -20.2493197 ], [ -47.7687862, -20.2492928 ], [ -47.769798, -20.2487333 ], [ -47.7712547, -20.248283 ], [ -47.771964, -20.2475267 ], [ -47.7723366, -20.2467827 ], [ -47.7729098, -20.246125 ], [ -47.7731679, -20.2459956 ], [ -47.7737375, -20.2460022 ], [ -47.7742374, -20.2463616 ], [ -47.7746467, -20.2471907 ], [ -47.7747153, -20.2482776 ], [ -47.7746164, -20.2488829 ], [ -47.7746897, -20.2491346 ], [ -47.7748776, -20.24925 ], [ -47.7753466, -20.2492819 ], [ -47.7761721, -20.2490197 ], [ -47.7763481, -20.2492885 ], [ -47.7754329, -20.2514098 ], [ -47.7754996, -20.2519445 ], [ -47.7758505, -20.2526547 ], [ -47.7757999, -20.2530341 ], [ -47.7754329, -20.2537316 ], [ -47.7754463, -20.2544253 ], [ -47.775625, -20.2547725 ], [ -47.7760351, -20.255152 ], [ -47.7766385, -20.2551994 ], [ -47.7770862, -20.2554292 ], [ -47.7775207, -20.2562287 ], [ -47.7784457, -20.2565459 ], [ -47.778886, -20.2566969 ], [ -47.7812258, -20.2571814 ], [ -47.7818572, -20.257513 ], [ -47.782097, -20.2579585 ], [ -47.7818822, -20.2584671 ], [ -47.7818879, -20.2588036 ], [ -47.782641, -20.2590154 ], [ -47.7837609, -20.2591053 ], [ -47.7865382, -20.2601493 ], [ -47.7876209, -20.2604509 ], [ -47.7879989, -20.260413 ], [ -47.7901254, -20.2595717 ], [ -47.7911868, -20.2595695 ], [ -47.7916858, -20.2599054 ], [ -47.7917705, -20.2604704 ], [ -47.7916199, -20.2612933 ], [ -47.7917965, -20.2614758 ], [ -47.7920278, -20.2614875 ], [ -47.7933337, -20.2609769 ], [ -47.7945096, -20.2606713 ], [ -47.7947327, -20.2604111 ], [ -47.7947364, -20.2600543 ], [ -47.7945657, -20.2597227 ], [ -47.7944215, -20.2589434 ], [ -47.7941314, -20.2584611 ], [ -47.7941992, -20.2582018 ], [ -47.7945035, -20.2581118 ], [ -47.7954515, -20.2582387 ], [ -47.7957803, -20.2581846 ], [ -47.7961336, -20.2577304 ], [ -47.7960966, -20.2570249 ], [ -47.7961607, -20.256931 ], [ -47.7966423, -20.2567213 ], [ -47.797283, -20.2565793 ], [ -47.7978294, -20.2562541 ], [ -47.7984042, -20.2561575 ], [ -47.7989461, -20.2557287 ], [ -47.79932, -20.2558165 ], [ -47.7996269, -20.2564559 ], [ -47.7999619, -20.2566597 ], [ -47.8000253, -20.2566983 ], [ -47.8002498, -20.2567134 ], [ -47.8004606, -20.2566615 ], [ -47.8007141, -20.2557082 ], [ -47.8009203, -20.2553648 ], [ -47.8013075, -20.2552867 ], [ -47.8015724, -20.2553697 ], [ -47.8027753, -20.2566467 ], [ -47.8041658, -20.2566785 ], [ -47.8049783, -20.257056 ], [ -47.8075077, -20.257519 ], [ -47.8089461, -20.2575255 ], [ -47.8108512, -20.2568047 ], [ -47.8115825, -20.2567449 ], [ -47.8119814, -20.2568777 ], [ -47.8123234, -20.2572844 ], [ -47.8127666, -20.2575815 ], [ -47.8149754, -20.2575071 ], [ -47.8160958, -20.2576354 ], [ -47.8173907, -20.257492 ], [ -47.8215535, -20.2587442 ], [ -47.8225069, -20.2587839 ], [ -47.8229106, -20.2586506 ], [ -47.8231454, -20.2583836 ], [ -47.8235668, -20.2571286 ], [ -47.823958, -20.2564202 ], [ -47.8242259, -20.2553657 ], [ -47.8249831, -20.254002 ], [ -47.8256327, -20.2524267 ], [ -47.8260685, -20.2519932 ], [ -47.8266544, -20.2520219 ], [ -47.8272499, -20.2522226 ], [ -47.8276604, -20.2521605 ], [ -47.8279022, -20.2519792 ], [ -47.8284573, -20.2507577 ], [ -47.828406, -20.2501686 ], [ -47.8288254, -20.2497112 ], [ -47.8291616, -20.2494712 ], [ -47.8295215, -20.2493543 ], [ -47.8304844, -20.2493943 ], [ -47.8319331, -20.249043 ], [ -47.8325469, -20.248756 ], [ -47.8331626, -20.2482776 ], [ -47.8338694, -20.247528 ], [ -47.8342321, -20.2475605 ], [ -47.8342827, -20.2476603 ], [ -47.8342542, -20.2478715 ], [ -47.8339069, -20.2482263 ], [ -47.8337642, -20.2485162 ], [ -47.8338009, -20.2487486 ], [ -47.8339585, -20.248809 ], [ -47.8349647, -20.2485052 ], [ -47.8359357, -20.2485104 ], [ -47.8371912, -20.2480291 ], [ -47.8373595, -20.247865 ], [ -47.8373946, -20.2475596 ], [ -47.8372538, -20.2473667 ], [ -47.8363893, -20.2469704 ], [ -47.8357372, -20.2464117 ], [ -47.8356005, -20.2460894 ], [ -47.8358191, -20.2449478 ], [ -47.8357565, -20.2447621 ], [ -47.8353911, -20.244583 ], [ -47.8349282, -20.2445425 ], [ -47.834878, -20.244333 ], [ -47.8352264, -20.2440736 ], [ -47.8362562, -20.2441168 ], [ -47.8365675, -20.2440665 ], [ -47.8367778, -20.2439075 ], [ -47.8369132, -20.2436802 ], [ -47.8368808, -20.243144 ], [ -47.8365806, -20.2424779 ], [ -47.8365253, -20.2419157 ], [ -47.8362819, -20.2416518 ], [ -47.8362332, -20.241455 ], [ -47.8362509, -20.2405482 ], [ -47.8361201, -20.2399564 ], [ -47.8355189, -20.2389102 ], [ -47.8347102, -20.2379781 ], [ -47.8339961, -20.2374118 ], [ -47.8323073, -20.236769 ], [ -47.8315723, -20.236612 ], [ -47.830123, -20.2365227 ], [ -47.825385, -20.2363604 ], [ -47.8225751, -20.2356855 ], [ -47.8183226, -20.2358387 ], [ -47.8176033, -20.2356947 ], [ -47.8143082, -20.2346493 ], [ -47.8121935, -20.2341462 ], [ -47.8096571, -20.2343027 ], [ -47.8090726, -20.2342615 ], [ -47.8009017, -20.232336 ], [ -47.7992697, -20.2316635 ], [ -47.797578, -20.2305205 ], [ -47.7945432, -20.227778 ], [ -47.7923785, -20.2254816 ], [ -47.7910138, -20.2238734 ], [ -47.7902233, -20.2225399 ], [ -47.7899708, -20.2219051 ], [ -47.789767, -20.2205069 ], [ -47.7897994, -20.2199361 ], [ -47.7901187, -20.2193961 ], [ -47.7906481, -20.218966 ], [ -47.7915653, -20.2185855 ], [ -47.7924559, -20.2183462 ], [ -47.7937868, -20.2176745 ], [ -47.7944319, -20.2169868 ], [ -47.7946336, -20.2165622 ], [ -47.7947698, -20.2158836 ], [ -47.7947566, -20.215179 ], [ -47.794206, -20.211185 ], [ -47.7934643, -20.2079756 ], [ -47.7933799, -20.2065113 ], [ -47.7940577, -20.202976 ], [ -47.7943253, -20.2010142 ], [ -47.7945358, -20.1994533 ], [ -47.794382, -20.1992024 ], [ -47.7940243, -20.1990963 ], [ -47.7917583, -20.1993296 ], [ -47.7899099, -20.1997269 ], [ -47.788358, -20.1994825 ], [ -47.7877145, -20.1992675 ], [ -47.7866665, -20.1991847 ], [ -47.7858924, -20.1992672 ], [ -47.7852571, -20.1995443 ], [ -47.7843919, -20.1996568 ], [ -47.7835421, -20.1996449 ], [ -47.7807746, -20.1988847 ], [ -47.780327, -20.1988492 ], [ -47.7770927, -20.1991111 ], [ -47.7756438, -20.1984927 ], [ -47.774586, -20.1982009 ], [ -47.7732628, -20.1980086 ], [ -47.7721798, -20.1980828 ], [ -47.769718, -20.1985661 ], [ -47.7694407, -20.1979808 ], [ -47.7693641, -20.1970222 ], [ -47.769803, -20.194733 ], [ -47.7698525, -20.1941413 ], [ -47.7697707, -20.1937671 ], [ -47.7692416, -20.1932071 ], [ -47.7682981, -20.1926648 ], [ -47.7678944, -20.1920589 ], [ -47.7679767, -20.1909072 ], [ -47.7677725, -20.19041 ], [ -47.7671764, -20.1895383 ], [ -47.7669845, -20.1887564 ], [ -47.7673355, -20.1879757 ], [ -47.7677767, -20.1873885 ], [ -47.7678054, -20.1873503 ], [ -47.7678267, -20.187322 ], [ -47.7685599, -20.1863463 ], [ -47.7696945, -20.1843046 ], [ -47.7697249, -20.1827042 ], [ -47.769886, -20.1813044 ], [ -47.7698865, -20.1798999 ], [ -47.770237, -20.1787199 ], [ -47.7726402, -20.1774413 ], [ -47.7741168, -20.175846 ], [ -47.7746091, -20.1754335 ], [ -47.7756783, -20.1747626 ], [ -47.7765744, -20.1744245 ], [ -47.7779459, -20.1743145 ], [ -47.7785545, -20.1741291 ], [ -47.7790333, -20.1737881 ], [ -47.7794676, -20.1731703 ], [ -47.7799527, -20.1727917 ], [ -47.7819852, -20.171803 ], [ -47.7822861, -20.1714593 ], [ -47.7828206, -20.1703433 ], [ -47.7832627, -20.1700117 ], [ -47.7845349, -20.1695061 ], [ -47.7849007, -20.1691188 ], [ -47.7850922, -20.1685887 ], [ -47.7851194, -20.1679989 ], [ -47.7849803, -20.1672135 ], [ -47.7851276, -20.1668311 ], [ -47.7855217, -20.166621 ], [ -47.7850611, -20.1662892 ], [ -47.7849444, -20.166045 ], [ -47.7848607, -20.1653335 ], [ -47.7842445, -20.1647012 ], [ -47.7829076, -20.1640392 ], [ -47.7815246, -20.1635301 ], [ -47.7791645, -20.1633734 ], [ -47.7759636, -20.1629344 ], [ -47.7755353, -20.1628483 ], [ -47.7738826, -20.1620932 ], [ -47.7712298, -20.1614747 ], [ -47.7696858, -20.1613295 ], [ -47.769306, -20.1611542 ], [ -47.7686816, -20.1613301 ], [ -47.7684626, -20.1611803 ], [ -47.7658402, -20.1561503 ], [ -47.7656455, -20.1556327 ], [ -47.7650909, -20.1560736 ], [ -47.7641491, -20.1570088 ], [ -47.7614456, -20.1590797 ], [ -47.7586699, -20.1605599 ], [ -47.7579288, -20.1608529 ], [ -47.7573008, -20.1608065 ], [ -47.7557823, -20.1596622 ], [ -47.753781, -20.1577149 ], [ -47.7506371, -20.155328 ], [ -47.7493605, -20.1551283 ], [ -47.747998, -20.1547546 ], [ -47.7459689, -20.1528585 ], [ -47.7448715, -20.1521993 ], [ -47.7427912, -20.1518245 ], [ -47.741642, -20.1517443 ], [ -47.7405634, -20.1517169 ], [ -47.73847, -20.1519063 ], [ -47.734123, -20.1524673 ], [ -47.7323134, -20.153029 ], [ -47.729863, -20.1541966 ], [ -47.7294912, -20.1545422 ], [ -47.7286448, -20.1561477 ], [ -47.7277024, -20.1571151 ], [ -47.7270974, -20.1571629 ], [ -47.7257123, -20.1568036 ], [ -47.7249183, -20.1569112 ], [ -47.7239306, -20.1566936 ], [ -47.7228653, -20.1562611 ], [ -47.7210605, -20.1553195 ], [ -47.7194031, -20.1547104 ], [ -47.7180177, -20.1539311 ], [ -47.7164439, -20.1534589 ], [ -47.7163262, -20.1532911 ], [ -47.7162761, -20.1527256 ], [ -47.7158702, -20.1512743 ], [ -47.7159676, -20.1506376 ], [ -47.7159263, -20.1502585 ], [ -47.7157246, -20.1500373 ], [ -47.7155519, -20.1493577 ], [ -47.7153174, -20.1491912 ], [ -47.714741, -20.1490286 ], [ -47.7143036, -20.1487415 ], [ -47.7139751, -20.1477696 ], [ -47.7138645, -20.1476146 ], [ -47.7134243, -20.1473742 ], [ -47.7137612, -20.1468044 ], [ -47.713866, -20.146292 ], [ -47.7136209, -20.1453887 ], [ -47.7135009, -20.1451812 ], [ -47.7130741, -20.144846 ], [ -47.7128547, -20.1444695 ], [ -47.7126647, -20.1443873 ], [ -47.7118033, -20.1443621 ], [ -47.7111461, -20.1438298 ], [ -47.7107036, -20.1438366 ], [ -47.7102063, -20.1439933 ], [ -47.7098861, -20.1439334 ], [ -47.7097113, -20.1438058 ], [ -47.7091982, -20.1430467 ], [ -47.7087742, -20.1427124 ], [ -47.7077833, -20.1421701 ], [ -47.7055793, -20.1419722 ], [ -47.7053677, -20.1419979 ], [ -47.7049605, -20.1422235 ], [ -47.703976, -20.1421669 ], [ -47.7032089, -20.1423419 ], [ -47.7028925, -20.1423091 ], [ -47.7020234, -20.1418817 ], [ -47.7011301, -20.1418418 ], [ -47.7001577, -20.1416013 ], [ -47.6992738, -20.1416607 ], [ -47.698859, -20.1418842 ], [ -47.6980643, -20.1427946 ], [ -47.6970687, -20.1426072 ], [ -47.6950639, -20.1433576 ], [ -47.6947426, -20.1431834 ], [ -47.6945979, -20.1428546 ], [ -47.6941459, -20.1428133 ], [ -47.6938728, -20.1426561 ], [ -47.6938227, -20.1423306 ], [ -47.6936044, -20.1420936 ], [ -47.6929315, -20.1420489 ], [ -47.6924618, -20.1419 ], [ -47.6921311, -20.1416509 ], [ -47.6920334, -20.1412725 ], [ -47.6903972, -20.1403106 ], [ -47.6875484, -20.1401056 ], [ -47.6868863, -20.1399337 ], [ -47.6865759, -20.1395126 ], [ -47.6863202, -20.139374 ], [ -47.6861492, -20.1389148 ], [ -47.6857948, -20.1388509 ], [ -47.6856463, -20.138379 ], [ -47.6852625, -20.1383554 ], [ -47.6847001, -20.1381555 ], [ -47.6846592, -20.1376056 ], [ -47.6848193, -20.1374324 ], [ -47.6847661, -20.1367589 ], [ -47.6841083, -20.1364792 ], [ -47.6839124, -20.1364731 ], [ -47.6836593, -20.1366007 ], [ -47.6834533, -20.1365349 ], [ -47.6827121, -20.1358342 ], [ -47.682518, -20.1350235 ], [ -47.6821781, -20.1348351 ], [ -47.6816041, -20.1347814 ], [ -47.6814287, -20.1346924 ], [ -47.681222, -20.134266 ], [ -47.6810715, -20.1341528 ], [ -47.6809323, -20.1341388 ], [ -47.6806557, -20.1343052 ], [ -47.6802062, -20.1338711 ], [ -47.6797926, -20.1336594 ], [ -47.6796653, -20.1332583 ], [ -47.6792877, -20.1333177 ], [ -47.6790704, -20.133105 ], [ -47.6787342, -20.1330867 ], [ -47.6783145, -20.1335275 ], [ -47.6779893, -20.1335932 ], [ -47.6778035, -20.1333349 ], [ -47.6776733, -20.13253 ], [ -47.67713, -20.1322373 ], [ -47.6766945, -20.1315043 ], [ -47.6762962, -20.1311988 ], [ -47.6759864, -20.1302904 ], [ -47.6757273, -20.1300231 ], [ -47.6757037, -20.1296141 ], [ -47.6753525, -20.1292087 ], [ -47.6753196, -20.1286968 ], [ -47.6751814, -20.1283502 ], [ -47.6755787, -20.1280398 ], [ -47.6755843, -20.1278764 ], [ -47.6752234, -20.127333 ], [ -47.6749483, -20.1261589 ], [ -47.6746014, -20.1259325 ], [ -47.6742074, -20.1254509 ], [ -47.6739498, -20.125337 ], [ -47.6736922, -20.1252231 ], [ -47.6732332, -20.1243849 ], [ -47.6725137, -20.1240248 ], [ -47.6715542, -20.1241325 ], [ -47.6712423, -20.1239883 ], [ -47.6712471, -20.1237736 ], [ -47.6714566, -20.1235159 ], [ -47.671384, -20.1232517 ], [ -47.671099, -20.1228216 ], [ -47.670805, -20.1226133 ], [ -47.670462, -20.1221956 ], [ -47.6693949, -20.1216522 ], [ -47.6687318, -20.1215772 ], [ -47.6681765, -20.1213686 ], [ -47.66803, -20.1217967 ], [ -47.6678747, -20.1219233 ], [ -47.6669749, -20.1220215 ], [ -47.6667989, -20.1222103 ], [ -47.6667378, -20.1225138 ], [ -47.6668796, -20.1231006 ], [ -47.6674929, -20.1240522 ], [ -47.6674393, -20.1247381 ], [ -47.6675586, -20.1248655 ], [ -47.6678861, -20.1249779 ], [ -47.6679862, -20.1251541 ], [ -47.6678912, -20.1261783 ], [ -47.6679584, -20.1267427 ], [ -47.6671853, -20.1279432 ], [ -47.6669008, -20.1291099 ], [ -47.6666046, -20.1295003 ], [ -47.6657257, -20.1298402 ], [ -47.6650738, -20.1303869 ], [ -47.6649146, -20.1306779 ], [ -47.6648514, -20.1312951 ], [ -47.6647487, -20.1315135 ], [ -47.6644906, -20.1317443 ], [ -47.6636419, -20.1320205 ], [ -47.663433, -20.1322171 ] ] ] ] } },
{ "type": "Feature", "properties": { "CD_MUN": "3549508", "NM_MUN": "São José da Bela Vista", "CD_RGI": "350033", "NM_RGI": "Franca", "CD_RGINT": "3508", "NM_RGINT": "Ribeirão Preto", "CD_UF": "35", "NM_UF": "São Paulo", "SIGLA_UF": "SP", "CD_REGIA": "3", "NM_REGIA": "Sudeste", "SIGLA_RG": "SE", "CD_CONCU": null, "NM_CONCU": null, "AREA_KM2": 276.952 }, "geometry": { "type": "MultiPolygon", "coordinates": [ [ [ [ -47.7174578, -20.618484 ], [ -47.717706, -20.6181936 ], [ -47.7181222, -20.6179254 ], [ -47.719529, -20.6172902 ], [ -47.7199864, -20.6169993 ], [ -47.7202528, -20.616687 ], [ -47.7202908, -20.6164384 ], [ -47.7200502, -20.6156834 ], [ -47.720014, -20.6144161 ], [ -47.7201728, -20.613707 ], [ -47.7205105, -20.612874 ], [ -47.721026, -20.6120825 ], [ -47.7216987, -20.6114819 ], [ -47.7227265, -20.6108636 ], [ -47.7235808, -20.6105159 ], [ -47.7243876, -20.610554 ], [ -47.7250819, -20.6108776 ], [ -47.7255574, -20.6109632 ], [ -47.7263204, -20.6109691 ], [ -47.7269335, -20.6108627 ], [ -47.727646, -20.6104622 ], [ -47.7279012, -20.6101864 ], [ -47.7279749, -20.6098186 ], [ -47.7276223, -20.6085398 ], [ -47.7276733, -20.6076012 ], [ -47.7277908, -20.607217 ], [ -47.7280554, -20.6069001 ], [ -47.7285176, -20.606585 ], [ -47.7295622, -20.6062568 ], [ -47.7323871, -20.6059397 ], [ -47.733309, -20.606168 ], [ -47.7341894, -20.6067051 ], [ -47.7348434, -20.6067926 ], [ -47.7384097, -20.6056515 ], [ -47.7390442, -20.6052553 ], [ -47.7404304, -20.6038756 ], [ -47.7405662, -20.6034911 ], [ -47.7405658, -20.6027745 ], [ -47.7415259, -20.6014144 ], [ -47.7416952, -20.6008199 ], [ -47.7418302, -20.5994921 ], [ -47.7421468, -20.5986538 ], [ -47.7428431, -20.5973337 ], [ -47.7430274, -20.5954835 ], [ -47.7420303, -20.5952642 ], [ -47.7410702, -20.5952206 ], [ -47.7403669, -20.5949552 ], [ -47.7398674, -20.5951746 ], [ -47.7392903, -20.5950136 ], [ -47.7391166, -20.5942385 ], [ -47.7389319, -20.5938964 ], [ -47.7380843, -20.5936861 ], [ -47.7376904, -20.5926855 ], [ -47.7369945, -20.5920526 ], [ -47.7366989, -20.5912785 ], [ -47.7358068, -20.5899992 ], [ -47.7347474, -20.5888883 ], [ -47.7321367, -20.5869392 ], [ -47.7294346, -20.5854886 ], [ -47.7288692, -20.584926 ], [ -47.7285829, -20.5843725 ], [ -47.7280779, -20.5839992 ], [ -47.7277053, -20.5831387 ], [ -47.7269509, -20.5823877 ], [ -47.7262655, -20.5819448 ], [ -47.7258939, -20.5815978 ], [ -47.7257506, -20.5807627 ], [ -47.725009, -20.579933 ], [ -47.7248813, -20.5784853 ], [ -47.7246318, -20.577712 ], [ -47.7243073, -20.5771994 ], [ -47.7242796, -20.5760035 ], [ -47.7241166, -20.5753448 ], [ -47.7235681, -20.5743009 ], [ -47.7231369, -20.5737458 ], [ -47.7216037, -20.5723282 ], [ -47.717909, -20.5675229 ], [ -47.7175806, -20.5668492 ], [ -47.7173094, -20.5666039 ], [ -47.7154416, -20.5637796 ], [ -47.71405, -20.5616748 ], [ -47.7128757, -20.5595158 ], [ -47.7125432, -20.5591981 ], [ -47.7119373, -20.5588795 ], [ -47.7106217, -20.5589668 ], [ -47.7096697, -20.5592462 ], [ -47.707494, -20.5594787 ], [ -47.7031792, -20.5595205 ], [ -47.7022569, -20.5593558 ], [ -47.6992918, -20.5583431 ], [ -47.6945725, -20.5571598 ], [ -47.6928348, -20.5565457 ], [ -47.6920042, -20.5557882 ], [ -47.6915576, -20.554864 ], [ -47.69134, -20.5536 ], [ -47.6913465, -20.5526049 ], [ -47.6918563, -20.5500141 ], [ -47.6921188, -20.5460648 ], [ -47.6925753, -20.5446958 ], [ -47.6924622, -20.5438546 ], [ -47.6920411, -20.543174 ], [ -47.6906831, -20.542152 ], [ -47.6884744, -20.5417942 ], [ -47.6867735, -20.5416633 ], [ -47.6843087, -20.5410219 ], [ -47.6834648, -20.5405903 ], [ -47.6830969, -20.540274 ], [ -47.6817637, -20.5394416 ], [ -47.6792129, -20.538004 ], [ -47.6755236, -20.5337379 ], [ -47.673063, -20.5312102 ], [ -47.6716933, -20.5302209 ], [ -47.6714344, -20.5301702 ], [ -47.6708855, -20.5297043 ], [ -47.6689384, -20.5285232 ], [ -47.6646166, -20.5267119 ], [ -47.657491, -20.5251131 ], [ -47.6545193, -20.5238613 ], [ -47.6514664, -20.5218837 ], [ -47.6472535, -20.5186087 ], [ -47.6466016, -20.5177839 ], [ -47.6456006, -20.5162613 ], [ -47.6447797, -20.515255 ], [ -47.6444942, -20.5147133 ], [ -47.644234, -20.5140007 ], [ -47.6435506, -20.5107644 ], [ -47.6427455, -20.5083813 ], [ -47.6415633, -20.5056312 ], [ -47.6409449, -20.5046701 ], [ -47.6403581, -20.5040139 ], [ -47.6396995, -20.5030522 ], [ -47.6394119, -20.5023054 ], [ -47.6392982, -20.5016926 ], [ -47.6391809, -20.5004027 ], [ -47.6392227, -20.4997866 ], [ -47.6403634, -20.4946451 ], [ -47.6418722, -20.4929829 ], [ -47.6423278, -20.4921274 ], [ -47.6425219, -20.4912391 ], [ -47.6425343, -20.4904519 ], [ -47.6421184, -20.4889579 ], [ -47.6417934, -20.4883976 ], [ -47.6413416, -20.4878633 ], [ -47.6391949, -20.4863053 ], [ -47.6382044, -20.4857621 ], [ -47.6354011, -20.4847726 ], [ -47.6346773, -20.4844127 ], [ -47.6321683, -20.4830131 ], [ -47.6292287, -20.4811249 ], [ -47.6266206, -20.4803572 ], [ -47.6244168, -20.4802273 ], [ -47.6231529, -20.4803116 ], [ -47.6194914, -20.4810508 ], [ -47.6152159, -20.481674 ], [ -47.6122199, -20.4819779 ], [ -47.6090799, -20.4821463 ], [ -47.6069313, -20.4818896 ], [ -47.6060057, -20.4819573 ], [ -47.6047006, -20.4821981 ], [ -47.6036609, -20.4825637 ], [ -47.6028289, -20.4830088 ], [ -47.602282, -20.4835641 ], [ -47.6016675, -20.4847525 ], [ -47.6012036, -20.4860777 ], [ -47.6010714, -20.4874555 ], [ -47.6008605, -20.4882587 ], [ -47.6001224, -20.4891432 ], [ -47.5985335, -20.4902986 ], [ -47.5970175, -20.4917794 ], [ -47.5970252, -20.4919163 ], [ -47.5974724, -20.4923966 ], [ -47.5978473, -20.4930226 ], [ -47.5978403, -20.4931886 ], [ -47.5974479, -20.4939276 ], [ -47.5968352, -20.4963567 ], [ -47.5973751, -20.4977421 ], [ -47.5974417, -20.4997582 ], [ -47.59736, -20.500612 ], [ -47.5974859, -20.5008135 ], [ -47.597541, -20.5011958 ], [ -47.5976773, -20.5031498 ], [ -47.5981157, -20.5042546 ], [ -47.5980198, -20.5047833 ], [ -47.5975573, -20.5056806 ], [ -47.597738, -20.5082484 ], [ -47.5973662, -20.5095716 ], [ -47.5974921, -20.509934 ], [ -47.5978068, -20.5103941 ], [ -47.5979717, -20.5110628 ], [ -47.5979304, -20.5129959 ], [ -47.5982682, -20.514604 ], [ -47.5980434, -20.5163119 ], [ -47.5985681, -20.5171646 ], [ -47.598604, -20.5174086 ], [ -47.5983251, -20.5180906 ], [ -47.598307, -20.5184324 ], [ -47.5986948, -20.5194167 ], [ -47.5988263, -20.5205641 ], [ -47.599571, -20.5214815 ], [ -47.5994978, -20.5219705 ], [ -47.5995876, -20.5225087 ], [ -47.6000507, -20.5231398 ], [ -47.601074, -20.5238651 ], [ -47.601509, -20.5243152 ], [ -47.6021669, -20.5259567 ], [ -47.6027329, -20.5264422 ], [ -47.6032757, -20.5266105 ], [ -47.6033843, -20.5267215 ], [ -47.6035027, -20.5276329 ], [ -47.604298, -20.5288101 ], [ -47.6044874, -20.5294005 ], [ -47.6045124, -20.5298806 ], [ -47.6040132, -20.5305995 ], [ -47.6035564, -20.5309441 ], [ -47.6033746, -20.5309788 ], [ -47.6032932, -20.5309281 ], [ -47.6032753, -20.5303683 ], [ -47.6027869, -20.5301148 ], [ -47.6024819, -20.5297431 ], [ -47.602157, -20.5297564 ], [ -47.6019859, -20.5300171 ], [ -47.6018405, -20.5300055 ], [ -47.6014782, -20.5295607 ], [ -47.600642, -20.5293385 ], [ -47.6002253, -20.529093 ], [ -47.5998313, -20.5291748 ], [ -47.5998244, -20.5297993 ], [ -47.5996561, -20.5298552 ], [ -47.5990157, -20.5297957 ], [ -47.59861, -20.5295821 ], [ -47.5980869, -20.5287601 ], [ -47.5978596, -20.5287095 ], [ -47.5970771, -20.5292489 ], [ -47.5969226, -20.5292262 ], [ -47.5965804, -20.5290113 ], [ -47.5960909, -20.5283029 ], [ -47.5950516, -20.5279591 ], [ -47.5941964, -20.5280562 ], [ -47.5933396, -20.5280085 ], [ -47.5923182, -20.5278119 ], [ -47.5917824, -20.5276142 ], [ -47.5907594, -20.5269976 ], [ -47.5902393, -20.5272032 ], [ -47.5900693, -20.527161 ], [ -47.5899176, -20.5268192 ], [ -47.5899287, -20.5265077 ], [ -47.5903776, -20.52431 ], [ -47.5903653, -20.5236614 ], [ -47.5901533, -20.5230423 ], [ -47.5896564, -20.5227615 ], [ -47.5871401, -20.5230699 ], [ -47.5853814, -20.523158 ], [ -47.5850953, -20.5230244 ], [ -47.5847707, -20.5225036 ], [ -47.584429, -20.5212001 ], [ -47.5841649, -20.5209989 ], [ -47.5839192, -20.5212991 ], [ -47.5836602, -20.5212509 ], [ -47.5834297, -20.520935 ], [ -47.5831755, -20.5202901 ], [ -47.5832286, -20.5199612 ], [ -47.5838101, -20.5200761 ], [ -47.584061, -20.520088 ], [ -47.5841967, -20.5200094 ], [ -47.5842104, -20.5198418 ], [ -47.5840413, -20.5194796 ], [ -47.5835868, -20.5188318 ], [ -47.5829344, -20.51837 ], [ -47.5823878, -20.5181332 ], [ -47.5818514, -20.5180433 ], [ -47.5811675, -20.5180838 ], [ -47.5807893, -20.5187054 ], [ -47.5803467, -20.5188042 ], [ -47.5801844, -20.518738 ], [ -47.5800573, -20.5184043 ], [ -47.5800687, -20.5176055 ], [ -47.5797662, -20.5169247 ], [ -47.5786024, -20.515937 ], [ -47.5783399, -20.5158348 ], [ -47.578035, -20.5159449 ], [ -47.5779992, -20.5161135 ], [ -47.5781199, -20.5165521 ], [ -47.5778798, -20.5166943 ], [ -47.5776273, -20.5165609 ], [ -47.5773632, -20.5161997 ], [ -47.5770525, -20.5160139 ], [ -47.5769833, -20.5158324 ], [ -47.5771749, -20.515266 ], [ -47.5771723, -20.5149171 ], [ -47.5770709, -20.5147956 ], [ -47.5762991, -20.5144363 ], [ -47.5749996, -20.5140343 ], [ -47.5746033, -20.5141015 ], [ -47.5741829, -20.5147018 ], [ -47.5734917, -20.5151914 ], [ -47.5729221, -20.5153898 ], [ -47.5719136, -20.5155045 ], [ -47.5708899, -20.515207 ], [ -47.5700418, -20.5152503 ], [ -47.5693217, -20.5150098 ], [ -47.5684154, -20.5149773 ], [ -47.567989, -20.5145274 ], [ -47.5677814, -20.5144451 ], [ -47.5667531, -20.5145762 ], [ -47.5665499, -20.5145256 ], [ -47.5663617, -20.5143667 ], [ -47.5665873, -20.5138617 ], [ -47.5663559, -20.5135682 ], [ -47.5659916, -20.5135386 ], [ -47.5656012, -20.5138316 ], [ -47.5649394, -20.513872 ], [ -47.5642971, -20.5140415 ], [ -47.5634333, -20.5137508 ], [ -47.562602, -20.5141498 ], [ -47.5613836, -20.5143053 ], [ -47.5607775, -20.5142074 ], [ -47.5598881, -20.5142734 ], [ -47.5583305, -20.5138482 ], [ -47.555746, -20.5138858 ], [ -47.5554202, -20.5136931 ], [ -47.5547628, -20.5135582 ], [ -47.5537855, -20.5125441 ], [ -47.553116, -20.5127225 ], [ -47.5525328, -20.5125823 ], [ -47.5517132, -20.5125861 ], [ -47.5513561, -20.5126808 ], [ -47.5510919, -20.5128724 ], [ -47.5505155, -20.5135729 ], [ -47.5501653, -20.5138009 ], [ -47.5499817, -20.5141303 ], [ -47.5499438, -20.5149398 ], [ -47.5495522, -20.5160831 ], [ -47.5494876, -20.5166839 ], [ -47.5492767, -20.5170905 ], [ -47.5489275, -20.5173383 ], [ -47.5490908, -20.5177452 ], [ -47.5490613, -20.5179212 ], [ -47.5485717, -20.5185899 ], [ -47.5480711, -20.5187422 ], [ -47.5477587, -20.5192106 ], [ -47.5476254, -20.5204417 ], [ -47.5477404, -20.521584 ], [ -47.5473228, -20.5225232 ], [ -47.5472586, -20.5233668 ], [ -47.5470076, -20.5236289 ], [ -47.5464102, -20.5238486 ], [ -47.5463396, -20.5239521 ], [ -47.5464584, -20.5244123 ], [ -47.5463671, -20.5247343 ], [ -47.5459484, -20.5250172 ], [ -47.5453292, -20.5250923 ], [ -47.5448565, -20.5254487 ], [ -47.5422462, -20.5254078 ], [ -47.5417706, -20.5256518 ], [ -47.5414004, -20.5260785 ], [ -47.5412705, -20.526658 ], [ -47.5409144, -20.5272516 ], [ -47.5408578, -20.5276145 ], [ -47.5412155, -20.5280089 ], [ -47.5419137, -20.5284716 ], [ -47.5420907, -20.5287344 ], [ -47.542157, -20.5292807 ], [ -47.5430938, -20.5299113 ], [ -47.5432319, -20.5312343 ], [ -47.5432966, -20.5313841 ], [ -47.5437631, -20.531769 ], [ -47.5440004, -20.5322165 ], [ -47.543993, -20.5328257 ], [ -47.5442517, -20.5334951 ], [ -47.5443218, -20.5345422 ], [ -47.5455939, -20.5368286 ], [ -47.5471605, -20.5387087 ], [ -47.54752, -20.5396956 ], [ -47.5484012, -20.5407853 ], [ -47.549205, -20.5436872 ], [ -47.5491329, -20.5444657 ], [ -47.5488239, -20.5454898 ], [ -47.5483691, -20.5462173 ], [ -47.5479994, -20.5474522 ], [ -47.5471897, -20.5483103 ], [ -47.5470527, -20.5496024 ], [ -47.5468998, -20.55011 ], [ -47.5461407, -20.5517494 ], [ -47.5457112, -20.5524203 ], [ -47.5458017, -20.5529378 ], [ -47.5466434, -20.5539623 ], [ -47.5482203, -20.5549853 ], [ -47.5490203, -20.5559058 ], [ -47.5495469, -20.5568017 ], [ -47.549684, -20.5575574 ], [ -47.5496676, -20.5581507 ], [ -47.5496529, -20.5586808 ], [ -47.5495554, -20.5589451 ], [ -47.5492125, -20.5592012 ], [ -47.5470552, -20.5608112 ], [ -47.5466968, -20.5608195 ], [ -47.5442587, -20.5587344 ], [ -47.5434922, -20.5579743 ], [ -47.5430409, -20.5577283 ], [ -47.5405565, -20.557309 ], [ -47.5400369, -20.5573643 ], [ -47.536142, -20.55848 ], [ -47.5343334, -20.5588075 ], [ -47.5328763, -20.5589251 ], [ -47.5318214, -20.5592913 ], [ -47.5304239, -20.5605859 ], [ -47.5289115, -20.562306 ], [ -47.5286749, -20.5627242 ], [ -47.528682, -20.5631029 ], [ -47.5288115, -20.5634663 ], [ -47.5291392, -20.5639325 ], [ -47.5294949, -20.564352 ], [ -47.5316273, -20.5662884 ], [ -47.5323012, -20.5672609 ], [ -47.5349951, -20.5727194 ], [ -47.5357668, -20.5740811 ], [ -47.5360605, -20.5753981 ], [ -47.5363151, -20.5774131 ], [ -47.5365566, -20.5783542 ], [ -47.5372822, -20.5805584 ], [ -47.5376564, -20.5812204 ], [ -47.5379402, -20.5815249 ], [ -47.5383389, -20.5817212 ], [ -47.5397087, -20.5815168 ], [ -47.5413941, -20.5810904 ], [ -47.5433787, -20.5808755 ], [ -47.5455959, -20.5807654 ], [ -47.5458625, -20.5809317 ], [ -47.5465187, -20.5818038 ], [ -47.5475367, -20.5827476 ], [ -47.5500338, -20.5836718 ], [ -47.5509619, -20.5841071 ], [ -47.5526039, -20.5853932 ], [ -47.5528223, -20.5856764 ], [ -47.55296, -20.5859844 ], [ -47.553111, -20.5868413 ], [ -47.5532217, -20.5903846 ], [ -47.5531197, -20.5917328 ], [ -47.553785, -20.5965533 ], [ -47.5564924, -20.6037373 ], [ -47.5572324, -20.605266 ], [ -47.5590754, -20.6098937 ], [ -47.5594346, -20.6112546 ], [ -47.5599406, -20.6123925 ], [ -47.561171, -20.6160213 ], [ -47.5622234, -20.6175661 ], [ -47.5625539, -20.6186759 ], [ -47.5633182, -20.6237258 ], [ -47.5637513, -20.6245878 ], [ -47.56514, -20.6259688 ], [ -47.5657043, -20.6264095 ], [ -47.5663756, -20.6267481 ], [ -47.5681432, -20.6272505 ], [ -47.5695015, -20.6283751 ], [ -47.5706732, -20.6296464 ], [ -47.5730991, -20.631776 ], [ -47.5739712, -20.6328421 ], [ -47.5746841, -20.6341765 ], [ -47.5749377, -20.6350399 ], [ -47.5749733, -20.6357451 ], [ -47.5748115, -20.6373042 ], [ -47.574395, -20.6394841 ], [ -47.5741638, -20.6402315 ], [ -47.5718753, -20.6443764 ], [ -47.5711179, -20.6462353 ], [ -47.5706622, -20.6479776 ], [ -47.5704748, -20.6490485 ], [ -47.5703961, -20.6511411 ], [ -47.5704402, -20.6519374 ], [ -47.5708703, -20.6529872 ], [ -47.5712263, -20.6536998 ], [ -47.5719787, -20.6548262 ], [ -47.5724774, -20.6552986 ], [ -47.5740126, -20.6562428 ], [ -47.5758251, -20.6568053 ], [ -47.5765958, -20.6571575 ], [ -47.5789214, -20.657943 ], [ -47.5801062, -20.658679 ], [ -47.5828068, -20.6609132 ], [ -47.5838889, -20.6623089 ], [ -47.5846728, -20.6645368 ], [ -47.5846809, -20.6664411 ], [ -47.5849108, -20.6674125 ], [ -47.5859808, -20.6694846 ], [ -47.5859081, -20.671413 ], [ -47.586342, -20.6732872 ], [ -47.5862095, -20.6742874 ], [ -47.5864277, -20.6750578 ], [ -47.5864717, -20.6757229 ], [ -47.5860854, -20.6772081 ], [ -47.586169, -20.67764 ], [ -47.5858794, -20.6784725 ], [ -47.5863777, -20.6791364 ], [ -47.586754, -20.6799855 ], [ -47.5879156, -20.682961 ], [ -47.588137, -20.684021 ], [ -47.5883837, -20.6845012 ], [ -47.5888875, -20.6851527 ], [ -47.589323, -20.686146 ], [ -47.5897851, -20.6868032 ], [ -47.5901616, -20.6871687 ], [ -47.5913593, -20.6878099 ], [ -47.5932245, -20.6892517 ], [ -47.5956122, -20.6907199 ], [ -47.5972044, -20.692691 ], [ -47.5975141, -20.6929092 ], [ -47.5982113, -20.6930968 ], [ -47.5985383, -20.6929273 ], [ -47.598884, -20.6929526 ], [ -47.6009359, -20.6939796 ], [ -47.6019536, -20.694313 ], [ -47.6027797, -20.6943121 ], [ -47.6033751, -20.6944078 ], [ -47.6041309, -20.6947333 ], [ -47.6070281, -20.6967192 ], [ -47.6124934, -20.7002553 ], [ -47.6136861, -20.7009961 ], [ -47.6146558, -20.7013987 ], [ -47.6154252, -20.7016527 ], [ -47.6159294, -20.701656 ], [ -47.6183719, -20.7008893 ], [ -47.6202528, -20.7005253 ], [ -47.6211091, -20.7001037 ], [ -47.6217715, -20.6992462 ], [ -47.6220661, -20.6984066 ], [ -47.6220541, -20.6976869 ], [ -47.621644, -20.695373 ], [ -47.6213951, -20.6944828 ], [ -47.6208046, -20.693081 ], [ -47.620194, -20.6919293 ], [ -47.6201106, -20.6913059 ], [ -47.6202811, -20.6905399 ], [ -47.6202925, -20.6890336 ], [ -47.6201139, -20.6886413 ], [ -47.619636, -20.688105 ], [ -47.6182544, -20.6870831 ], [ -47.6179518, -20.6866935 ], [ -47.6170527, -20.6847041 ], [ -47.6169236, -20.6842327 ], [ -47.6167708, -20.6825648 ], [ -47.6168072, -20.6818119 ], [ -47.6169728, -20.6813226 ], [ -47.6175786, -20.6808037 ], [ -47.6182403, -20.6807355 ], [ -47.6186998, -20.6808657 ], [ -47.6193823, -20.6812864 ], [ -47.6200323, -20.6818435 ], [ -47.6212494, -20.6823459 ], [ -47.6233367, -20.6828704 ], [ -47.6254844, -20.6831023 ], [ -47.6262478, -20.6833588 ], [ -47.6266504, -20.6837233 ], [ -47.6270552, -20.684354 ], [ -47.6275415, -20.6854472 ], [ -47.6286991, -20.6868887 ], [ -47.629116, -20.6875082 ], [ -47.6292451, -20.6878653 ], [ -47.6291597, -20.6886417 ], [ -47.6287236, -20.6897863 ], [ -47.628624, -20.6903535 ], [ -47.6287014, -20.6913021 ], [ -47.6288675, -20.6916706 ], [ -47.6291169, -20.6918631 ], [ -47.6331152, -20.6924049 ], [ -47.6337141, -20.6923945 ], [ -47.6347918, -20.691892 ], [ -47.6360261, -20.6915265 ], [ -47.636478, -20.6912869 ], [ -47.6367565, -20.6909456 ], [ -47.6371263, -20.6902354 ], [ -47.637228, -20.6897105 ], [ -47.6372055, -20.6891469 ], [ -47.6369494, -20.6878285 ], [ -47.6372475, -20.6865835 ], [ -47.6372241, -20.6859245 ], [ -47.6369965, -20.685579 ], [ -47.6347657, -20.6839821 ], [ -47.6344243, -20.6834661 ], [ -47.6343436, -20.6822962 ], [ -47.6346965, -20.6814137 ], [ -47.6350591, -20.6809901 ], [ -47.6368732, -20.6798727 ], [ -47.6370781, -20.6795907 ], [ -47.6371464, -20.6793127 ], [ -47.6367246, -20.6777095 ], [ -47.6368696, -20.6754133 ], [ -47.6380568, -20.6736003 ], [ -47.6383876, -20.6728779 ], [ -47.6385599, -20.6721111 ], [ -47.6388207, -20.6714796 ], [ -47.6391568, -20.6709975 ], [ -47.6396469, -20.6707853 ], [ -47.6410578, -20.6706231 ], [ -47.6428244, -20.670295 ], [ -47.6471318, -20.6689201 ], [ -47.6503308, -20.6687901 ], [ -47.6518701, -20.6681748 ], [ -47.6536083, -20.6676739 ], [ -47.6539907, -20.6677382 ], [ -47.6542401, -20.6679541 ], [ -47.6539442, -20.6693369 ], [ -47.6539527, -20.6697768 ], [ -47.6540458, -20.6702621 ], [ -47.6545099, -20.6706963 ], [ -47.6588207, -20.6708954 ], [ -47.6609755, -20.6709077 ], [ -47.6615632, -20.6707944 ], [ -47.6618558, -20.6706181 ], [ -47.6622168, -20.6701826 ], [ -47.6621799, -20.670032 ], [ -47.6605724, -20.6681805 ], [ -47.6593458, -20.6671916 ], [ -47.6589254, -20.6670009 ], [ -47.6583809, -20.6669531 ], [ -47.6568196, -20.6655168 ], [ -47.655071, -20.6632734 ], [ -47.6549284, -20.66294 ], [ -47.6550218, -20.6626351 ], [ -47.6552994, -20.6623333 ], [ -47.6559818, -20.661906 ], [ -47.6577504, -20.6610429 ], [ -47.6583121, -20.6606534 ], [ -47.6592937, -20.6591069 ], [ -47.6602106, -20.6588366 ], [ -47.6609866, -20.6581906 ], [ -47.6618054, -20.6578304 ], [ -47.6619506, -20.6576658 ], [ -47.6621731, -20.6570032 ], [ -47.6628143, -20.6562507 ], [ -47.6630973, -20.6557504 ], [ -47.6637587, -20.6541409 ], [ -47.6640855, -20.6539029 ], [ -47.6646006, -20.653732 ], [ -47.6659393, -20.6536424 ], [ -47.6678064, -20.6533825 ], [ -47.6688947, -20.6530068 ], [ -47.669444, -20.6526385 ], [ -47.6701197, -20.6519555 ], [ -47.6706125, -20.6511428 ], [ -47.6708587, -20.650463 ], [ -47.6708693, -20.6500004 ], [ -47.6707322, -20.6495099 ], [ -47.6703025, -20.6488963 ], [ -47.6698627, -20.6486654 ], [ -47.6693156, -20.6486346 ], [ -47.6676323, -20.6488861 ], [ -47.6655068, -20.6487095 ], [ -47.6650049, -20.6487694 ], [ -47.6642278, -20.6490297 ], [ -47.6613529, -20.6502903 ], [ -47.6605101, -20.6504205 ], [ -47.6582185, -20.6501955 ], [ -47.656278, -20.6507881 ], [ -47.6551033, -20.6509546 ], [ -47.6542855, -20.6509445 ], [ -47.652947, -20.6506869 ], [ -47.6523325, -20.6503839 ], [ -47.6520921, -20.6499993 ], [ -47.652053, -20.6495331 ], [ -47.6521779, -20.6489326 ], [ -47.6527699, -20.6475607 ], [ -47.6538681, -20.646602 ], [ -47.6541116, -20.6461739 ], [ -47.6543504, -20.6439242 ], [ -47.6545412, -20.6432614 ], [ -47.6548586, -20.6428342 ], [ -47.656508, -20.6416907 ], [ -47.658474, -20.6412896 ], [ -47.6600651, -20.6403912 ], [ -47.6604514, -20.6402695 ], [ -47.6616249, -20.6402216 ], [ -47.6622246, -20.6400933 ], [ -47.6638295, -20.6389777 ], [ -47.6698326, -20.6378086 ], [ -47.6702449, -20.637848 ], [ -47.6712175, -20.6381981 ], [ -47.6717462, -20.6385312 ], [ -47.6721288, -20.638983 ], [ -47.6724855, -20.6396649 ], [ -47.6733381, -20.6423519 ], [ -47.6735992, -20.6427004 ], [ -47.6742057, -20.6432872 ], [ -47.6746571, -20.6435185 ], [ -47.6777815, -20.6434813 ], [ -47.6789892, -20.6432556 ], [ -47.680048, -20.6432663 ], [ -47.6804672, -20.6429067 ], [ -47.6810196, -20.6421823 ], [ -47.6817505, -20.6417864 ], [ -47.6826438, -20.6415006 ], [ -47.6828077, -20.6413708 ], [ -47.6830241, -20.6410838 ], [ -47.6835615, -20.6394481 ], [ -47.6838954, -20.6389684 ], [ -47.6877059, -20.6368989 ], [ -47.6884262, -20.6361527 ], [ -47.6887418, -20.6356274 ], [ -47.6890317, -20.6345392 ], [ -47.6889879, -20.6338121 ], [ -47.6888109, -20.633517 ], [ -47.68846, -20.6332273 ], [ -47.6876555, -20.6329679 ], [ -47.6844429, -20.632219 ], [ -47.6839097, -20.6319954 ], [ -47.6831708, -20.6312196 ], [ -47.6830443, -20.6307268 ], [ -47.6830483, -20.6301893 ], [ -47.6833099, -20.6296701 ], [ -47.6837928, -20.6292067 ], [ -47.684489, -20.6288822 ], [ -47.6855069, -20.6287619 ], [ -47.6913239, -20.6288736 ], [ -47.6914997, -20.6288252 ], [ -47.6919193, -20.6284763 ], [ -47.6921658, -20.6284151 ], [ -47.6932027, -20.6283467 ], [ -47.6943006, -20.6281042 ], [ -47.6962064, -20.6280628 ], [ -47.6968193, -20.6279377 ], [ -47.6992438, -20.6269377 ], [ -47.7018555, -20.6267753 ], [ -47.7061914, -20.625708 ], [ -47.7080987, -20.6254669 ], [ -47.7087664, -20.6256188 ], [ -47.7090187, -20.6258581 ], [ -47.7097525, -20.6271093 ], [ -47.710158, -20.627427 ], [ -47.7105791, -20.6275538 ], [ -47.7121304, -20.6275156 ], [ -47.7130763, -20.627209 ], [ -47.7137535, -20.626784 ], [ -47.7141376, -20.6263645 ], [ -47.716078, -20.6219849 ], [ -47.7174578, -20.618484 ] ] ] ] } },
{ "type": "Feature", "properties": { "CD_MUN": "3503000", "NM_MUN": "Aramina", "CD_RGI": "350035", "NM_RGI": "Ituverava", "CD_RGINT": "3508", "NM_RGINT": "Ribeirão Preto", "CD_UF": "35", "NM_UF": "São Paulo", "SIGLA_UF": "SP", "CD_REGIA": "3", "NM_REGIA": "Sudeste", "SIGLA_RG": "SE", "CD_CONCU": null, "NM_CONCU": null, "AREA_KM2": 202.829 }, "geometry": { "type": "MultiPolygon", "coordinates": [ [ [ [ -47.7886757, -20.0683162 ], [ -47.7885466, -20.0683113 ], [ -47.7882632, -20.0683005 ], [ -47.7867674, -20.0682401 ], [ -47.7846979, -20.0690453 ], [ -47.7841469, -20.0694558 ], [ -47.783277, -20.0707194 ], [ -47.7828475, -20.0720954 ], [ -47.7816464, -20.0739939 ], [ -47.7806141, -20.075178 ], [ -47.7795452, -20.0753051 ], [ -47.7783545, -20.0757058 ], [ -47.7775974, -20.0758582 ], [ -47.7753899, -20.0761333 ], [ -47.775005, -20.0766962 ], [ -47.7736162, -20.0780853 ], [ -47.7732387, -20.0790405 ], [ -47.7725887, -20.0801373 ], [ -47.7721284, -20.0812739 ], [ -47.7711745, -20.0824786 ], [ -47.7702994, -20.0833633 ], [ -47.7697331, -20.0846635 ], [ -47.7691308, -20.0853752 ], [ -47.768797, -20.0862636 ], [ -47.7687567, -20.0867486 ], [ -47.7686662, -20.0878704 ], [ -47.7683785, -20.088924 ], [ -47.7682726, -20.0900749 ], [ -47.7678293, -20.0910682 ], [ -47.7677354, -20.0928804 ], [ -47.7674621, -20.0938833 ], [ -47.7670602, -20.0947037 ], [ -47.7654173, -20.0960289 ], [ -47.7647105, -20.0972719 ], [ -47.7634828, -20.0989822 ], [ -47.7615651, -20.100599 ], [ -47.7596519, -20.1018121 ], [ -47.759001, -20.1028512 ], [ -47.756284, -20.1043273 ], [ -47.7548135, -20.1054265 ], [ -47.7542879, -20.1059619 ], [ -47.7540754, -20.1070208 ], [ -47.7534484, -20.1077469 ], [ -47.7529373, -20.1090956 ], [ -47.752457, -20.1094276 ], [ -47.7518463, -20.1096506 ], [ -47.7512156, -20.1102039 ], [ -47.7508806, -20.1110463 ], [ -47.7506967, -20.1124677 ], [ -47.7487677, -20.1139733 ], [ -47.7484917, -20.1152305 ], [ -47.7481743, -20.1158217 ], [ -47.7480062, -20.1164156 ], [ -47.7479866, -20.1174094 ], [ -47.7482058, -20.118033 ], [ -47.7481181, -20.1184786 ], [ -47.7484238, -20.1189732 ], [ -47.7482948, -20.1192087 ], [ -47.7480871, -20.1193039 ], [ -47.747251, -20.1192249 ], [ -47.7469178, -20.1192995 ], [ -47.7466166, -20.1197735 ], [ -47.7460719, -20.1200411 ], [ -47.7459098, -20.1205794 ], [ -47.7457709, -20.1207508 ], [ -47.745318, -20.1209964 ], [ -47.7443548, -20.1211036 ], [ -47.7435116, -20.1214416 ], [ -47.7429853, -20.1215111 ], [ -47.7419945, -20.1211821 ], [ -47.7417446, -20.1211868 ], [ -47.7412839, -20.1212919 ], [ -47.7401484, -20.1218785 ], [ -47.7384571, -20.1219338 ], [ -47.7379496, -20.1220607 ], [ -47.7391445, -20.1233392 ], [ -47.7393907, -20.1238119 ], [ -47.7398682, -20.1254662 ], [ -47.7399423, -20.1263662 ], [ -47.7398096, -20.1272679 ], [ -47.739024, -20.1283668 ], [ -47.7379951, -20.1290875 ], [ -47.7368394, -20.1295556 ], [ -47.7383423, -20.1302642 ], [ -47.740007, -20.1315963 ], [ -47.7404372, -20.1318228 ], [ -47.7409205, -20.1318713 ], [ -47.7415244, -20.1318 ], [ -47.7430329, -20.1312455 ], [ -47.7436297, -20.131209 ], [ -47.7442975, -20.131452 ], [ -47.7466345, -20.1329427 ], [ -47.7472107, -20.133159 ], [ -47.7485456, -20.1334507 ], [ -47.7491267, -20.133759 ], [ -47.7486052, -20.1420976 ], [ -47.7486708, -20.1424911 ], [ -47.749823, -20.1435991 ], [ -47.7501332, -20.1442682 ], [ -47.7501477, -20.1450564 ], [ -47.7496826, -20.1457953 ], [ -47.7486859, -20.1467133 ], [ -47.7473239, -20.1472406 ], [ -47.7450027, -20.1474823 ], [ -47.7440564, -20.1478328 ], [ -47.7431702, -20.1483545 ], [ -47.7423503, -20.1493263 ], [ -47.7418892, -20.1500635 ], [ -47.741642, -20.1517443 ], [ -47.7427912, -20.1518245 ], [ -47.7448715, -20.1521993 ], [ -47.7459689, -20.1528585 ], [ -47.747998, -20.1547546 ], [ -47.7493605, -20.1551283 ], [ -47.7506371, -20.155328 ], [ -47.753781, -20.1577149 ], [ -47.7557823, -20.1596622 ], [ -47.7573008, -20.1608065 ], [ -47.7579288, -20.1608529 ], [ -47.7586699, -20.1605599 ], [ -47.7614456, -20.1590797 ], [ -47.7641491, -20.1570088 ], [ -47.7650909, -20.1560736 ], [ -47.7656455, -20.1556327 ], [ -47.7658402, -20.1561503 ], [ -47.7684626, -20.1611803 ], [ -47.7686816, -20.1613301 ], [ -47.769306, -20.1611542 ], [ -47.7696858, -20.1613295 ], [ -47.7712298, -20.1614747 ], [ -47.7738826, -20.1620932 ], [ -47.7755353, -20.1628483 ], [ -47.7759636, -20.1629344 ], [ -47.7791645, -20.1633734 ], [ -47.7815246, -20.1635301 ], [ -47.7829076, -20.1640392 ], [ -47.7842445, -20.1647012 ], [ -47.7848607, -20.1653335 ], [ -47.7849444, -20.166045 ], [ -47.7850611, -20.1662892 ], [ -47.7855217, -20.166621 ], [ -47.7851276, -20.1668311 ], [ -47.7849803, -20.1672135 ], [ -47.7851194, -20.1679989 ], [ -47.7850922, -20.1685887 ], [ -47.7849007, -20.1691188 ], [ -47.7845349, -20.1695061 ], [ -47.7832627, -20.1700117 ], [ -47.7828206, -20.1703433 ], [ -47.7822861, -20.1714593 ], [ -47.7819852, -20.171803 ], [ -47.7799527, -20.1727917 ], [ -47.7794676, -20.1731703 ], [ -47.7790333, -20.1737881 ], [ -47.7785545, -20.1741291 ], [ -47.7779459, -20.1743145 ], [ -47.7765744, -20.1744245 ], [ -47.7756783, -20.1747626 ], [ -47.7746091, -20.1754335 ], [ -47.7741168, -20.175846 ], [ -47.7726402, -20.1774413 ], [ -47.770237, -20.1787199 ], [ -47.7698865, -20.1798999 ], [ -47.769886, -20.1813044 ], [ -47.7697249, -20.1827042 ], [ -47.7696945, -20.1843046 ], [ -47.7685599, -20.1863463 ], [ -47.7678267, -20.187322 ], [ -47.7678054, -20.1873503 ], [ -47.7677767, -20.1873885 ], [ -47.7673355, -20.1879757 ], [ -47.7669845, -20.1887564 ], [ -47.7671764, -20.1895383 ], [ -47.7677725, -20.19041 ], [ -47.7679767, -20.1909072 ], [ -47.7678944, -20.1920589 ], [ -47.7682981, -20.1926648 ], [ -47.7692416, -20.1932071 ], [ -47.7697707, -20.1937671 ], [ -47.7698525, -20.1941413 ], [ -47.769803, -20.194733 ], [ -47.7693641, -20.1970222 ], [ -47.7694407, -20.1979808 ], [ -47.769718, -20.1985661 ], [ -47.7721798, -20.1980828 ], [ -47.7732628, -20.1980086 ], [ -47.774586, -20.1982009 ], [ -47.7756438, -20.1984927 ], [ -47.7770927, -20.1991111 ], [ -47.780327, -20.1988492 ], [ -47.7807746, -20.1988847 ], [ -47.7835421, -20.1996449 ], [ -47.7843919, -20.1996568 ], [ -47.7852571, -20.1995443 ], [ -47.7858924, -20.1992672 ], [ -47.7866665, -20.1991847 ], [ -47.7877145, -20.1992675 ], [ -47.788358, -20.1994825 ], [ -47.7899099, -20.1997269 ], [ -47.7917583, -20.1993296 ], [ -47.7940243, -20.1990963 ], [ -47.794382, -20.1992024 ], [ -47.7945358, -20.1994533 ], [ -47.7943253, -20.2010142 ], [ -47.7940577, -20.202976 ], [ -47.7933799, -20.2065113 ], [ -47.7934643, -20.2079756 ], [ -47.794206, -20.211185 ], [ -47.7947566, -20.215179 ], [ -47.7947698, -20.2158836 ], [ -47.7946336, -20.2165622 ], [ -47.7944319, -20.2169868 ], [ -47.7937868, -20.2176745 ], [ -47.7924559, -20.2183462 ], [ -47.7915653, -20.2185855 ], [ -47.7906481, -20.218966 ], [ -47.7901187, -20.2193961 ], [ -47.7897994, -20.2199361 ], [ -47.789767, -20.2205069 ], [ -47.7899708, -20.2219051 ], [ -47.7902233, -20.2225399 ], [ -47.7910138, -20.2238734 ], [ -47.7923785, -20.2254816 ], [ -47.7945432, -20.227778 ], [ -47.797578, -20.2305205 ], [ -47.7992697, -20.2316635 ], [ -47.8009017, -20.232336 ], [ -47.8090726, -20.2342615 ], [ -47.8096571, -20.2343027 ], [ -47.8121935, -20.2341462 ], [ -47.8143082, -20.2346493 ], [ -47.8176033, -20.2356947 ], [ -47.8183226, -20.2358387 ], [ -47.8225751, -20.2356855 ], [ -47.825385, -20.2363604 ], [ -47.830123, -20.2365227 ], [ -47.8315723, -20.236612 ], [ -47.8323073, -20.236769 ], [ -47.8339961, -20.2374118 ], [ -47.8347102, -20.2379781 ], [ -47.8355189, -20.2389102 ], [ -47.8361201, -20.2399564 ], [ -47.8362509, -20.2405482 ], [ -47.8362332, -20.241455 ], [ -47.8362819, -20.2416518 ], [ -47.8365253, -20.2419157 ], [ -47.8369262, -20.2416348 ], [ -47.8372738, -20.2415867 ], [ -47.8376561, -20.2416801 ], [ -47.8380575, -20.2419927 ], [ -47.8383713, -20.2420001 ], [ -47.838707, -20.2415289 ], [ -47.8389732, -20.2413835 ], [ -47.8391381, -20.2414279 ], [ -47.8390002, -20.2422747 ], [ -47.8391071, -20.2424305 ], [ -47.8396391, -20.2426118 ], [ -47.8409035, -20.2422181 ], [ -47.8421965, -20.2414422 ], [ -47.8425174, -20.2414156 ], [ -47.8426176, -20.2415963 ], [ -47.842588, -20.2417391 ], [ -47.8423522, -20.2421796 ], [ -47.8417423, -20.2427312 ], [ -47.8409226, -20.2437691 ], [ -47.8408136, -20.2442249 ], [ -47.8409011, -20.2446038 ], [ -47.8415537, -20.244981 ], [ -47.8423741, -20.245935 ], [ -47.8429854, -20.2461218 ], [ -47.8435464, -20.2461055 ], [ -47.845029, -20.2455232 ], [ -47.8453661, -20.2455485 ], [ -47.8454978, -20.2458984 ], [ -47.844795, -20.246936 ], [ -47.844841, -20.2471057 ], [ -47.8454822, -20.2469249 ], [ -47.8459625, -20.2466224 ], [ -47.8463003, -20.2462646 ], [ -47.8465483, -20.2454432 ], [ -47.8468902, -20.2450792 ], [ -47.847, -20.2442395 ], [ -47.8467938, -20.2431081 ], [ -47.8465151, -20.2425282 ], [ -47.8465935, -20.2419248 ], [ -47.8468255, -20.2415058 ], [ -47.8468782, -20.2407054 ], [ -47.8467424, -20.2405811 ], [ -47.8465615, -20.2405766 ], [ -47.845789, -20.2412942 ], [ -47.8453948, -20.2413092 ], [ -47.8451624, -20.2408892 ], [ -47.8453003, -20.2401872 ], [ -47.8456899, -20.239779 ], [ -47.8463459, -20.239417 ], [ -47.8465439, -20.2392297 ], [ -47.846914, -20.2385888 ], [ -47.8470928, -20.2384997 ], [ -47.8474528, -20.238622 ], [ -47.8476822, -20.2397973 ], [ -47.8479094, -20.2402036 ], [ -47.8482827, -20.2401618 ], [ -47.8489466, -20.23972 ], [ -47.8497815, -20.2388525 ], [ -47.8502248, -20.2385406 ], [ -47.8508027, -20.238336 ], [ -47.8514082, -20.2383553 ], [ -47.8519834, -20.2385336 ], [ -47.8527388, -20.2389521 ], [ -47.8534989, -20.2396396 ], [ -47.8538342, -20.2396126 ], [ -47.8539295, -20.239526 ], [ -47.8540224, -20.238897 ], [ -47.8539002, -20.2379637 ], [ -47.8535322, -20.2377521 ], [ -47.8531953, -20.237771 ], [ -47.8522154, -20.2380902 ], [ -47.8519828, -20.238039 ], [ -47.8518917, -20.2379198 ], [ -47.8519419, -20.237426 ], [ -47.8525302, -20.2369096 ], [ -47.8527585, -20.2355173 ], [ -47.8531059, -20.2352794 ], [ -47.8542256, -20.2348877 ], [ -47.8555172, -20.2349444 ], [ -47.8556928, -20.2348624 ], [ -47.85578, -20.2347143 ], [ -47.855284, -20.2337186 ], [ -47.8552921, -20.2329778 ], [ -47.8554931, -20.2325442 ], [ -47.8557784, -20.2322079 ], [ -47.856023, -20.2320752 ], [ -47.85648, -20.2321675 ], [ -47.8565914, -20.2325968 ], [ -47.8568196, -20.2327837 ], [ -47.8571714, -20.2327276 ], [ -47.8575669, -20.2323628 ], [ -47.8584653, -20.2310739 ], [ -47.8595931, -20.2287488 ], [ -47.8598538, -20.2285978 ], [ -47.8603037, -20.2286261 ], [ -47.8610554, -20.2289436 ], [ -47.8612542, -20.2289523 ], [ -47.8617943, -20.2286617 ], [ -47.8619884, -20.2283052 ], [ -47.8620686, -20.2274104 ], [ -47.8617649, -20.2254951 ], [ -47.8614914, -20.2248272 ], [ -47.8608627, -20.223942 ], [ -47.8606961, -20.223867 ], [ -47.8603266, -20.2239359 ], [ -47.8595765, -20.2247228 ], [ -47.8588278, -20.2253506 ], [ -47.8583351, -20.2262615 ], [ -47.8575055, -20.2268037 ], [ -47.857201, -20.2268507 ], [ -47.8570559, -20.2267899 ], [ -47.8567052, -20.2262857 ], [ -47.8562676, -20.2260411 ], [ -47.8549824, -20.2258992 ], [ -47.8545779, -20.2255182 ], [ -47.8545187, -20.2252725 ], [ -47.8545924, -20.2250799 ], [ -47.8551469, -20.224761 ], [ -47.8554651, -20.224755 ], [ -47.8560576, -20.2249088 ], [ -47.8565029, -20.2247606 ], [ -47.8566715, -20.2245668 ], [ -47.85673, -20.2243198 ], [ -47.8566793, -20.2240527 ], [ -47.8565101, -20.2238013 ], [ -47.8562083, -20.2236361 ], [ -47.855165, -20.2233308 ], [ -47.854017, -20.2225975 ], [ -47.8525797, -20.2223792 ], [ -47.8523439, -20.2222154 ], [ -47.8522064, -20.2219858 ], [ -47.8521471, -20.2207948 ], [ -47.8518527, -20.2202702 ], [ -47.8509173, -20.2196107 ], [ -47.8487969, -20.218964 ], [ -47.8478292, -20.2183709 ], [ -47.8476055, -20.2180222 ], [ -47.8474621, -20.2174812 ], [ -47.8475965, -20.2167197 ], [ -47.8477722, -20.2165154 ], [ -47.8480848, -20.2164301 ], [ -47.8482575, -20.2172967 ], [ -47.8484545, -20.2174736 ], [ -47.8489336, -20.2175379 ], [ -47.8492656, -20.2173022 ], [ -47.8497237, -20.2161769 ], [ -47.8500297, -20.2157991 ], [ -47.8504171, -20.2157595 ], [ -47.8509011, -20.2159194 ], [ -47.8512716, -20.2159206 ], [ -47.8519467, -20.2157256 ], [ -47.8530906, -20.2155658 ], [ -47.8534321, -20.2154284 ], [ -47.853793, -20.2151172 ], [ -47.8537615, -20.2146772 ], [ -47.8532974, -20.2142546 ], [ -47.8532207, -20.2140864 ], [ -47.8532352, -20.2132335 ], [ -47.8530324, -20.2127921 ], [ -47.8527904, -20.2125912 ], [ -47.8525664, -20.2126139 ], [ -47.8524591, -20.2128575 ], [ -47.8526364, -20.2134608 ], [ -47.852525, -20.2135901 ], [ -47.8522249, -20.2135517 ], [ -47.8512893, -20.2124355 ], [ -47.8512557, -20.2122679 ], [ -47.8515392, -20.211418 ], [ -47.8514839, -20.2112902 ], [ -47.8511488, -20.211239 ], [ -47.8507685, -20.2113651 ], [ -47.8505588, -20.2112436 ], [ -47.8504824, -20.2104864 ], [ -47.8495384, -20.2106298 ], [ -47.8493563, -20.2104634 ], [ -47.8495472, -20.209872 ], [ -47.8494189, -20.2090203 ], [ -47.8491746, -20.2084174 ], [ -47.8492491, -20.2078408 ], [ -47.8503762, -20.2074007 ], [ -47.8507337, -20.2065409 ], [ -47.8508589, -20.2064247 ], [ -47.851164, -20.206385 ], [ -47.8515544, -20.2064894 ], [ -47.8517097, -20.2064112 ], [ -47.852251, -20.2055523 ], [ -47.8531226, -20.2054253 ], [ -47.8535948, -20.2052268 ], [ -47.8538064, -20.2052521 ], [ -47.854689, -20.2056938 ], [ -47.8555609, -20.2063834 ], [ -47.856869, -20.2068678 ], [ -47.8587141, -20.2081065 ], [ -47.8593373, -20.2082091 ], [ -47.8598534, -20.2081587 ], [ -47.8602611, -20.2080182 ], [ -47.8612518, -20.2074438 ], [ -47.8615141, -20.2072002 ], [ -47.8622297, -20.205806 ], [ -47.8628875, -20.2053432 ], [ -47.8634131, -20.2048336 ], [ -47.8635545, -20.2045246 ], [ -47.8635655, -20.2037354 ], [ -47.8633894, -20.2035125 ], [ -47.8631495, -20.2034529 ], [ -47.8613732, -20.2035315 ], [ -47.8601848, -20.2031205 ], [ -47.8595058, -20.2031742 ], [ -47.8587414, -20.2034255 ], [ -47.8583275, -20.2033833 ], [ -47.8581193, -20.2032717 ], [ -47.8579508, -20.2030293 ], [ -47.8576039, -20.2018931 ], [ -47.8571625, -20.2012122 ], [ -47.8574247, -20.1994398 ], [ -47.8573519, -20.1991486 ], [ -47.8568183, -20.1985724 ], [ -47.8569177, -20.1971433 ], [ -47.8566914, -20.1965185 ], [ -47.8567792, -20.1954792 ], [ -47.8566285, -20.1942734 ], [ -47.8567673, -20.1941028 ], [ -47.8570557, -20.1940481 ], [ -47.8573824, -20.1943598 ], [ -47.8578879, -20.1945564 ], [ -47.8583548, -20.1943442 ], [ -47.8585136, -20.1940808 ], [ -47.8584983, -20.1937143 ], [ -47.8580702, -20.193086 ], [ -47.8580809, -20.1929587 ], [ -47.858305, -20.1927866 ], [ -47.8611603, -20.1929515 ], [ -47.8621149, -20.1927788 ], [ -47.8635032, -20.1922415 ], [ -47.8641441, -20.1917925 ], [ -47.8646949, -20.1912757 ], [ -47.8653093, -20.1905029 ], [ -47.8654783, -20.1904161 ], [ -47.8657497, -20.1905748 ], [ -47.8656947, -20.1908292 ], [ -47.865264, -20.1913368 ], [ -47.865218, -20.1916554 ], [ -47.8660437, -20.1920582 ], [ -47.8662086, -20.1922492 ], [ -47.8664186, -20.1928257 ], [ -47.8667698, -20.1933173 ], [ -47.86698, -20.1934001 ], [ -47.8674158, -20.1932983 ], [ -47.8677455, -20.192852 ], [ -47.8677017, -20.1925051 ], [ -47.8671536, -20.1921012 ], [ -47.8671221, -20.1919041 ], [ -47.867239, -20.1917804 ], [ -47.8674677, -20.1917578 ], [ -47.8678473, -20.1918924 ], [ -47.8681308, -20.192208 ], [ -47.8689665, -20.1927478 ], [ -47.8691444, -20.1926038 ], [ -47.8690421, -20.1920885 ], [ -47.869258, -20.1918325 ], [ -47.8709055, -20.191887 ], [ -47.8710282, -20.1920549 ], [ -47.8708748, -20.1923761 ], [ -47.8709282, -20.1926018 ], [ -47.8710391, -20.1927028 ], [ -47.8712405, -20.1927179 ], [ -47.8714346, -20.1926023 ], [ -47.871552, -20.1923456 ], [ -47.8716, -20.1918292 ], [ -47.8709444, -20.1907498 ], [ -47.8707551, -20.1902549 ], [ -47.8707703, -20.1899181 ], [ -47.8709118, -20.1895075 ], [ -47.8712436, -20.1890784 ], [ -47.8720568, -20.1884842 ], [ -47.8723617, -20.1877654 ], [ -47.8731286, -20.1873496 ], [ -47.8732538, -20.1871596 ], [ -47.8733349, -20.1866786 ], [ -47.8732021, -20.1865013 ], [ -47.8730019, -20.1864305 ], [ -47.8719812, -20.1865813 ], [ -47.8714497, -20.1863155 ], [ -47.8709108, -20.1862402 ], [ -47.8708293, -20.1860962 ], [ -47.870843, -20.1857963 ], [ -47.8711981, -20.1850675 ], [ -47.8712224, -20.1847653 ], [ -47.870917, -20.1839354 ], [ -47.8707643, -20.1814092 ], [ -47.8710223, -20.1809343 ], [ -47.8715017, -20.1804752 ], [ -47.8716184, -20.180455 ], [ -47.8719833, -20.1802901 ], [ -47.8722927, -20.1800694 ], [ -47.8723156, -20.179782 ], [ -47.8724394, -20.1795203 ], [ -47.8726353, -20.1793118 ], [ -47.8728664, -20.1790902 ], [ -47.8728726, -20.1789435 ], [ -47.8727748, -20.1786937 ], [ -47.8728688, -20.1782565 ], [ -47.8730263, -20.1778895 ], [ -47.8732705, -20.1774483 ], [ -47.8733125, -20.1771776 ], [ -47.8731985, -20.1767341 ], [ -47.8733411, -20.1763729 ], [ -47.8734261, -20.176224 ], [ -47.8735334, -20.1761016 ], [ -47.8737808, -20.1759477 ], [ -47.8738395, -20.1757816 ], [ -47.8737868, -20.1756483 ], [ -47.8738673, -20.1755669 ], [ -47.8739996, -20.1755611 ], [ -47.8743429, -20.1759646 ], [ -47.8745534, -20.1762475 ], [ -47.8748841, -20.1763761 ], [ -47.8751775, -20.176409 ], [ -47.8753629, -20.1763557 ], [ -47.8757092, -20.1762529 ], [ -47.8760017, -20.1759456 ], [ -47.8760257, -20.1756748 ], [ -47.8757823, -20.1748264 ], [ -47.8754501, -20.1740847 ], [ -47.875067, -20.1733958 ], [ -47.8746127, -20.1730261 ], [ -47.87414, -20.1727067 ], [ -47.8738239, -20.1725256 ], [ -47.8735643, -20.1725344 ], [ -47.8733697, -20.172829 ], [ -47.8732667, -20.1731027 ], [ -47.8733174, -20.1737698 ], [ -47.8733143, -20.1741242 ], [ -47.8733697, -20.1745186 ], [ -47.8732925, -20.1747743 ], [ -47.8730942, -20.1749775 ], [ -47.8728122, -20.175082 ], [ -47.8723985, -20.1750888 ], [ -47.8719881, -20.1747547 ], [ -47.8716983, -20.1743324 ], [ -47.8716844, -20.1735738 ], [ -47.8719206, -20.1734336 ], [ -47.8722815, -20.1731687 ], [ -47.8724559, -20.1729705 ], [ -47.8725104, -20.1727924 ], [ -47.8723545, -20.1721634 ], [ -47.872152, -20.1713534 ], [ -47.87222, -20.1711251 ], [ -47.8723784, -20.1708408 ], [ -47.8723982, -20.1706088 ], [ -47.8722419, -20.1704841 ], [ -47.8719567, -20.1704161 ], [ -47.8714063, -20.1704352 ], [ -47.8712878, -20.1699185 ], [ -47.8714622, -20.1696439 ], [ -47.8716036, -20.1691633 ], [ -47.87184, -20.1690367 ], [ -47.8721518, -20.1689816 ], [ -47.87312, -20.1690385 ], [ -47.8734024, -20.1689567 ], [ -47.8735969, -20.1688035 ], [ -47.8739016, -20.1683624 ], [ -47.8742778, -20.1681472 ], [ -47.8765429, -20.1675513 ], [ -47.8772938, -20.1675663 ], [ -47.87828, -20.1678182 ], [ -47.8794767, -20.1682621 ], [ -47.8800469, -20.1683936 ], [ -47.8807003, -20.1683375 ], [ -47.8809611, -20.1682057 ], [ -47.8811527, -20.1678212 ], [ -47.8812791, -20.1673693 ], [ -47.8812225, -20.1666432 ], [ -47.881015, -20.1663468 ], [ -47.8807302, -20.1663224 ], [ -47.880545, -20.1664362 ], [ -47.8804649, -20.1666869 ], [ -47.8803969, -20.1670157 ], [ -47.8801971, -20.1671416 ], [ -47.8796425, -20.1670735 ], [ -47.8792356, -20.1669257 ], [ -47.878883, -20.1665907 ], [ -47.8786909, -20.1662637 ], [ -47.8784587, -20.165757 ], [ -47.8784383, -20.1654302 ], [ -47.8785027, -20.1650066 ], [ -47.8785588, -20.1646559 ], [ -47.8787301, -20.1642896 ], [ -47.8790571, -20.1640161 ], [ -47.8798454, -20.1637124 ], [ -47.8804999, -20.1634565 ], [ -47.8808598, -20.1631128 ], [ -47.8811565, -20.1627868 ], [ -47.881598, -20.1622025 ], [ -47.881807, -20.1615312 ], [ -47.8818828, -20.1609438 ], [ -47.8820054, -20.160283 ], [ -47.8819056, -20.1598257 ], [ -47.8815449, -20.1590501 ], [ -47.881402, -20.1583437 ], [ -47.8813999, -20.1573819 ], [ -47.8816007, -20.1568501 ], [ -47.8818732, -20.1564912 ], [ -47.8822285, -20.1564491 ], [ -47.8826233, -20.1564653 ], [ -47.8829588, -20.1563917 ], [ -47.8832605, -20.1561167 ], [ -47.8837474, -20.1555836 ], [ -47.8840572, -20.1554241 ], [ -47.884227, -20.1554985 ], [ -47.8844911, -20.1557305 ], [ -47.8851097, -20.1561429 ], [ -47.8865825, -20.1566912 ], [ -47.8872537, -20.1570846 ], [ -47.8877564, -20.1572081 ], [ -47.8881709, -20.1569877 ], [ -47.8890334, -20.1562693 ], [ -47.8895105, -20.1557889 ], [ -47.8892996, -20.1545656 ], [ -47.8894269, -20.1539791 ], [ -47.8906662, -20.1510432 ], [ -47.8908429, -20.1504387 ], [ -47.8908961, -20.1496401 ], [ -47.8908775, -20.1490386 ], [ -47.8907394, -20.1485051 ], [ -47.890149, -20.1477166 ], [ -47.8891956, -20.1468365 ], [ -47.8891454, -20.1462358 ], [ -47.8907422, -20.1433095 ], [ -47.8910358, -20.1425561 ], [ -47.8910867, -20.1420344 ], [ -47.8910061, -20.1414506 ], [ -47.8908207, -20.1411267 ], [ -47.8901815, -20.1407791 ], [ -47.889561, -20.1407145 ], [ -47.8886415, -20.1403626 ], [ -47.888327, -20.1400586 ], [ -47.8880475, -20.1395462 ], [ -47.8877861, -20.1371934 ], [ -47.8878711, -20.1347968 ], [ -47.8879732, -20.1343632 ], [ -47.8882603, -20.1338228 ], [ -47.8888001, -20.1333072 ], [ -47.8903869, -20.132619 ], [ -47.8911417, -20.13253 ], [ -47.8920973, -20.1326412 ], [ -47.8933431, -20.1325987 ], [ -47.8943118, -20.1323479 ], [ -47.8952259, -20.1319019 ], [ -47.896159, -20.1311426 ], [ -47.8984207, -20.1285557 ], [ -47.8991743, -20.1274394 ], [ -47.8995143, -20.1264007 ], [ -47.8994, -20.1256745 ], [ -47.8954628, -20.1252583 ], [ -47.8935875, -20.1235055 ], [ -47.8885685, -20.1148098 ], [ -47.8885468, -20.1147724 ], [ -47.879175, -20.104735 ], [ -47.8750773, -20.0983727 ], [ -47.8748396, -20.0975673 ], [ -47.8743478, -20.0959013 ], [ -47.8727094, -20.0903506 ], [ -47.8708333, -20.0811702 ], [ -47.8698078, -20.0761523 ], [ -47.8668112, -20.0756908 ], [ -47.8651067, -20.0747532 ], [ -47.8638805, -20.074745 ], [ -47.8632996, -20.0749201 ], [ -47.8626945, -20.07491 ], [ -47.8624667, -20.0746656 ], [ -47.862715, -20.0740662 ], [ -47.8625532, -20.0736046 ], [ -47.8627506, -20.0730818 ], [ -47.8627422, -20.0728063 ], [ -47.8626045, -20.0726828 ], [ -47.8621837, -20.0726044 ], [ -47.8618748, -20.0723581 ], [ -47.8610751, -20.072379 ], [ -47.8609022, -20.0722984 ], [ -47.8604076, -20.0716374 ], [ -47.8600899, -20.0713961 ], [ -47.8587235, -20.0707167 ], [ -47.8580256, -20.070706 ], [ -47.8576988, -20.0707945 ], [ -47.8565743, -20.0713411 ], [ -47.8562182, -20.0713962 ], [ -47.8560328, -20.0713439 ], [ -47.8557674, -20.0711081 ], [ -47.8550148, -20.0701953 ], [ -47.8548415, -20.070076 ], [ -47.8545511, -20.0700408 ], [ -47.8541869, -20.0700839 ], [ -47.8538208, -20.0704166 ], [ -47.8532081, -20.0703297 ], [ -47.8526097, -20.0706624 ], [ -47.851785, -20.0708101 ], [ -47.8513699, -20.0707814 ], [ -47.8510709, -20.0706739 ], [ -47.8509101, -20.0704804 ], [ -47.8509029, -20.0696123 ], [ -47.8508257, -20.0694819 ], [ -47.8504404, -20.0692572 ], [ -47.8497122, -20.0692608 ], [ -47.8489305, -20.0695826 ], [ -47.8485186, -20.0694487 ], [ -47.8483404, -20.0694803 ], [ -47.848247, -20.0698611 ], [ -47.8479521, -20.0702601 ], [ -47.8471298, -20.0709321 ], [ -47.8468049, -20.0710935 ], [ -47.8465592, -20.0714079 ], [ -47.8464691, -20.0718023 ], [ -47.8462001, -20.0721724 ], [ -47.8459768, -20.0722816 ], [ -47.845644, -20.0723015 ], [ -47.845292, -20.0720807 ], [ -47.8447328, -20.0720208 ], [ -47.8445674, -20.0720655 ], [ -47.8442126, -20.0724291 ], [ -47.8434392, -20.0723906 ], [ -47.8416281, -20.0711254 ], [ -47.8404595, -20.071137 ], [ -47.8386466, -20.0720894 ], [ -47.8370066, -20.0733868 ], [ -47.8364994, -20.073612 ], [ -47.8355644, -20.0737405 ], [ -47.8341334, -20.0735883 ], [ -47.8328249, -20.0732425 ], [ -47.8322277, -20.073175 ], [ -47.8315979, -20.0732556 ], [ -47.8307155, -20.0735082 ], [ -47.8301025, -20.0733781 ], [ -47.8295825, -20.0729787 ], [ -47.8294343, -20.0724889 ], [ -47.8295492, -20.0710234 ], [ -47.8292628, -20.0704973 ], [ -47.8286714, -20.0699173 ], [ -47.8282593, -20.0696431 ], [ -47.8266274, -20.0690558 ], [ -47.8254203, -20.0689266 ], [ -47.8247251, -20.0687487 ], [ -47.8234662, -20.068043 ], [ -47.8227549, -20.0677862 ], [ -47.8222421, -20.0677387 ], [ -47.8210102, -20.0679279 ], [ -47.8195495, -20.06802 ], [ -47.8174193, -20.0686464 ], [ -47.8156513, -20.0688915 ], [ -47.8149042, -20.0688412 ], [ -47.8145289, -20.0687274 ], [ -47.813502, -20.0682024 ], [ -47.8129298, -20.068204 ], [ -47.812589, -20.0683576 ], [ -47.8117393, -20.0690186 ], [ -47.8104952, -20.0696362 ], [ -47.8101558, -20.069726 ], [ -47.8094711, -20.0696959 ], [ -47.8086034, -20.0694291 ], [ -47.8078497, -20.0696906 ], [ -47.807009, -20.0697341 ], [ -47.803397, -20.0688266 ], [ -47.8027368, -20.068514 ], [ -47.8017546, -20.0677073 ], [ -47.8005623, -20.0664517 ], [ -47.8002847, -20.0662864 ], [ -47.7996576, -20.0661773 ], [ -47.7992062, -20.0662955 ], [ -47.7973594, -20.067472 ], [ -47.7959771, -20.0679785 ], [ -47.7937959, -20.0685605 ], [ -47.7926416, -20.0689851 ], [ -47.7919503, -20.0689762 ], [ -47.790805, -20.0683741 ], [ -47.7901027, -20.0682084 ], [ -47.7891602, -20.0683346 ], [ -47.7886757, -20.0683162 ] ] ] ] } },
{ "type": "Feature", "properties": { "CD_MUN": "3525102", "NM_MUN": "Jardinópolis", "CD_RGI": "350031", "NM_RGI": "Ribeirão Preto", "CD_RGINT": "3508", "NM_RGINT": "Ribeirão Preto", "CD_UF": "35", "NM_UF": "São Paulo", "SIGLA_UF": "SP", "CD_REGIA": "3", "NM_REGIA": "Sudeste", "SIGLA_RG": "SE", "CD_CONCU": "3543402", "NM_CONCU": "Ribeirão Preto/SP", "AREA_KM2": 501.87 }, "geometry": { "type": "MultiPolygon", "coordinates": [ [ [ [ -47.778568, -21.061756 ], [ -47.779193, -21.061717 ], [ -47.779563, -21.061829 ], [ -47.779775, -21.061877 ], [ -47.780137, -21.062053 ], [ -47.7804, -21.06227 ], [ -47.78062, -21.062354 ], [ -47.781102, -21.062451 ], [ -47.781399, -21.062447 ], [ -47.781641, -21.062442 ], [ -47.782255, -21.062249 ], [ -47.7826048, -21.0621137 ], [ -47.7826773, -21.0620857 ], [ -47.782829, -21.062027 ], [ -47.783029, -21.061877 ], [ -47.78348, -21.061671 ], [ -47.784908, -21.061342 ], [ -47.785516, -21.061303 ], [ -47.786144, -21.061446 ], [ -47.786841, -21.061442 ], [ -47.7881132, -21.0614351 ], [ -47.789775, -21.061426 ], [ -47.79092, -21.061382 ], [ -47.79158, -21.061165 ], [ -47.791999, -21.060975 ], [ -47.79229, -21.060713 ], [ -47.792583, -21.060473 ], [ -47.79409, -21.059696 ], [ -47.79464, -21.059503 ], [ -47.794961, -21.05952 ], [ -47.795102, -21.05954 ], [ -47.79522, -21.059597 ], [ -47.795323, -21.059617 ], [ -47.796085, -21.060063 ], [ -47.796285, -21.060294 ], [ -47.796439, -21.060585 ], [ -47.796752, -21.060998 ], [ -47.796921, -21.061348 ], [ -47.7969761, -21.0614395 ], [ -47.797353, -21.062042 ], [ -47.7978395, -21.0628122 ], [ -47.797917, -21.062935 ], [ -47.798648, -21.064233 ], [ -47.798876, -21.064669 ], [ -47.79949, -21.065551 ], [ -47.800039, -21.066107 ], [ -47.800458, -21.066364 ], [ -47.8014732, -21.0667158 ], [ -47.801823, -21.066837 ], [ -47.802332, -21.066851 ], [ -47.802878, -21.066841 ], [ -47.803184, -21.066865 ], [ -47.803418, -21.06684 ], [ -47.804779, -21.066688 ], [ -47.805784, -21.06651 ], [ -47.806063, -21.066411 ], [ -47.80642, -21.066243 ], [ -47.808352, -21.06573 ], [ -47.808798, -21.065693 ], [ -47.80904, -21.065688 ], [ -47.809125, -21.065687 ], [ -47.809321, -21.065684 ], [ -47.810389, -21.065743 ], [ -47.811298, -21.065911 ], [ -47.811661, -21.066023 ], [ -47.811942, -21.066092 ], [ -47.812282, -21.066204 ], [ -47.8144743, -21.0663386 ], [ -47.8145174, -21.0663413 ], [ -47.8145557, -21.0663436 ], [ -47.814594, -21.066346 ], [ -47.8148148, -21.0664149 ], [ -47.8150925, -21.0665021 ], [ -47.815482, -21.066624 ], [ -47.817173, -21.066951 ], [ -47.818109, -21.067295 ], [ -47.818589, -21.067471 ], [ -47.82019, -21.067991 ], [ -47.820818, -21.068142 ], [ -47.821569, -21.068181 ], [ -47.823518, -21.068123 ], [ -47.8239588, -21.0680965 ], [ -47.8244, -21.06807 ], [ -47.827241, -21.067697 ], [ -47.829616, -21.067403 ], [ -47.830059, -21.067278 ], [ -47.832875, -21.066757 ], [ -47.835657, -21.066148 ], [ -47.83849, -21.065686 ], [ -47.841321, -21.065186 ], [ -47.842544, -21.0649757 ], [ -47.84413, -21.064703 ], [ -47.8467442, -21.0643387 ], [ -47.846986, -21.064305 ], [ -47.8488467, -21.0640464 ], [ -47.849843, -21.063908 ], [ -47.852017, -21.063823 ], [ -47.852551, -21.06391 ], [ -47.85281, -21.063979 ], [ -47.854003, -21.064073 ], [ -47.854794, -21.064118 ], [ -47.855411, -21.064129 ], [ -47.855505, -21.06412 ], [ -47.855817, -21.064085 ], [ -47.858384, -21.064009 ], [ -47.85878, -21.063944 ], [ -47.860882, -21.064088 ], [ -47.861306, -21.064168 ], [ -47.861761, -21.064308 ], [ -47.863486, -21.06437 ], [ -47.864126, -21.064345 ], [ -47.864609, -21.064285 ], [ -47.866459, -21.063948 ], [ -47.866856, -21.063869 ], [ -47.867169, -21.063856 ], [ -47.867566, -21.063813 ], [ -47.868768, -21.063949 ], [ -47.869382, -21.064174 ], [ -47.869948, -21.064341 ], [ -47.870152, -21.064338 ], [ -47.87055, -21.064338 ], [ -47.8715237, -21.0643211 ], [ -47.8720072, -21.0642749 ], [ -47.8729836, -21.0638877 ], [ -47.8739553, -21.0633437 ], [ -47.8764123, -21.0621093 ], [ -47.8786124, -21.0609505 ], [ -47.8797557, -21.0601185 ], [ -47.8815598, -21.0586337 ], [ -47.8832831, -21.0571646 ], [ -47.8842753, -21.0561117 ], [ -47.8848596, -21.0554365 ], [ -47.8851705, -21.0547564 ], [ -47.8852898, -21.0541176 ], [ -47.8853819, -21.0531181 ], [ -47.8856423, -21.0524484 ], [ -47.886015, -21.0518243 ], [ -47.8870913, -21.0504089 ], [ -47.8877032, -21.0495906 ], [ -47.8883396, -21.0484678 ], [ -47.8887144, -21.0469027 ], [ -47.889092, -21.0454897 ], [ -47.889575, -21.044566 ], [ -47.890898, -21.042858 ], [ -47.892004, -21.041294 ], [ -47.8922672, -21.0406841 ], [ -47.892547, -21.040062 ], [ -47.8926967, -21.0392316 ], [ -47.892572, -21.038311 ], [ -47.8924186, -21.0374115 ], [ -47.8921132, -21.0362762 ], [ -47.8914285, -21.034368 ], [ -47.89092, -21.0331981 ], [ -47.8902735, -21.0322207 ], [ -47.8893856, -21.0313234 ], [ -47.8886224, -21.030595 ], [ -47.8873673, -21.0295519 ], [ -47.8864823, -21.0288066 ], [ -47.8852949, -21.0281235 ], [ -47.8839691, -21.0276137 ], [ -47.8822931, -21.0269016 ], [ -47.88096, -21.02625 ], [ -47.8800025, -21.0255901 ], [ -47.8785138, -21.025026 ], [ -47.8771877, -21.0244972 ], [ -47.8760637, -21.0240558 ], [ -47.875071, -21.0232934 ], [ -47.8744388, -21.0226239 ], [ -47.8730176, -21.0213553 ], [ -47.8719154, -21.0198342 ], [ -47.870876, -21.018037 ], [ -47.8708104, -21.0167046 ], [ -47.8708295, -21.0159616 ], [ -47.871117, -21.014758 ], [ -47.871667, -21.013453 ], [ -47.871981, -21.013117 ], [ -47.872896, -21.012172 ], [ -47.8736, -21.011765 ], [ -47.874234, -21.011438 ], [ -47.875183, -21.010978 ], [ -47.8758764, -21.0106312 ], [ -47.8766344, -21.0105709 ], [ -47.877272, -21.0105696 ], [ -47.8783893, -21.0107693 ], [ -47.879473, -21.0113307 ], [ -47.8809803, -21.0118184 ], [ -47.8820781, -21.0123225 ], [ -47.8827152, -21.0128155 ], [ -47.8833591, -21.0134033 ], [ -47.8840156, -21.0142523 ], [ -47.8845671, -21.0150318 ], [ -47.885385, -21.016264 ], [ -47.885975, -21.016826 ], [ -47.886416, -21.017076 ], [ -47.887431, -21.017671 ], [ -47.8891192, -21.0179652 ], [ -47.8904856, -21.0182981 ], [ -47.8921378, -21.0190605 ], [ -47.8936675, -21.0201811 ], [ -47.8949325, -21.0210109 ], [ -47.895985, -21.0218529 ], [ -47.8963818, -21.0227583 ], [ -47.8966534, -21.0234052 ], [ -47.8973218, -21.0244796 ], [ -47.8980565, -21.0252717 ], [ -47.8985038, -21.0258478 ], [ -47.8989441, -21.0265613 ], [ -47.9029952, -21.0299908 ], [ -47.9054956, -21.0312611 ], [ -47.9071723, -21.0319599 ], [ -47.9089004, -21.0323917 ], [ -47.9110587, -21.0325854 ], [ -47.9129167, -21.0328906 ], [ -47.9153876, -21.0336112 ], [ -47.9180389, -21.034373 ], [ -47.9216906, -21.0350732 ], [ -47.9238125, -21.0353384 ], [ -47.925882, -21.0353382 ], [ -47.9293039, -21.0349155 ], [ -47.9314124, -21.0349767 ], [ -47.9335201, -21.0350024 ], [ -47.9360252, -21.0345688 ], [ -47.9397999, -21.0333502 ], [ -47.9431281, -21.0324266 ], [ -47.9454385, -21.0312915 ], [ -47.9462502, -21.0305756 ], [ -47.946811, -21.0299729 ], [ -47.9472858, -21.0291307 ], [ -47.9475907, -21.0283004 ], [ -47.9480073, -21.026199 ], [ -47.9483898, -21.0247291 ], [ -47.9498257, -21.0221155 ], [ -47.9518508, -21.0181573 ], [ -47.9527831, -21.017041 ], [ -47.9540033, -21.0156714 ], [ -47.9558186, -21.0141278 ], [ -47.9566458, -21.0131237 ], [ -47.9573036, -21.0119856 ], [ -47.9577843, -21.0104957 ], [ -47.9580946, -21.0094612 ], [ -47.9582796, -21.0083047 ], [ -47.9582669, -21.0066992 ], [ -47.9579835, -21.0047878 ], [ -47.9577493, -21.002548 ], [ -47.9574007, -21.0004127 ], [ -47.9570805, -20.9991471 ], [ -47.9573378, -20.997474 ], [ -47.9581351, -20.9960342 ], [ -47.9589634, -20.9948915 ], [ -47.9596534, -20.9945655 ], [ -47.9606101, -20.995046 ], [ -47.9623304, -20.9960264 ], [ -47.964884, -20.9970383 ], [ -47.9671589, -20.9979667 ], [ -47.9694066, -20.9989216 ], [ -47.9709691, -20.9993096 ], [ -47.9728383, -20.9991756 ], [ -47.9752766, -20.9985051 ], [ -47.9776938, -20.998175 ], [ -47.9795878, -20.9973966 ], [ -47.981105, -20.9959962 ], [ -47.9831309, -20.9942078 ], [ -47.9849192, -20.9930777 ], [ -47.9868009, -20.992443 ], [ -47.9880398, -20.9920549 ], [ -47.9908604, -20.9911438 ], [ -47.9919284, -20.9904213 ], [ -47.9939095, -20.9887288 ], [ -47.9970921, -20.9854982 ], [ -47.9985452, -20.9840495 ], [ -48.0000585, -20.9833653 ], [ -48.000116, -20.9829526 ], [ -48.0006983, -20.9819188 ], [ -48.0008448, -20.9814319 ], [ -48.0010521, -20.9789241 ], [ -48.001609, -20.9756631 ], [ -48.0021224, -20.9738983 ], [ -48.0022149, -20.9731747 ], [ -48.0021851, -20.9709851 ], [ -48.0017915, -20.9684149 ], [ -48.0009729, -20.9665323 ], [ -47.999417, -20.9649675 ], [ -47.9977427, -20.962876 ], [ -47.9917983, -20.9578003 ], [ -47.9884894, -20.9556369 ], [ -47.985215, -20.9539811 ], [ -47.9834903, -20.9528897 ], [ -47.9806106, -20.9507036 ], [ -47.9784859, -20.9485772 ], [ -47.9770843, -20.9466534 ], [ -47.9757481, -20.9443955 ], [ -47.9747077, -20.9421759 ], [ -47.9735118, -20.9398995 ], [ -47.9722364, -20.9363926 ], [ -47.9714277, -20.9347064 ], [ -47.96903, -20.9310232 ], [ -47.9678301, -20.9289212 ], [ -47.9669874, -20.9236288 ], [ -47.9666606, -20.9226881 ], [ -47.9661527, -20.9221126 ], [ -47.9652991, -20.921569 ], [ -47.9633683, -20.9209262 ], [ -47.9601412, -20.9202217 ], [ -47.9556401, -20.9184765 ], [ -47.9531932, -20.9172012 ], [ -47.9498296, -20.9148034 ], [ -47.949053, -20.9141644 ], [ -47.9484577, -20.9136118 ], [ -47.947923, -20.9127736 ], [ -47.9472107, -20.9101562 ], [ -47.9466921, -20.9089651 ], [ -47.9462909, -20.9083474 ], [ -47.944778, -20.9067425 ], [ -47.9426841, -20.9038992 ], [ -47.9405058, -20.9012148 ], [ -47.9397182, -20.8999467 ], [ -47.9378706, -20.8962927 ], [ -47.9356953, -20.892968 ], [ -47.9340468, -20.8913682 ], [ -47.9308041, -20.8889007 ], [ -47.9295731, -20.8875405 ], [ -47.928547, -20.8861074 ], [ -47.9267798, -20.8843306 ], [ -47.9255302, -20.8834554 ], [ -47.9239919, -20.8827516 ], [ -47.9233691, -20.8827655 ], [ -47.9227152, -20.882952 ], [ -47.9216728, -20.8835204 ], [ -47.920653, -20.8843864 ], [ -47.9150115, -20.888592 ], [ -47.9127011, -20.8904501 ], [ -47.9119153, -20.8907821 ], [ -47.9110725, -20.8910265 ], [ -47.9102646, -20.8910743 ], [ -47.9094923, -20.8910001 ], [ -47.9082216, -20.8905782 ], [ -47.9073458, -20.8901155 ], [ -47.9062293, -20.8897808 ], [ -47.9055054, -20.8898199 ], [ -47.9047023, -20.890081 ], [ -47.9032665, -20.8908836 ], [ -47.901266, -20.8925655 ], [ -47.8970985, -20.897186 ], [ -47.8948185, -20.9004183 ], [ -47.8936295, -20.902315 ], [ -47.8917795, -20.9058494 ], [ -47.890907, -20.9084302 ], [ -47.8905452, -20.909144 ], [ -47.8901783, -20.9096265 ], [ -47.8896356, -20.9098671 ], [ -47.8882973, -20.9098015 ], [ -47.8857779, -20.9090471 ], [ -47.8812859, -20.9069408 ], [ -47.8784834, -20.9051806 ], [ -47.8785283, -20.9047137 ], [ -47.8784283, -20.9042883 ], [ -47.8782355, -20.9040629 ], [ -47.8772835, -20.9033728 ], [ -47.8768846, -20.9028955 ], [ -47.8765662, -20.9024438 ], [ -47.8762073, -20.9016903 ], [ -47.8753626, -20.9011943 ], [ -47.8752164, -20.9008305 ], [ -47.8757465, -20.9001544 ], [ -47.8752479, -20.899561 ], [ -47.8749578, -20.8989511 ], [ -47.8744459, -20.8983652 ], [ -47.8738663, -20.8979229 ], [ -47.8730338, -20.8973351 ], [ -47.8723245, -20.8966407 ], [ -47.8719136, -20.8959985 ], [ -47.8714065, -20.8952171 ], [ -47.8711766, -20.8948416 ], [ -47.8705861, -20.8945375 ], [ -47.8696284, -20.8946039 ], [ -47.8690823, -20.8946672 ], [ -47.8682985, -20.8950673 ], [ -47.8673001, -20.8950667 ], [ -47.8667839, -20.8956247 ], [ -47.8659412, -20.895958 ], [ -47.8654905, -20.8959482 ], [ -47.8650973, -20.8960627 ], [ -47.8647063, -20.896333 ], [ -47.8632028, -20.8965014 ], [ -47.8626234, -20.8967217 ], [ -47.8616957, -20.8974629 ], [ -47.8614524, -20.8975567 ], [ -47.8612089, -20.8975606 ], [ -47.8608222, -20.8972779 ], [ -47.8605965, -20.8972473 ], [ -47.8604276, -20.8972853 ], [ -47.8600014, -20.897664 ], [ -47.859831, -20.8976669 ], [ -47.8592588, -20.8972867 ], [ -47.8591104, -20.8973417 ], [ -47.8587234, -20.8978431 ], [ -47.858329, -20.8979396 ], [ -47.8576309, -20.8978625 ], [ -47.8572368, -20.8979051 ], [ -47.8564525, -20.8982907 ], [ -47.8560429, -20.8986151 ], [ -47.8559482, -20.8993555 ], [ -47.8560336, -20.900114 ], [ -47.8559042, -20.9004799 ], [ -47.8553385, -20.9009758 ], [ -47.8549529, -20.9010439 ], [ -47.8541776, -20.9008093 ], [ -47.8530445, -20.900739 ], [ -47.8526971, -20.9012149 ], [ -47.8516348, -20.901506 ], [ -47.8512068, -20.9017165 ], [ -47.850763, -20.9023823 ], [ -47.8502384, -20.9026045 ], [ -47.8497759, -20.9029764 ], [ -47.8497256, -20.9032174 ], [ -47.8499008, -20.9040835 ], [ -47.8498644, -20.9042935 ], [ -47.8496486, -20.9046068 ], [ -47.8488067, -20.9050119 ], [ -47.8486074, -20.9050147 ], [ -47.8480469, -20.9046798 ], [ -47.8477087, -20.904576 ], [ -47.8471517, -20.9049769 ], [ -47.8463765, -20.9052801 ], [ -47.8462187, -20.9060092 ], [ -47.8459377, -20.9066691 ], [ -47.8453269, -20.9070924 ], [ -47.8447676, -20.9079716 ], [ -47.8435987, -20.908445 ], [ -47.8432241, -20.9088776 ], [ -47.8426902, -20.9089943 ], [ -47.84242, -20.9092274 ], [ -47.8421765, -20.9097718 ], [ -47.8412656, -20.9101213 ], [ -47.8407647, -20.9105359 ], [ -47.8401088, -20.9106976 ], [ -47.8390761, -20.9104051 ], [ -47.8385604, -20.9105017 ], [ -47.8380212, -20.910396 ], [ -47.8373654, -20.9106018 ], [ -47.8370836, -20.9105539 ], [ -47.8364771, -20.9100501 ], [ -47.8356899, -20.9091423 ], [ -47.8349473, -20.9089538 ], [ -47.8345291, -20.9087382 ], [ -47.8327683, -20.9072711 ], [ -47.8325736, -20.9069287 ], [ -47.8322833, -20.905894 ], [ -47.8317216, -20.9050725 ], [ -47.8313065, -20.9041223 ], [ -47.8309808, -20.9037392 ], [ -47.8302019, -20.9033353 ], [ -47.829851, -20.9027912 ], [ -47.8292211, -20.9023414 ], [ -47.8285236, -20.9013595 ], [ -47.8261047, -20.9001592 ], [ -47.8256657, -20.8997945 ], [ -47.8239505, -20.8987687 ], [ -47.8227496, -20.8981932 ], [ -47.8223478, -20.8973684 ], [ -47.8215245, -20.8971572 ], [ -47.8211688, -20.8967766 ], [ -47.8206922, -20.8960391 ], [ -47.8202806, -20.8957095 ], [ -47.8189773, -20.8951006 ], [ -47.8181518, -20.8942642 ], [ -47.8167792, -20.8938434 ], [ -47.8162948, -20.8936236 ], [ -47.8155122, -20.8930774 ], [ -47.8144699, -20.8927656 ], [ -47.8117973, -20.8915659 ], [ -47.8088856, -20.8904961 ], [ -47.8079111, -20.8904762 ], [ -47.8062909, -20.8906993 ], [ -47.8053883, -20.8906614 ], [ -47.8020389, -20.8901314 ], [ -47.8000721, -20.8896144 ], [ -47.7995998, -20.8895694 ], [ -47.7991895, -20.8897696 ], [ -47.7988577, -20.890236 ], [ -47.7989318, -20.8911217 ], [ -47.7991622, -20.8922514 ], [ -47.7991509, -20.8928535 ], [ -47.7978301, -20.8965648 ], [ -47.7965318, -20.8995205 ], [ -47.7960997, -20.8997594 ], [ -47.7956983, -20.8998114 ], [ -47.794998, -20.8996728 ], [ -47.7928933, -20.8989763 ], [ -47.7911872, -20.8985971 ], [ -47.7887058, -20.8978932 ], [ -47.7880905, -20.8974663 ], [ -47.7866875, -20.8960136 ], [ -47.7859187, -20.8955551 ], [ -47.7853647, -20.8953444 ], [ -47.7842744, -20.8950783 ], [ -47.7828194, -20.8949528 ], [ -47.7797464, -20.8944378 ], [ -47.7796316, -20.89526 ], [ -47.7793994, -20.8955942 ], [ -47.7792277, -20.8962112 ], [ -47.7792675, -20.8975282 ], [ -47.7787747, -20.8984195 ], [ -47.7776506, -20.8990154 ], [ -47.7767683, -20.8996723 ], [ -47.7766165, -20.8999689 ], [ -47.7765427, -20.9002657 ], [ -47.776606, -20.9007796 ], [ -47.7768769, -20.9014621 ], [ -47.7767997, -20.9020276 ], [ -47.7763927, -20.9026108 ], [ -47.7762106, -20.9027112 ], [ -47.776103, -20.9032415 ], [ -47.7753962, -20.9038633 ], [ -47.7754279, -20.9041207 ], [ -47.7760954, -20.9049345 ], [ -47.7760989, -20.9051288 ], [ -47.775686, -20.9053908 ], [ -47.7751526, -20.9053778 ], [ -47.7751165, -20.9056471 ], [ -47.775328, -20.9060909 ], [ -47.7753066, -20.9062134 ], [ -47.775224, -20.9063488 ], [ -47.7748057, -20.9065774 ], [ -47.7747535, -20.9066762 ], [ -47.7748508, -20.9070673 ], [ -47.7746517, -20.9074386 ], [ -47.7748565, -20.9079757 ], [ -47.7747378, -20.9082403 ], [ -47.7749318, -20.9085027 ], [ -47.7749091, -20.9087249 ], [ -47.7740456, -20.9089499 ], [ -47.7735242, -20.9093455 ], [ -47.7732518, -20.9097906 ], [ -47.7733179, -20.9102139 ], [ -47.7734604, -20.9104447 ], [ -47.7733776, -20.9109561 ], [ -47.773267, -20.9112812 ], [ -47.7730699, -20.9115096 ], [ -47.7724961, -20.9118 ], [ -47.7715137, -20.9119208 ], [ -47.7708082, -20.9126253 ], [ -47.7708639, -20.9129061 ], [ -47.7709874, -20.9130383 ], [ -47.7722069, -20.9137633 ], [ -47.7721185, -20.9143419 ], [ -47.7719579, -20.9145033 ], [ -47.771303, -20.9146369 ], [ -47.7710021, -20.9148876 ], [ -47.7710212, -20.9150529 ], [ -47.7713775, -20.9155307 ], [ -47.7714494, -20.9159083 ], [ -47.7713934, -20.9160762 ], [ -47.7709743, -20.9162535 ], [ -47.7707057, -20.9162581 ], [ -47.7699717, -20.9160489 ], [ -47.7696374, -20.9160377 ], [ -47.7692985, -20.9165541 ], [ -47.7690729, -20.9166808 ], [ -47.7690382, -20.9169385 ], [ -47.7693419, -20.9175484 ], [ -47.7692994, -20.9180631 ], [ -47.7694769, -20.9187925 ], [ -47.7691946, -20.9191284 ], [ -47.7692987, -20.9197958 ], [ -47.7690468, -20.9200699 ], [ -47.7690505, -20.9202364 ], [ -47.7698588, -20.920835 ], [ -47.7700447, -20.9213633 ], [ -47.7700306, -20.9216568 ], [ -47.7699612, -20.9217757 ], [ -47.7694493, -20.9219864 ], [ -47.7692706, -20.9221652 ], [ -47.7691383, -20.9227799 ], [ -47.7693267, -20.9234567 ], [ -47.769185, -20.9239263 ], [ -47.7685189, -20.9243751 ], [ -47.768414, -20.9249109 ], [ -47.7679624, -20.92522 ], [ -47.7678736, -20.9253678 ], [ -47.7679063, -20.9256909 ], [ -47.7674628, -20.9262944 ], [ -47.7675929, -20.9266597 ], [ -47.768117, -20.927105 ], [ -47.7681861, -20.9273422 ], [ -47.7678423, -20.9277892 ], [ -47.7677992, -20.9283173 ], [ -47.7676626, -20.9284796 ], [ -47.7673779, -20.9285708 ], [ -47.7670789, -20.9290069 ], [ -47.7661407, -20.9294737 ], [ -47.7659128, -20.9296776 ], [ -47.7657901, -20.9301092 ], [ -47.7661249, -20.9305719 ], [ -47.7661954, -20.9308892 ], [ -47.7657849, -20.9312754 ], [ -47.7655914, -20.9320884 ], [ -47.7654124, -20.9322528 ], [ -47.7652053, -20.9323037 ], [ -47.7645305, -20.9318745 ], [ -47.7641273, -20.9318302 ], [ -47.7634911, -20.9321595 ], [ -47.7627639, -20.932294 ], [ -47.7625176, -20.9324568 ], [ -47.7622249, -20.9328544 ], [ -47.7611184, -20.9329967 ], [ -47.7602867, -20.9333522 ], [ -47.759805, -20.9333464 ], [ -47.7581531, -20.9328825 ], [ -47.7574883, -20.9330903 ], [ -47.7575516, -20.93358 ], [ -47.7568878, -20.9337393 ], [ -47.7566074, -20.9336571 ], [ -47.7562453, -20.9335513 ], [ -47.7560658, -20.9337022 ], [ -47.7559269, -20.9340352 ], [ -47.7558013, -20.9349946 ], [ -47.7556613, -20.9352161 ], [ -47.7554403, -20.9352314 ], [ -47.7546885, -20.9346402 ], [ -47.7543818, -20.934612 ], [ -47.754031, -20.935181 ], [ -47.7539271, -20.9370278 ], [ -47.7535976, -20.9382864 ], [ -47.753522, -20.9391333 ], [ -47.7534205, -20.9393068 ], [ -47.753188, -20.9394593 ], [ -47.7528362, -20.9394519 ], [ -47.7520259, -20.9387156 ], [ -47.7516194, -20.9386117 ], [ -47.7511486, -20.9386197 ], [ -47.7507468, -20.9387481 ], [ -47.7500512, -20.9394412 ], [ -47.7497628, -20.939365 ], [ -47.749363, -20.9390546 ], [ -47.7490842, -20.9390481 ], [ -47.7488451, -20.9394746 ], [ -47.7489149, -20.9408493 ], [ -47.7487685, -20.9410364 ], [ -47.7481425, -20.9410037 ], [ -47.7478998, -20.9410802 ], [ -47.7474704, -20.9414566 ], [ -47.7473086, -20.9418751 ], [ -47.7468275, -20.9425895 ], [ -47.7465701, -20.9434569 ], [ -47.7455284, -20.9428479 ], [ -47.7447528, -20.9426649 ], [ -47.744035, -20.9426891 ], [ -47.743488, -20.9427465 ], [ -47.7432416, -20.9429101 ], [ -47.7429536, -20.9435407 ], [ -47.7427606, -20.9437153 ], [ -47.7425525, -20.943768 ], [ -47.7416051, -20.9433665 ], [ -47.7395502, -20.9420227 ], [ -47.7391163, -20.9419071 ], [ -47.7379528, -20.9418646 ], [ -47.7358425, -20.9410879 ], [ -47.7353619, -20.941145 ], [ -47.734872, -20.9414715 ], [ -47.7345582, -20.9414528 ], [ -47.7343607, -20.9413206 ], [ -47.7340365, -20.9408349 ], [ -47.7335867, -20.9405235 ], [ -47.7325434, -20.9405762 ], [ -47.7318806, -20.9407588 ], [ -47.730617, -20.9416388 ], [ -47.7294622, -20.9420128 ], [ -47.7291734, -20.9419924 ], [ -47.7289438, -20.9416162 ], [ -47.7286921, -20.9413993 ], [ -47.728179, -20.9411989 ], [ -47.7267307, -20.9409517 ], [ -47.7262892, -20.9409706 ], [ -47.726068, -20.941083 ], [ -47.7253996, -20.9416727 ], [ -47.724738, -20.9419182 ], [ -47.724268, -20.9419748 ], [ -47.7236492, -20.9417003 ], [ -47.7229292, -20.9416632 ], [ -47.7225894, -20.9414583 ], [ -47.7222297, -20.9405811 ], [ -47.7218576, -20.9403453 ], [ -47.7215496, -20.9406461 ], [ -47.7213972, -20.9409543 ], [ -47.7211115, -20.9410212 ], [ -47.7208349, -20.9408042 ], [ -47.7203496, -20.9400986 ], [ -47.7197958, -20.9397906 ], [ -47.7196881, -20.9395825 ], [ -47.7195542, -20.9387135 ], [ -47.7193785, -20.9383591 ], [ -47.7191277, -20.9382142 ], [ -47.7185028, -20.938363 ], [ -47.7187307, -20.9390398 ], [ -47.718859, -20.9402418 ], [ -47.718712, -20.941122 ], [ -47.718748, -20.941513 ], [ -47.718744, -20.942028 ], [ -47.718683, -20.942395 ], [ -47.71849, -20.942924 ], [ -47.718117, -20.943779 ], [ -47.71776, -20.944457 ], [ -47.717472, -20.944879 ], [ -47.716905, -20.945393 ], [ -47.715059, -20.946452 ], [ -47.714053, -20.94709 ], [ -47.71367, -20.947349 ], [ -47.713327, -20.947582 ], [ -47.712804, -20.94801 ], [ -47.711903, -20.948575 ], [ -47.711014, -20.949204 ], [ -47.710643, -20.949541 ], [ -47.710205, -20.950195 ], [ -47.709745, -20.95113 ], [ -47.709518, -20.951693 ], [ -47.709449, -20.95186 ], [ -47.709254, -20.95278 ], [ -47.709202, -20.95319 ], [ -47.70919, -20.95368 ], [ -47.709229, -20.95409 ], [ -47.709333, -20.954529 ], [ -47.709449, -20.954877 ], [ -47.709573, -20.955205 ], [ -47.70973, -20.955562 ], [ -47.709928, -20.955928 ], [ -47.710496, -20.95673 ], [ -47.711319, -20.957507 ], [ -47.712303, -20.958231 ], [ -47.713637, -20.959125 ], [ -47.714768, -20.959763 ], [ -47.715832, -20.960221 ], [ -47.71714, -20.960895 ], [ -47.718574, -20.96183 ], [ -47.719423, -20.962542 ], [ -47.720116, -20.963384 ], [ -47.721269, -20.964829 ], [ -47.722261, -20.9659 ], [ -47.723049, -20.966579 ], [ -47.723058, -20.966629 ], [ -47.723355, -20.966963 ], [ -47.723459, -20.967149 ], [ -47.723551, -20.967572 ], [ -47.723607, -20.967716 ], [ -47.723672, -20.967791 ], [ -47.723805, -20.967937 ], [ -47.723937, -20.968139 ], [ -47.724021, -20.968261 ], [ -47.724058, -20.968381 ], [ -47.724066, -20.968516 ], [ -47.724048, -20.968582 ], [ -47.72411, -20.968832 ], [ -47.724245, -20.969045 ], [ -47.724541, -20.969335 ], [ -47.724691, -20.969528 ], [ -47.724825, -20.969756 ], [ -47.724937, -20.970043 ], [ -47.725046, -20.970473 ], [ -47.725059, -20.971207 ], [ -47.725223, -20.972228 ], [ -47.725312, -20.972485 ], [ -47.725587, -20.972913 ], [ -47.725691, -20.973127 ], [ -47.725889, -20.973917 ], [ -47.726035, -20.974217 ], [ -47.690142, -21.000361 ], [ -47.686864, -21.002747 ], [ -47.686852, -21.002819 ], [ -47.687108, -21.00348 ], [ -47.687723, -21.004588 ], [ -47.687969, -21.005842 ], [ -47.687991, -21.007402 ], [ -47.687932, -21.008448 ], [ -47.687969, -21.010032 ], [ -47.687883, -21.011556 ], [ -47.687937, -21.012338 ], [ -47.688062, -21.013105 ], [ -47.68833, -21.01403 ], [ -47.688441, -21.015044 ], [ -47.688545, -21.016522 ], [ -47.688515, -21.017495 ], [ -47.688376, -21.018338 ], [ -47.688152, -21.018734 ], [ -47.687565, -21.019672 ], [ -47.686914, -21.020408 ], [ -47.685804, -21.021397 ], [ -47.684649, -21.022389 ], [ -47.684044, -21.023123 ], [ -47.683409, -21.023874 ], [ -47.682876, -21.024332 ], [ -47.682477, -21.024512 ], [ -47.682077, -21.02465 ], [ -47.681231, -21.024807 ], [ -47.680476, -21.024921 ], [ -47.679938, -21.025162 ], [ -47.6797466, -21.0253568 ], [ -47.679605, -21.025501 ], [ -47.679509, -21.025721 ], [ -47.679505, -21.025953 ], [ -47.679634, -21.027111 ], [ -47.679766, -21.028473 ], [ -47.680215, -21.030207 ], [ -47.680746, -21.031432 ], [ -47.681413, -21.032451 ], [ -47.681858, -21.03314 ], [ -47.682454, -21.034393 ], [ -47.682973, -21.035807 ], [ -47.683182, -21.037139 ], [ -47.683185, -21.038067 ], [ -47.683065, -21.039172 ], [ -47.682833, -21.040017 ], [ -47.682416, -21.040952 ], [ -47.681788, -21.042065 ], [ -47.681263, -21.042958 ], [ -47.680791, -21.044214 ], [ -47.680537, -21.045552 ], [ -47.680208, -21.047023 ], [ -47.67972, -21.048249 ], [ -47.679434, -21.04866 ], [ -47.678782, -21.049337 ], [ -47.677898, -21.050063 ], [ -47.677094, -21.050889 ], [ -47.67684, -21.0514 ], [ -47.676638, -21.052172 ], [ -47.676387, -21.052897 ], [ -47.67606, -21.054097 ], [ -47.67556, -21.055818 ], [ -47.674832, -21.057462 ], [ -47.673894, -21.059119 ], [ -47.67311, -21.061052 ], [ -47.672472, -21.062809 ], [ -47.6722, -21.064281 ], [ -47.671964, -21.065644 ], [ -47.671902, -21.066344 ], [ -47.671843, -21.067184 ], [ -47.671786, -21.068163 ], [ -47.672057, -21.068717 ], [ -47.67259, -21.069442 ], [ -47.673096, -21.070058 ], [ -47.673276, -21.070563 ], [ -47.67333, -21.070937 ], [ -47.673277, -21.071492 ], [ -47.673302, -21.072034 ], [ -47.67339, -21.072671 ], [ -47.673658, -21.073841 ], [ -47.673984, -21.074751 ], [ -47.674669, -21.075842 ], [ -47.67546, -21.076889 ], [ -47.676693, -21.078365 ], [ -47.67787, -21.0794 ], [ -47.679355, -21.080349 ], [ -47.680809, -21.08121 ], [ -47.682644, -21.08182 ], [ -47.683963, -21.082118 ], [ -47.685557, -21.082281 ], [ -47.686407, -21.082282 ], [ -47.687551, -21.082095 ], [ -47.688413, -21.081907 ], [ -47.68893, -21.081686 ], [ -47.689373, -21.081497 ], [ -47.689847, -21.081325 ], [ -47.690365, -21.081246 ], [ -47.690999, -21.081236 ], [ -47.691261, -21.081337 ], [ -47.691406, -21.081724 ], [ -47.691473, -21.081898 ], [ -47.691461, -21.082202 ], [ -47.691411, -21.082826 ], [ -47.691378, -21.083373 ], [ -47.691242, -21.084212 ], [ -47.690873, -21.08557 ], [ -47.690104, -21.087624 ], [ -47.689626, -21.089268 ], [ -47.689625, -21.089676 ], [ -47.689747, -21.090169 ], [ -47.690071, -21.090787 ], [ -47.690634, -21.091659 ], [ -47.6914, -21.09286 ], [ -47.692668, -21.094336 ], [ -47.693447, -21.095977 ], [ -47.694379, -21.097126 ], [ -47.695386, -21.098311 ], [ -47.695796, -21.098793 ], [ -47.695773, -21.099098 ], [ -47.69594, -21.099756 ], [ -47.696146, -21.10023 ], [ -47.696705, -21.100918 ], [ -47.697742, -21.101867 ], [ -47.698848, -21.103242 ], [ -47.699786, -21.103993 ], [ -47.700773, -21.104702 ], [ -47.701958, -21.105322 ], [ -47.703132, -21.106102 ], [ -47.70443, -21.106922 ], [ -47.705353, -21.107517 ], [ -47.706447, -21.108137 ], [ -47.708372, -21.109442 ], [ -47.709826, -21.110333 ], [ -47.711219, -21.11124 ], [ -47.711736, -21.11158 ], [ -47.712173, -21.111863 ], [ -47.712629, -21.112233 ], [ -47.712851, -21.112474 ], [ -47.712883, -21.112621 ], [ -47.712947, -21.11278 ], [ -47.713019, -21.1133 ], [ -47.713057, -21.113742 ], [ -47.713068, -21.114322 ], [ -47.713048, -21.114932 ], [ -47.713106, -21.115569 ], [ -47.713307, -21.116408 ], [ -47.713594, -21.11691 ], [ -47.71405, -21.117481 ], [ -47.714772, -21.118093 ], [ -47.715343, -21.118497 ], [ -47.716045, -21.118783 ], [ -47.717137, -21.119259 ], [ -47.718055, -21.119635 ], [ -47.718962, -21.120022 ], [ -47.719053, -21.120072 ], [ -47.72035, -21.119357 ], [ -47.720903, -21.119146 ], [ -47.721625, -21.118902 ], [ -47.722565, -21.118683 ], [ -47.72329, -21.118629 ], [ -47.724386, -21.118567 ], [ -47.725512, -21.11839 ], [ -47.726479, -21.117953 ], [ -47.727321, -21.117446 ], [ -47.7284, -21.116515 ], [ -47.729468, -21.115743 ], [ -47.730143, -21.115426 ], [ -47.73099, -21.115239 ], [ -47.732133, -21.115177 ], [ -47.732969, -21.115236 ], [ -47.734485, -21.115284 ], [ -47.735973, -21.115491 ], [ -47.737552, -21.115553 ], [ -47.738987, -21.115385 ], [ -47.740157, -21.115105 ], [ -47.741281, -21.114869 ], [ -47.742311, -21.114533 ], [ -47.743788, -21.114175 ], [ -47.745469, -21.113887 ], [ -47.747057, -21.113672 ], [ -47.748318, -21.113274 ], [ -47.749982, -21.112928 ], [ -47.750355, -21.11277 ], [ -47.750967, -21.112658 ], [ -47.751935, -21.112188 ], [ -47.752447, -21.111901 ], [ -47.752924, -21.111489 ], [ -47.753238, -21.111176 ], [ -47.754062, -21.110203 ], [ -47.754529, -21.109741 ], [ -47.754764, -21.109304 ], [ -47.755461, -21.107916 ], [ -47.755572, -21.107538 ], [ -47.756154, -21.105808 ], [ -47.756783, -21.104083 ], [ -47.757417, -21.102637 ], [ -47.757485, -21.102482 ], [ -47.758329, -21.101422 ], [ -47.758642, -21.101035 ], [ -47.759239, -21.100784 ], [ -47.760134, -21.100324 ], [ -47.760909, -21.099988 ], [ -47.761381, -21.099717 ], [ -47.7615275, -21.0993858 ], [ -47.761584, -21.099258 ], [ -47.761783, -21.098962 ], [ -47.7620963, -21.0983259 ], [ -47.7621196, -21.0982786 ], [ -47.7621417, -21.0982337 ], [ -47.762441, -21.097626 ], [ -47.76259, -21.097176 ], [ -47.762777, -21.095685 ], [ -47.762764, -21.095414 ], [ -47.762484, -21.094445 ], [ -47.762059, -21.093836 ], [ -47.76143, -21.093416 ], [ -47.760087, -21.092747 ], [ -47.759421, -21.092209 ], [ -47.758574, -21.091411 ], [ -47.758048, -21.090847 ], [ -47.757941, -21.090577 ], [ -47.757012, -21.089208 ], [ -47.756897, -21.088835 ], [ -47.75596, -21.087423 ], [ -47.755884, -21.087138 ], [ -47.755025, -21.085672 ], [ -47.755021, -21.085466 ], [ -47.754609, -21.084088 ], [ -47.754611, -21.083758 ], [ -47.755006, -21.082492 ], [ -47.755749, -21.082121 ], [ -47.757576, -21.081323 ], [ -47.758245, -21.081187 ], [ -47.758634, -21.081079 ], [ -47.760868, -21.080421 ], [ -47.761172, -21.080321 ], [ -47.761836, -21.080318 ], [ -47.763914, -21.080412 ], [ -47.764725, -21.080758 ], [ -47.765609, -21.080967 ], [ -47.766224, -21.081287 ], [ -47.766839, -21.081564 ], [ -47.76739, -21.081767 ], [ -47.767759, -21.08182 ], [ -47.769433, -21.082104 ], [ -47.770154, -21.082635 ], [ -47.770495, -21.082857 ], [ -47.770685, -21.082979 ], [ -47.772036, -21.08401 ], [ -47.772259, -21.08427 ], [ -47.772388, -21.084444 ], [ -47.772561, -21.084493 ], [ -47.773617, -21.085139 ], [ -47.77394, -21.085318 ], [ -47.774235, -21.0856 ], [ -47.774526, -21.085756 ], [ -47.774824, -21.086141 ], [ -47.776052, -21.087247 ], [ -47.776433, -21.087571 ], [ -47.776733, -21.087801 ], [ -47.777459, -21.088306 ], [ -47.778297, -21.088843 ], [ -47.779007, -21.089176 ], [ -47.77962, -21.08938 ], [ -47.781043, -21.089565 ], [ -47.782015, -21.089344 ], [ -47.782621, -21.089106 ], [ -47.7835567, -21.0886458 ], [ -47.784081, -21.088388 ], [ -47.784619, -21.087858 ], [ -47.784835, -21.087729 ], [ -47.784971, -21.087478 ], [ -47.785487, -21.086423 ], [ -47.785519, -21.086054 ], [ -47.785444, -21.085821 ], [ -47.785425, -21.084569 ], [ -47.785417, -21.084159 ], [ -47.785208, -21.082778 ], [ -47.785202, -21.082477 ], [ -47.784948, -21.081214 ], [ -47.784862, -21.080804 ], [ -47.784308, -21.079436 ], [ -47.784006, -21.079096 ], [ -47.782938, -21.077781 ], [ -47.7825, -21.077356 ], [ -47.781051, -21.076105 ], [ -47.780558, -21.075695 ], [ -47.778985, -21.074571 ], [ -47.778518, -21.074263 ], [ -47.778313, -21.07412 ], [ -47.777444, -21.073411 ], [ -47.777123, -21.072961 ], [ -47.776859, -21.072686 ], [ -47.776723, -21.072453 ], [ -47.77641, -21.071794 ], [ -47.776374, -21.071148 ], [ -47.776492, -21.07075 ], [ -47.776971, -21.069857 ], [ -47.777201, -21.069552 ], [ -47.777235, -21.069303 ], [ -47.777263, -21.06911 ], [ -47.777338, -21.067901 ], [ -47.777334, -21.067682 ], [ -47.777297, -21.06741 ], [ -47.777151, -21.066094 ], [ -47.777052, -21.065729 ], [ -47.776975, -21.06433 ], [ -47.776962, -21.064045 ], [ -47.777167, -21.06309 ], [ -47.77744, -21.062689 ], [ -47.777709, -21.062406 ], [ -47.778568, -21.061756 ] ] ] ] } },
{ "type": "Feature", "properties": { "CD_MUN": "3551405", "NM_MUN": "Serra Azul", "CD_RGI": "350031", "NM_RGI": "Ribeirão Preto", "CD_RGINT": "3508", "NM_RGINT": "Ribeirão Preto", "CD_UF": "35", "NM_UF": "São Paulo", "SIGLA_UF": "SP", "CD_REGIA": "3", "NM_REGIA": "Sudeste", "SIGLA_RG": "SE", "CD_CONCU": "3543402", "NM_CONCU": "Ribeirão Preto/SP", "AREA_KM2": 283.144 }, "geometry": { "type": "MultiPolygon", "coordinates": [ [ [ [ -47.59529, -21.3656711 ], [ -47.5953538, -21.365667 ], [ -47.6162198, -21.3643425 ], [ -47.6177305, -21.3641974 ], [ -47.618444, -21.3642981 ], [ -47.6196636, -21.3636798 ], [ -47.6203757, -21.3637247 ], [ -47.6209512, -21.3640495 ], [ -47.6217098, -21.3642013 ], [ -47.6224196, -21.3645221 ], [ -47.6236407, -21.3646465 ], [ -47.6240713, -21.3648848 ], [ -47.6243875, -21.3653131 ], [ -47.6245338, -21.3662104 ], [ -47.6247333, -21.3667053 ], [ -47.6250094, -21.3669468 ], [ -47.6253309, -21.3670749 ], [ -47.6256858, -21.3670577 ], [ -47.6263425, -21.3666906 ], [ -47.6264323, -21.3664242 ], [ -47.6264139, -21.3660477 ], [ -47.6265539, -21.3659352 ], [ -47.6268012, -21.3658403 ], [ -47.6273471, -21.3659122 ], [ -47.6274645, -21.3658312 ], [ -47.6275258, -21.365286 ], [ -47.6278421, -21.365092 ], [ -47.6279005, -21.3649684 ], [ -47.6275407, -21.3641205 ], [ -47.6275842, -21.3639198 ], [ -47.6278782, -21.3637484 ], [ -47.6278802, -21.3633709 ], [ -47.6285097, -21.3632499 ], [ -47.6288222, -21.3629219 ], [ -47.6290814, -21.3628633 ], [ -47.6292885, -21.3625376 ], [ -47.6297249, -21.362421 ], [ -47.6302335, -21.3621076 ], [ -47.6307815, -21.3616203 ], [ -47.6308206, -21.3612756 ], [ -47.631064, -21.3608712 ], [ -47.6308375, -21.3607099 ], [ -47.630808, -21.3605883 ], [ -47.6312304, -21.3602158 ], [ -47.6311291, -21.359882 ], [ -47.631394, -21.3594488 ], [ -47.6311845, -21.3590058 ], [ -47.6315793, -21.3585792 ], [ -47.6315625, -21.3582549 ], [ -47.6311559, -21.3580418 ], [ -47.6312565, -21.3576788 ], [ -47.6309099, -21.357485 ], [ -47.630848, -21.3573325 ], [ -47.6309268, -21.3571835 ], [ -47.6312917, -21.3570238 ], [ -47.6315215, -21.3566656 ], [ -47.6314622, -21.3565204 ], [ -47.6312457, -21.3564826 ], [ -47.6311608, -21.3563275 ], [ -47.631253, -21.3562473 ], [ -47.631239, -21.356103 ], [ -47.6309996, -21.355951 ], [ -47.6309001, -21.3556631 ], [ -47.6312743, -21.354913 ], [ -47.6312013, -21.3546379 ], [ -47.6305973, -21.3546582 ], [ -47.6305655, -21.3541697 ], [ -47.6303008, -21.3539314 ], [ -47.6302739, -21.3537506 ], [ -47.630831, -21.3531422 ], [ -47.6309899, -21.3527724 ], [ -47.6307937, -21.3524 ], [ -47.630943, -21.3521845 ], [ -47.6308329, -21.3519196 ], [ -47.6310124, -21.3514517 ], [ -47.6309646, -21.3513303 ], [ -47.6306915, -21.3512876 ], [ -47.630631, -21.3511909 ], [ -47.6309115, -21.3509309 ], [ -47.6309313, -21.3507869 ], [ -47.6306175, -21.3505026 ], [ -47.6310288, -21.3502736 ], [ -47.6310974, -21.3501386 ], [ -47.6309631, -21.3498081 ], [ -47.6314536, -21.349467 ], [ -47.6314435, -21.3489425 ], [ -47.631583, -21.3488192 ], [ -47.6319035, -21.3488367 ], [ -47.6322636, -21.3484547 ], [ -47.6321999, -21.348187 ], [ -47.6323274, -21.3480732 ], [ -47.6323915, -21.3476629 ], [ -47.6327434, -21.3474478 ], [ -47.6327603, -21.3470798 ], [ -47.6332367, -21.3467948 ], [ -47.6333757, -21.3464368 ], [ -47.6338127, -21.3463293 ], [ -47.6340569, -21.3460822 ], [ -47.6347066, -21.3459395 ], [ -47.6347737, -21.3457928 ], [ -47.6345791, -21.3454744 ], [ -47.6347051, -21.3453506 ], [ -47.6347244, -21.3449953 ], [ -47.6350874, -21.3447671 ], [ -47.6356088, -21.344179 ], [ -47.6355957, -21.3440364 ], [ -47.6353308, -21.3437154 ], [ -47.6352906, -21.3435511 ], [ -47.6353712, -21.3433833 ], [ -47.6359191, -21.3429859 ], [ -47.6360932, -21.3426625 ], [ -47.6363994, -21.3423882 ], [ -47.636491, -21.342255 ], [ -47.6364846, -21.3418232 ], [ -47.6370104, -21.341513 ], [ -47.6371681, -21.3409678 ], [ -47.6374451, -21.3405863 ], [ -47.6375755, -21.340495 ], [ -47.6380833, -21.3404872 ], [ -47.6383369, -21.3400229 ], [ -47.6387226, -21.3397839 ], [ -47.6397387, -21.3396226 ], [ -47.6399366, -21.3394197 ], [ -47.6403484, -21.3393354 ], [ -47.6404994, -21.3392107 ], [ -47.6407288, -21.339418 ], [ -47.6409769, -21.3393914 ], [ -47.6410849, -21.3388353 ], [ -47.6415001, -21.3387844 ], [ -47.6416845, -21.3385585 ], [ -47.6422004, -21.3383181 ], [ -47.6427434, -21.3381893 ], [ -47.6430653, -21.3383084 ], [ -47.6440463, -21.338224 ], [ -47.6445464, -21.3383498 ], [ -47.6450292, -21.3388526 ], [ -47.645384, -21.3388129 ], [ -47.6456375, -21.3390642 ], [ -47.6458393, -21.3390844 ], [ -47.6461549, -21.3388347 ], [ -47.6465203, -21.3387531 ], [ -47.6467356, -21.3388592 ], [ -47.647172, -21.3388523 ], [ -47.6474129, -21.3389485 ], [ -47.6476882, -21.3392763 ], [ -47.6479451, -21.3394262 ], [ -47.6487565, -21.3391573 ], [ -47.6501894, -21.3397129 ], [ -47.6508305, -21.3398134 ], [ -47.6511317, -21.3400315 ], [ -47.6514653, -21.3401043 ], [ -47.6516516, -21.3400124 ], [ -47.651705, -21.3396907 ], [ -47.6513979, -21.3390723 ], [ -47.651366, -21.3386288 ], [ -47.6510643, -21.3383324 ], [ -47.6510377, -21.3381444 ], [ -47.6512697, -21.3378879 ], [ -47.6511075, -21.3374224 ], [ -47.6511523, -21.3372766 ], [ -47.6513666, -21.3372963 ], [ -47.6514391, -21.3374285 ], [ -47.6515588, -21.3374483 ], [ -47.6517321, -21.3372337 ], [ -47.6513534, -21.3366197 ], [ -47.6514465, -21.3364524 ], [ -47.6516228, -21.336415 ], [ -47.6517917, -21.3366128 ], [ -47.6520867, -21.336552 ], [ -47.6520124, -21.3363964 ], [ -47.6518124, -21.3363124 ], [ -47.652101, -21.3359753 ], [ -47.6521208, -21.3358295 ], [ -47.6519161, -21.3356105 ], [ -47.6519962, -21.3354535 ], [ -47.6522714, -21.3355601 ], [ -47.6525774, -21.3355329 ], [ -47.6526733, -21.3348973 ], [ -47.6524806, -21.3346688 ], [ -47.6525004, -21.3345464 ], [ -47.6527601, -21.3344519 ], [ -47.6527659, -21.3342075 ], [ -47.652861, -21.3340825 ], [ -47.6531684, -21.3341345 ], [ -47.6532476, -21.334044 ], [ -47.6531142, -21.3337594 ], [ -47.6531721, -21.3336015 ], [ -47.6533961, -21.3335533 ], [ -47.6534936, -21.3331065 ], [ -47.653938, -21.3328013 ], [ -47.6538713, -21.3324023 ], [ -47.6539841, -21.3320227 ], [ -47.653763, -21.3315819 ], [ -47.6537672, -21.3311487 ], [ -47.654253, -21.3305772 ], [ -47.6543062, -21.3302159 ], [ -47.6541252, -21.3300077 ], [ -47.6544441, -21.3295018 ], [ -47.6549654, -21.3293389 ], [ -47.6549858, -21.3284855 ], [ -47.6555052, -21.3280744 ], [ -47.6554834, -21.327642 ], [ -47.6557449, -21.3275502 ], [ -47.6558259, -21.3274157 ], [ -47.6557713, -21.3271844 ], [ -47.6559547, -21.3267804 ], [ -47.6559815, -21.3262473 ], [ -47.655883, -21.3260269 ], [ -47.6556541, -21.3258304 ], [ -47.655851, -21.3255169 ], [ -47.65588, -21.3252024 ], [ -47.6561135, -21.3249324 ], [ -47.6556689, -21.3245498 ], [ -47.6556403, -21.3243842 ], [ -47.6556625, -21.3242726 ], [ -47.6559922, -21.3241672 ], [ -47.6562696, -21.323774 ], [ -47.6561083, -21.3234874 ], [ -47.6560555, -21.3230341 ], [ -47.6559068, -21.3227021 ], [ -47.6559834, -21.3224029 ], [ -47.6564731, -21.3219852 ], [ -47.6564881, -21.3215039 ], [ -47.6567183, -21.3211547 ], [ -47.6566994, -21.3206756 ], [ -47.6569436, -21.3203827 ], [ -47.656911, -21.3199967 ], [ -47.6572266, -21.3197253 ], [ -47.6573235, -21.3192228 ], [ -47.6575681, -21.318964 ], [ -47.6575169, -21.3187436 ], [ -47.6573614, -21.3186569 ], [ -47.6573284, -21.3181701 ], [ -47.6571435, -21.3177829 ], [ -47.6572009, -21.3176367 ], [ -47.657531, -21.3174099 ], [ -47.6575111, -21.3171106 ], [ -47.6572451, -21.3169038 ], [ -47.6572919, -21.3167805 ], [ -47.6576222, -21.3167264 ], [ -47.6577365, -21.3166255 ], [ -47.6575168, -21.3162387 ], [ -47.6577869, -21.3160151 ], [ -47.6578974, -21.3154897 ], [ -47.6580354, -21.3153303 ], [ -47.6586363, -21.3151991 ], [ -47.6586689, -21.3150232 ], [ -47.6585252, -21.3149109 ], [ -47.6584498, -21.3146913 ], [ -47.6586823, -21.3144447 ], [ -47.6587035, -21.3142891 ], [ -47.6584732, -21.3140368 ], [ -47.6585869, -21.3137488 ], [ -47.6584416, -21.3135609 ], [ -47.6587277, -21.3130789 ], [ -47.6586412, -21.3128248 ], [ -47.6586956, -21.3124798 ], [ -47.6584538, -21.312272 ], [ -47.6586777, -21.3115531 ], [ -47.6586554, -21.3109516 ], [ -47.6587687, -21.3106727 ], [ -47.6593873, -21.3100827 ], [ -47.6594403, -21.309815 ], [ -47.6593043, -21.3095221 ], [ -47.6592673, -21.3094425 ], [ -47.6592783, -21.3092766 ], [ -47.6597743, -21.3086461 ], [ -47.6599047, -21.3073653 ], [ -47.6597671, -21.3069321 ], [ -47.6600851, -21.3068272 ], [ -47.6602667, -21.3070462 ], [ -47.6604559, -21.3070434 ], [ -47.6604756, -21.3069209 ], [ -47.6603169, -21.3066183 ], [ -47.6601583, -21.3063156 ], [ -47.6600794, -21.3058398 ], [ -47.6606571, -21.304386 ], [ -47.6604167, -21.30419 ], [ -47.6603669, -21.303957 ], [ -47.6609155, -21.3036045 ], [ -47.6608845, -21.3032949 ], [ -47.6606781, -21.3029141 ], [ -47.6604954, -21.3026537 ], [ -47.6602319, -21.3024784 ], [ -47.6601455, -21.3022692 ], [ -47.6601521, -21.3019584 ], [ -47.6604063, -21.3015876 ], [ -47.660426, -21.3014211 ], [ -47.6602544, -21.3011832 ], [ -47.6601948, -21.3011005 ], [ -47.6602043, -21.300948 ], [ -47.6605396, -21.3004633 ], [ -47.6605231, -21.3002874 ], [ -47.6601515, -21.2999795 ], [ -47.6601377, -21.2998504 ], [ -47.6608388, -21.2993381 ], [ -47.6608127, -21.299205 ], [ -47.6602669, -21.2990901 ], [ -47.6601553, -21.2988818 ], [ -47.6602334, -21.2986141 ], [ -47.6601336, -21.298311 ], [ -47.6602657, -21.297798 ], [ -47.6599146, -21.2973281 ], [ -47.6601171, -21.29679 ], [ -47.659746, -21.2965603 ], [ -47.6595107, -21.2959779 ], [ -47.6595427, -21.2951465 ], [ -47.6590437, -21.295019 ], [ -47.6590065, -21.2949196 ], [ -47.6591555, -21.2946627 ], [ -47.6598139, -21.2944023 ], [ -47.6597761, -21.294249 ], [ -47.6594262, -21.2939319 ], [ -47.6595495, -21.2935086 ], [ -47.6592754, -21.2934462 ], [ -47.6592377, -21.2933351 ], [ -47.6593861, -21.2929351 ], [ -47.6590648, -21.292826 ], [ -47.6588436, -21.2924976 ], [ -47.6593685, -21.2920462 ], [ -47.6592195, -21.291003 ], [ -47.6576287, -21.2900938 ], [ -47.6574037, -21.2900773 ], [ -47.6570342, -21.2904383 ], [ -47.6569396, -21.2903736 ], [ -47.6568758, -21.2900638 ], [ -47.6567793, -21.2900206 ], [ -47.6565665, -21.2901016 ], [ -47.6564328, -21.289959 ], [ -47.6564993, -21.2897808 ], [ -47.6564399, -21.2896599 ], [ -47.6560365, -21.2895989 ], [ -47.6558424, -21.2893363 ], [ -47.655216, -21.2894135 ], [ -47.6548937, -21.2893043 ], [ -47.6546036, -21.2889878 ], [ -47.6542454, -21.2888179 ], [ -47.6541491, -21.2880743 ], [ -47.6540173, -21.2879327 ], [ -47.6537311, -21.2878599 ], [ -47.6535536, -21.2872338 ], [ -47.6532177, -21.2870612 ], [ -47.6531675, -21.2869065 ], [ -47.6532485, -21.2867054 ], [ -47.6530881, -21.2863748 ], [ -47.6531798, -21.2861948 ], [ -47.6529586, -21.28571 ], [ -47.6530886, -21.2850199 ], [ -47.6528559, -21.2846686 ], [ -47.6529543, -21.284176 ], [ -47.6525564, -21.2837637 ], [ -47.6527662, -21.283616 ], [ -47.6527257, -21.2833259 ], [ -47.6529004, -21.2831661 ], [ -47.6522378, -21.2826747 ], [ -47.6522219, -21.2825743 ], [ -47.6523622, -21.2824725 ], [ -47.6528246, -21.2825079 ], [ -47.6529307, -21.2824624 ], [ -47.6529412, -21.2823315 ], [ -47.6527081, -21.2819209 ], [ -47.6522626, -21.2815625 ], [ -47.6520801, -21.2812086 ], [ -47.6519594, -21.2811214 ], [ -47.6518175, -21.2811475 ], [ -47.6517552, -21.280915 ], [ -47.6518685, -21.2806801 ], [ -47.6515639, -21.2802956 ], [ -47.620251, -21.277212 ], [ -47.619665, -21.276948 ], [ -47.619363, -21.276424 ], [ -47.619208, -21.275648 ], [ -47.61908, -21.274128 ], [ -47.619025, -21.27386 ], [ -47.618954, -21.273702 ], [ -47.618801, -21.273578 ], [ -47.618182, -21.273017 ], [ -47.617869, -21.272531 ], [ -47.617749, -21.272167 ], [ -47.617688, -21.272007 ], [ -47.617584, -21.271711 ], [ -47.617177, -21.271112 ], [ -47.616799, -21.270899 ], [ -47.616285, -21.270382 ], [ -47.616108, -21.270114 ], [ -47.615691, -21.269836 ], [ -47.615393, -21.269739 ], [ -47.614831, -21.269616 ], [ -47.614689, -21.269559 ], [ -47.612862, -21.269194 ], [ -47.612411, -21.269051 ], [ -47.612435, -21.26888 ], [ -47.612523, -21.268572 ], [ -47.612493, -21.268163 ], [ -47.612452, -21.268055 ], [ -47.612309, -21.267853 ], [ -47.611952, -21.267494 ], [ -47.611824, -21.267312 ], [ -47.611703, -21.26706 ], [ -47.611669, -21.266907 ], [ -47.611663, -21.266556 ], [ -47.611788, -21.266146 ], [ -47.611816, -21.265955 ], [ -47.611757, -21.26573 ], [ -47.611636, -21.265499 ], [ -47.611701, -21.265183 ], [ -47.612186, -21.264418 ], [ -47.612329, -21.264123 ], [ -47.612386, -21.263866 ], [ -47.612373, -21.263582 ], [ -47.612243, -21.263292 ], [ -47.611948, -21.262888 ], [ -47.611843, -21.262686 ], [ -47.611793, -21.262482 ], [ -47.611779, -21.262103 ], [ -47.611666, -21.261923 ], [ -47.611485, -21.261758 ], [ -47.611309, -21.261505 ], [ -47.611, -21.260722 ], [ -47.610887, -21.260504 ], [ -47.610488, -21.260044 ], [ -47.610369, -21.259848 ], [ -47.610255, -21.259077 ], [ -47.610188, -21.258866 ], [ -47.610027, -21.258569 ], [ -47.6098863, -21.2578177 ], [ -47.609519, -21.257118 ], [ -47.609348, -21.256676 ], [ -47.609179, -21.256371 ], [ -47.608709, -21.255795 ], [ -47.608414, -21.255376 ], [ -47.607524, -21.254648 ], [ -47.607345, -21.255466 ], [ -47.606922, -21.256384 ], [ -47.606769, -21.256562 ], [ -47.606201, -21.257023 ], [ -47.606018, -21.257253 ], [ -47.605657, -21.257922 ], [ -47.605419, -21.258159 ], [ -47.605018, -21.258778 ], [ -47.604711, -21.259513 ], [ -47.604416, -21.259998 ], [ -47.604226, -21.260214 ], [ -47.603681, -21.260689 ], [ -47.60321, -21.26136 ], [ -47.602849, -21.261629 ], [ -47.602558, -21.261889 ], [ -47.602429, -21.262072 ], [ -47.602428, -21.262453 ], [ -47.602362, -21.262686 ], [ -47.602309, -21.26276 ], [ -47.602024, -21.262955 ], [ -47.601512, -21.263109 ], [ -47.601305, -21.263286 ], [ -47.601117, -21.263619 ], [ -47.600659, -21.264078 ], [ -47.60052, -21.264613 ], [ -47.60052, -21.264638 ], [ -47.599985, -21.264881 ], [ -47.599342, -21.264969 ], [ -47.598585, -21.265139 ], [ -47.598082, -21.265252 ], [ -47.59758, -21.265471 ], [ -47.596886, -21.265929 ], [ -47.596333, -21.266411 ], [ -47.595784, -21.267183 ], [ -47.595183, -21.268088 ], [ -47.594695, -21.269121 ], [ -47.594397, -21.269759 ], [ -47.594073, -21.270448 ], [ -47.593499, -21.271353 ], [ -47.592618, -21.27234 ], [ -47.592043, -21.273243 ], [ -47.591502, -21.274463 ], [ -47.590771, -21.275948 ], [ -47.590466, -21.276217 ], [ -47.590102, -21.276274 ], [ -47.589533, -21.275889 ], [ -47.588937, -21.273897 ], [ -47.588074, -21.272752 ], [ -47.587326, -21.271737 ], [ -47.586724, -21.271061 ], [ -47.586037, -21.270477 ], [ -47.584752, -21.26951 ], [ -47.584004, -21.269202 ], [ -47.583082, -21.268709 ], [ -47.582438, -21.268125 ], [ -47.581257, -21.26694 ], [ -47.579945, -21.265559 ], [ -47.579484, -21.264882 ], [ -47.579218, -21.264201 ], [ -47.579209, -21.263676 ], [ -47.579205, -21.263412 ], [ -47.579421, -21.262855 ], [ -47.579721, -21.262404 ], [ -47.580023, -21.261952 ], [ -47.580268, -21.261527 ], [ -47.580289, -21.261079 ], [ -47.580044, -21.26062 ], [ -47.57948, -21.259949 ], [ -47.579264, -21.259563 ], [ -47.579166, -21.259393 ], [ -47.579004, -21.259202 ], [ -47.578801, -21.25879 ], [ -47.578257, -21.257769 ], [ -47.578061, -21.257235 ], [ -47.577937, -21.256666 ], [ -47.577909, -21.255885 ], [ -47.577982, -21.254753 ], [ -47.578004, -21.254231 ], [ -47.577772, -21.253408 ], [ -47.577971, -21.252333 ], [ -47.578037, -21.251881 ], [ -47.578057, -21.251593 ], [ -47.577998, -21.251524 ], [ -47.577757, -21.251495 ], [ -47.57676, -21.251908 ], [ -47.57633, -21.252023 ], [ -47.576113, -21.252028 ], [ -47.575846, -21.252031 ], [ -47.575353, -21.251888 ], [ -47.57496, -21.251812 ], [ -47.574226, -21.251606 ], [ -47.57383, -21.251509 ], [ -47.573464, -21.251463 ], [ -47.57279, -21.251499 ], [ -47.572144, -21.251667 ], [ -47.57142, -21.251757 ], [ -47.570214, -21.251854 ], [ -47.569344, -21.251973 ], [ -47.568592, -21.251996 ], [ -47.567995, -21.251888 ], [ -47.567565, -21.251692 ], [ -47.566747, -21.25123 ], [ -47.566067, -21.250818 ], [ -47.565651, -21.250366 ], [ -47.565541, -21.249776 ], [ -47.564489, -21.247927 ], [ -47.564058, -21.247097 ], [ -47.563749, -21.245973 ], [ -47.563273, -21.244702 ], [ -47.56247, -21.243447 ], [ -47.561603, -21.242659 ], [ -47.560378, -21.241811 ], [ -47.559445, -21.241357 ], [ -47.5588, -21.240955 ], [ -47.558075, -21.240311 ], [ -47.557407, -21.239505 ], [ -47.557066, -21.23889 ], [ -47.556842, -21.238502 ], [ -47.556702, -21.238167 ], [ -47.556554, -21.237663 ], [ -47.556487, -21.23733 ], [ -47.556477, -21.23704 ], [ -47.556494, -21.236881 ], [ -47.556538, -21.236691 ], [ -47.556519, -21.236474 ], [ -47.55645, -21.236127 ], [ -47.556275, -21.235754 ], [ -47.555926, -21.235294 ], [ -47.555313, -21.234547 ], [ -47.554859, -21.234206 ], [ -47.554181, -21.233568 ], [ -47.553517, -21.232722 ], [ -47.552694, -21.231802 ], [ -47.552125, -21.231116 ], [ -47.551434, -21.230261 ], [ -47.550866, -21.229617 ], [ -47.55035, -21.228335 ], [ -47.55022, -21.2279198 ], [ -47.550088, -21.227498 ], [ -47.54987, -21.226545 ], [ -47.549711, -21.225416 ], [ -47.549744, -21.22459 ], [ -47.549896, -21.223558 ], [ -47.550216, -21.222365 ], [ -47.550433, -21.221477 ], [ -47.550659, -21.220256 ], [ -47.55074, -21.219617 ], [ -47.550685, -21.219096 ], [ -47.550584, -21.218604 ], [ -47.550388, -21.217999 ], [ -47.55011, -21.217133 ], [ -47.549721, -21.215198 ], [ -47.549621, -21.214749 ], [ -47.549459, -21.213476 ], [ -47.549514, -21.212201 ], [ -47.549497, -21.211229 ], [ -47.549516, -21.210475 ], [ -47.549669, -21.20956 ], [ -47.549666, -21.209357 ], [ -47.549641, -21.209167 ], [ -47.549596, -21.208923 ], [ -47.549388, -21.208462 ], [ -47.54885, -21.207746 ], [ -47.548252, -21.207218 ], [ -47.547614, -21.206909 ], [ -47.547101, -21.206786 ], [ -47.5452, -21.205845 ], [ -47.543545, -21.204912 ], [ -47.541626, -21.203912 ], [ -47.540534, -21.203291 ], [ -47.538414, -21.202191 ], [ -47.537528, -21.201944 ], [ -47.536534, -21.201697 ], [ -47.535265, -21.201587 ], [ -47.533192, -21.201472 ], [ -47.531848, -21.201522 ], [ -47.530132, -21.201518 ], [ -47.529141, -21.201403 ], [ -47.528252, -21.200967 ], [ -47.5277629, -21.2005448 ], [ -47.5274167, -21.2009785 ], [ -47.5267372, -21.2016367 ], [ -47.5244015, -21.2047675 ], [ -47.5236076, -21.2055507 ], [ -47.522873, -21.205618 ], [ -47.5221463, -21.2052424 ], [ -47.5208893, -21.20478 ], [ -47.5200954, -21.2047479 ], [ -47.5196582, -21.204893 ], [ -47.5192136, -21.2056033 ], [ -47.5189133, -21.2064494 ], [ -47.5183346, -21.2068983 ], [ -47.5177742, -21.2068401 ], [ -47.5173561, -21.20646 ], [ -47.5172132, -21.2058263 ], [ -47.5172516, -21.2037863 ], [ -47.5168497, -21.2026186 ], [ -47.51605, -21.2021476 ], [ -47.5150612, -21.2019013 ], [ -47.5143792, -21.2019915 ], [ -47.5141227, -21.2020254 ], [ -47.5132912, -21.2024782 ], [ -47.5130658, -21.202937 ], [ -47.5130923, -21.2036967 ], [ -47.5138709, -21.2055035 ], [ -47.5138605, -21.2065099 ], [ -47.5133395, -21.2070275 ], [ -47.5121428, -21.2075418 ], [ -47.5108469, -21.2073961 ], [ -47.5096956, -21.2069854 ], [ -47.5060242, -21.2047829 ], [ -47.5043849, -21.2042698 ], [ -47.5031213, -21.2041361 ], [ -47.5021999, -21.2045494 ], [ -47.5017251, -21.2051766 ], [ -47.5014477, -21.2060487 ], [ -47.5015229, -21.2070134 ], [ -47.5018573, -21.2078936 ], [ -47.5025507, -21.2082815 ], [ -47.5047822, -21.2080849 ], [ -47.5055671, -21.2080158 ], [ -47.5064216, -21.2082678 ], [ -47.5072374, -21.2090091 ], [ -47.5078811, -21.2108154 ], [ -47.5091552, -21.2136309 ], [ -47.5093781, -21.2143929 ], [ -47.5094322, -21.2145781 ], [ -47.5097093, -21.2155254 ], [ -47.5093925, -21.2163717 ], [ -47.5084802, -21.2168978 ], [ -47.5081295, -21.2171001 ], [ -47.5069166, -21.2180038 ], [ -47.5068, -21.2189027 ], [ -47.5070561, -21.2200946 ], [ -47.5077746, -21.2205715 ], [ -47.509236, -21.2205061 ], [ -47.510275, -21.2205791 ], [ -47.5110332, -21.2207447 ], [ -47.5121297, -21.2213943 ], [ -47.5134863, -21.223323 ], [ -47.516346, -21.2248311 ], [ -47.5170209, -21.225665 ], [ -47.5171316, -21.2266364 ], [ -47.516294, -21.2273577 ], [ -47.5147823, -21.2273359 ], [ -47.5133094, -21.2268256 ], [ -47.5110716, -21.225753 ], [ -47.5099324, -21.2255467 ], [ -47.5085208, -21.2255943 ], [ -47.507622, -21.2256246 ], [ -47.5058692, -21.2253418 ], [ -47.5045457, -21.2252714 ], [ -47.5038914, -21.2256805 ], [ -47.5037618, -21.2263479 ], [ -47.504051, -21.2268749 ], [ -47.5049567, -21.2272161 ], [ -47.5063293, -21.2274628 ], [ -47.5075659, -21.2279326 ], [ -47.5089084, -21.2291067 ], [ -47.5097799, -21.2303788 ], [ -47.5103651, -21.231478 ], [ -47.5103319, -21.2321896 ], [ -47.5098695, -21.2327724 ], [ -47.5091681, -21.2332669 ], [ -47.5083543, -21.2332025 ], [ -47.5081337, -21.233185 ], [ -47.5075405, -21.2331381 ], [ -47.5058145, -21.2333183 ], [ -47.5045939, -21.2337345 ], [ -47.5040879, -21.2345412 ], [ -47.5037796, -21.235786 ], [ -47.5038716, -21.2376835 ], [ -47.5039259, -21.2388604 ], [ -47.503525, -21.2402374 ], [ -47.5025434, -21.240918 ], [ -47.5016006, -21.2411974 ], [ -47.5003224, -21.2408617 ], [ -47.4972603, -21.238604 ], [ -47.4959784, -21.2381342 ], [ -47.4950329, -21.2381491 ], [ -47.4928979, -21.2391357 ], [ -47.4918333, -21.2396276 ], [ -47.4912825, -21.2392318 ], [ -47.4905104, -21.2386768 ], [ -47.488914, -21.239107 ], [ -47.4876108, -21.2400844 ], [ -47.4864679, -21.2408558 ], [ -47.485439, -21.2415503 ], [ -47.4848417, -21.2423648 ], [ -47.4843808, -21.2430306 ], [ -47.484353, -21.2430707 ], [ -47.4843384, -21.2431145 ], [ -47.4842648, -21.2433353 ], [ -47.4841358, -21.2437222 ], [ -47.4840816, -21.2441294 ], [ -47.4840273, -21.2445367 ], [ -47.4843358, -21.2452637 ], [ -47.4843446, -21.2453063 ], [ -47.4846456, -21.2467642 ], [ -47.4848572, -21.2469571 ], [ -47.4859878, -21.2479879 ], [ -47.4878965, -21.2491551 ], [ -47.4886284, -21.2491433 ], [ -47.4893603, -21.2491314 ], [ -47.4907211, -21.2485796 ], [ -47.4923004, -21.2470519 ], [ -47.4928556, -21.2462903 ], [ -47.4935119, -21.2460144 ], [ -47.494413, -21.2461344 ], [ -47.4952713, -21.2467866 ], [ -47.4960029, -21.2481927 ], [ -47.4963192, -21.2500943 ], [ -47.4963103, -21.2522656 ], [ -47.4956755, -21.2537819 ], [ -47.4943752, -21.2552367 ], [ -47.4937933, -21.2570175 ], [ -47.4937218, -21.2576208 ], [ -47.493546, -21.2591033 ], [ -47.4935961, -21.2593081 ], [ -47.4939994, -21.2609581 ], [ -47.4949185, -21.2626946 ], [ -47.4954646, -21.2637262 ], [ -47.4964957, -21.2660607 ], [ -47.4976027, -21.267242 ], [ -47.4981405, -21.2684294 ], [ -47.4976845, -21.2693234 ], [ -47.4967009, -21.269825 ], [ -47.4954678, -21.2695772 ], [ -47.4945062, -21.268573 ], [ -47.4939498, -21.2664968 ], [ -47.4928269, -21.264255 ], [ -47.4920602, -21.2636018 ], [ -47.49125, -21.2631688 ], [ -47.4904035, -21.2634051 ], [ -47.490025, -21.2640248 ], [ -47.4896665, -21.2646118 ], [ -47.4887609, -21.2668404 ], [ -47.4877449, -21.2682287 ], [ -47.4867282, -21.2689977 ], [ -47.4859314, -21.2693522 ], [ -47.4856883, -21.2694603 ], [ -47.4851346, -21.2697067 ], [ -47.4838988, -21.2706767 ], [ -47.4830749, -21.2716721 ], [ -47.4824877, -21.2723815 ], [ -47.4822504, -21.2737359 ], [ -47.4822745, -21.2752406 ], [ -47.4825523, -21.2777034 ], [ -47.482506, -21.279121 ], [ -47.4822138, -21.280058 ], [ -47.4815036, -21.2814176 ], [ -47.4803212, -21.2827455 ], [ -47.4764863, -21.2858876 ], [ -47.4763968, -21.2861439 ], [ -47.4763073, -21.2864002 ], [ -47.4764343, -21.2869741 ], [ -47.4767091, -21.2873047 ], [ -47.4773985, -21.2881339 ], [ -47.4794346, -21.2897881 ], [ -47.480972, -21.2912487 ], [ -47.4813158, -21.2920673 ], [ -47.4813141, -21.2921827 ], [ -47.4813123, -21.2922982 ], [ -47.4813047, -21.2927976 ], [ -47.4808491, -21.2938497 ], [ -47.4800386, -21.2947713 ], [ -47.4784241, -21.2957473 ], [ -47.476255, -21.2974416 ], [ -47.4753351, -21.2988065 ], [ -47.4752802, -21.2990961 ], [ -47.4750531, -21.3002949 ], [ -47.4750823, -21.3015326 ], [ -47.4751202, -21.3031316 ], [ -47.4758198, -21.3067378 ], [ -47.4766133, -21.3089203 ], [ -47.4776556, -21.3104337 ], [ -47.4791688, -21.3119626 ], [ -47.4797464, -21.3127076 ], [ -47.4800441, -21.3134345 ], [ -47.4801812, -21.3145212 ], [ -47.4799835, -21.3154996 ], [ -47.4790587, -21.3167754 ], [ -47.4770257, -21.3180461 ], [ -47.4758737, -21.3183963 ], [ -47.4751948, -21.3187602 ], [ -47.474524, -21.3196367 ], [ -47.4744209, -21.3203931 ], [ -47.4739131, -21.32412 ], [ -47.4738888, -21.3254493 ], [ -47.4734973, -21.3288993 ], [ -47.472909, -21.330437 ], [ -47.4722907, -21.3317146 ], [ -47.4704354, -21.3338218 ], [ -47.4689174, -21.3363697 ], [ -47.4674539, -21.3393602 ], [ -47.4666528, -21.3423386 ], [ -47.4660783, -21.3437842 ], [ -47.465927, -21.3441648 ], [ -47.4654917, -21.3447627 ], [ -47.465372, -21.3449272 ], [ -47.4643041, -21.3460507 ], [ -47.4611223, -21.3497899 ], [ -47.4588432, -21.3520835 ], [ -47.4582882, -21.3528458 ], [ -47.4581673, -21.3540869 ], [ -47.4590368, -21.3636941 ], [ -47.4587875, -21.3657158 ], [ -47.4587682, -21.3666074 ], [ -47.458761, -21.367001 ], [ -47.4588337, -21.367491 ], [ -47.4587122, -21.368723 ], [ -47.4588736, -21.3699077 ], [ -47.458789, -21.3704194 ], [ -47.4584321, -21.3710222 ], [ -47.4579188, -21.3714508 ], [ -47.4574033, -21.3717139 ], [ -47.4565672, -21.3725021 ], [ -47.4565437, -21.3727466 ], [ -47.4569586, -21.373462 ], [ -47.4595134, -21.3749704 ], [ -47.4598349, -21.3750548 ], [ -47.4603536, -21.3750021 ], [ -47.4607938, -21.3750839 ], [ -47.4625416, -21.3756891 ], [ -47.4635349, -21.3756638 ], [ -47.4643665, -21.3759288 ], [ -47.4648578, -21.3762535 ], [ -47.4660208, -21.3772675 ], [ -47.4671782, -21.3777168 ], [ -47.4679169, -21.3788357 ], [ -47.4691552, -21.3817798 ], [ -47.4705979, -21.3845555 ], [ -47.471613, -21.3858604 ], [ -47.4719381, -21.3862101 ], [ -47.4727638, -21.3867616 ], [ -47.4734395, -21.3875616 ], [ -47.4739041, -21.3879437 ], [ -47.4756656, -21.388721 ], [ -47.4761639, -21.3893452 ], [ -47.4764158, -21.3895186 ], [ -47.4772259, -21.3896839 ], [ -47.4779392, -21.3899856 ], [ -47.4786511, -21.3899745 ], [ -47.4790073, -21.3901456 ], [ -47.4803726, -21.3918244 ], [ -47.4807437, -21.3920752 ], [ -47.4817861, -21.3921829 ], [ -47.4824593, -21.3928247 ], [ -47.4825942, -21.3930681 ], [ -47.4824728, -21.3937348 ], [ -47.4825369, -21.3939 ], [ -47.4830862, -21.3941576 ], [ -47.4832099, -21.3945229 ], [ -47.4837039, -21.3951568 ], [ -47.4839066, -21.3957642 ], [ -47.4845698, -21.3966087 ], [ -47.484712, -21.3973378 ], [ -47.4849334, -21.397678 ], [ -47.485314, -21.3979516 ], [ -47.4854974, -21.3982122 ], [ -47.4854842, -21.3989442 ], [ -47.4855838, -21.3991989 ], [ -47.4860783, -21.3993888 ], [ -47.4865264, -21.3994268 ], [ -47.48752, -21.4002427 ], [ -47.4877681, -21.4003502 ], [ -47.4879811, -21.4003144 ], [ -47.488448, -21.3999514 ], [ -47.4887329, -21.3994275 ], [ -47.489721, -21.3988248 ], [ -47.4903014, -21.3983412 ], [ -47.4924359, -21.3978771 ], [ -47.4930323, -21.3980313 ], [ -47.493704, -21.3985759 ], [ -47.4942524, -21.3987894 ], [ -47.4951433, -21.3989416 ], [ -47.4968837, -21.3990708 ], [ -47.4973995, -21.3995185 ], [ -47.4979949, -21.3996961 ], [ -47.4986596, -21.3997892 ], [ -47.4992248, -21.3996905 ], [ -47.5005972, -21.3997372 ], [ -47.5010776, -21.3998959 ], [ -47.5016581, -21.3999318 ], [ -47.5026032, -21.3998406 ], [ -47.5028658, -21.3999703 ], [ -47.5038915, -21.4011739 ], [ -47.5043004, -21.4014665 ], [ -47.5045954, -21.4015174 ], [ -47.5053504, -21.4013623 ], [ -47.5062078, -21.4016155 ], [ -47.5066689, -21.4016657 ], [ -47.5089952, -21.4012501 ], [ -47.5107092, -21.4010824 ], [ -47.5123665, -21.4011696 ], [ -47.5141844, -21.4016189 ], [ -47.5151431, -21.401681 ], [ -47.5169928, -21.4015858 ], [ -47.5199078, -21.4018265 ], [ -47.5209063, -21.402078 ], [ -47.523495, -21.4030836 ], [ -47.5262179, -21.4044611 ], [ -47.5299477, -21.4065775 ], [ -47.5333434, -21.4086559 ], [ -47.5365084, -21.4109995 ], [ -47.5387144, -21.412784 ], [ -47.540438, -21.4137788 ], [ -47.5415304, -21.4139825 ], [ -47.5425708, -21.4138776 ], [ -47.543707, -21.4135283 ], [ -47.5444785, -21.4130635 ], [ -47.5456707, -21.412844 ], [ -47.547703, -21.4119375 ], [ -47.5501889, -21.4103984 ], [ -47.5510219, -21.4100069 ], [ -47.552324, -21.4087362 ], [ -47.5533102, -21.4080862 ], [ -47.5534825, -21.4078789 ], [ -47.5537167, -21.4070545 ], [ -47.5541095, -21.4065499 ], [ -47.5562492, -21.4043871 ], [ -47.5563168, -21.4034655 ], [ -47.556472, -21.4027882 ], [ -47.5566882, -21.4023075 ], [ -47.5570114, -21.4019593 ], [ -47.5574698, -21.4017198 ], [ -47.5588747, -21.4014453 ], [ -47.5594746, -21.4012139 ], [ -47.5601627, -21.4006037 ], [ -47.5607373, -21.3996746 ], [ -47.5616607, -21.3990886 ], [ -47.5622631, -21.3984482 ], [ -47.5628125, -21.3980719 ], [ -47.5647391, -21.3972348 ], [ -47.5653162, -21.3963587 ], [ -47.5664962, -21.3953574 ], [ -47.5680818, -21.3934725 ], [ -47.5690398, -21.392691 ], [ -47.5693498, -21.3922461 ], [ -47.5704831, -21.3912951 ], [ -47.5717873, -21.3897941 ], [ -47.5739207, -21.3877808 ], [ -47.5742932, -21.3873194 ], [ -47.5744874, -21.3868971 ], [ -47.574729, -21.3858114 ], [ -47.5758521, -21.3844086 ], [ -47.576032, -21.3838725 ], [ -47.5760573, -21.3819505 ], [ -47.5762868, -21.3814046 ], [ -47.5770948, -21.3800356 ], [ -47.5775931, -21.3786612 ], [ -47.5782718, -21.3775327 ], [ -47.5784631, -21.3769988 ], [ -47.5786184, -21.3763619 ], [ -47.5786955, -21.3753715 ], [ -47.5787477, -21.3736726 ], [ -47.5786329, -21.3731648 ], [ -47.5786862, -21.3729187 ], [ -47.5792832, -21.3717799 ], [ -47.5796762, -21.3704958 ], [ -47.5814289, -21.3682188 ], [ -47.5818395, -21.3678785 ], [ -47.5822596, -21.3676715 ], [ -47.5835348, -21.3674188 ], [ -47.583963, -21.3672256 ], [ -47.5850138, -21.366345 ], [ -47.5950514, -21.3656862 ], [ -47.5951919, -21.3656773 ], [ -47.59529, -21.3656711 ] ] ] ] } },
{ "type": "Feature", "properties": { "CD_MUN": "3513108", "NM_MUN": "Cravinhos", "CD_RGI": "350031", "NM_RGI": "Ribeirão Preto", "CD_RGINT": "3508", "NM_RGINT": "Ribeirão Preto", "CD_UF": "35", "NM_UF": "São Paulo", "SIGLA_UF": "SP", "CD_REGIA": "3", "NM_REGIA": "Sudeste", "SIGLA_RG": "SE", "CD_CONCU": "3543402", "NM_CONCU": "Ribeirão Preto/SP", "AREA_KM2": 311.423 }, "geometry": { "type": "MultiPolygon", "coordinates": [ [ [ [ -47.7594219, -21.2793596 ], [ -47.759191, -21.279066 ], [ -47.758671, -21.278082 ], [ -47.757774, -21.276166 ], [ -47.757569, -21.275102 ], [ -47.75753, -21.274832 ], [ -47.757728, -21.273034 ], [ -47.757846, -21.272623 ], [ -47.757807, -21.272311 ], [ -47.757731, -21.27202 ], [ -47.7575982, -21.2718458 ], [ -47.757403, -21.271752 ], [ -47.757229, -21.271697 ], [ -47.757055, -21.271596 ], [ -47.75645, -21.271034 ], [ -47.7560042, -21.2708108 ], [ -47.7559083, -21.2707624 ], [ -47.75577, -21.270693 ], [ -47.755388, -21.27042 ], [ -47.754725, -21.270094 ], [ -47.753861, -21.269932 ], [ -47.753339, -21.269602 ], [ -47.75329, -21.269544 ], [ -47.753227, -21.269546 ], [ -47.753211, -21.269501 ], [ -47.75296, -21.269447 ], [ -47.75227, -21.269429 ], [ -47.751897, -21.269553 ], [ -47.7514, -21.269766 ], [ -47.750868, -21.269805 ], [ -47.750837, -21.269775 ], [ -47.750356, -21.269634 ], [ -47.750208, -21.269592 ], [ -47.750097, -21.269563 ], [ -47.749334, -21.269524 ], [ -47.748863, -21.269356 ], [ -47.747788, -21.268871 ], [ -47.74647, -21.267922 ], [ -47.74592, -21.267661 ], [ -47.744966, -21.267435 ], [ -47.744464, -21.267217 ], [ -47.744157, -21.267003 ], [ -47.743981, -21.266744 ], [ -47.743835, -21.266432 ], [ -47.743607, -21.266298 ], [ -47.743342, -21.266324 ], [ -47.743046, -21.266263 ], [ -47.742304, -21.265778 ], [ -47.741866, -21.265581 ], [ -47.741349, -21.265466 ], [ -47.740503, -21.265188 ], [ -47.740082, -21.265129 ], [ -47.739708, -21.265135 ], [ -47.738947, -21.265242 ], [ -47.738168, -21.265189 ], [ -47.737841, -21.265194 ], [ -47.737407, -21.265282 ], [ -47.737191, -21.265358 ], [ -47.736638, -21.265695 ], [ -47.736391, -21.265753 ], [ -47.736183, -21.265571 ], [ -47.735919, -21.265175 ], [ -47.735768, -21.265067 ], [ -47.735282, -21.264864 ], [ -47.734999, -21.264686 ], [ -47.734407, -21.264688 ], [ -47.734134, -21.26462 ], [ -47.733494, -21.264135 ], [ -47.733031, -21.263937 ], [ -47.732649, -21.263498 ], [ -47.732586, -21.263434 ], [ -47.732305, -21.263168 ], [ -47.732332, -21.262781 ], [ -47.732284, -21.262694 ], [ -47.732205, -21.262637 ], [ -47.731939, -21.262539 ], [ -47.731778, -21.262279 ], [ -47.731775, -21.262053 ], [ -47.731708, -21.261878 ], [ -47.731526, -21.261656 ], [ -47.731469, -21.261532 ], [ -47.731398, -21.261038 ], [ -47.731151, -21.260808 ], [ -47.730901, -21.260286 ], [ -47.730717, -21.260021 ], [ -47.730393, -21.259778 ], [ -47.730113, -21.259352 ], [ -47.729639, -21.258929 ], [ -47.729366, -21.258554 ], [ -47.729027, -21.258261 ], [ -47.728671, -21.257944 ], [ -47.72835, -21.257453 ], [ -47.728171, -21.257019 ], [ -47.727809, -21.256412 ], [ -47.727676, -21.255931 ], [ -47.727605, -21.255466 ], [ -47.72754, -21.255292 ], [ -47.727053, -21.25468 ], [ -47.726917, -21.254448 ], [ -47.72687, -21.25442 ], [ -47.726821, -21.254252 ], [ -47.726545, -21.253644 ], [ -47.726424, -21.253463 ], [ -47.726265, -21.253306 ], [ -47.72597, -21.252865 ], [ -47.725663, -21.252294 ], [ -47.725575, -21.252186 ], [ -47.725558, -21.252113 ], [ -47.725122, -21.251668 ], [ -47.72477, -21.251442 ], [ -47.724617, -21.251284 ], [ -47.724576, -21.251239 ], [ -47.724458, -21.251132 ], [ -47.72434, -21.251018 ], [ -47.724237, -21.250923 ], [ -47.724126, -21.250839 ], [ -47.724023, -21.250737 ], [ -47.723842, -21.250467 ], [ -47.723787, -21.250365 ], [ -47.723627, -21.250146 ], [ -47.723505, -21.249997 ], [ -47.723196, -21.249761 ], [ -47.723099, -21.249653 ], [ -47.721975, -21.248693 ], [ -47.72163, -21.248256 ], [ -47.721207, -21.247867 ], [ -47.719041, -21.246084 ], [ -47.718366, -21.245655 ], [ -47.717295, -21.245032 ], [ -47.716995, -21.244941 ], [ -47.716582, -21.244905 ], [ -47.7156479, -21.2442991 ], [ -47.715395, -21.244135 ], [ -47.715101, -21.243906 ], [ -47.714821, -21.243615 ], [ -47.714483, -21.243143 ], [ -47.714148, -21.242847 ], [ -47.713371, -21.242403 ], [ -47.712981, -21.242108 ], [ -47.712182, -21.241723 ], [ -47.711804, -21.241604 ], [ -47.711284, -21.241576 ], [ -47.711079, -21.241528 ], [ -47.710929, -21.241376 ], [ -47.710739, -21.241261 ], [ -47.710391, -21.24112 ], [ -47.710237, -21.240946 ], [ -47.710174, -21.240804 ], [ -47.710193, -21.240701 ], [ -47.709916, -21.240502 ], [ -47.709666, -21.240492 ], [ -47.70953, -21.240428 ], [ -47.70937, -21.240261 ], [ -47.709267, -21.240197 ], [ -47.709046, -21.240133 ], [ -47.708807, -21.239924 ], [ -47.708676, -21.239618 ], [ -47.708524, -21.239457 ], [ -47.70842, -21.239401 ], [ -47.708216, -21.239346 ], [ -47.708025, -21.239231 ], [ -47.707879, -21.238932 ], [ -47.707656, -21.238788 ], [ -47.707333, -21.238705 ], [ -47.706977, -21.238505 ], [ -47.706501, -21.238182 ], [ -47.705866, -21.237809 ], [ -47.705491, -21.237491 ], [ -47.705414, -21.237361 ], [ -47.705311, -21.237189 ], [ -47.705259, -21.23694 ], [ -47.705062, -21.236549 ], [ -47.704842, -21.236258 ], [ -47.704549, -21.235679 ], [ -47.704393, -21.235467 ], [ -47.703986, -21.235125 ], [ -47.70371, -21.23504 ], [ -47.703245, -21.234672 ], [ -47.702763, -21.234117 ], [ -47.702512, -21.233432 ], [ -47.702409, -21.233238 ], [ -47.702379, -21.233237 ], [ -47.702242, -21.233033 ], [ -47.701799, -21.23254 ], [ -47.701275, -21.231727 ], [ -47.701201, -21.231529 ], [ -47.701139, -21.231075 ], [ -47.701008, -21.23079 ], [ -47.7009175, -21.2306874 ], [ -47.700438, -21.230144 ], [ -47.700446, -21.230093 ], [ -47.700407, -21.230071 ], [ -47.700156, -21.229615 ], [ -47.699322, -21.229101 ], [ -47.698877, -21.228669 ], [ -47.698723, -21.228297 ], [ -47.698559, -21.226887 ], [ -47.698351, -21.226625 ], [ -47.697857, -21.226261 ], [ -47.697672, -21.226077 ], [ -47.697554, -21.225908 ], [ -47.6973061, -21.2254214 ], [ -47.697228, -21.225268 ], [ -47.69695, -21.225074 ], [ -47.69672, -21.225003 ], [ -47.696406, -21.224987 ], [ -47.695796, -21.225055 ], [ -47.695639, -21.225035 ], [ -47.694849, -21.224732 ], [ -47.694377, -21.224673 ], [ -47.693809, -21.224506 ], [ -47.693443, -21.22429 ], [ -47.692651, -21.223606 ], [ -47.691722, -21.222665 ], [ -47.691036, -21.22211 ], [ -47.690713, -21.221981 ], [ -47.690311, -21.221958 ], [ -47.689294, -21.222151 ], [ -47.688881, -21.222167 ], [ -47.68824, -21.222035 ], [ -47.687913, -21.221853 ], [ -47.687596, -21.221723 ], [ -47.687068, -21.22171 ], [ -47.68655, -21.221597 ], [ -47.685927, -21.221376 ], [ -47.685588, -21.221177 ], [ -47.685161, -21.220333 ], [ -47.684704, -21.21958 ], [ -47.684325, -21.21913 ], [ -47.683714, -21.218541 ], [ -47.6832, -21.218255 ], [ -47.682883, -21.218127 ], [ -47.68273, -21.218089 ], [ -47.682576, -21.218047 ], [ -47.682403, -21.218046 ], [ -47.682177, -21.218117 ], [ -47.681987, -21.218281 ], [ -47.681728, -21.218687 ], [ -47.681582, -21.218888 ], [ -47.68145, -21.219071 ], [ -47.681296, -21.219194 ], [ -47.681169, -21.219253 ], [ -47.681059, -21.219247 ], [ -47.680871, -21.219198 ], [ -47.67988, -21.218141 ], [ -47.679683, -21.218001 ], [ -47.679525, -21.217945 ], [ -47.679303, -21.217921 ], [ -47.679225, -21.217913 ], [ -47.679071, -21.21792 ], [ -47.678783, -21.217932 ], [ -47.677883, -21.217971 ], [ -47.677433, -21.217808 ], [ -47.676986, -21.217878 ], [ -47.676757, -21.217819 ], [ -47.676443, -21.217645 ], [ -47.67609, -21.217525 ], [ -47.67556, -21.217185 ], [ -47.675433, -21.217062 ], [ -47.675019, -21.216846 ], [ -47.674738, -21.216805 ], [ -47.674536, -21.216738 ], [ -47.674334, -21.216597 ], [ -47.674159, -21.21643 ], [ -47.674049, -21.216173 ], [ -47.673789, -21.215704 ], [ -47.673672, -21.215561 ], [ -47.673402, -21.21536 ], [ -47.672882, -21.215082 ], [ -47.672419, -21.214723 ], [ -47.672161, -21.21445 ], [ -47.67192, -21.214267 ], [ -47.670952, -21.213969 ], [ -47.670663, -21.213803 ], [ -47.670528, -21.213672 ], [ -47.670435, -21.213513 ], [ -47.670331, -21.213068 ], [ -47.670219, -21.212918 ], [ -47.670218, -21.212917 ], [ -47.670117, -21.212785 ], [ -47.669798, -21.212575 ], [ -47.669008, -21.212302 ], [ -47.668672, -21.212138 ], [ -47.668364, -21.211945 ], [ -47.668029, -21.211639 ], [ -47.667819, -21.211283 ], [ -47.667745, -21.211077 ], [ -47.667665, -21.210594 ], [ -47.667666, -21.210196 ], [ -47.667558, -21.209685 ], [ -47.667545, -21.209247 ], [ -47.667468, -21.208677 ], [ -47.667408, -21.208516 ], [ -47.66698, -21.208033 ], [ -47.666867, -21.207811 ], [ -47.666872, -21.207578 ], [ -47.6668687, -21.207557 ], [ -47.666841, -21.207382 ], [ -47.666913, -21.205809 ], [ -47.666864, -21.205506 ], [ -47.666552, -21.204599 ], [ -47.666452, -21.204066 ], [ -47.666341, -21.203719 ], [ -47.6662935, -21.2034031 ], [ -47.666227, -21.202961 ], [ -47.665951, -21.20192 ], [ -47.665718, -21.201226 ], [ -47.665537, -21.200389 ], [ -47.665327, -21.200024 ], [ -47.665333, -21.199966 ], [ -47.665171, -21.199787 ], [ -47.664616, -21.199398 ], [ -47.663809, -21.198999 ], [ -47.663399, -21.198844 ], [ -47.663004, -21.198629 ], [ -47.6622393, -21.1981167 ], [ -47.661053, -21.197322 ], [ -47.66084, -21.197175 ], [ -47.660704, -21.197016 ], [ -47.660402, -21.196422 ], [ -47.660141, -21.196185 ], [ -47.659442, -21.196008 ], [ -47.659192, -21.195833 ], [ -47.659131, -21.195801 ], [ -47.659156, -21.195971 ], [ -47.65925, -21.196191 ], [ -47.659446, -21.196411 ], [ -47.659704, -21.196782 ], [ -47.660056, -21.197375 ], [ -47.66047, -21.198238 ], [ -47.660857, -21.199233 ], [ -47.661127, -21.200109 ], [ -47.66169, -21.202093 ], [ -47.662201, -21.203859 ], [ -47.662559, -21.205408 ], [ -47.662834, -21.206831 ], [ -47.663047, -21.207916 ], [ -47.663146, -21.208906 ], [ -47.6632514, -21.2096002 ], [ -47.66336, -21.210315 ], [ -47.66346, -21.211218 ], [ -47.663459, -21.212013 ], [ -47.663478, -21.213071 ], [ -47.663245, -21.214075 ], [ -47.662765, -21.215288 ], [ -47.662253, -21.216502 ], [ -47.661637, -21.217923 ], [ -47.661098, -21.219328 ], [ -47.660817, -21.220347 ], [ -47.660694, -21.221304 ], [ -47.660664, -21.222247 ], [ -47.660678, -21.223024 ], [ -47.660805, -21.224007 ], [ -47.661189, -21.225236 ], [ -47.662057, -21.226502 ], [ -47.662859, -21.227416 ], [ -47.663403, -21.228025 ], [ -47.665036, -21.229851 ], [ -47.666205, -21.231289 ], [ -47.667373, -21.232565 ], [ -47.668554, -21.23351 ], [ -47.671821, -21.236773 ], [ -47.672802, -21.23776 ], [ -47.674019, -21.238945 ], [ -47.675381, -21.240463 ], [ -47.67573, -21.241707 ], [ -47.67561, -21.242895 ], [ -47.675622, -21.243552 ], [ -47.67577, -21.243946 ], [ -47.676379, -21.244612 ], [ -47.67781, -21.245306 ], [ -47.678444, -21.245487 ], [ -47.678942, -21.245914 ], [ -47.679183, -21.246349 ], [ -47.679225, -21.246973 ], [ -47.679028, -21.247419 ], [ -47.678721, -21.247627 ], [ -47.67807, -21.247975 ], [ -47.677313, -21.248405 ], [ -47.6764, -21.248852 ], [ -47.675327, -21.249274 ], [ -47.674513, -21.249611 ], [ -47.673683, -21.249922 ], [ -47.672708, -21.250366 ], [ -47.672501, -21.250572 ], [ -47.672303, -21.250735 ], [ -47.672037, -21.250906 ], [ -47.671691, -21.251039 ], [ -47.671173, -21.251173 ], [ -47.670634, -21.251255 ], [ -47.670055, -21.251245 ], [ -47.669186, -21.251223 ], [ -47.668199, -21.25104 ], [ -47.667791, -21.250955 ], [ -47.667141, -21.250542 ], [ -47.666947, -21.250365 ], [ -47.666562, -21.250016 ], [ -47.665961, -21.249599 ], [ -47.664896, -21.24889 ], [ -47.663437, -21.248091 ], [ -47.662796, -21.247972 ], [ -47.662363, -21.247891 ], [ -47.661807, -21.247959 ], [ -47.661377, -21.24811 ], [ -47.660919, -21.248407 ], [ -47.66034, -21.248909 ], [ -47.659461, -21.249938 ], [ -47.658984, -21.250365 ], [ -47.658635, -21.250903 ], [ -47.658129, -21.252019 ], [ -47.658162, -21.25296 ], [ -47.658191, -21.253786 ], [ -47.658342, -21.254407 ], [ -47.65849, -21.254897 ], [ -47.658577, -21.25549 ], [ -47.658509, -21.25597 ], [ -47.658314, -21.256394 ], [ -47.657878, -21.25701 ], [ -47.657332, -21.257626 ], [ -47.6570585, -21.2578845 ], [ -47.6570095, -21.2579308 ], [ -47.6569806, -21.2579582 ], [ -47.6569539, -21.2579834 ], [ -47.6569218, -21.2580137 ], [ -47.656785, -21.258143 ], [ -47.656203, -21.258543 ], [ -47.65504, -21.259185 ], [ -47.654351, -21.259587 ], [ -47.654124, -21.259837 ], [ -47.654067, -21.26003 ], [ -47.654019, -21.260082 ], [ -47.65378, -21.260097 ], [ -47.653634, -21.260161 ], [ -47.653592, -21.260207 ], [ -47.653648, -21.260453 ], [ -47.653696, -21.260918 ], [ -47.653827, -21.261081 ], [ -47.654096, -21.261153 ], [ -47.654183, -21.26122 ], [ -47.654224, -21.261311 ], [ -47.654163, -21.261636 ], [ -47.654263, -21.261837 ], [ -47.654393, -21.261935 ], [ -47.654459, -21.262078 ], [ -47.65443, -21.262254 ], [ -47.654276, -21.262423 ], [ -47.65415, -21.262513 ], [ -47.653845, -21.262535 ], [ -47.653703, -21.262602 ], [ -47.653705, -21.262675 ], [ -47.653816, -21.262816 ], [ -47.653835, -21.262893 ], [ -47.653806, -21.263067 ], [ -47.653885, -21.263138 ], [ -47.654165, -21.263127 ], [ -47.654217, -21.263192 ], [ -47.6542, -21.263289 ], [ -47.654019, -21.263495 ], [ -47.653601, -21.263704 ], [ -47.653526, -21.263783 ], [ -47.653478, -21.263934 ], [ -47.653456, -21.264159 ], [ -47.653394, -21.264212 ], [ -47.653075, -21.264252 ], [ -47.65304, -21.264392 ], [ -47.653271, -21.264719 ], [ -47.653285, -21.264802 ], [ -47.653249, -21.264945 ], [ -47.653087, -21.26511 ], [ -47.652783, -21.265288 ], [ -47.652621, -21.265489 ], [ -47.652599, -21.265644 ], [ -47.652714, -21.266199 ], [ -47.652732, -21.266593 ], [ -47.652886, -21.267357 ], [ -47.652972, -21.267522 ], [ -47.653194, -21.267806 ], [ -47.653247, -21.267955 ], [ -47.653236, -21.268074 ], [ -47.653158, -21.268129 ], [ -47.653068, -21.26813 ], [ -47.652868, -21.268031 ], [ -47.652743, -21.268076 ], [ -47.652699, -21.268179 ], [ -47.652691, -21.268453 ], [ -47.652537, -21.268749 ], [ -47.652574, -21.269029 ], [ -47.652525, -21.26912 ], [ -47.652262, -21.269093 ], [ -47.652137, -21.269149 ], [ -47.652086, -21.26921 ], [ -47.652082, -21.269318 ], [ -47.652157, -21.269543 ], [ -47.652132, -21.269646 ], [ -47.652154, -21.269819 ], [ -47.652295, -21.270027 ], [ -47.652298, -21.27011 ], [ -47.652235, -21.270171 ], [ -47.651681, -21.270287 ], [ -47.6515, -21.270458 ], [ -47.651457, -21.270578 ], [ -47.651484, -21.270721 ], [ -47.651637, -21.270987 ], [ -47.651633, -21.271095 ], [ -47.651583, -21.27118 ], [ -47.651382, -21.271374 ], [ -47.651127, -21.271923 ], [ -47.651135, -21.27221 ], [ -47.651343, -21.272415 ], [ -47.651371, -21.27254 ], [ -47.651281, -21.272877 ], [ -47.651331, -21.273139 ], [ -47.651306, -21.27327 ], [ -47.65121, -21.273421 ], [ -47.651014, -21.273562 ], [ -47.650345, -21.273579 ], [ -47.65027, -21.273627 ], [ -47.650227, -21.273705 ], [ -47.650234, -21.273789 ], [ -47.650365, -21.273985 ], [ -47.65073, -21.274368 ], [ -47.650789, -21.274511 ], [ -47.650793, -21.274726 ], [ -47.650711, -21.27511 ], [ -47.650743, -21.27527 ], [ -47.650809, -21.275377 ], [ -47.651169, -21.275557 ], [ -47.651204, -21.27573 ], [ -47.651166, -21.275821 ], [ -47.651061, -21.2759 ], [ -47.650832, -21.275999 ], [ -47.650757, -21.276078 ], [ -47.650742, -21.276299 ], [ -47.650818, -21.276621 ], [ -47.650823, -21.27692 ], [ -47.650679, -21.277293 ], [ -47.650682, -21.277395 ], [ -47.650813, -21.277548 ], [ -47.651031, -21.277651 ], [ -47.651059, -21.277717 ], [ -47.651027, -21.277813 ], [ -47.650828, -21.278069 ], [ -47.650829, -21.278164 ], [ -47.651019, -21.278388 ], [ -47.651042, -21.278604 ], [ -47.651178, -21.278774 ], [ -47.651191, -21.279283 ], [ -47.651348, -21.279483 ], [ -47.651388, -21.279584 ], [ -47.6515639, -21.2802956 ], [ -47.6518685, -21.2806801 ], [ -47.6517552, -21.280915 ], [ -47.6518175, -21.2811475 ], [ -47.6519594, -21.2811214 ], [ -47.6520801, -21.2812086 ], [ -47.6522626, -21.2815625 ], [ -47.6527081, -21.2819209 ], [ -47.6529412, -21.2823315 ], [ -47.6529307, -21.2824624 ], [ -47.6528246, -21.2825079 ], [ -47.6523622, -21.2824725 ], [ -47.6522219, -21.2825743 ], [ -47.6522378, -21.2826747 ], [ -47.6529004, -21.2831661 ], [ -47.6527257, -21.2833259 ], [ -47.6527662, -21.283616 ], [ -47.6525564, -21.2837637 ], [ -47.6529543, -21.284176 ], [ -47.6528559, -21.2846686 ], [ -47.6530886, -21.2850199 ], [ -47.6529586, -21.28571 ], [ -47.6531798, -21.2861948 ], [ -47.6530881, -21.2863748 ], [ -47.6532485, -21.2867054 ], [ -47.6531675, -21.2869065 ], [ -47.6532177, -21.2870612 ], [ -47.6535536, -21.2872338 ], [ -47.6537311, -21.2878599 ], [ -47.6540173, -21.2879327 ], [ -47.6541491, -21.2880743 ], [ -47.6542454, -21.2888179 ], [ -47.6546036, -21.2889878 ], [ -47.6548937, -21.2893043 ], [ -47.655216, -21.2894135 ], [ -47.6558424, -21.2893363 ], [ -47.6560365, -21.2895989 ], [ -47.6564399, -21.2896599 ], [ -47.6564993, -21.2897808 ], [ -47.6564328, -21.289959 ], [ -47.6565665, -21.2901016 ], [ -47.6567793, -21.2900206 ], [ -47.6568758, -21.2900638 ], [ -47.6569396, -21.2903736 ], [ -47.6570342, -21.2904383 ], [ -47.6574037, -21.2900773 ], [ -47.6576287, -21.2900938 ], [ -47.6592195, -21.291003 ], [ -47.6593685, -21.2920462 ], [ -47.6588436, -21.2924976 ], [ -47.6590648, -21.292826 ], [ -47.6593861, -21.2929351 ], [ -47.6592377, -21.2933351 ], [ -47.6592754, -21.2934462 ], [ -47.6595495, -21.2935086 ], [ -47.6594262, -21.2939319 ], [ -47.6597761, -21.294249 ], [ -47.6598139, -21.2944023 ], [ -47.6591555, -21.2946627 ], [ -47.6590065, -21.2949196 ], [ -47.6590437, -21.295019 ], [ -47.6595427, -21.2951465 ], [ -47.6595107, -21.2959779 ], [ -47.659746, -21.2965603 ], [ -47.6601171, -21.29679 ], [ -47.6599146, -21.2973281 ], [ -47.6602657, -21.297798 ], [ -47.6601336, -21.298311 ], [ -47.6602334, -21.2986141 ], [ -47.6601553, -21.2988818 ], [ -47.6602669, -21.2990901 ], [ -47.6608127, -21.299205 ], [ -47.6608388, -21.2993381 ], [ -47.6601377, -21.2998504 ], [ -47.6601515, -21.2999795 ], [ -47.6605231, -21.3002874 ], [ -47.6605396, -21.3004633 ], [ -47.6602043, -21.300948 ], [ -47.6601948, -21.3011005 ], [ -47.6602544, -21.3011832 ], [ -47.660426, -21.3014211 ], [ -47.6604063, -21.3015876 ], [ -47.6601521, -21.3019584 ], [ -47.6601455, -21.3022692 ], [ -47.6602319, -21.3024784 ], [ -47.6604954, -21.3026537 ], [ -47.6606781, -21.3029141 ], [ -47.6608845, -21.3032949 ], [ -47.6609155, -21.3036045 ], [ -47.6603669, -21.303957 ], [ -47.6604167, -21.30419 ], [ -47.6606571, -21.304386 ], [ -47.6600794, -21.3058398 ], [ -47.6601583, -21.3063156 ], [ -47.6603169, -21.3066183 ], [ -47.6604756, -21.3069209 ], [ -47.6604559, -21.3070434 ], [ -47.6602667, -21.3070462 ], [ -47.6600851, -21.3068272 ], [ -47.6597671, -21.3069321 ], [ -47.6599047, -21.3073653 ], [ -47.6597743, -21.3086461 ], [ -47.6592783, -21.3092766 ], [ -47.6592673, -21.3094425 ], [ -47.6593043, -21.3095221 ], [ -47.6594403, -21.309815 ], [ -47.6593873, -21.3100827 ], [ -47.6587687, -21.3106727 ], [ -47.6586554, -21.3109516 ], [ -47.6586777, -21.3115531 ], [ -47.6584538, -21.312272 ], [ -47.6586956, -21.3124798 ], [ -47.6586412, -21.3128248 ], [ -47.6587277, -21.3130789 ], [ -47.6584416, -21.3135609 ], [ -47.6585869, -21.3137488 ], [ -47.6584732, -21.3140368 ], [ -47.6587035, -21.3142891 ], [ -47.6586823, -21.3144447 ], [ -47.6584498, -21.3146913 ], [ -47.6585252, -21.3149109 ], [ -47.6586689, -21.3150232 ], [ -47.6586363, -21.3151991 ], [ -47.6580354, -21.3153303 ], [ -47.6578974, -21.3154897 ], [ -47.6577869, -21.3160151 ], [ -47.6575168, -21.3162387 ], [ -47.6577365, -21.3166255 ], [ -47.6576222, -21.3167264 ], [ -47.6572919, -21.3167805 ], [ -47.6572451, -21.3169038 ], [ -47.6575111, -21.3171106 ], [ -47.657531, -21.3174099 ], [ -47.6572009, -21.3176367 ], [ -47.6571435, -21.3177829 ], [ -47.6573284, -21.3181701 ], [ -47.6573614, -21.3186569 ], [ -47.6575169, -21.3187436 ], [ -47.6575681, -21.318964 ], [ -47.6573235, -21.3192228 ], [ -47.6572266, -21.3197253 ], [ -47.656911, -21.3199967 ], [ -47.6569436, -21.3203827 ], [ -47.6566994, -21.3206756 ], [ -47.6567183, -21.3211547 ], [ -47.6564881, -21.3215039 ], [ -47.6564731, -21.3219852 ], [ -47.6559834, -21.3224029 ], [ -47.6559068, -21.3227021 ], [ -47.6560555, -21.3230341 ], [ -47.6561083, -21.3234874 ], [ -47.6562696, -21.323774 ], [ -47.6559922, -21.3241672 ], [ -47.6556625, -21.3242726 ], [ -47.6556403, -21.3243842 ], [ -47.6556689, -21.3245498 ], [ -47.6561135, -21.3249324 ], [ -47.65588, -21.3252024 ], [ -47.655851, -21.3255169 ], [ -47.6556541, -21.3258304 ], [ -47.655883, -21.3260269 ], [ -47.6559815, -21.3262473 ], [ -47.6559547, -21.3267804 ], [ -47.6557713, -21.3271844 ], [ -47.6558259, -21.3274157 ], [ -47.6557449, -21.3275502 ], [ -47.6554834, -21.327642 ], [ -47.6555052, -21.3280744 ], [ -47.6549858, -21.3284855 ], [ -47.6549654, -21.3293389 ], [ -47.6544441, -21.3295018 ], [ -47.6541252, -21.3300077 ], [ -47.6543062, -21.3302159 ], [ -47.654253, -21.3305772 ], [ -47.6537672, -21.3311487 ], [ -47.653763, -21.3315819 ], [ -47.6539841, -21.3320227 ], [ -47.6538713, -21.3324023 ], [ -47.653938, -21.3328013 ], [ -47.6534936, -21.3331065 ], [ -47.6533961, -21.3335533 ], [ -47.6531721, -21.3336015 ], [ -47.6531142, -21.3337594 ], [ -47.6532476, -21.334044 ], [ -47.6531684, -21.3341345 ], [ -47.652861, -21.3340825 ], [ -47.6527659, -21.3342075 ], [ -47.6527601, -21.3344519 ], [ -47.6525004, -21.3345464 ], [ -47.6524806, -21.3346688 ], [ -47.6526733, -21.3348973 ], [ -47.6525774, -21.3355329 ], [ -47.6522714, -21.3355601 ], [ -47.6519962, -21.3354535 ], [ -47.6519161, -21.3356105 ], [ -47.6521208, -21.3358295 ], [ -47.652101, -21.3359753 ], [ -47.6518124, -21.3363124 ], [ -47.6520124, -21.3363964 ], [ -47.6520867, -21.336552 ], [ -47.6517917, -21.3366128 ], [ -47.6516228, -21.336415 ], [ -47.6514465, -21.3364524 ], [ -47.6513534, -21.3366197 ], [ -47.6517321, -21.3372337 ], [ -47.6515588, -21.3374483 ], [ -47.6514391, -21.3374285 ], [ -47.6513666, -21.3372963 ], [ -47.6511523, -21.3372766 ], [ -47.6511075, -21.3374224 ], [ -47.6512697, -21.3378879 ], [ -47.6510377, -21.3381444 ], [ -47.6510643, -21.3383324 ], [ -47.651366, -21.3386288 ], [ -47.6513979, -21.3390723 ], [ -47.651705, -21.3396907 ], [ -47.6516516, -21.3400124 ], [ -47.6514653, -21.3401043 ], [ -47.6511317, -21.3400315 ], [ -47.6508305, -21.3398134 ], [ -47.6501894, -21.3397129 ], [ -47.6487565, -21.3391573 ], [ -47.6479451, -21.3394262 ], [ -47.6476882, -21.3392763 ], [ -47.6474129, -21.3389485 ], [ -47.647172, -21.3388523 ], [ -47.6467356, -21.3388592 ], [ -47.6465203, -21.3387531 ], [ -47.6461549, -21.3388347 ], [ -47.6458393, -21.3390844 ], [ -47.6456375, -21.3390642 ], [ -47.645384, -21.3388129 ], [ -47.6450292, -21.3388526 ], [ -47.6445464, -21.3383498 ], [ -47.6440463, -21.338224 ], [ -47.6430653, -21.3383084 ], [ -47.6427434, -21.3381893 ], [ -47.6422004, -21.3383181 ], [ -47.6416845, -21.3385585 ], [ -47.6415001, -21.3387844 ], [ -47.6410849, -21.3388353 ], [ -47.6409769, -21.3393914 ], [ -47.6407288, -21.339418 ], [ -47.6404994, -21.3392107 ], [ -47.6403484, -21.3393354 ], [ -47.6399366, -21.3394197 ], [ -47.6397387, -21.3396226 ], [ -47.6387226, -21.3397839 ], [ -47.6383369, -21.3400229 ], [ -47.6380833, -21.3404872 ], [ -47.6375755, -21.340495 ], [ -47.6374451, -21.3405863 ], [ -47.6371681, -21.3409678 ], [ -47.6370104, -21.341513 ], [ -47.6364846, -21.3418232 ], [ -47.636491, -21.342255 ], [ -47.6363994, -21.3423882 ], [ -47.6360932, -21.3426625 ], [ -47.6359191, -21.3429859 ], [ -47.6353712, -21.3433833 ], [ -47.6352906, -21.3435511 ], [ -47.6353308, -21.3437154 ], [ -47.6355957, -21.3440364 ], [ -47.6356088, -21.344179 ], [ -47.6350874, -21.3447671 ], [ -47.6347244, -21.3449953 ], [ -47.6347051, -21.3453506 ], [ -47.6345791, -21.3454744 ], [ -47.6347737, -21.3457928 ], [ -47.6347066, -21.3459395 ], [ -47.6340569, -21.3460822 ], [ -47.6338127, -21.3463293 ], [ -47.6333757, -21.3464368 ], [ -47.6332367, -21.3467948 ], [ -47.6327603, -21.3470798 ], [ -47.6327434, -21.3474478 ], [ -47.6323915, -21.3476629 ], [ -47.6323274, -21.3480732 ], [ -47.6321999, -21.348187 ], [ -47.6322636, -21.3484547 ], [ -47.6319035, -21.3488367 ], [ -47.631583, -21.3488192 ], [ -47.6314435, -21.3489425 ], [ -47.6314536, -21.349467 ], [ -47.6309631, -21.3498081 ], [ -47.6310974, -21.3501386 ], [ -47.6310288, -21.3502736 ], [ -47.6306175, -21.3505026 ], [ -47.6309313, -21.3507869 ], [ -47.6309115, -21.3509309 ], [ -47.630631, -21.3511909 ], [ -47.6306915, -21.3512876 ], [ -47.6309646, -21.3513303 ], [ -47.6310124, -21.3514517 ], [ -47.6308329, -21.3519196 ], [ -47.630943, -21.3521845 ], [ -47.6307937, -21.3524 ], [ -47.6309899, -21.3527724 ], [ -47.630831, -21.3531422 ], [ -47.6302739, -21.3537506 ], [ -47.6303008, -21.3539314 ], [ -47.6305655, -21.3541697 ], [ -47.6305973, -21.3546582 ], [ -47.6312013, -21.3546379 ], [ -47.6312743, -21.354913 ], [ -47.6309001, -21.3556631 ], [ -47.6309996, -21.355951 ], [ -47.631239, -21.356103 ], [ -47.631253, -21.3562473 ], [ -47.6311608, -21.3563275 ], [ -47.6312457, -21.3564826 ], [ -47.6314622, -21.3565204 ], [ -47.6315215, -21.3566656 ], [ -47.6312917, -21.3570238 ], [ -47.6309268, -21.3571835 ], [ -47.630848, -21.3573325 ], [ -47.6309099, -21.357485 ], [ -47.6312565, -21.3576788 ], [ -47.6311559, -21.3580418 ], [ -47.6315625, -21.3582549 ], [ -47.6315793, -21.3585792 ], [ -47.6311845, -21.3590058 ], [ -47.631394, -21.3594488 ], [ -47.6324352, -21.3596922 ], [ -47.6328131, -21.3598764 ], [ -47.6336105, -21.3604917 ], [ -47.6343428, -21.3608709 ], [ -47.6354217, -21.3608028 ], [ -47.6357642, -21.3608706 ], [ -47.6369213, -21.3617369 ], [ -47.6373896, -21.3619739 ], [ -47.6376144, -21.3621523 ], [ -47.6380236, -21.3631962 ], [ -47.6383805, -21.3635254 ], [ -47.6390897, -21.3641796 ], [ -47.6414363, -21.3649873 ], [ -47.6416724, -21.365194 ], [ -47.6421996, -21.3658998 ], [ -47.6426948, -21.366386 ], [ -47.6428013, -21.3672891 ], [ -47.6435961, -21.3682766 ], [ -47.6449342, -21.3693546 ], [ -47.6458679, -21.3702988 ], [ -47.6469777, -21.3711012 ], [ -47.647931, -21.3721513 ], [ -47.6487892, -21.3726996 ], [ -47.6500775, -21.3729235 ], [ -47.6527425, -21.3740245 ], [ -47.6549238, -21.3754219 ], [ -47.6557915, -21.3765793 ], [ -47.6571729, -21.3777731 ], [ -47.6591153, -21.3788271 ], [ -47.659798, -21.37902 ], [ -47.6610262, -21.3795625 ], [ -47.6616386, -21.3801295 ], [ -47.6618106, -21.3804596 ], [ -47.6619, -21.380935 ], [ -47.662546, -21.3816642 ], [ -47.662957, -21.3818001 ], [ -47.6638803, -21.3817853 ], [ -47.66505, -21.3816513 ], [ -47.6668965, -21.3812172 ], [ -47.6682403, -21.3811193 ], [ -47.6714717, -21.381781 ], [ -47.674666, -21.3809783 ], [ -47.6764956, -21.3797945 ], [ -47.6777702, -21.3786141 ], [ -47.6784316, -21.377622 ], [ -47.6785881, -21.3762306 ], [ -47.6791278, -21.3752394 ], [ -47.6830654, -21.3780096 ], [ -47.684091, -21.3786199 ], [ -47.6870595, -21.3791357 ], [ -47.6953697, -21.3808142 ], [ -47.6974163, -21.3814941 ], [ -47.6986351, -21.3823057 ], [ -47.7009138, -21.3843897 ], [ -47.7014599, -21.3849997 ], [ -47.70168, -21.3852455 ], [ -47.7019038, -21.3854939 ], [ -47.7027959, -21.388249 ], [ -47.7029237, -21.389812 ], [ -47.7027937, -21.3911073 ], [ -47.7021732, -21.3941152 ], [ -47.7014269, -21.3953991 ], [ -47.7002713, -21.3964619 ], [ -47.6998814, -21.396931 ], [ -47.6994398, -21.3980663 ], [ -47.6995012, -21.3989048 ], [ -47.6997275, -21.399478 ], [ -47.7001111, -21.4002089 ], [ -47.7014158, -21.4018753 ], [ -47.7029871, -21.4055109 ], [ -47.7035223, -21.4061081 ], [ -47.7045497, -21.4065251 ], [ -47.7064642, -21.4067836 ], [ -47.7075754, -21.4068234 ], [ -47.7088461, -21.4071487 ], [ -47.7096266, -21.4077416 ], [ -47.7101005, -21.4082826 ], [ -47.7102701, -21.4091198 ], [ -47.7102915, -21.4102157 ], [ -47.7104602, -21.4111661 ], [ -47.7109758, -21.4122842 ], [ -47.7123214, -21.4136778 ], [ -47.713242, -21.4143128 ], [ -47.714347, -21.4148567 ], [ -47.7152941, -21.4151906 ], [ -47.7162004, -21.4154456 ], [ -47.7165025, -21.4155306 ], [ -47.7189738, -21.4159537 ], [ -47.7198727, -21.4162417 ], [ -47.7209355, -21.4169602 ], [ -47.7232332, -21.4193181 ], [ -47.7246681, -21.4201395 ], [ -47.7268401, -21.420769 ], [ -47.7304617, -21.4211359 ], [ -47.7351223, -21.4212914 ], [ -47.7371805, -21.421243 ], [ -47.738523, -21.4210915 ], [ -47.7416808, -21.4204536 ], [ -47.7432803, -21.4199574 ], [ -47.7437622, -21.4197262 ], [ -47.744206, -21.4193471 ], [ -47.7453259, -21.4177629 ], [ -47.7460979, -21.4171361 ], [ -47.7466073, -21.4169617 ], [ -47.7479005, -21.4167651 ], [ -47.7504522, -21.4165505 ], [ -47.7518281, -21.4165872 ], [ -47.752996, -21.4164525 ], [ -47.7535225, -21.4162841 ], [ -47.7544701, -21.4157483 ], [ -47.7561419, -21.4146656 ], [ -47.7578519, -21.4142886 ], [ -47.7578838, -21.4142815 ], [ -47.7579221, -21.4142731 ], [ -47.7582193, -21.4142076 ], [ -47.7611406, -21.4139049 ], [ -47.7625469, -21.4138599 ], [ -47.7646313, -21.4140099 ], [ -47.7673747, -21.4148462 ], [ -47.7689649, -21.415744 ], [ -47.7710587, -21.4172819 ], [ -47.7717135, -21.4176595 ], [ -47.7728467, -21.4180467 ], [ -47.7748399, -21.4192751 ], [ -47.776207, -21.4198589 ], [ -47.7766723, -21.4198806 ], [ -47.7772072, -21.4197412 ], [ -47.7777588, -21.4194144 ], [ -47.7796568, -21.418749 ], [ -47.7809077, -21.4180489 ], [ -47.7819416, -21.4180457 ], [ -47.7833062, -21.4177346 ], [ -47.783781, -21.4174653 ], [ -47.7840674, -21.4172007 ], [ -47.7841549, -21.4169566 ], [ -47.7846614, -21.4168737 ], [ -47.7848904, -21.4167544 ], [ -47.7851574, -21.4162868 ], [ -47.7860212, -21.415334 ], [ -47.7868583, -21.415328 ], [ -47.7875734, -21.4148544 ], [ -47.7878347, -21.4147939 ], [ -47.7881908, -21.4148871 ], [ -47.788635, -21.4147677 ], [ -47.7891659, -21.4143808 ], [ -47.7904414, -21.4140987 ], [ -47.7913207, -21.4141447 ], [ -47.7925267, -21.4143411 ], [ -47.7928335, -21.4142769 ], [ -47.7936121, -21.4138748 ], [ -47.7946096, -21.4137281 ], [ -47.7955212, -21.4131493 ], [ -47.7959623, -21.4126944 ], [ -47.7964683, -21.4125997 ], [ -47.7969022, -21.4126786 ], [ -47.7970893, -21.4128636 ], [ -47.7972902, -21.4128602 ], [ -47.7978392, -21.4125927 ], [ -47.7981964, -21.4125681 ], [ -47.7988688, -21.4126917 ], [ -47.8004148, -21.4121749 ], [ -47.8012592, -21.4121323 ], [ -47.8027788, -21.4117161 ], [ -47.8041514, -21.4117828 ], [ -47.8047972, -21.4117139 ], [ -47.8057473, -21.411409 ], [ -47.8060237, -21.4114012 ], [ -47.8063806, -21.4116121 ], [ -47.8066881, -21.4114634 ], [ -47.8071974, -21.4115846 ], [ -47.8081681, -21.4115682 ], [ -47.8087877, -21.4117312 ], [ -47.8090001, -21.4116842 ], [ -47.8093208, -21.4114037 ], [ -47.809547, -21.4110541 ], [ -47.8096963, -21.4109939 ], [ -47.8099137, -21.4110334 ], [ -47.8103667, -21.4113459 ], [ -47.8106293, -21.4113682 ], [ -47.8115199, -21.4112381 ], [ -47.8117777, -21.411075 ], [ -47.8125506, -21.4111052 ], [ -47.8127767, -21.4116935 ], [ -47.812981, -21.4119052 ], [ -47.8134415, -21.4119275 ], [ -47.8136001, -21.4124225 ], [ -47.814217, -21.4124416 ], [ -47.8143913, -21.4127268 ], [ -47.8150536, -21.4127007 ], [ -47.8158629, -21.4133519 ], [ -47.8167645, -21.4136934 ], [ -47.816785, -21.4132928 ], [ -47.817308, -21.413426 ], [ -47.817427, -21.413487 ], [ -47.817588, -21.413671 ], [ -47.817731, -21.413998 ], [ -47.817821, -21.41405 ], [ -47.817968, -21.414082 ], [ -47.818287, -21.414091 ], [ -47.818553, -21.414166 ], [ -47.819361, -21.414647 ], [ -47.819687, -21.414738 ], [ -47.820077, -21.414661 ], [ -47.820107, -21.414683 ], [ -47.820137, -21.414705 ], [ -47.820168, -21.414793 ], [ -47.820171, -21.41498 ], [ -47.820233, -21.415112 ], [ -47.820577, -21.415404 ], [ -47.820592, -21.415671 ], [ -47.820653, -21.41583 ], [ -47.820742, -21.415856 ], [ -47.82121, -21.415777 ], [ -47.821363, -21.415787 ], [ -47.821561, -21.415864 ], [ -47.82169, -21.41596 ], [ -47.821813, -21.416233 ], [ -47.821874, -21.416304 ], [ -47.822352, -21.416487 ], [ -47.822385, -21.416647 ], [ -47.822464, -21.416708 ], [ -47.822671, -21.416731 ], [ -47.822741, -21.416765 ], [ -47.822822, -21.416959 ], [ -47.822881, -21.416985 ], [ -47.823243, -21.416961 ], [ -47.823323, -21.417013 ], [ -47.823344, -21.417066 ], [ -47.823301, -21.417414 ], [ -47.823426, -21.417488 ], [ -47.82366, -21.41743 ], [ -47.823807, -21.417455 ], [ -47.823867, -21.417515 ], [ -47.823943, -21.417888 ], [ -47.824004, -21.418021 ], [ -47.824133, -21.418019 ], [ -47.824389, -21.417876 ], [ -47.824468, -21.417884 ], [ -47.824528, -21.417936 ], [ -47.82454, -21.41806 ], [ -47.824486, -21.418275 ], [ -47.824317, -21.418687 ], [ -47.824339, -21.418829 ], [ -47.824424, -21.418894 ], [ -47.824561, -21.418892 ], [ -47.82462, -21.418917 ], [ -47.824661, -21.419023 ], [ -47.824685, -21.419263 ], [ -47.82482, -21.419616 ], [ -47.825031, -21.419844 ], [ -47.825174, -21.419855 ], [ -47.825378, -21.41978 ], [ -47.825494, -21.419769 ], [ -47.825594, -21.419795 ], [ -47.826041, -21.420134 ], [ -47.82641, -21.420177 ], [ -47.826748, -21.420429 ], [ -47.826807, -21.420437 ], [ -47.82699, -21.420283 ], [ -47.827077, -21.420246 ], [ -47.827176, -21.420261 ], [ -47.827231, -21.420328 ], [ -47.827258, -21.420674 ], [ -47.82768, -21.42072 ], [ -47.827769, -21.420772 ], [ -47.82781, -21.42086 ], [ -47.827779, -21.42127 ], [ -47.827816, -21.421407 ], [ -47.827906, -21.421522 ], [ -47.827995, -21.421529 ], [ -47.828315, -21.421426 ], [ -47.828463, -21.421423 ], [ -47.828572, -21.421475 ], [ -47.828829, -21.421822 ], [ -47.829126, -21.421862 ], [ -47.829439, -21.421812 ], [ -47.829564, -21.421945 ], [ -47.829607, -21.422167 ], [ -47.829769, -21.422386 ], [ -47.82977, -21.422485 ], [ -47.829732, -21.422539 ], [ -47.829579, -21.422623 ], [ -47.829544, -21.422838 ], [ -47.829574, -21.422882 ], [ -47.830057, -21.422945 ], [ -47.83017, -21.422992 ], [ -47.830399, -21.423218 ], [ -47.830528, -21.42327 ], [ -47.830732, -21.423169 ], [ -47.83082, -21.423167 ], [ -47.830939, -21.423219 ], [ -47.830971, -21.423378 ], [ -47.83083, -21.423692 ], [ -47.830832, -21.423781 ], [ -47.830892, -21.423833 ], [ -47.830979, -21.423858 ], [ -47.831088, -21.423839 ], [ -47.831363, -21.423625 ], [ -47.83157, -21.423648 ], [ -47.831729, -21.423779 ], [ -47.831919, -21.424015 ], [ -47.832009, -21.424076 ], [ -47.832249, -21.424076 ], [ -47.832589, -21.423981 ], [ -47.832707, -21.423998 ], [ -47.832826, -21.424058 ], [ -47.83318, -21.424585 ], [ -47.833621, -21.424796 ], [ -47.833811, -21.425033 ], [ -47.83393, -21.425111 ], [ -47.834117, -21.425161 ], [ -47.834281, -21.425243 ], [ -47.834361, -21.42534 ], [ -47.834388, -21.425712 ], [ -47.834439, -21.4258 ], [ -47.834499, -21.425835 ], [ -47.834576, -21.425825 ], [ -47.834789, -21.425661 ], [ -47.834984, -21.425632 ], [ -47.835287, -21.425844 ], [ -47.835438, -21.426038 ], [ -47.835479, -21.426179 ], [ -47.835538, -21.426867 ], [ -47.835699, -21.427096 ], [ -47.836195, -21.427417 ], [ -47.836551, -21.427824 ], [ -47.83667, -21.427902 ], [ -47.837192, -21.428053 ], [ -47.837435, -21.42796 ], [ -47.837578, -21.427998 ], [ -47.837692, -21.428379 ], [ -47.837763, -21.428448 ], [ -47.837911, -21.428499 ], [ -47.838058, -21.428496 ], [ -47.838551, -21.428395 ], [ -47.839336, -21.42807 ], [ -47.839899, -21.427784 ], [ -47.84114, -21.427329 ], [ -47.84184, -21.427268 ], [ -47.842122, -21.427148 ], [ -47.842745, -21.426725 ], [ -47.843011, -21.4268 ], [ -47.843188, -21.426797 ], [ -47.843294, -21.426715 ], [ -47.843419, -21.426552 ], [ -47.843492, -21.426337 ], [ -47.843472, -21.425559 ], [ -47.843506, -21.425265 ], [ -47.843561, -21.425077 ], [ -47.843667, -21.424951 ], [ -47.843783, -21.424878 ], [ -47.844491, -21.424782 ], [ -47.844685, -21.424689 ], [ -47.84521, -21.424213 ], [ -47.845355, -21.424158 ], [ -47.84559, -21.424136 ], [ -47.846449, -21.42417 ], [ -47.846584, -21.424115 ], [ -47.846709, -21.424006 ], [ -47.846793, -21.423729 ], [ -47.847073, -21.423555 ], [ -47.847169, -21.423429 ], [ -47.847197, -21.423068 ], [ -47.847244, -21.422996 ], [ -47.847832, -21.423013 ], [ -47.848077, -21.422947 ], [ -47.848202, -21.422883 ], [ -47.848239, -21.422766 ], [ -47.848096, -21.42244 ], [ -47.848084, -21.422079 ], [ -47.848159, -21.421901 ], [ -47.848166, -21.421785 ], [ -47.848094, -21.421634 ], [ -47.847974, -21.421494 ], [ -47.847796, -21.421382 ], [ -47.847421, -21.421245 ], [ -47.846921, -21.420538 ], [ -47.846438, -21.42015 ], [ -47.845842, -21.41899 ], [ -47.845671, -21.418727 ], [ -47.84552, -21.418596 ], [ -47.844987, -21.4184 ], [ -47.844808, -21.418269 ], [ -47.844767, -21.418154 ], [ -47.844826, -21.417962 ], [ -47.844865, -21.417926 ], [ -47.845071, -21.417895 ], [ -47.845228, -21.417947 ], [ -47.845326, -21.417944 ], [ -47.845413, -21.417891 ], [ -47.84545, -21.417774 ], [ -47.84542, -21.417704 ], [ -47.845301, -21.417616 ], [ -47.844877, -21.41757 ], [ -47.84467, -21.417476 ], [ -47.844667, -21.417325 ], [ -47.844842, -21.416997 ], [ -47.84487, -21.416863 ], [ -47.844777, -21.416677 ], [ -47.844508, -21.416424 ], [ -47.844467, -21.416327 ], [ -47.844491, -21.416113 ], [ -47.844699, -21.415919 ], [ -47.844772, -21.415668 ], [ -47.844749, -21.415271 ], [ -47.844843, -21.415227 ], [ -47.845171, -21.415192 ], [ -47.845499, -21.415113 ], [ -47.845915, -21.414768 ], [ -47.846102, -21.41475 ], [ -47.846228, -21.414807 ], [ -47.846362, -21.414986 ], [ -47.84649, -21.415046 ], [ -47.846585, -21.414911 ], [ -47.846591, -21.414698 ], [ -47.846569, -21.414639 ], [ -47.846505, -21.414465 ], [ -47.846501, -21.414288 ], [ -47.846595, -21.414243 ], [ -47.847065, -21.414264 ], [ -47.84708, -21.41422 ], [ -47.847143, -21.41422 ], [ -47.847158, -21.414174 ], [ -47.847342, -21.41401 ], [ -47.847707, -21.413461 ], [ -47.847761, -21.41302 ], [ -47.847792, -21.412975 ], [ -47.847979, -21.412899 ], [ -47.848117, -21.412793 ], [ -47.84813, -21.412617 ], [ -47.848016, -21.41237 ], [ -47.848014, -21.412311 ], [ -47.847966, -21.412268 ], [ -47.847929, -21.411975 ], [ -47.848051, -21.411753 ], [ -47.848264, -21.41147 ], [ -47.848325, -21.411322 ], [ -47.848337, -21.411176 ], [ -47.848268, -21.410869 ], [ -47.848404, -21.410631 ], [ -47.848402, -21.4105 ], [ -47.848273, -21.410311 ], [ -47.848114, -21.410181 ], [ -47.84805, -21.41008 ], [ -47.848048, -21.410006 ], [ -47.848137, -21.40977 ], [ -47.848558, -21.409601 ], [ -47.848928, -21.409258 ], [ -47.849124, -21.408932 ], [ -47.849195, -21.408579 ], [ -47.849174, -21.408242 ], [ -47.849358, -21.408045 ], [ -47.849436, -21.408044 ], [ -47.849595, -21.40813 ], [ -47.849706, -21.408288 ], [ -47.849769, -21.408319 ], [ -47.849974, -21.408315 ], [ -47.850206, -21.408107 ], [ -47.850234, -21.408003 ], [ -47.850213, -21.40771 ], [ -47.850271, -21.407489 ], [ -47.850349, -21.407443 ], [ -47.850505, -21.407426 ], [ -47.850647, -21.407452 ], [ -47.850987, -21.407976 ], [ -47.851385, -21.40835 ], [ -47.851632, -21.408934 ], [ -47.851694, -21.408947 ], [ -47.85171, -21.408991 ], [ -47.851883, -21.408973 ], [ -47.852112, -21.408661 ], [ -47.852143, -21.40866 ], [ -47.852188, -21.408556 ], [ -47.852406, -21.40845 ], [ -47.852593, -21.408403 ], [ -47.852825, -21.408266 ], [ -47.852994, -21.408088 ], [ -47.85313, -21.407837 ], [ -47.853377, -21.407642 ], [ -47.853612, -21.407579 ], [ -47.853924, -21.407573 ], [ -47.854266, -21.40748 ], [ -47.854768, -21.407442 ], [ -47.855303, -21.40752 ], [ -47.855807, -21.407659 ], [ -47.856057, -21.40764 ], [ -47.856072, -21.407595 ], [ -47.856135, -21.407595 ], [ -47.856273, -21.40749 ], [ -47.856634, -21.406661 ], [ -47.856756, -21.406557 ], [ -47.856945, -21.406554 ], [ -47.857072, -21.406639 ], [ -47.857073, -21.406683 ], [ -47.857281, -21.406929 ], [ -47.857547, -21.406909 ], [ -47.85773, -21.406672 ], [ -47.858135, -21.405711 ], [ -47.858367, -21.405576 ], [ -47.858679, -21.405496 ], [ -47.858785, -21.405303 ], [ -47.858945, -21.404655 ], [ -47.859035, -21.404478 ], [ -47.859034, -21.404405 ], [ -47.859155, -21.404212 ], [ -47.859373, -21.40412 ], [ -47.859561, -21.404102 ], [ -47.85975, -21.404158 ], [ -47.860224, -21.404399 ], [ -47.860335, -21.404412 ], [ -47.860383, -21.404455 ], [ -47.860571, -21.404466 ], [ -47.860727, -21.404435 ], [ -47.86104, -21.404429 ], [ -47.861575, -21.404508 ], [ -47.861798, -21.404665 ], [ -47.86183, -21.404753 ], [ -47.862048, -21.40483 ], [ -47.862166, -21.40481 ], [ -47.862251, -21.404711 ], [ -47.86227, -21.40463 ], [ -47.862238, -21.40455 ], [ -47.861897, -21.404136 ], [ -47.861579, -21.403891 ], [ -47.86153, -21.403818 ], [ -47.861511, -21.403687 ], [ -47.861788, -21.403404 ], [ -47.862139, -21.402869 ], [ -47.862294, -21.402691 ], [ -47.862371, -21.402672 ], [ -47.862553, -21.402709 ], [ -47.862811, -21.402882 ], [ -47.862999, -21.40296 ], [ -47.863293, -21.402981 ], [ -47.863582, -21.402954 ], [ -47.863991, -21.40285 ], [ -47.864468, -21.402646 ], [ -47.864544, -21.402556 ], [ -47.864582, -21.402168 ], [ -47.864527, -21.401901 ], [ -47.864296, -21.401376 ], [ -47.863946, -21.400781 ], [ -47.863748, -21.400259 ], [ -47.863687, -21.399526 ], [ -47.863704, -21.398647 ], [ -47.863786, -21.398352 ], [ -47.863929, -21.398092 ], [ -47.864053, -21.397932 ], [ -47.8642, -21.397742 ], [ -47.864199, -21.397684 ], [ -47.864509, -21.397458 ], [ -47.865504, -21.397059 ], [ -47.865687, -21.396791 ], [ -47.865712, -21.396528 ], [ -47.86568, -21.396426 ], [ -47.865329, -21.396196 ], [ -47.864902, -21.395983 ], [ -47.864425, -21.395581 ], [ -47.863989, -21.394942 ], [ -47.863661, -21.3942 ], [ -47.863611, -21.393995 ], [ -47.863563, -21.393967 ], [ -47.863431, -21.393516 ], [ -47.863427, -21.393275 ], [ -47.863455, -21.393195 ], [ -47.863532, -21.393123 ], [ -47.863895, -21.392926 ], [ -47.864001, -21.392817 ], [ -47.863999, -21.392701 ], [ -47.863958, -21.392603 ], [ -47.863659, -21.392298 ], [ -47.863598, -21.392192 ], [ -47.863595, -21.392076 ], [ -47.863653, -21.392004 ], [ -47.863857, -21.391938 ], [ -47.864087, -21.391939 ], [ -47.864662, -21.392276 ], [ -47.86478, -21.392283 ], [ -47.865066, -21.392123 ], [ -47.865203, -21.39212 ], [ -47.86565, -21.392407 ], [ -47.865925, -21.392429 ], [ -47.866066, -21.392377 ], [ -47.866528, -21.391951 ], [ -47.866671, -21.391762 ], [ -47.866718, -21.391646 ], [ -47.866635, -21.391153 ], [ -47.866783, -21.390687 ], [ -47.866849, -21.390563 ], [ -47.867619, -21.390073 ], [ -47.867755, -21.390035 ], [ -47.867913, -21.390033 ], [ -47.868467, -21.390117 ], [ -47.869016, -21.390116 ], [ -47.869694, -21.389985 ], [ -47.869793, -21.390019 ], [ -47.869872, -21.390089 ], [ -47.869911, -21.390568 ], [ -47.870041, -21.390699 ], [ -47.87013, -21.390733 ], [ -47.870207, -21.390715 ], [ -47.870304, -21.390624 ], [ -47.870533, -21.390273 ], [ -47.870614, -21.390196 ], [ -47.871044, -21.390099 ], [ -47.87117, -21.390044 ], [ -47.871314, -21.389908 ], [ -47.871493, -21.389504 ], [ -47.87157, -21.389414 ], [ -47.871749, -21.389337 ], [ -47.872119, -21.389249 ], [ -47.872323, -21.389156 ], [ -47.872535, -21.388985 ], [ -47.87265, -21.388831 ], [ -47.872687, -21.388714 ], [ -47.872636, -21.388338 ], [ -47.872539, -21.388266 ], [ -47.872132, -21.388258 ], [ -47.871958, -21.388158 ], [ -47.871984, -21.387924 ], [ -47.872353, -21.38758 ], [ -47.872493, -21.387504 ], [ -47.872553, -21.387386 ], [ -47.872986, -21.386891 ], [ -47.873113, -21.386854 ], [ -47.873191, -21.386887 ], [ -47.873237, -21.386945 ], [ -47.873279, -21.387593 ], [ -47.873385, -21.388037 ], [ -47.873436, -21.388106 ], [ -47.873545, -21.388158 ], [ -47.873722, -21.388164 ], [ -47.873888, -21.388134 ], [ -47.874076, -21.388029 ], [ -47.874288, -21.387848 ], [ -47.8745, -21.387613 ], [ -47.874734, -21.387057 ], [ -47.874938, -21.386956 ], [ -47.875031, -21.386967 ], [ -47.875449, -21.387325 ], [ -47.875548, -21.38735 ], [ -47.875665, -21.387304 ], [ -47.875664, -21.38725 ], [ -47.875303, -21.386812 ], [ -47.875367, -21.386641 ], [ -47.87568, -21.386601 ], [ -47.876144, -21.386473 ], [ -47.877491, -21.386497 ], [ -47.877784, -21.386422 ], [ -47.877861, -21.386349 ], [ -47.878029, -21.385919 ], [ -47.878101, -21.385842 ], [ -47.878277, -21.38583 ], [ -47.878376, -21.385881 ], [ -47.878408, -21.385962 ], [ -47.878333, -21.386684 ], [ -47.878355, -21.386807 ], [ -47.878415, -21.38686 ], [ -47.878591, -21.386865 ], [ -47.878785, -21.386702 ], [ -47.878926, -21.386424 ], [ -47.879084, -21.386221 ], [ -47.879373, -21.386002 ], [ -47.879549, -21.385964 ], [ -47.880611, -21.385877 ], [ -47.880706, -21.385823 ], [ -47.880966, -21.385552 ], [ -47.880964, -21.385462 ], [ -47.880895, -21.385402 ], [ -47.880481, -21.385284 ], [ -47.880412, -21.385223 ], [ -47.880379, -21.38509 ], [ -47.880455, -21.384982 ], [ -47.880728, -21.384889 ], [ -47.881194, -21.384921 ], [ -47.881578, -21.38502 ], [ -47.881725, -21.384991 ], [ -47.881918, -21.384881 ], [ -47.882082, -21.384736 ], [ -47.882255, -21.384357 ], [ -47.882383, -21.38399 ], [ -47.882567, -21.383836 ], [ -47.882859, -21.383741 ], [ -47.883295, -21.383738 ], [ -47.88348, -21.383708 ], [ -47.883616, -21.383652 ], [ -47.883829, -21.383461 ], [ -47.884037, -21.383112 ], [ -47.88423, -21.382975 ], [ -47.884362, -21.382977 ], [ -47.884541, -21.383081 ], [ -47.884722, -21.383291 ], [ -47.884953, -21.383688 ], [ -47.885114, -21.383845 ], [ -47.885288, -21.383953 ], [ -47.885619, -21.384065 ], [ -47.88562, -21.384094 ], [ -47.885721, -21.38418 ], [ -47.885807, -21.384343 ], [ -47.885962, -21.384811 ], [ -47.886082, -21.384942 ], [ -47.886528, -21.385131 ], [ -47.886696, -21.385252 ], [ -47.887092, -21.385683 ], [ -47.887281, -21.385723 ], [ -47.887625, -21.385717 ], [ -47.887812, -21.385655 ], [ -47.888189, -21.385664 ], [ -47.888436, -21.385513 ], [ -47.888435, -21.385454 ], [ -47.888255, -21.385061 ], [ -47.888297, -21.384811 ], [ -47.888342, -21.384722 ], [ -47.888561, -21.384645 ], [ -47.888759, -21.384392 ], [ -47.889002, -21.384006 ], [ -47.889202, -21.383842 ], [ -47.889342, -21.383781 ], [ -47.889421, -21.383795 ], [ -47.889747, -21.38413 ], [ -47.889876, -21.384208 ], [ -47.889954, -21.384198 ], [ -47.890118, -21.38407 ], [ -47.890299, -21.3838 ], [ -47.890524, -21.383349 ], [ -47.890725, -21.383199 ], [ -47.891021, -21.383135 ], [ -47.891217, -21.383137 ], [ -47.891431, -21.383099 ], [ -47.891597, -21.383034 ], [ -47.891877, -21.382851 ], [ -47.89207, -21.38267 ], [ -47.89217, -21.38253 ], [ -47.892186, -21.382379 ], [ -47.892098, -21.381828 ], [ -47.892171, -21.381614 ], [ -47.892262, -21.381511 ], [ -47.892524, -21.381451 ], [ -47.892712, -21.381521 ], [ -47.893014, -21.381721 ], [ -47.893234, -21.381689 ], [ -47.893372, -21.381554 ], [ -47.893782, -21.380916 ], [ -47.893845, -21.3809 ], [ -47.893875, -21.380826 ], [ -47.894264, -21.380731 ], [ -47.894652, -21.380691 ], [ -47.894768, -21.380636 ], [ -47.894949, -21.380401 ], [ -47.895, -21.379911 ], [ -47.895153, -21.379703 ], [ -47.895183, -21.379614 ], [ -47.895429, -21.379405 ], [ -47.895615, -21.3793 ], [ -47.895768, -21.379222 ], [ -47.8959759, -21.3790626 ], [ -47.896672, -21.378606 ], [ -47.8971078, -21.3783385 ], [ -47.8974712, -21.3779968 ], [ -47.8977344, -21.3778245 ], [ -47.897991, -21.3777194 ], [ -47.898269, -21.377573 ], [ -47.898542, -21.377499 ], [ -47.89904, -21.377436 ], [ -47.899433, -21.377239 ], [ -47.899527, -21.37706 ], [ -47.899497, -21.376979 ], [ -47.899285, -21.376742 ], [ -47.899302, -21.376546 ], [ -47.899426, -21.376376 ], [ -47.899895, -21.376005 ], [ -47.89999, -21.375861 ], [ -47.900069, -21.375406 ], [ -47.900183, -21.375243 ], [ -47.900299, -21.375162 ], [ -47.901209, -21.374821 ], [ -47.901767, -21.374523 ], [ -47.902307, -21.374087 ], [ -47.902772, -21.373584 ], [ -47.903213, -21.373237 ], [ -47.903504, -21.373082 ], [ -47.903713, -21.373012 ], [ -47.904397, -21.372946 ], [ -47.904695, -21.372865 ], [ -47.905256, -21.372571 ], [ -47.90545, -21.372407 ], [ -47.905751, -21.372051 ], [ -47.906005, -21.371522 ], [ -47.906225, -21.371198 ], [ -47.906399, -21.371061 ], [ -47.906821, -21.370889 ], [ -47.906985, -21.370753 ], [ -47.907061, -21.370636 ], [ -47.907087, -21.370458 ], [ -47.907054, -21.370308 ], [ -47.906965, -21.370211 ], [ -47.906726, -21.370046 ], [ -47.906646, -21.369949 ], [ -47.906594, -21.369538 ], [ -47.906341, -21.369203 ], [ -47.906309, -21.369061 ], [ -47.906454, -21.368717 ], [ -47.906487, -21.368405 ], [ -47.906386, -21.368228 ], [ -47.905991, -21.368057 ], [ -47.9059, -21.368216 ], [ -47.905849, -21.368381 ], [ -47.905696, -21.368544 ], [ -47.905464, -21.368725 ], [ -47.905215, -21.368802 ], [ -47.9047, -21.36887 ], [ -47.904529, -21.368962 ], [ -47.904253, -21.36926 ], [ -47.904051, -21.369337 ], [ -47.903786, -21.369355 ], [ -47.90369, -21.369313 ], [ -47.9031, -21.368736 ], [ -47.902766, -21.368551 ], [ -47.90261, -21.368524 ], [ -47.902136, -21.368342 ], [ -47.901848, -21.368039 ], [ -47.901578, -21.367838 ], [ -47.901435, -21.367767 ], [ -47.900679, -21.36756 ], [ -47.900099, -21.367247 ], [ -47.899452, -21.366723 ], [ -47.898545, -21.365821 ], [ -47.897686, -21.365244 ], [ -47.897297, -21.36493 ], [ -47.897069, -21.3648 ], [ -47.8960235, -21.3643507 ], [ -47.8951344, -21.3640998 ], [ -47.8941466, -21.3639098 ], [ -47.893683, -21.363909 ], [ -47.893495, -21.363943 ], [ -47.8931787, -21.3639314 ], [ -47.892599, -21.363797 ], [ -47.892426, -21.363741 ], [ -47.892206, -21.363672 ], [ -47.8914814, -21.3632558 ], [ -47.891072, -21.363038 ], [ -47.89065, -21.362765 ], [ -47.89041, -21.362502 ], [ -47.890127, -21.36208 ], [ -47.889984, -21.361798 ], [ -47.889687, -21.36139 ], [ -47.889326, -21.360995 ], [ -47.888525, -21.360492 ], [ -47.887608, -21.360067 ], [ -47.886361, -21.359619 ], [ -47.885852, -21.359362 ], [ -47.885249, -21.35886 ], [ -47.884465, -21.358404 ], [ -47.884072, -21.358277 ], [ -47.883563, -21.35826 ], [ -47.883106, -21.358244 ], [ -47.882291, -21.358148 ], [ -47.8814213, -21.3578362 ], [ -47.88068, -21.3576025 ], [ -47.8794436, -21.3573476 ], [ -47.8790474, -21.3572706 ], [ -47.8785648, -21.3573479 ], [ -47.8781714, -21.3574138 ], [ -47.877765, -21.357419 ], [ -47.8774452, -21.3574115 ], [ -47.877201, -21.357414 ], [ -47.8766414, -21.3574795 ], [ -47.8761953, -21.3575414 ], [ -47.8758481, -21.3575473 ], [ -47.8755327, -21.3575675 ], [ -47.875021, -21.3575023 ], [ -47.8745721, -21.3574213 ], [ -47.8738425, -21.3572465 ], [ -47.8728219, -21.3571284 ], [ -47.8721337, -21.3571845 ], [ -47.8713376, -21.357245 ], [ -47.870714, -21.357319 ], [ -47.869331, -21.357137 ], [ -47.868546, -21.357005 ], [ -47.867948, -21.356853 ], [ -47.866345, -21.356661 ], [ -47.86575, -21.356656 ], [ -47.865376, -21.356706 ], [ -47.865313, -21.35675 ], [ -47.864532, -21.356965 ], [ -47.863821, -21.357349 ], [ -47.863017, -21.357906 ], [ -47.862401, -21.358415 ], [ -47.861844, -21.358806 ], [ -47.861167, -21.359376 ], [ -47.860771, -21.359785 ], [ -47.860342, -21.359907 ], [ -47.859736, -21.359944 ], [ -47.859485, -21.359917 ], [ -47.858541, -21.359699 ], [ -47.857755, -21.359581 ], [ -47.857255, -21.359604 ], [ -47.857129, -21.359576 ], [ -47.856565, -21.35963 ], [ -47.855781, -21.35957 ], [ -47.855294, -21.359432 ], [ -47.854585, -21.359267 ], [ -47.853484, -21.359051 ], [ -47.853232, -21.358968 ], [ -47.853107, -21.358955 ], [ -47.852854, -21.358857 ], [ -47.852603, -21.358832 ], [ -47.850967, -21.358477 ], [ -47.850239, -21.358109 ], [ -47.849556, -21.357651 ], [ -47.848686, -21.357226 ], [ -47.847768, -21.356698 ], [ -47.84682, -21.356259 ], [ -47.846315, -21.356121 ], [ -47.845334, -21.355624 ], [ -47.845111, -21.355452 ], [ -47.844511, -21.355168 ], [ -47.844194, -21.354954 ], [ -47.843941, -21.354841 ], [ -47.8437648, -21.3547329 ], [ -47.8436756, -21.3546781 ], [ -47.8436174, -21.3546423 ], [ -47.843562, -21.3546083 ], [ -47.8435076, -21.3545749 ], [ -47.8434369, -21.3545315 ], [ -47.8433842, -21.3544992 ], [ -47.843323, -21.3544616 ], [ -47.843195, -21.354383 ], [ -47.842562, -21.354041 ], [ -47.840835, -21.353015 ], [ -47.84028, -21.352613 ], [ -47.839435, -21.351835 ], [ -47.839114, -21.351487 ], [ -47.838925, -21.351389 ], [ -47.838494, -21.351029 ], [ -47.837757, -21.35022 ], [ -47.836369, -21.348864 ], [ -47.836208, -21.34866 ], [ -47.835256, -21.347987 ], [ -47.83486, -21.347745 ], [ -47.834717, -21.347688 ], [ -47.834653, -21.347587 ], [ -47.834526, -21.34753 ], [ -47.833923, -21.347056 ], [ -47.833858, -21.346955 ], [ -47.833251, -21.346349 ], [ -47.833042, -21.346102 ], [ -47.832247, -21.345455 ], [ -47.832025, -21.345356 ], [ -47.831539, -21.345276 ], [ -47.830474, -21.345323 ], [ -47.830442, -21.345295 ], [ -47.830002, -21.345244 ], [ -47.828529, -21.34518 ], [ -47.828436, -21.345212 ], [ -47.827465, -21.345256 ], [ -47.827341, -21.345288 ], [ -47.826965, -21.34528 ], [ -47.82606, -21.345515 ], [ -47.82581, -21.34552 ], [ -47.825182, -21.345443 ], [ -47.823704, -21.345144 ], [ -47.822693, -21.344765 ], [ -47.822392, -21.344579 ], [ -47.821238, -21.344027 ], [ -47.820482, -21.343775 ], [ -47.820104, -21.343679 ], [ -47.819819, -21.343565 ], [ -47.819223, -21.343458 ], [ -47.819098, -21.34346 ], [ -47.818594, -21.343351 ], [ -47.817679, -21.343059 ], [ -47.817346, -21.342845 ], [ -47.816714, -21.342518 ], [ -47.816333, -21.342245 ], [ -47.815487, -21.341437 ], [ -47.814408, -21.340707 ], [ -47.813688, -21.339896 ], [ -47.813591, -21.339737 ], [ -47.813148, -21.339331 ], [ -47.81287, -21.338897 ], [ -47.812655, -21.338286 ], [ -47.812525, -21.338053 ], [ -47.812425, -21.337776 ], [ -47.812026, -21.337357 ], [ -47.811688, -21.336893 ], [ -47.811377, -21.336164 ], [ -47.811407, -21.336076 ], [ -47.811374, -21.336002 ], [ -47.811389, -21.335959 ], [ -47.810989, -21.334703 ], [ -47.810473, -21.333964 ], [ -47.809851, -21.333342 ], [ -47.809289, -21.332677 ], [ -47.80893, -21.331861 ], [ -47.808729, -21.33116 ], [ -47.808432, -21.33046 ], [ -47.808333, -21.33011 ], [ -47.808136, -21.329644 ], [ -47.807794, -21.328975 ], [ -47.807746, -21.328946 ], [ -47.807327, -21.328278 ], [ -47.806908, -21.327698 ], [ -47.80642, -21.326767 ], [ -47.806253, -21.326182 ], [ -47.80611, -21.325246 ], [ -47.806123, -21.324306 ], [ -47.806195, -21.323952 ], [ -47.806186, -21.323484 ], [ -47.806018, -21.322899 ], [ -47.805983, -21.322664 ], [ -47.806039, -21.322311 ], [ -47.806128, -21.322091 ], [ -47.805887, -21.320904 ], [ -47.805143, -21.319556 ], [ -47.80452, -21.318496 ], [ -47.803572, -21.317444 ], [ -47.8034544, -21.3173897 ], [ -47.8028151, -21.3170945 ], [ -47.8018762, -21.316661 ], [ -47.801543, -21.316507 ], [ -47.800472, -21.316389 ], [ -47.799134, -21.316502 ], [ -47.798087, -21.316804 ], [ -47.797311, -21.31713 ], [ -47.79665, -21.317605 ], [ -47.796306, -21.317984 ], [ -47.795844, -21.318662 ], [ -47.795275, -21.319473 ], [ -47.794739, -21.320136 ], [ -47.793856, -21.321078 ], [ -47.793059, -21.321766 ], [ -47.792366, -21.322467 ], [ -47.791594, -21.322846 ], [ -47.790605, -21.322989 ], [ -47.789792, -21.322742 ], [ -47.7895607, -21.3224209 ], [ -47.7895345, -21.3223845 ], [ -47.7895103, -21.3223509 ], [ -47.789398, -21.322195 ], [ -47.789212, -21.321615 ], [ -47.789115, -21.321187 ], [ -47.789021, -21.320914 ], [ -47.789057, -21.320656 ], [ -47.788965, -21.320135 ], [ -47.788872, -21.318582 ], [ -47.788849, -21.317801 ], [ -47.788682, -21.316578 ], [ -47.788695, -21.316212 ], [ -47.788443, -21.31384 ], [ -47.788077, -21.311304 ], [ -47.787922, -21.309893 ], [ -47.787723, -21.309072 ], [ -47.787679, -21.308896 ], [ -47.787612, -21.308648 ], [ -47.787608, -21.308413 ], [ -47.78775, -21.307589 ], [ -47.787713, -21.307354 ], [ -47.787511, -21.306653 ], [ -47.787541, -21.306535 ], [ -47.78753, -21.305949 ], [ -47.78761, -21.305242 ], [ -47.787755, -21.304536 ], [ -47.787711, -21.30395 ], [ -47.787542, -21.303248 ], [ -47.787361, -21.30287 ], [ -47.787184, -21.302593 ], [ -47.787136, -21.302462 ], [ -47.787071, -21.302405 ], [ -47.786972, -21.302172 ], [ -47.786877, -21.302056 ], [ -47.786585, -21.301533 ], [ -47.786554, -21.301534 ], [ -47.786536, -21.301386 ], [ -47.786471, -21.301241 ], [ -47.78643, -21.300771 ], [ -47.78638, -21.300655 ], [ -47.786173, -21.300438 ], [ -47.785665, -21.300095 ], [ -47.785457, -21.299835 ], [ -47.785381, -21.299742 ], [ -47.785769, -21.298992 ], [ -47.785892, -21.298814 ], [ -47.786446, -21.29832 ], [ -47.786648, -21.298215 ], [ -47.786873, -21.298149 ], [ -47.787069, -21.297972 ], [ -47.786792, -21.297391 ], [ -47.786565, -21.297097 ], [ -47.785883, -21.296485 ], [ -47.785136, -21.295806 ], [ -47.784755, -21.295439 ], [ -47.783819, -21.294585 ], [ -47.782917, -21.293951 ], [ -47.782287, -21.29348 ], [ -47.781248, -21.292839 ], [ -47.780154, -21.292123 ], [ -47.779657, -21.291574 ], [ -47.779128, -21.290747 ], [ -47.778285, -21.289446 ], [ -47.777529, -21.288262 ], [ -47.776586, -21.287148 ], [ -47.775799, -21.286212 ], [ -47.775314, -21.285832 ], [ -47.774912, -21.28544 ], [ -47.774591, -21.28512 ], [ -47.774242, -21.284829 ], [ -47.773997, -21.284621 ], [ -47.773827, -21.284527 ], [ -47.773388, -21.284421 ], [ -47.772818, -21.284486 ], [ -47.771624, -21.284828 ], [ -47.771005, -21.284967 ], [ -47.770211, -21.28515 ], [ -47.769279, -21.28525 ], [ -47.7682567, -21.2852235 ], [ -47.767658, -21.285208 ], [ -47.766924, -21.285175 ], [ -47.766181, -21.285118 ], [ -47.765444, -21.284981 ], [ -47.764548, -21.284846 ], [ -47.763841, -21.284528 ], [ -47.762857, -21.284007 ], [ -47.762278, -21.283417 ], [ -47.761906, -21.282875 ], [ -47.761582, -21.282298 ], [ -47.76105, -21.281451 ], [ -47.759919, -21.279992 ], [ -47.7594219, -21.2793596 ] ] ] ] } },
{ "type": "Feature", "properties": { "CD_MUN": "3516200", "NM_MUN": "Franca", "CD_RGI": "350033", "NM_RGI": "Franca", "CD_RGINT": "3508", "NM_RGINT": "Ribeirão Preto", "CD_UF": "35", "NM_UF": "São Paulo", "SIGLA_UF": "SP", "CD_REGIA": "3", "NM_REGIA": "Sudeste", "SIGLA_RG": "SE", "CD_CONCU": "3516200", "NM_CONCU": "Franca/SP", "AREA_KM2": 605.679 }, "geometry": { "type": "MultiPolygon", "coordinates": [ [ [ [ -47.4472341, -20.6019611 ], [ -47.4479174, -20.6015194 ], [ -47.4481667, -20.6012152 ], [ -47.4484859, -20.6001756 ], [ -47.4492768, -20.598903 ], [ -47.4493707, -20.5981911 ], [ -47.4492109, -20.5972405 ], [ -47.4482965, -20.5954381 ], [ -47.4481259, -20.5945814 ], [ -47.4481082, -20.5939857 ], [ -47.4483532, -20.5923924 ], [ -47.4483145, -20.5915946 ], [ -47.4481316, -20.5907788 ], [ -47.4472095, -20.5884162 ], [ -47.4471551, -20.5871783 ], [ -47.4473974, -20.5863641 ], [ -47.4478857, -20.5857012 ], [ -47.4480919, -20.5852578 ], [ -47.4485707, -20.5825543 ], [ -47.4484234, -20.5805022 ], [ -47.4488235, -20.5795897 ], [ -47.4488854, -20.5794487 ], [ -47.4493883, -20.5783041 ], [ -47.4496524, -20.5778979 ], [ -47.4506012, -20.5772838 ], [ -47.4513156, -20.576988 ], [ -47.4524116, -20.5762086 ], [ -47.4530763, -20.5745403 ], [ -47.4541296, -20.5729405 ], [ -47.4562735, -20.5712262 ], [ -47.4566933, -20.5711054 ], [ -47.4576201, -20.5711375 ], [ -47.4579711, -20.5710563 ], [ -47.4582784, -20.570872 ], [ -47.4588274, -20.5702014 ], [ -47.4591503, -20.5699897 ], [ -47.4603607, -20.5697206 ], [ -47.4610766, -20.5694311 ], [ -47.4621845, -20.568529 ], [ -47.4633071, -20.56708 ], [ -47.4645889, -20.5660586 ], [ -47.4669861, -20.5647221 ], [ -47.4674834, -20.564561 ], [ -47.4692027, -20.5634543 ], [ -47.4699963, -20.5634149 ], [ -47.4705838, -20.5636598 ], [ -47.4714045, -20.5637715 ], [ -47.4724259, -20.5646206 ], [ -47.4736505, -20.5648283 ], [ -47.4740299, -20.5650007 ], [ -47.4744194, -20.5652975 ], [ -47.4746719, -20.56568 ], [ -47.4754915, -20.5659741 ], [ -47.4762653, -20.5668021 ], [ -47.4774381, -20.5677961 ], [ -47.4777011, -20.5679085 ], [ -47.4787442, -20.5680725 ], [ -47.4792162, -20.5682582 ], [ -47.4806622, -20.5691474 ], [ -47.4813161, -20.5692312 ], [ -47.4818246, -20.5695748 ], [ -47.4818999, -20.5691812 ], [ -47.4828892, -20.5681297 ], [ -47.4830236, -20.5678364 ], [ -47.4832023, -20.5667977 ], [ -47.4837411, -20.5657968 ], [ -47.4836968, -20.5652387 ], [ -47.4834677, -20.5648931 ], [ -47.4834979, -20.5645455 ], [ -47.4837721, -20.5643274 ], [ -47.4843612, -20.5641077 ], [ -47.4846217, -20.5638271 ], [ -47.486406, -20.5632198 ], [ -47.4875951, -20.5617551 ], [ -47.4891484, -20.5609359 ], [ -47.4901571, -20.5605084 ], [ -47.4911658, -20.560081 ], [ -47.4931578, -20.5586948 ], [ -47.4933802, -20.558429 ], [ -47.4938196, -20.5575313 ], [ -47.4944669, -20.5570017 ], [ -47.4951634, -20.5555635 ], [ -47.4953441, -20.5553953 ], [ -47.4953723, -20.555369 ], [ -47.495401, -20.5553422 ], [ -47.4958899, -20.5548868 ], [ -47.4961091, -20.5547566 ], [ -47.4961415, -20.5547373 ], [ -47.4962189, -20.5546913 ], [ -47.4963409, -20.5546188 ], [ -47.4965814, -20.5546286 ], [ -47.4970075, -20.5552396 ], [ -47.4970517, -20.5554811 ], [ -47.4970653, -20.5555557 ], [ -47.4971181, -20.5558442 ], [ -47.497119, -20.5559742 ], [ -47.4971205, -20.5561909 ], [ -47.4971207, -20.5562321 ], [ -47.497121, -20.5562722 ], [ -47.4971254, -20.5569132 ], [ -47.4974296, -20.5586998 ], [ -47.4974232, -20.5598654 ], [ -47.4976869, -20.5605278 ], [ -47.4981819, -20.5608501 ], [ -47.5007536, -20.5621056 ], [ -47.5051807, -20.5639239 ], [ -47.5071232, -20.5645159 ], [ -47.5090306, -20.5647821 ], [ -47.5107903, -20.5648189 ], [ -47.5126412, -20.5646515 ], [ -47.5154908, -20.5639298 ], [ -47.5173107, -20.5637243 ], [ -47.5202621, -20.5635888 ], [ -47.5214441, -20.5634413 ], [ -47.5235415, -20.5635274 ], [ -47.5257519, -20.5630074 ], [ -47.5286749, -20.5627242 ], [ -47.5289115, -20.562306 ], [ -47.5304239, -20.5605859 ], [ -47.5318214, -20.5592913 ], [ -47.5328763, -20.5589251 ], [ -47.5343334, -20.5588075 ], [ -47.536142, -20.55848 ], [ -47.5400369, -20.5573643 ], [ -47.5405565, -20.557309 ], [ -47.5430409, -20.5577283 ], [ -47.5434922, -20.5579743 ], [ -47.5442587, -20.5587344 ], [ -47.5466968, -20.5608195 ], [ -47.5470552, -20.5608112 ], [ -47.5492125, -20.5592012 ], [ -47.5495554, -20.5589451 ], [ -47.5496529, -20.5586808 ], [ -47.5496676, -20.5581507 ], [ -47.549684, -20.5575574 ], [ -47.5495469, -20.5568017 ], [ -47.5490203, -20.5559058 ], [ -47.5482203, -20.5549853 ], [ -47.5466434, -20.5539623 ], [ -47.5458017, -20.5529378 ], [ -47.5457112, -20.5524203 ], [ -47.5461407, -20.5517494 ], [ -47.5468998, -20.55011 ], [ -47.5470527, -20.5496024 ], [ -47.5471897, -20.5483103 ], [ -47.5479994, -20.5474522 ], [ -47.5483691, -20.5462173 ], [ -47.5488239, -20.5454898 ], [ -47.5491329, -20.5444657 ], [ -47.549205, -20.5436872 ], [ -47.5484012, -20.5407853 ], [ -47.54752, -20.5396956 ], [ -47.5471605, -20.5387087 ], [ -47.5455939, -20.5368286 ], [ -47.5443218, -20.5345422 ], [ -47.5442517, -20.5334951 ], [ -47.543993, -20.5328257 ], [ -47.5440004, -20.5322165 ], [ -47.5437631, -20.531769 ], [ -47.5432966, -20.5313841 ], [ -47.5432319, -20.5312343 ], [ -47.5430938, -20.5299113 ], [ -47.542157, -20.5292807 ], [ -47.5420907, -20.5287344 ], [ -47.5419137, -20.5284716 ], [ -47.5412155, -20.5280089 ], [ -47.5408578, -20.5276145 ], [ -47.5409144, -20.5272516 ], [ -47.5412705, -20.526658 ], [ -47.5414004, -20.5260785 ], [ -47.5417706, -20.5256518 ], [ -47.5422462, -20.5254078 ], [ -47.5448565, -20.5254487 ], [ -47.5453292, -20.5250923 ], [ -47.5459484, -20.5250172 ], [ -47.5463671, -20.5247343 ], [ -47.5464584, -20.5244123 ], [ -47.5463396, -20.5239521 ], [ -47.5464102, -20.5238486 ], [ -47.5470076, -20.5236289 ], [ -47.5472586, -20.5233668 ], [ -47.5473228, -20.5225232 ], [ -47.5477404, -20.521584 ], [ -47.5476254, -20.5204417 ], [ -47.5477587, -20.5192106 ], [ -47.5480711, -20.5187422 ], [ -47.5485717, -20.5185899 ], [ -47.5490613, -20.5179212 ], [ -47.5490908, -20.5177452 ], [ -47.5489275, -20.5173383 ], [ -47.5492767, -20.5170905 ], [ -47.5494876, -20.5166839 ], [ -47.5495522, -20.5160831 ], [ -47.5499438, -20.5149398 ], [ -47.5499817, -20.5141303 ], [ -47.5501653, -20.5138009 ], [ -47.5505155, -20.5135729 ], [ -47.5510919, -20.5128724 ], [ -47.5513561, -20.5126808 ], [ -47.5517132, -20.5125861 ], [ -47.5525328, -20.5125823 ], [ -47.5525182, -20.5117637 ], [ -47.5527585, -20.5109546 ], [ -47.5526667, -20.5093951 ], [ -47.5525416, -20.509244 ], [ -47.551265, -20.5086853 ], [ -47.5504484, -20.5086425 ], [ -47.5503498, -20.5085688 ], [ -47.5503478, -20.508388 ], [ -47.5506022, -20.5081565 ], [ -47.5505449, -20.5080807 ], [ -47.550094, -20.5080322 ], [ -47.549883, -20.5080095 ], [ -47.5479384, -20.5077991 ], [ -47.5473529, -20.5076013 ], [ -47.5469749, -20.5073032 ], [ -47.546364, -20.5063835 ], [ -47.5450082, -20.5050398 ], [ -47.5443513, -20.5048052 ], [ -47.5441823, -20.5046479 ], [ -47.5439029, -20.5041063 ], [ -47.5434252, -20.5036014 ], [ -47.5434422, -20.5025602 ], [ -47.5433223, -20.5022168 ], [ -47.5432161, -20.5021428 ], [ -47.5425783, -20.502183 ], [ -47.5418454, -20.5018826 ], [ -47.5406825, -20.5018845 ], [ -47.540009, -20.501634 ], [ -47.5398441, -20.5014265 ], [ -47.5394638, -20.4998852 ], [ -47.5391576, -20.49941 ], [ -47.5390582, -20.4984445 ], [ -47.5386832, -20.4980998 ], [ -47.5381536, -20.4978492 ], [ -47.5378483, -20.4975125 ], [ -47.5374023, -20.4973503 ], [ -47.5371693, -20.4975745 ], [ -47.5370265, -20.4980484 ], [ -47.5366982, -20.4982591 ], [ -47.5363162, -20.4980122 ], [ -47.5359444, -20.4971579 ], [ -47.5356714, -20.4972629 ], [ -47.5354269, -20.4975316 ], [ -47.5351175, -20.4975201 ], [ -47.5348142, -20.4966576 ], [ -47.5346098, -20.4965691 ], [ -47.5338066, -20.4966868 ], [ -47.5329299, -20.4965698 ], [ -47.531945, -20.4960821 ], [ -47.5313568, -20.4960378 ], [ -47.5305833, -20.4962941 ], [ -47.5298211, -20.4961688 ], [ -47.5293133, -20.4963109 ], [ -47.5286934, -20.4967922 ], [ -47.5281221, -20.4969624 ], [ -47.5275861, -20.4977291 ], [ -47.527271, -20.4977399 ], [ -47.5270241, -20.4975195 ], [ -47.5268369, -20.4968635 ], [ -47.5263249, -20.4966971 ], [ -47.5261694, -20.4965395 ], [ -47.5261115, -20.4960231 ], [ -47.5262618, -20.4953042 ], [ -47.5261766, -20.4950934 ], [ -47.5259821, -20.4949963 ], [ -47.5252845, -20.4949542 ], [ -47.52314, -20.4945754 ], [ -47.522351, -20.4943115 ], [ -47.5214267, -20.4936174 ], [ -47.5203823, -20.4919723 ], [ -47.519886, -20.4916842 ], [ -47.5192755, -20.4915789 ], [ -47.5188116, -20.4912273 ], [ -47.5179358, -20.4909287 ], [ -47.517528, -20.4902942 ], [ -47.5171633, -20.4901845 ], [ -47.516123, -20.4902843 ], [ -47.5149347, -20.4902312 ], [ -47.5133081, -20.4905842 ], [ -47.5129835, -20.4904994 ], [ -47.5127711, -20.490327 ], [ -47.512373, -20.4896911 ], [ -47.5121673, -20.4895198 ], [ -47.5114397, -20.4894388 ], [ -47.5109085, -20.4895225 ], [ -47.5105511, -20.4894445 ], [ -47.5101759, -20.4886737 ], [ -47.5098957, -20.4883352 ], [ -47.5093627, -20.4882587 ], [ -47.5091447, -20.4883549 ], [ -47.5088427, -20.4881675 ], [ -47.5085874, -20.4843809 ], [ -47.5086088, -20.4832375 ], [ -47.5085135, -20.4828591 ], [ -47.5074871, -20.4812686 ], [ -47.5071463, -20.4802069 ], [ -47.5069849, -20.4782387 ], [ -47.5065884, -20.4771112 ], [ -47.5064046, -20.4753084 ], [ -47.5064764, -20.4746755 ], [ -47.5058727, -20.4728904 ], [ -47.50456, -20.4707221 ], [ -47.5039425, -20.4689679 ], [ -47.5030513, -20.4683335 ], [ -47.5027491, -20.4679959 ], [ -47.5025889, -20.4676538 ], [ -47.5025192, -20.4663308 ], [ -47.5022632, -20.465488 ], [ -47.5022499, -20.4646462 ], [ -47.5023716, -20.4642157 ], [ -47.5023262, -20.4638841 ], [ -47.5018363, -20.4630605 ], [ -47.5019786, -20.462371 ], [ -47.5017429, -20.4612296 ], [ -47.5011768, -20.459987 ], [ -47.5011095, -20.4597653 ], [ -47.5010997, -20.459733 ], [ -47.5010892, -20.4596982 ], [ -47.5005706, -20.4579879 ], [ -47.5005301, -20.4579224 ], [ -47.5003645, -20.4576547 ], [ -47.4998326, -20.4567946 ], [ -47.4998769, -20.4565653 ], [ -47.499956, -20.4564697 ], [ -47.5000436, -20.4563638 ], [ -47.4999565, -20.4563626 ], [ -47.4992413, -20.4563529 ], [ -47.4986744, -20.4564666 ], [ -47.4972024, -20.4578905 ], [ -47.4953138, -20.4600224 ], [ -47.4927357, -20.4645996 ], [ -47.4923502, -20.4651408 ], [ -47.4919085, -20.4653787 ], [ -47.4914561, -20.4654832 ], [ -47.491369, -20.4654745 ], [ -47.4904246, -20.4653801 ], [ -47.4891845, -20.4649447 ], [ -47.488094, -20.4647378 ], [ -47.4868863, -20.4641292 ], [ -47.4864345, -20.4636998 ], [ -47.4861861, -20.4633364 ], [ -47.4858898, -20.4629029 ], [ -47.4831186, -20.4597597 ], [ -47.4826139, -20.4594236 ], [ -47.4820266, -20.4592283 ], [ -47.4814992, -20.4593156 ], [ -47.4805044, -20.4597261 ], [ -47.4788029, -20.4602226 ], [ -47.4742255, -20.4611106 ], [ -47.4739586, -20.4611469 ], [ -47.4738992, -20.461155 ], [ -47.4685827, -20.4618778 ], [ -47.4684412, -20.4619056 ], [ -47.4660368, -20.4623786 ], [ -47.4629244, -20.4631188 ], [ -47.4618854, -20.463079 ], [ -47.4610296, -20.4627909 ], [ -47.4597078, -20.4616853 ], [ -47.4592655, -20.4614418 ], [ -47.459257, -20.4614372 ], [ -47.4592064, -20.4614093 ], [ -47.4592022, -20.461407 ], [ -47.4589824, -20.4612861 ], [ -47.4583751, -20.4611537 ], [ -47.4573034, -20.4611603 ], [ -47.4548583, -20.4615263 ], [ -47.4486479, -20.4618637 ], [ -47.4481409, -20.4618912 ], [ -47.4457422, -20.4617463 ], [ -47.4448861, -20.4616946 ], [ -47.4348847, -20.4606485 ], [ -47.4348134, -20.4606411 ], [ -47.4335153, -20.4605053 ], [ -47.4334436, -20.4604978 ], [ -47.4313768, -20.4602816 ], [ -47.430917, -20.4602408 ], [ -47.4308509, -20.4602349 ], [ -47.4308452, -20.4602344 ], [ -47.4281427, -20.4599946 ], [ -47.4240315, -20.4596298 ], [ -47.4196303, -20.4597977 ], [ -47.4191961, -20.4597946 ], [ -47.4191511, -20.4597943 ], [ -47.4191054, -20.459794 ], [ -47.4189133, -20.4597927 ], [ -47.4188733, -20.4597924 ], [ -47.4187639, -20.4597916 ], [ -47.4186923, -20.4597911 ], [ -47.4186532, -20.4597908 ], [ -47.4168159, -20.459778 ], [ -47.4165901, -20.4597433 ], [ -47.4165854, -20.4597426 ], [ -47.4165367, -20.4597351 ], [ -47.4163733, -20.4597114 ], [ -47.4163165, -20.4597031 ], [ -47.4162058, -20.459687 ], [ -47.4161758, -20.4596827 ], [ -47.416174, -20.4596824 ], [ -47.4161465, -20.4596784 ], [ -47.4161219, -20.4596748 ], [ -47.4161204, -20.4596746 ], [ -47.4160712, -20.4596675 ], [ -47.4160693, -20.4596672 ], [ -47.4160213, -20.4596602 ], [ -47.4158989, -20.4596424 ], [ -47.4158461, -20.4596347 ], [ -47.4158421, -20.4596341 ], [ -47.415806, -20.4596289 ], [ -47.415804, -20.4596286 ], [ -47.4155066, -20.4595854 ], [ -47.4154691, -20.4595799 ], [ -47.4154303, -20.4595742 ], [ -47.4140678, -20.4593761 ], [ -47.4134431, -20.4586841 ], [ -47.4133371, -20.4585667 ], [ -47.4128224, -20.4570779 ], [ -47.4127207, -20.4553314 ], [ -47.4127947, -20.4534261 ], [ -47.4129845, -20.4523521 ], [ -47.4133314, -20.4515302 ], [ -47.4134737, -20.4509397 ], [ -47.4133711, -20.4504227 ], [ -47.4126883, -20.4496375 ], [ -47.4106626, -20.4482041 ], [ -47.4074777, -20.4461528 ], [ -47.4060042, -20.4452039 ], [ -47.4038403, -20.4444491 ], [ -47.4016346, -20.4434825 ], [ -47.3996984, -20.4427615 ], [ -47.3981369, -20.4418919 ], [ -47.3950227, -20.4376008 ], [ -47.3934547, -20.4364829 ], [ -47.3924337, -20.4363185 ], [ -47.3903249, -20.4367395 ], [ -47.3888962, -20.4372904 ], [ -47.386684, -20.4383562 ], [ -47.3857111, -20.4390124 ], [ -47.3845071, -20.4393128 ], [ -47.3780584, -20.4393332 ], [ -47.3754482, -20.4368052 ], [ -47.3740477, -20.4364332 ], [ -47.3723466, -20.4365629 ], [ -47.3714137, -20.4370029 ], [ -47.3685647, -20.4387535 ], [ -47.3675881, -20.4390499 ], [ -47.3658999, -20.4387666 ], [ -47.3655227, -20.4383947 ], [ -47.3653714, -20.4377437 ], [ -47.3652394, -20.4375347 ], [ -47.3642245, -20.4366721 ], [ -47.3640231, -20.4366043 ], [ -47.3635894, -20.4365887 ], [ -47.3630304, -20.4368515 ], [ -47.3625779, -20.4372046 ], [ -47.3623941, -20.4372408 ], [ -47.3621664, -20.4372061 ], [ -47.3617568, -20.4369191 ], [ -47.3612489, -20.4369987 ], [ -47.3608341, -20.4368976 ], [ -47.3605284, -20.4366245 ], [ -47.3601058, -20.4365734 ], [ -47.3596256, -20.4366783 ], [ -47.3594149, -20.4365831 ], [ -47.3593018, -20.4362688 ], [ -47.358807, -20.4360667 ], [ -47.3581116, -20.43607 ], [ -47.3576196, -20.4362023 ], [ -47.3570291, -20.4362194 ], [ -47.3559321, -20.4359936 ], [ -47.3557154, -20.436059 ], [ -47.3545256, -20.4369386 ], [ -47.3542738, -20.437018 ], [ -47.3538318, -20.4370371 ], [ -47.3523638, -20.4365419 ], [ -47.3519714, -20.436545 ], [ -47.3515136, -20.4367298 ], [ -47.3513496, -20.4366868 ], [ -47.3512419, -20.4362702 ], [ -47.3505529, -20.4362125 ], [ -47.3501023, -20.4360103 ], [ -47.3499803, -20.4357693 ], [ -47.3498812, -20.434822 ], [ -47.3495352, -20.434417 ], [ -47.3492408, -20.434307 ], [ -47.3462949, -20.4323699 ], [ -47.3457864, -20.4321744 ], [ -47.3453753, -20.4322549 ], [ -47.3449371, -20.432631 ], [ -47.3444818, -20.4326047 ], [ -47.3442645, -20.4321273 ], [ -47.3439337, -20.431882 ], [ -47.3439125, -20.4317069 ], [ -47.3442649, -20.4316097 ], [ -47.3442773, -20.4314763 ], [ -47.3438805, -20.431162 ], [ -47.3438209, -20.4309413 ], [ -47.3441331, -20.4306854 ], [ -47.3439203, -20.4303727 ], [ -47.3436535, -20.4302879 ], [ -47.3425054, -20.4302488 ], [ -47.3411723, -20.4296508 ], [ -47.340217, -20.429477 ], [ -47.3396448, -20.4292683 ], [ -47.339363, -20.4290437 ], [ -47.3392358, -20.4288133 ], [ -47.3393926, -20.4278487 ], [ -47.3393286, -20.4274437 ], [ -47.3392056, -20.4272054 ], [ -47.3386658, -20.4266492 ], [ -47.3386482, -20.4260582 ], [ -47.3384633, -20.4257213 ], [ -47.3382778, -20.425619 ], [ -47.3376687, -20.4255338 ], [ -47.3369999, -20.4256099 ], [ -47.3360422, -20.4255133 ], [ -47.3354553, -20.4253588 ], [ -47.3341849, -20.4246877 ], [ -47.3335712, -20.4246859 ], [ -47.3330186, -20.4244483 ], [ -47.3324881, -20.4246079 ], [ -47.3322964, -20.4244496 ], [ -47.3323558, -20.4235415 ], [ -47.3322, -20.4233101 ], [ -47.3316893, -20.423278 ], [ -47.3311857, -20.4236794 ], [ -47.3306148, -20.423708 ], [ -47.3301183, -20.423858 ], [ -47.329465, -20.4245934 ], [ -47.3289888, -20.4247397 ], [ -47.3277013, -20.4244875 ], [ -47.3264729, -20.4243976 ], [ -47.3261329, -20.4242526 ], [ -47.3257768, -20.4238409 ], [ -47.3254956, -20.4237134 ], [ -47.3251948, -20.4237935 ], [ -47.3246073, -20.4241396 ], [ -47.3244033, -20.4241552 ], [ -47.3227837, -20.4237538 ], [ -47.3220391, -20.4238089 ], [ -47.321374, -20.4241978 ], [ -47.3206293, -20.425006 ], [ -47.3201213, -20.4252643 ], [ -47.3194822, -20.4250755 ], [ -47.3190403, -20.4251827 ], [ -47.318557, -20.4250923 ], [ -47.3182186, -20.4247577 ], [ -47.3181792, -20.424031 ], [ -47.3179118, -20.423895 ], [ -47.3176636, -20.4239565 ], [ -47.3170101, -20.4244312 ], [ -47.3168782, -20.4244208 ], [ -47.3167766, -20.4242642 ], [ -47.3167474, -20.4238758 ], [ -47.3163867, -20.4238359 ], [ -47.3155883, -20.4240687 ], [ -47.3152287, -20.4240451 ], [ -47.3142576, -20.4237735 ], [ -47.3139861, -20.4239069 ], [ -47.3134413, -20.4244181 ], [ -47.3128971, -20.4245402 ], [ -47.3125071, -20.424333 ], [ -47.3120635, -20.4233528 ], [ -47.3112473, -20.4227141 ], [ -47.3107008, -20.4221379 ], [ -47.3106417, -20.4219524 ], [ -47.310863, -20.4216256 ], [ -47.3115459, -20.42149 ], [ -47.3116446, -20.4209186 ], [ -47.3119577, -20.4205083 ], [ -47.3119679, -20.4202957 ], [ -47.3115981, -20.4198907 ], [ -47.3115922, -20.4195175 ], [ -47.3114653, -20.4193276 ], [ -47.3111273, -20.4192697 ], [ -47.3110476, -20.4191615 ], [ -47.3109638, -20.4185733 ], [ -47.310767, -20.4183358 ], [ -47.3100779, -20.4182825 ], [ -47.3093833, -20.417981 ], [ -47.3086072, -20.4171947 ], [ -47.3075541, -20.4171105 ], [ -47.3073742, -20.4172105 ], [ -47.3071307, -20.4178276 ], [ -47.3070061, -20.417936 ], [ -47.306407, -20.4179976 ], [ -47.3056872, -20.4184517 ], [ -47.3048177, -20.4184679 ], [ -47.3042818, -20.4187952 ], [ -47.3035903, -20.4185558 ], [ -47.3031391, -20.4186769 ], [ -47.3029875, -20.4186343 ], [ -47.3024905, -20.4182011 ], [ -47.3021975, -20.4182114 ], [ -47.3019709, -20.4184615 ], [ -47.3015166, -20.4193158 ], [ -47.3011868, -20.419491 ], [ -47.3009261, -20.4193786 ], [ -47.3004597, -20.4189878 ], [ -47.3002078, -20.4189378 ], [ -47.2999551, -20.4191024 ], [ -47.2996176, -20.4195873 ], [ -47.2993455, -20.4196254 ], [ -47.2990174, -20.4194745 ], [ -47.2985637, -20.4190806 ], [ -47.2982554, -20.4191785 ], [ -47.2977784, -20.4189455 ], [ -47.2968567, -20.4180233 ], [ -47.2963624, -20.4176584 ], [ -47.2956164, -20.4174358 ], [ -47.2943252, -20.4178437 ], [ -47.2934566, -20.4186552 ], [ -47.2934319, -20.4192455 ], [ -47.2928126, -20.4199667 ], [ -47.290961, -20.4210648 ], [ -47.2887666, -20.4206743 ], [ -47.2887666, -20.4215549 ], [ -47.2897923, -20.4218503 ], [ -47.2916504, -20.4233368 ], [ -47.2929298, -20.4226507 ], [ -47.2935713, -20.4231372 ], [ -47.2961002, -20.427256 ], [ -47.2946099, -20.4272457 ], [ -47.2929076, -20.4282058 ], [ -47.293413, -20.4293502 ], [ -47.2942615, -20.4312703 ], [ -47.2944737, -20.4317505 ], [ -47.2925742, -20.4324478 ], [ -47.2917051, -20.4335305 ], [ -47.290573, -20.4333424 ], [ -47.2900723, -20.4336815 ], [ -47.2902589, -20.4344761 ], [ -47.2898209, -20.4345572 ], [ -47.2893205, -20.433892 ], [ -47.2872891, -20.4351494 ], [ -47.2874349, -20.4369314 ], [ -47.2882628, -20.4386408 ], [ -47.2880108, -20.4401102 ], [ -47.2864825, -20.4424508 ], [ -47.2875072, -20.4434111 ], [ -47.2879652, -20.4445878 ], [ -47.2895037, -20.4444752 ], [ -47.2904868, -20.4453773 ], [ -47.2911866, -20.4452308 ], [ -47.2916255, -20.4461426 ], [ -47.2922949, -20.4463866 ], [ -47.2927656, -20.4477336 ], [ -47.2910735, -20.4482645 ], [ -47.2912869, -20.4487828 ], [ -47.2921207, -20.4490397 ], [ -47.2907085, -20.4495759 ], [ -47.2910113, -20.4505499 ], [ -47.2880999, -20.4522066 ], [ -47.2864799, -20.4540521 ], [ -47.28557, -20.4543514 ], [ -47.2851486, -20.4551943 ], [ -47.2843237, -20.4550198 ], [ -47.283738, -20.4554286 ], [ -47.2843755, -20.4570615 ], [ -47.2837386, -20.4573695 ], [ -47.2812544, -20.4571258 ], [ -47.2786149, -20.4581521 ], [ -47.2781255, -20.4592322 ], [ -47.2788769, -20.4597724 ], [ -47.2790615, -20.4605091 ], [ -47.2761022, -20.4609498 ], [ -47.2742894, -20.462767 ], [ -47.2726779, -20.4624813 ], [ -47.2717062, -20.4627665 ], [ -47.2713437, -20.4639925 ], [ -47.270267, -20.4642684 ], [ -47.2698704, -20.4665317 ], [ -47.2678472, -20.4669498 ], [ -47.2657917, -20.4662237 ], [ -47.2637452, -20.4684443 ], [ -47.2620351, -20.4689175 ], [ -47.259485, -20.468927 ], [ -47.2590424, -20.4693603 ], [ -47.2577068, -20.4706681 ], [ -47.2563377, -20.4729676 ], [ -47.2552092, -20.4735009 ], [ -47.2558499, -20.474116 ], [ -47.2556526, -20.474917 ], [ -47.253928, -20.4757409 ], [ -47.2532124, -20.4766136 ], [ -47.2537655, -20.4770177 ], [ -47.2536045, -20.4779523 ], [ -47.2505973, -20.4767454 ], [ -47.2499, -20.4779854 ], [ -47.2483173, -20.478767 ], [ -47.247405, -20.4805342 ], [ -47.243157, -20.4817762 ], [ -47.2411881, -20.4835941 ], [ -47.2386764, -20.4839875 ], [ -47.2383506, -20.4847413 ], [ -47.2315386, -20.4869915 ], [ -47.2296016, -20.4869039 ], [ -47.2271191, -20.4885247 ], [ -47.2268702, -20.4910793 ], [ -47.2255735, -20.4903075 ], [ -47.2251828, -20.4906383 ], [ -47.224712, -20.4904161 ], [ -47.2248463, -20.4910673 ], [ -47.2234816, -20.4910557 ], [ -47.2229975, -20.4920899 ], [ -47.2212906, -20.4929608 ], [ -47.2209608, -20.493692 ], [ -47.2193425, -20.4949239 ], [ -47.2192378, -20.4953618 ], [ -47.2196068, -20.495674 ], [ -47.2197908, -20.4958308 ], [ -47.2195406, -20.496521 ], [ -47.2183591, -20.4969432 ], [ -47.2170439, -20.4966127 ], [ -47.2154046, -20.4980135 ], [ -47.2135467, -20.4984337 ], [ -47.2130387, -20.4981839 ], [ -47.2128482, -20.4994326 ], [ -47.2119013, -20.4998405 ], [ -47.2115101, -20.5023184 ], [ -47.2043332, -20.5034958 ], [ -47.2032033, -20.5029666 ], [ -47.2026513, -20.501566 ], [ -47.1960159, -20.5040218 ], [ -47.1907648, -20.5075591 ], [ -47.1900014, -20.5104241 ], [ -47.1856804, -20.5108592 ], [ -47.1848781, -20.5120479 ], [ -47.184792, -20.5137049 ], [ -47.1824326, -20.5126433 ], [ -47.1808901, -20.5139037 ], [ -47.1799854, -20.5137498 ], [ -47.1798568, -20.5129074 ], [ -47.1782345, -20.5136346 ], [ -47.1777039, -20.5149481 ], [ -47.1772556, -20.5150815 ], [ -47.1767602, -20.514355 ], [ -47.1758022, -20.5141059 ], [ -47.1731193, -20.5159116 ], [ -47.1667097, -20.5174081 ], [ -47.1634913, -20.5189279 ], [ -47.1589363, -20.5188582 ], [ -47.1564203, -20.519552 ], [ -47.1545174, -20.5195532 ], [ -47.1511497, -20.5220465 ], [ -47.1490908, -20.5264773 ], [ -47.1485414, -20.5297492 ], [ -47.1480571, -20.5300983 ], [ -47.1480502, -20.5301032 ], [ -47.147045, -20.5308278 ], [ -47.1468678, -20.5309555 ], [ -47.1447343, -20.5324942 ], [ -47.1434598, -20.5353234 ], [ -47.1452306, -20.5402092 ], [ -47.1444556, -20.5407935 ], [ -47.1441797, -20.5408138 ], [ -47.1462236, -20.5422956 ], [ -47.1470779, -20.5434306 ], [ -47.1472218, -20.5441379 ], [ -47.1471265, -20.5447235 ], [ -47.1462827, -20.5457567 ], [ -47.1455757, -20.5476119 ], [ -47.145187, -20.5479766 ], [ -47.144916, -20.5481115 ], [ -47.1446451, -20.5482464 ], [ -47.1445532, -20.5484332 ], [ -47.1447086, -20.5487777 ], [ -47.1449068, -20.549217 ], [ -47.145158, -20.5495458 ], [ -47.1456714, -20.5499964 ], [ -47.1463265, -20.5502422 ], [ -47.1467206, -20.5502945 ], [ -47.1469768, -20.5502525 ], [ -47.14715, -20.5501147 ], [ -47.1479495, -20.5488516 ], [ -47.1476923, -20.54675 ], [ -47.1477575, -20.5454212 ], [ -47.1485149, -20.5440683 ], [ -47.1498691, -20.5427174 ], [ -47.1504098, -20.542302 ], [ -47.1508928, -20.542082 ], [ -47.151305, -20.5420084 ], [ -47.1533011, -20.54212 ], [ -47.154152, -20.5420214 ], [ -47.155346, -20.5416559 ], [ -47.1562327, -20.5415092 ], [ -47.1580841, -20.5416807 ], [ -47.1591825, -20.5420778 ], [ -47.1620203, -20.5424479 ], [ -47.162352, -20.5426711 ], [ -47.1630554, -20.5437489 ], [ -47.1635981, -20.5439975 ], [ -47.1641573, -20.5440473 ], [ -47.1646152, -20.5442171 ], [ -47.164747, -20.5451988 ], [ -47.1649879, -20.5459943 ], [ -47.1657525, -20.5467116 ], [ -47.165932, -20.5476143 ], [ -47.1663344, -20.5484459 ], [ -47.1669643, -20.5490213 ], [ -47.1674655, -20.5497911 ], [ -47.1677585, -20.5499993 ], [ -47.1686285, -20.5503129 ], [ -47.1693756, -20.5511417 ], [ -47.1695609, -20.5512065 ], [ -47.1697945, -20.5511545 ], [ -47.1709245, -20.5505466 ], [ -47.1711423, -20.5505057 ], [ -47.1730963, -20.5509605 ], [ -47.1735216, -20.5509358 ], [ -47.1735612, -20.5506723 ], [ -47.1732169, -20.5499365 ], [ -47.1731994, -20.5492944 ], [ -47.1732655, -20.5489331 ], [ -47.1735868, -20.5482279 ], [ -47.1735792, -20.5471072 ], [ -47.1737227, -20.5463851 ], [ -47.1736864, -20.545391 ], [ -47.1739147, -20.5445994 ], [ -47.1741666, -20.5441574 ], [ -47.175381, -20.5431187 ], [ -47.1758875, -20.5423929 ], [ -47.176212, -20.5415287 ], [ -47.1765584, -20.5412503 ], [ -47.1774487, -20.5412789 ], [ -47.1779926, -20.5410495 ], [ -47.1786469, -20.5412063 ], [ -47.1789413, -20.5415134 ], [ -47.1794191, -20.5418186 ], [ -47.1795949, -20.5417492 ], [ -47.1797873, -20.5415024 ], [ -47.1804749, -20.5397046 ], [ -47.1806609, -20.5396014 ], [ -47.1809383, -20.5396006 ], [ -47.1816183, -20.5398257 ], [ -47.1821184, -20.5401696 ], [ -47.1832508, -20.5413998 ], [ -47.1840956, -20.5425586 ], [ -47.1854526, -20.5449547 ], [ -47.1863074, -20.5469683 ], [ -47.1874052, -20.5485898 ], [ -47.1883277, -20.5495126 ], [ -47.1894438, -20.5495382 ], [ -47.1902195, -20.5488659 ], [ -47.1911332, -20.5463627 ], [ -47.1915384, -20.5443318 ], [ -47.1917787, -20.5439783 ], [ -47.1923117, -20.5435822 ], [ -47.1927991, -20.5430684 ], [ -47.1932757, -20.5417376 ], [ -47.1938389, -20.540641 ], [ -47.194252, -20.5404802 ], [ -47.1946656, -20.5406329 ], [ -47.1961884, -20.5431028 ], [ -47.1968396, -20.5451219 ], [ -47.1967317, -20.5464465 ], [ -47.1962121, -20.547622 ], [ -47.1963961, -20.5489437 ], [ -47.1972488, -20.5507927 ], [ -47.1977321, -20.5528106 ], [ -47.1976844, -20.5552633 ], [ -47.1974184, -20.5568639 ], [ -47.1971037, -20.5581121 ], [ -47.1972423, -20.5591615 ], [ -47.1978294, -20.5595806 ], [ -47.198443, -20.5591859 ], [ -47.1995825, -20.5578863 ], [ -47.2003615, -20.5575286 ], [ -47.2015619, -20.5576671 ], [ -47.2027572, -20.5575736 ], [ -47.2034694, -20.5580713 ], [ -47.2038122, -20.5590406 ], [ -47.204214, -20.5611012 ], [ -47.2048393, -20.5614804 ], [ -47.2056193, -20.5611218 ], [ -47.206681, -20.5602109 ], [ -47.2089376, -20.5591309 ], [ -47.2099685, -20.5590021 ], [ -47.2106375, -20.559304 ], [ -47.211228, -20.5604259 ], [ -47.2112893, -20.5617481 ], [ -47.2109242, -20.5650636 ], [ -47.210822, -20.5695043 ], [ -47.2111537, -20.5723681 ], [ -47.2126056, -20.5756197 ], [ -47.2134851, -20.5765021 ], [ -47.2141913, -20.5767273 ], [ -47.2145616, -20.5766465 ], [ -47.21493, -20.5763698 ], [ -47.215703, -20.5755005 ], [ -47.2172384, -20.5742351 ], [ -47.2185963, -20.5737911 ], [ -47.2197545, -20.5739306 ], [ -47.2207531, -20.5744232 ], [ -47.2220531, -20.575694 ], [ -47.2231104, -20.5773533 ], [ -47.2235795, -20.5783985 ], [ -47.2242836, -20.5785841 ], [ -47.2247343, -20.5782278 ], [ -47.2249304, -20.5774843 ], [ -47.2249228, -20.5769423 ], [ -47.2251209, -20.576392 ], [ -47.2255731, -20.5761526 ], [ -47.2261488, -20.5760295 ], [ -47.2280987, -20.5765869 ], [ -47.2285113, -20.576506 ], [ -47.2288358, -20.5760711 ], [ -47.2289535, -20.5756022 ], [ -47.2285296, -20.5747914 ], [ -47.2278108, -20.5737491 ], [ -47.2266379, -20.5727906 ], [ -47.2245988, -20.5716708 ], [ -47.2218921, -20.5714684 ], [ -47.2201437, -20.5723204 ], [ -47.2190085, -20.5721594 ], [ -47.2179923, -20.5714594 ], [ -47.2172857, -20.5704013 ], [ -47.2176547, -20.569829 ], [ -47.2183268, -20.5683987 ], [ -47.2183819, -20.5678052 ], [ -47.2174841, -20.5667505 ], [ -47.2174722, -20.5659818 ], [ -47.217784, -20.5656813 ], [ -47.2202982, -20.5655887 ], [ -47.2212973, -20.5651604 ], [ -47.2217312, -20.5646831 ], [ -47.221848, -20.5639095 ], [ -47.221126, -20.5619659 ], [ -47.2215579, -20.5614256 ], [ -47.2217467, -20.5613656 ], [ -47.223581, -20.5621692 ], [ -47.2245984, -20.5629285 ], [ -47.2251726, -20.5635726 ], [ -47.2260627, -20.5641526 ], [ -47.2271987, -20.5645535 ], [ -47.2303968, -20.5638009 ], [ -47.2316703, -20.563827 ], [ -47.2327455, -20.5641716 ], [ -47.2333167, -20.5645181 ], [ -47.2346566, -20.565864 ], [ -47.2358288, -20.5667065 ], [ -47.2364582, -20.5666708 ], [ -47.2368329, -20.5662505 ], [ -47.2369044, -20.5649163 ], [ -47.2355923, -20.5631564 ], [ -47.2349052, -20.5613291 ], [ -47.2339513, -20.5607188 ], [ -47.2331992, -20.56073 ], [ -47.23223, -20.5611578 ], [ -47.2310219, -20.5614091 ], [ -47.2290107, -20.5613732 ], [ -47.2276833, -20.5609163 ], [ -47.2273636, -20.5605041 ], [ -47.2270969, -20.5596788 ], [ -47.2266457, -20.5590934 ], [ -47.2252503, -20.5579843 ], [ -47.2236115, -20.5577094 ], [ -47.22173, -20.5579103 ], [ -47.2203408, -20.5576343 ], [ -47.2189496, -20.557059 ], [ -47.2183596, -20.5554071 ], [ -47.2177876, -20.5548215 ], [ -47.2169645, -20.5545954 ], [ -47.216078, -20.5541314 ], [ -47.2154377, -20.5533113 ], [ -47.215239, -20.5526621 ], [ -47.2152876, -20.5516541 ], [ -47.215088, -20.551003 ], [ -47.212735, -20.5491971 ], [ -47.2118492, -20.5486756 ], [ -47.2093813, -20.547664 ], [ -47.209436, -20.5469518 ], [ -47.2101199, -20.5462902 ], [ -47.2115039, -20.5465706 ], [ -47.2139591, -20.5468944 ], [ -47.2159739, -20.5468677 ], [ -47.2179231, -20.5470208 ], [ -47.2203095, -20.5467534 ], [ -47.2226438, -20.5473141 ], [ -47.2235257, -20.5474238 ], [ -47.2257271, -20.5474537 ], [ -47.2269122, -20.5467873 ], [ -47.2269029, -20.5461939 ], [ -47.2262694, -20.5458494 ], [ -47.2240006, -20.5455213 ], [ -47.2221018, -20.5445975 ], [ -47.2210154, -20.5434259 ], [ -47.219745, -20.5425526 ], [ -47.2180364, -20.5418644 ], [ -47.2154957, -20.5399434 ], [ -47.21536, -20.5391726 ], [ -47.2157902, -20.5385155 ], [ -47.2165435, -20.5383876 ], [ -47.218058, -20.5388418 ], [ -47.2214633, -20.5395089 ], [ -47.2220903, -20.5395027 ], [ -47.2225285, -20.5393167 ], [ -47.2223968, -20.5388452 ], [ -47.221947, -20.5383183 ], [ -47.2204224, -20.5370946 ], [ -47.2196535, -20.5361671 ], [ -47.2197696, -20.5356909 ], [ -47.2202086, -20.5355077 ], [ -47.2224729, -20.5354771 ], [ -47.2229717, -20.5353536 ], [ -47.2235347, -20.5349918 ], [ -47.223959, -20.533861 ], [ -47.2244515, -20.5331424 ], [ -47.2248264, -20.5330186 ], [ -47.2255841, -20.5332475 ], [ -47.226602, -20.5341227 ], [ -47.2274245, -20.5344673 ], [ -47.2279899, -20.5344003 ], [ -47.2284852, -20.53392 ], [ -47.2286053, -20.533505 ], [ -47.2285931, -20.5326744 ], [ -47.2282707, -20.5320859 ], [ -47.2283224, -20.5313736 ], [ -47.2285575, -20.5302453 ], [ -47.2282381, -20.5298932 ], [ -47.2267849, -20.5293786 ], [ -47.22577, -20.5287399 ], [ -47.2262348, -20.528319 ], [ -47.2266997, -20.5278981 ], [ -47.227887, -20.5273494 ], [ -47.2290802, -20.5272772 ], [ -47.231289, -20.5279577 ], [ -47.2323092, -20.5287161 ], [ -47.2330786, -20.5298304 ], [ -47.2336013, -20.5312479 ], [ -47.2342518, -20.5341411 ], [ -47.2350107, -20.5341912 ], [ -47.2357582, -20.533824 ], [ -47.2363126, -20.5330476 ], [ -47.2372289, -20.5311388 ], [ -47.2374502, -20.529062 ], [ -47.237048, -20.5274102 ], [ -47.2365311, -20.5264683 ], [ -47.2365206, -20.5258156 ], [ -47.2370744, -20.5249206 ], [ -47.2375733, -20.52462 ], [ -47.2381998, -20.5244934 ], [ -47.2386906, -20.5236561 ], [ -47.2391222, -20.5231185 ], [ -47.2393754, -20.5230546 ], [ -47.2398799, -20.5233446 ], [ -47.2401436, -20.5241105 ], [ -47.2402256, -20.5254704 ], [ -47.2408985, -20.5285334 ], [ -47.2417294, -20.5294731 ], [ -47.2421234, -20.5305909 ], [ -47.2423476, -20.5330794 ], [ -47.2432406, -20.5338957 ], [ -47.2442438, -20.5335842 ], [ -47.2457916, -20.5320861 ], [ -47.2469158, -20.5315977 ], [ -47.2472947, -20.5317095 ], [ -47.2474893, -20.5320629 ], [ -47.2473071, -20.5325393 ], [ -47.2473156, -20.5331308 ], [ -47.2482114, -20.5341862 ], [ -47.2490299, -20.5344722 ], [ -47.2494156, -20.5348232 ], [ -47.2491743, -20.5355947 ], [ -47.2482505, -20.5369139 ], [ -47.2467972, -20.5406637 ], [ -47.2460566, -20.5416782 ], [ -47.243887, -20.5437793 ], [ -47.2435218, -20.5445522 ], [ -47.243595, -20.5452631 ], [ -47.2439217, -20.5461473 ], [ -47.2446849, -20.5467295 ], [ -47.2461341, -20.5469492 ], [ -47.2470759, -20.546877 ], [ -47.2478956, -20.5469842 ], [ -47.2483412, -20.5473923 ], [ -47.2485382, -20.5478645 ], [ -47.2487702, -20.5509392 ], [ -47.2495316, -20.5513452 ], [ -47.2499081, -20.55134 ], [ -47.2502761, -20.5507433 ], [ -47.2504209, -20.5477209 ], [ -47.2501513, -20.5464794 ], [ -47.2496311, -20.5453038 ], [ -47.2493629, -20.5441819 ], [ -47.2495399, -20.5434116 ], [ -47.249821, -20.5432823 ], [ -47.2519848, -20.5429869 ], [ -47.252418, -20.542478 ], [ -47.2527633, -20.5403493 ], [ -47.2528664, -20.5388366 ], [ -47.2527861, -20.5376528 ], [ -47.2526546, -20.5372398 ], [ -47.2528081, -20.5370013 ], [ -47.2540008, -20.5368983 ], [ -47.2547491, -20.5362947 ], [ -47.2549001, -20.5359376 ], [ -47.2549826, -20.535372 ], [ -47.2564483, -20.5344951 ], [ -47.2584056, -20.5328699 ], [ -47.2589991, -20.5327724 ], [ -47.2591936, -20.5329758 ], [ -47.2591644, -20.5335102 ], [ -47.2593736, -20.5347529 ], [ -47.2595262, -20.5354619 ], [ -47.2596787, -20.5361709 ], [ -47.2599305, -20.5368401 ], [ -47.2606318, -20.537542 ], [ -47.2611719, -20.5379187 ], [ -47.2624584, -20.5377546 ], [ -47.2637096, -20.537324 ], [ -47.2659159, -20.5356661 ], [ -47.2671315, -20.5349978 ], [ -47.267321, -20.5350545 ], [ -47.2675898, -20.536384 ], [ -47.2675795, -20.5376883 ], [ -47.2670949, -20.5389078 ], [ -47.2666009, -20.5394485 ], [ -47.2649685, -20.5417809 ], [ -47.26467, -20.5428503 ], [ -47.2645904, -20.5438303 ], [ -47.264201, -20.5451558 ], [ -47.2637752, -20.546108 ], [ -47.2633124, -20.5466778 ], [ -47.262599, -20.5473385 ], [ -47.2624178, -20.5478149 ], [ -47.2626151, -20.5484344 ], [ -47.2647112, -20.5499199 ], [ -47.2654366, -20.5499677 ], [ -47.2658734, -20.5498111 ], [ -47.2669286, -20.5489309 ], [ -47.2675267, -20.5490133 ], [ -47.2678151, -20.5493965 ], [ -47.2680247, -20.5507838 ], [ -47.2682552, -20.5515215 ], [ -47.2688399, -20.552764 ], [ -47.2688565, -20.5528892 ], [ -47.269051, -20.5543557 ], [ -47.2682605, -20.5561132 ], [ -47.2660225, -20.5578301 ], [ -47.262841, -20.5595006 ], [ -47.2620325, -20.560074 ], [ -47.2616059, -20.5609992 ], [ -47.2615512, -20.5615641 ], [ -47.2617117, -20.5618875 ], [ -47.2619682, -20.5621202 ], [ -47.2625677, -20.5622611 ], [ -47.2632875, -20.5621317 ], [ -47.2637259, -20.5619196 ], [ -47.2640637, -20.561442 ], [ -47.2643388, -20.5607545 ], [ -47.2656352, -20.5592591 ], [ -47.2665399, -20.5588313 ], [ -47.2675741, -20.5585811 ], [ -47.2694253, -20.5583489 ], [ -47.2709218, -20.5575612 ], [ -47.2715988, -20.5564839 ], [ -47.2723253, -20.5546969 ], [ -47.27263, -20.5505834 ], [ -47.2733422, -20.5496854 ], [ -47.2737695, -20.5488509 ], [ -47.2738863, -20.5482256 ], [ -47.2737507, -20.5474008 ], [ -47.2740263, -20.5470709 ], [ -47.2748046, -20.5465268 ], [ -47.2749217, -20.5461099 ], [ -47.2749194, -20.5456381 ], [ -47.2747184, -20.5449285 ], [ -47.2742291, -20.5438979 ], [ -47.2745082, -20.5435088 ], [ -47.2750707, -20.5433535 ], [ -47.2755053, -20.5429632 ], [ -47.2755829, -20.5424864 ], [ -47.2760175, -20.542097 ], [ -47.2764575, -20.5421508 ], [ -47.2768091, -20.5424726 ], [ -47.2772301, -20.543178 ], [ -47.2778673, -20.5438801 ], [ -47.2782175, -20.5442305 ], [ -47.2786307, -20.5444612 ], [ -47.2796006, -20.5443612 ], [ -47.2814162, -20.5437743 ], [ -47.2818253, -20.5437685 ], [ -47.2820501, -20.5440917 ], [ -47.2821843, -20.5445335 ], [ -47.2820736, -20.5458097 ], [ -47.2821561, -20.5469918 ], [ -47.2823248, -20.5478502 ], [ -47.2835783, -20.5496408 ], [ -47.2845004, -20.5503683 ], [ -47.2881905, -20.5521468 ], [ -47.2891136, -20.552876 ], [ -47.28964, -20.5530401 ], [ -47.2900034, -20.5529606 ], [ -47.290497, -20.5524512 ], [ -47.290569, -20.5520344 ], [ -47.2902112, -20.5501471 ], [ -47.2900722, -20.5481963 ], [ -47.2890478, -20.5438041 ], [ -47.2888572, -20.5425909 ], [ -47.288867, -20.5421465 ], [ -47.2890974, -20.5418606 ], [ -47.2893958, -20.5417984 ], [ -47.2898058, -20.5418816 ], [ -47.2901228, -20.5421149 ], [ -47.2905725, -20.5428043 ], [ -47.2915034, -20.5451261 ], [ -47.2921326, -20.5462736 ], [ -47.2928868, -20.5472407 ], [ -47.2936179, -20.5478817 ], [ -47.296568, -20.5497942 ], [ -47.2986033, -20.5515115 ], [ -47.299358, -20.5519647 ], [ -47.299843, -20.5519572 ], [ -47.3002177, -20.5517749 ], [ -47.3003709, -20.5515202 ], [ -47.3003976, -20.551106 ], [ -47.3002026, -20.5506933 ], [ -47.2998968, -20.5503338 ], [ -47.2997668, -20.5499505 ], [ -47.2997757, -20.54955 ], [ -47.3002444, -20.5482705 ], [ -47.300308, -20.5475415 ], [ -47.3002524, -20.5467288 ], [ -47.3000684, -20.5459768 ], [ -47.2996666, -20.5453755 ], [ -47.298585, -20.5443014 ], [ -47.2985471, -20.5439612 ], [ -47.2986996, -20.5436786 ], [ -47.2996776, -20.5429093 ], [ -47.3012712, -20.5414519 ], [ -47.3015287, -20.5406782 ], [ -47.3014511, -20.5396661 ], [ -47.3010066, -20.5383092 ], [ -47.3006503, -20.5376342 ], [ -47.3001405, -20.5371356 ], [ -47.300074, -20.5367674 ], [ -47.3001641, -20.5365731 ], [ -47.3014142, -20.5362303 ], [ -47.3019924, -20.5359577 ], [ -47.3027451, -20.5349838 ], [ -47.3034342, -20.5344999 ], [ -47.3036819, -20.5344537 ], [ -47.3039514, -20.5345683 ], [ -47.3041113, -20.5348179 ], [ -47.3041509, -20.5349524 ], [ -47.3049059, -20.5375173 ], [ -47.3053778, -20.5386659 ], [ -47.3068848, -20.541096 ], [ -47.3073945, -20.5415335 ], [ -47.308087, -20.5417622 ], [ -47.3085302, -20.5420093 ], [ -47.3098944, -20.5447 ], [ -47.3103724, -20.5452709 ], [ -47.3111817, -20.5457046 ], [ -47.3116409, -20.545686 ], [ -47.3121335, -20.5454697 ], [ -47.3124104, -20.5449753 ], [ -47.3124983, -20.5445007 ], [ -47.3122289, -20.5433069 ], [ -47.3119495, -20.5425404 ], [ -47.3114112, -20.5416149 ], [ -47.311613, -20.5413899 ], [ -47.3123542, -20.5412286 ], [ -47.3137902, -20.5409162 ], [ -47.3168495, -20.5396479 ], [ -47.3182985, -20.5389468 ], [ -47.3190216, -20.5388919 ], [ -47.3194661, -20.5391533 ], [ -47.3195828, -20.5395793 ], [ -47.3194779, -20.5399823 ], [ -47.3181468, -20.5413017 ], [ -47.3175934, -20.5421081 ], [ -47.3173532, -20.5428384 ], [ -47.3172849, -20.5432448 ], [ -47.317277, -20.5432917 ], [ -47.317269, -20.5433389 ], [ -47.3171925, -20.5437938 ], [ -47.3173356, -20.5458355 ], [ -47.3180384, -20.5476337 ], [ -47.3190957, -20.548961 ], [ -47.319323, -20.5494909 ], [ -47.3193461, -20.5499015 ], [ -47.3193471, -20.549919 ], [ -47.3193481, -20.5499368 ], [ -47.3193493, -20.5499585 ], [ -47.3193501, -20.5499729 ], [ -47.3193878, -20.5506455 ], [ -47.3189921, -20.5516853 ], [ -47.3179311, -20.553059 ], [ -47.3177201, -20.5536251 ], [ -47.3178628, -20.5547323 ], [ -47.3183863, -20.5552286 ], [ -47.3179603, -20.555951 ], [ -47.3174177, -20.5566383 ], [ -47.3162431, -20.5578414 ], [ -47.3148693, -20.5595841 ], [ -47.3141141, -20.5614017 ], [ -47.3139975, -20.5620703 ], [ -47.3142126, -20.5638255 ], [ -47.3147199, -20.5651542 ], [ -47.3154295, -20.566356 ], [ -47.3163417, -20.5674244 ], [ -47.3173483, -20.568288 ], [ -47.319276, -20.5693316 ], [ -47.3193147, -20.5693526 ], [ -47.3193528, -20.5693733 ], [ -47.3196616, -20.5695404 ], [ -47.3212241, -20.5705565 ], [ -47.3218003, -20.5712535 ], [ -47.3221748, -20.5715581 ], [ -47.3230229, -20.572031 ], [ -47.3235918, -20.5728067 ], [ -47.3241278, -20.573282 ], [ -47.3246068, -20.5739195 ], [ -47.3253959, -20.5746219 ], [ -47.3256876, -20.5752631 ], [ -47.3266565, -20.5758043 ], [ -47.3274929, -20.5773156 ], [ -47.3277745, -20.5776597 ], [ -47.3291764, -20.5786606 ], [ -47.3297817, -20.5792212 ], [ -47.3300309, -20.580089 ], [ -47.3304306, -20.5805195 ], [ -47.3309504, -20.5816303 ], [ -47.3312325, -20.5826898 ], [ -47.3310626, -20.5839639 ], [ -47.3311422, -20.5844953 ], [ -47.3315852, -20.5859582 ], [ -47.3315609, -20.586713 ], [ -47.3312754, -20.5881016 ], [ -47.3311855, -20.5885391 ], [ -47.3312058, -20.5888697 ], [ -47.331209, -20.588921 ], [ -47.3312122, -20.5889726 ], [ -47.3312194, -20.5890897 ], [ -47.3312771, -20.5900244 ], [ -47.3313296, -20.5908667 ], [ -47.3319199, -20.5935079 ], [ -47.3325391, -20.5950252 ], [ -47.3326372, -20.596208 ], [ -47.3331955, -20.5983286 ], [ -47.3342239, -20.600062 ], [ -47.3355663, -20.601465 ], [ -47.3387722, -20.6035523 ], [ -47.3404749, -20.6044002 ], [ -47.3430932, -20.6065358 ], [ -47.3432104, -20.6066314 ], [ -47.3432229, -20.6066416 ], [ -47.3442576, -20.6079249 ], [ -47.3442968, -20.6079837 ], [ -47.3444451, -20.6082065 ], [ -47.3445467, -20.6083589 ], [ -47.3457454, -20.6101584 ], [ -47.3478278, -20.6124947 ], [ -47.3506482, -20.6162961 ], [ -47.3510867, -20.6166993 ], [ -47.3524409, -20.6173948 ], [ -47.3525424, -20.617447 ], [ -47.3539768, -20.6183763 ], [ -47.3561344, -20.6207342 ], [ -47.3564196, -20.6208862 ], [ -47.3570904, -20.6217126 ], [ -47.3576346, -20.6226213 ], [ -47.3582826, -20.6239914 ], [ -47.3583273, -20.6245296 ], [ -47.3582887, -20.6249523 ], [ -47.3575996, -20.6260897 ], [ -47.357359, -20.6277116 ], [ -47.3570551, -20.6285366 ], [ -47.3568958, -20.6303198 ], [ -47.3566218, -20.6310759 ], [ -47.3561224, -20.6332127 ], [ -47.3561908, -20.6342218 ], [ -47.3565163, -20.635434 ], [ -47.357016, -20.6367913 ], [ -47.3568675, -20.6382594 ], [ -47.3572614, -20.6399739 ], [ -47.3572885, -20.641774 ], [ -47.3576485, -20.6436705 ], [ -47.3576804, -20.645098 ], [ -47.3574947, -20.6464712 ], [ -47.3572853, -20.6469107 ], [ -47.3564328, -20.6477615 ], [ -47.3564312, -20.6480203 ], [ -47.3566705, -20.6483898 ], [ -47.3567091, -20.6486708 ], [ -47.3563761, -20.6500743 ], [ -47.3563671, -20.6506882 ], [ -47.3563581, -20.6513021 ], [ -47.3560204, -20.6525258 ], [ -47.35572, -20.6532251 ], [ -47.354898, -20.6543646 ], [ -47.3548505, -20.6548813 ], [ -47.3549847, -20.6552621 ], [ -47.3549779, -20.6555269 ], [ -47.3546578, -20.6558634 ], [ -47.3545818, -20.6566576 ], [ -47.3536473, -20.6589457 ], [ -47.3526607, -20.6601805 ], [ -47.3521018, -20.6612347 ], [ -47.3520574, -20.6621416 ], [ -47.3520852, -20.6624509 ], [ -47.3523206, -20.6629102 ], [ -47.3522484, -20.6631545 ], [ -47.352129, -20.6632506 ], [ -47.3515686, -20.6633028 ], [ -47.3513558, -20.6634699 ], [ -47.3510892, -20.6649326 ], [ -47.3503854, -20.665851 ], [ -47.3500739, -20.6659011 ], [ -47.3485498, -20.6656099 ], [ -47.3482127, -20.6658081 ], [ -47.3478782, -20.6662958 ], [ -47.3474625, -20.666687 ], [ -47.3473418, -20.6669421 ], [ -47.3474076, -20.6675476 ], [ -47.3470628, -20.6684456 ], [ -47.3472772, -20.6693857 ], [ -47.3471878, -20.6709244 ], [ -47.3474767, -20.6710829 ], [ -47.3483777, -20.6708856 ], [ -47.3486139, -20.6709306 ], [ -47.3489673, -20.6711976 ], [ -47.349224, -20.6717394 ], [ -47.3493549, -20.6733369 ], [ -47.349579, -20.6737481 ], [ -47.3499261, -20.6739384 ], [ -47.3504093, -20.6739381 ], [ -47.3509443, -20.6742237 ], [ -47.3516768, -20.6739472 ], [ -47.3521756, -20.674137 ], [ -47.352848, -20.6740065 ], [ -47.3532013, -20.6742087 ], [ -47.353757, -20.6742174 ], [ -47.3547415, -20.6744187 ], [ -47.3553096, -20.674871 ], [ -47.3553626, -20.6749979 ], [ -47.3552435, -20.6754813 ], [ -47.3548478, -20.6758966 ], [ -47.3544497, -20.6761276 ], [ -47.3542597, -20.6763414 ], [ -47.3542269, -20.6765441 ], [ -47.3545274, -20.6768549 ], [ -47.3550519, -20.6771617 ], [ -47.355118, -20.6772972 ], [ -47.3546699, -20.6780341 ], [ -47.3546961, -20.6781384 ], [ -47.355281, -20.678514 ], [ -47.3552492, -20.6797682 ], [ -47.3553596, -20.6800106 ], [ -47.3556602, -20.6802324 ], [ -47.3567476, -20.6802103 ], [ -47.3576696, -20.680588 ], [ -47.3581003, -20.6808211 ], [ -47.3601939, -20.6824156 ], [ -47.3613263, -20.6830341 ], [ -47.3614286, -20.6831774 ], [ -47.3614843, -20.6835075 ], [ -47.3613939, -20.6841475 ], [ -47.3617084, -20.6846466 ], [ -47.3617285, -20.6851309 ], [ -47.3618472, -20.6854922 ], [ -47.362291, -20.6859325 ], [ -47.3621997, -20.6867243 ], [ -47.3622956, -20.6873229 ], [ -47.3624999, -20.6878565 ], [ -47.3624967, -20.6881502 ], [ -47.3622386, -20.6886706 ], [ -47.3619326, -20.688968 ], [ -47.3610933, -20.6894247 ], [ -47.3609005, -20.6897247 ], [ -47.3609868, -20.6900812 ], [ -47.3612736, -20.6903546 ], [ -47.3613958, -20.6907008 ], [ -47.3613592, -20.6912979 ], [ -47.3616783, -20.6921935 ], [ -47.3616967, -20.6931801 ], [ -47.3620075, -20.6936305 ], [ -47.3623349, -20.6937662 ], [ -47.362558, -20.6936957 ], [ -47.3629547, -20.6933442 ], [ -47.3633717, -20.6931679 ], [ -47.3642084, -20.6933437 ], [ -47.3643048, -20.693732 ], [ -47.363948, -20.6947752 ], [ -47.3640643, -20.6950825 ], [ -47.3643656, -20.6953322 ], [ -47.364671, -20.6954212 ], [ -47.3649287, -20.6958553 ], [ -47.3649098, -20.6964872 ], [ -47.3646724, -20.6971719 ], [ -47.3647731, -20.6977464 ], [ -47.3652499, -20.6980927 ], [ -47.3660018, -20.6983633 ], [ -47.3661997, -20.698627 ], [ -47.3663125, -20.6990348 ], [ -47.3660856, -20.6993469 ], [ -47.3653115, -20.6995411 ], [ -47.3647034, -20.7001334 ], [ -47.3648827, -20.7010641 ], [ -47.3647143, -20.701906 ], [ -47.3649241, -20.702996 ], [ -47.3650648, -20.7050756 ], [ -47.365177, -20.7055194 ], [ -47.3656797, -20.7063942 ], [ -47.3659747, -20.7094053 ], [ -47.366325, -20.7100074 ], [ -47.3665387, -20.7115577 ], [ -47.3668654, -20.7125022 ], [ -47.3671248, -20.712788 ], [ -47.3673842, -20.7130738 ], [ -47.3679805, -20.713325 ], [ -47.3682281, -20.7135286 ], [ -47.3688354, -20.7143849 ], [ -47.3689974, -20.714494 ], [ -47.3693291, -20.7147175 ], [ -47.369847, -20.7147391 ], [ -47.3704134, -20.7143321 ], [ -47.3709551, -20.7137642 ], [ -47.3717186, -20.7134214 ], [ -47.3722869, -20.7130145 ], [ -47.3724494, -20.7129902 ], [ -47.372996, -20.7131881 ], [ -47.3736797, -20.7137931 ], [ -47.3744632, -20.7146831 ], [ -47.3748565, -20.7160624 ], [ -47.3753438, -20.7165214 ], [ -47.3761827, -20.7165625 ], [ -47.3773867, -20.7158123 ], [ -47.3777632, -20.7157485 ], [ -47.3779522, -20.7158205 ], [ -47.378344, -20.7162435 ], [ -47.378579, -20.7161869 ], [ -47.3786416, -20.7152807 ], [ -47.3787567, -20.7151314 ], [ -47.3791539, -20.7150136 ], [ -47.3794147, -20.7150703 ], [ -47.3800213, -20.7154584 ], [ -47.3814269, -20.7160091 ], [ -47.381573, -20.7162951 ], [ -47.381494, -20.7167837 ], [ -47.3816762, -20.7175186 ], [ -47.3813753, -20.7177866 ], [ -47.3803091, -20.7183758 ], [ -47.3796276, -20.7189105 ], [ -47.3795189, -20.7190879 ], [ -47.3795903, -20.7194115 ], [ -47.3806656, -20.7199145 ], [ -47.3813271, -20.7207208 ], [ -47.3822384, -20.7213704 ], [ -47.3826283, -20.7218832 ], [ -47.3840192, -20.7230589 ], [ -47.3850725, -20.723606 ], [ -47.3852211, -20.7238103 ], [ -47.3853018, -20.7278414 ], [ -47.3854789, -20.7281223 ], [ -47.3859782, -20.728394 ], [ -47.3870158, -20.728333 ], [ -47.3883428, -20.7288825 ], [ -47.3887206, -20.7289446 ], [ -47.3896526, -20.7287914 ], [ -47.3902895, -20.7289731 ], [ -47.3911246, -20.7289699 ], [ -47.3917335, -20.7293086 ], [ -47.3921504, -20.7293326 ], [ -47.3924056, -20.7291213 ], [ -47.3919654, -20.7285077 ], [ -47.3919888, -20.7283217 ], [ -47.3921472, -20.7281507 ], [ -47.3923748, -20.7281315 ], [ -47.3929324, -20.7277484 ], [ -47.3932084, -20.7277877 ], [ -47.3935471, -20.7283075 ], [ -47.3939316, -20.7283465 ], [ -47.3945662, -20.7282053 ], [ -47.3948094, -20.728247 ], [ -47.3951828, -20.7285884 ], [ -47.3952811, -20.7291763 ], [ -47.3956611, -20.7294092 ], [ -47.3960114, -20.7292419 ], [ -47.396056, -20.7290118 ], [ -47.3958476, -20.7282597 ], [ -47.3960091, -20.728104 ], [ -47.3962591, -20.7280776 ], [ -47.3967218, -20.7285069 ], [ -47.3971716, -20.7291883 ], [ -47.397378, -20.7292375 ], [ -47.3977081, -20.7288501 ], [ -47.3980299, -20.7288516 ], [ -47.398341, -20.7292113 ], [ -47.3989531, -20.7296508 ], [ -47.4002324, -20.729998 ], [ -47.4009634, -20.7304447 ], [ -47.401354, -20.7304982 ], [ -47.4022133, -20.730185 ], [ -47.4027513, -20.7305183 ], [ -47.4033192, -20.730451 ], [ -47.4038089, -20.7305487 ], [ -47.4038416, -20.7307019 ], [ -47.4037043, -20.7309636 ], [ -47.4039585, -20.7311296 ], [ -47.404553, -20.7310696 ], [ -47.4052697, -20.7308291 ], [ -47.4054985, -20.7308504 ], [ -47.4056959, -20.7309281 ], [ -47.4058081, -20.7314869 ], [ -47.4059958, -20.7315668 ], [ -47.4067846, -20.7314369 ], [ -47.4070294, -20.7315514 ], [ -47.4071066, -20.7317646 ], [ -47.4062583, -20.7324234 ], [ -47.4061208, -20.7326258 ], [ -47.4061476, -20.7328704 ], [ -47.4062839, -20.7329412 ], [ -47.4065149, -20.7329527 ], [ -47.4075563, -20.7326284 ], [ -47.4082889, -20.7329718 ], [ -47.4094934, -20.7328074 ], [ -47.4101628, -20.7330791 ], [ -47.4103683, -20.7330609 ], [ -47.4109737, -20.7327721 ], [ -47.4112121, -20.7329034 ], [ -47.4110672, -20.7336277 ], [ -47.4112179, -20.7337646 ], [ -47.411741, -20.7336237 ], [ -47.4121618, -20.7333602 ], [ -47.4127516, -20.7325477 ], [ -47.4130086, -20.7324038 ], [ -47.4133372, -20.7323831 ], [ -47.4139659, -20.7327737 ], [ -47.4142156, -20.7327338 ], [ -47.4142778, -20.7322077 ], [ -47.4143621, -20.732104 ], [ -47.4160842, -20.7323008 ], [ -47.4164309, -20.7324362 ], [ -47.4169148, -20.7328878 ], [ -47.4178569, -20.7342062 ], [ -47.4183062, -20.7343491 ], [ -47.4191315, -20.7343293 ], [ -47.4191933, -20.7347217 ], [ -47.4186174, -20.7355258 ], [ -47.4188808, -20.7358557 ], [ -47.4205548, -20.7359203 ], [ -47.4216157, -20.736251 ], [ -47.4238931, -20.7361615 ], [ -47.4247887, -20.7357641 ], [ -47.4259072, -20.7355424 ], [ -47.4260691, -20.735376 ], [ -47.4260777, -20.7348227 ], [ -47.4255748, -20.7339021 ], [ -47.4255067, -20.7331014 ], [ -47.4258496, -20.732461 ], [ -47.4262314, -20.7322329 ], [ -47.4269221, -20.7321935 ], [ -47.4273252, -20.7322708 ], [ -47.4289787, -20.7331614 ], [ -47.4293747, -20.73327 ], [ -47.4304541, -20.7333523 ], [ -47.431589, -20.7336174 ], [ -47.4332614, -20.7336522 ], [ -47.4344649, -20.7337976 ], [ -47.4355574, -20.7335982 ], [ -47.4360703, -20.7331809 ], [ -47.4361209, -20.7328781 ], [ -47.4360305, -20.7326131 ], [ -47.4358225, -20.7324911 ], [ -47.4350789, -20.7323541 ], [ -47.4350036, -20.7321859 ], [ -47.4350394, -20.7320012 ], [ -47.4355952, -20.7315271 ], [ -47.43574, -20.7311784 ], [ -47.436147, -20.7310762 ], [ -47.4371172, -20.7314392 ], [ -47.4373284, -20.731378 ], [ -47.4374441, -20.73128 ], [ -47.4375742, -20.7305605 ], [ -47.4378319, -20.7304903 ], [ -47.4381228, -20.7305391 ], [ -47.4385161, -20.7308659 ], [ -47.4387065, -20.7309072 ], [ -47.4393503, -20.7306395 ], [ -47.4398116, -20.731084 ], [ -47.4399846, -20.7311256 ], [ -47.4406811, -20.7309525 ], [ -47.441699, -20.7314108 ], [ -47.4418301, -20.7316018 ], [ -47.441748, -20.7324328 ], [ -47.4416042, -20.7328704 ], [ -47.4406821, -20.7334601 ], [ -47.4399869, -20.734071 ], [ -47.4399305, -20.7344643 ], [ -47.4402799, -20.7348272 ], [ -47.4410293, -20.7350525 ], [ -47.4418925, -20.7355121 ], [ -47.4429977, -20.7364205 ], [ -47.4437562, -20.7365238 ], [ -47.4442367, -20.7367011 ], [ -47.4442274, -20.7370037 ], [ -47.4439175, -20.7372364 ], [ -47.4438646, -20.7373935 ], [ -47.4440262, -20.7378122 ], [ -47.4445137, -20.738227 ], [ -47.4452061, -20.7383926 ], [ -47.4455134, -20.7385741 ], [ -47.4451141, -20.7394982 ], [ -47.4454411, -20.7404013 ], [ -47.4448536, -20.7407655 ], [ -47.4448004, -20.7409729 ], [ -47.4449101, -20.7419703 ], [ -47.4451897, -20.742726 ], [ -47.4452145, -20.7434199 ], [ -47.4456578, -20.744056 ], [ -47.4458473, -20.7446078 ], [ -47.445567, -20.7449792 ], [ -47.4447668, -20.7451268 ], [ -47.4445254, -20.7452857 ], [ -47.4445156, -20.7456898 ], [ -47.4447696, -20.7463502 ], [ -47.4447503, -20.7466406 ], [ -47.4446433, -20.7467822 ], [ -47.4441282, -20.7469595 ], [ -47.4441013, -20.7472254 ], [ -47.4445808, -20.7477604 ], [ -47.4445683, -20.7480925 ], [ -47.4443725, -20.7484877 ], [ -47.4443741, -20.7490936 ], [ -47.4439527, -20.7497256 ], [ -47.4439989, -20.7500123 ], [ -47.4442541, -20.7502673 ], [ -47.4441705, -20.7506893 ], [ -47.444238, -20.7509273 ], [ -47.4447584, -20.7509624 ], [ -47.4450404, -20.750885 ], [ -47.4453264, -20.7505839 ], [ -47.4457161, -20.7507281 ], [ -47.4457364, -20.7510579 ], [ -47.445311, -20.751626 ], [ -47.4452759, -20.7518835 ], [ -47.4454081, -20.7522929 ], [ -47.4456478, -20.7526616 ], [ -47.4456279, -20.7530086 ], [ -47.4455661, -20.7531276 ], [ -47.4451577, -20.7533045 ], [ -47.4451309, -20.7536576 ], [ -47.4453087, -20.7538333 ], [ -47.4457646, -20.753936 ], [ -47.4459887, -20.753887 ], [ -47.446162, -20.7534361 ], [ -47.4464236, -20.7533884 ], [ -47.4468351, -20.7540943 ], [ -47.4474608, -20.7561583 ], [ -47.447829, -20.7563988 ], [ -47.4485536, -20.7562222 ], [ -47.4490019, -20.7563228 ], [ -47.4499601, -20.7569236 ], [ -47.4506129, -20.7572054 ], [ -47.4511575, -20.7576341 ], [ -47.4515076, -20.757651 ], [ -47.4516606, -20.7575345 ], [ -47.4517172, -20.757294 ], [ -47.4518446, -20.7571694 ], [ -47.4520928, -20.7572085 ], [ -47.4522964, -20.7574778 ], [ -47.452245, -20.7584456 ], [ -47.4521137, -20.7585925 ], [ -47.4514379, -20.7588411 ], [ -47.451405, -20.7591121 ], [ -47.4516914, -20.7593333 ], [ -47.4523089, -20.7595679 ], [ -47.4526696, -20.759871 ], [ -47.4535701, -20.7599609 ], [ -47.4540155, -20.7601503 ], [ -47.4546105, -20.7607059 ], [ -47.455811, -20.7623917 ], [ -47.4562164, -20.7625958 ], [ -47.4593996, -20.7631289 ], [ -47.4597654, -20.7632713 ], [ -47.4599668, -20.7635252 ], [ -47.4600874, -20.763892 ], [ -47.4600424, -20.7642228 ], [ -47.4596621, -20.7649275 ], [ -47.4581127, -20.7673531 ], [ -47.4567311, -20.769742 ], [ -47.455911, -20.7705261 ], [ -47.4550561, -20.7716918 ], [ -47.4548951, -20.7721693 ], [ -47.4551509, -20.772854 ], [ -47.4555903, -20.7732275 ], [ -47.4560085, -20.7734042 ], [ -47.4567113, -20.7734443 ], [ -47.4594685, -20.7730742 ], [ -47.4617077, -20.7729928 ], [ -47.4625059, -20.7724046 ], [ -47.4629712, -20.772202 ], [ -47.4653515, -20.7715443 ], [ -47.46543, -20.7714871 ], [ -47.4654697, -20.7714582 ], [ -47.4655094, -20.7714293 ], [ -47.4659182, -20.7711316 ], [ -47.4663777, -20.7705953 ], [ -47.4668165, -20.7703593 ], [ -47.4675569, -20.7701752 ], [ -47.4695835, -20.7700964 ], [ -47.4701305, -20.7698924 ], [ -47.4706591, -20.7694692 ], [ -47.4710461, -20.7688088 ], [ -47.4720632, -20.7657292 ], [ -47.4723017, -20.7644125 ], [ -47.4727377, -20.7599393 ], [ -47.4725521, -20.7588276 ], [ -47.4719931, -20.7573495 ], [ -47.4719955, -20.7568696 ], [ -47.472231, -20.7560443 ], [ -47.4722118, -20.7556652 ], [ -47.4720343, -20.7551668 ], [ -47.4709902, -20.7534601 ], [ -47.4706244, -20.7524719 ], [ -47.4706817, -20.7522125 ], [ -47.4713704, -20.7519087 ], [ -47.4742539, -20.7523223 ], [ -47.4758286, -20.7521516 ], [ -47.4764056, -20.7521653 ], [ -47.4768785, -20.7524546 ], [ -47.477601, -20.7536189 ], [ -47.4780495, -20.7539828 ], [ -47.47856, -20.7541342 ], [ -47.4790662, -20.7540293 ], [ -47.4808042, -20.7526792 ], [ -47.4817708, -20.7521251 ], [ -47.4826518, -20.7518195 ], [ -47.4833781, -20.7516887 ], [ -47.4840566, -20.7516882 ], [ -47.4848378, -20.7518489 ], [ -47.4858969, -20.751736 ], [ -47.4867661, -20.7514793 ], [ -47.488519, -20.7512092 ], [ -47.4888671, -20.7509824 ], [ -47.4894218, -20.749859 ], [ -47.4896412, -20.7496965 ], [ -47.4909014, -20.7495309 ], [ -47.4913018, -20.7493168 ], [ -47.4915625, -20.7477428 ], [ -47.4917805, -20.7475452 ], [ -47.4920905, -20.7474203 ], [ -47.4927581, -20.7475182 ], [ -47.4940153, -20.7486523 ], [ -47.4943652, -20.748696 ], [ -47.4946232, -20.7484846 ], [ -47.4948504, -20.7480275 ], [ -47.4943486, -20.7468446 ], [ -47.4941191, -20.7448477 ], [ -47.4942998, -20.7446235 ], [ -47.4946623, -20.7445077 ], [ -47.4955091, -20.7445692 ], [ -47.4958973, -20.7443915 ], [ -47.4959425, -20.7440983 ], [ -47.4951254, -20.7434348 ], [ -47.4949256, -20.7431423 ], [ -47.4949349, -20.7429467 ], [ -47.4951288, -20.7427725 ], [ -47.496506, -20.7422769 ], [ -47.4977402, -20.7413516 ], [ -47.4981826, -20.7413206 ], [ -47.4986414, -20.7415347 ], [ -47.4987905, -20.7418882 ], [ -47.4987744, -20.7420844 ], [ -47.4987583, -20.7422807 ], [ -47.4989077, -20.7425838 ], [ -47.4994132, -20.7425166 ], [ -47.4995801, -20.7423673 ], [ -47.4994715, -20.7414248 ], [ -47.4987073, -20.7399525 ], [ -47.4987786, -20.739681 ], [ -47.4990746, -20.7393218 ], [ -47.4993328, -20.7391931 ], [ -47.4999489, -20.7393691 ], [ -47.5008305, -20.740009 ], [ -47.501144, -20.740027 ], [ -47.5014532, -20.7398508 ], [ -47.5032452, -20.7382624 ], [ -47.5035013, -20.7379161 ], [ -47.5039096, -20.7359225 ], [ -47.5041897, -20.7355519 ], [ -47.5045746, -20.7351807 ], [ -47.5049379, -20.7349993 ], [ -47.5056784, -20.7349417 ], [ -47.5064318, -20.7347597 ], [ -47.5066857, -20.7344636 ], [ -47.5066662, -20.7340449 ], [ -47.5053128, -20.733292 ], [ -47.504732, -20.7328073 ], [ -47.5045795, -20.7323296 ], [ -47.5046998, -20.7318991 ], [ -47.5052258, -20.7312177 ], [ -47.5056801, -20.7310883 ], [ -47.5060865, -20.7312905 ], [ -47.50754, -20.7325325 ], [ -47.5081284, -20.7326589 ], [ -47.5085144, -20.7323965 ], [ -47.5085865, -20.7321251 ], [ -47.5083197, -20.7317366 ], [ -47.5074664, -20.731221 ], [ -47.5071853, -20.7308086 ], [ -47.5071118, -20.7302584 ], [ -47.5074153, -20.7296784 ], [ -47.5078407, -20.7294139 ], [ -47.5087242, -20.7291558 ], [ -47.5087968, -20.7290084 ], [ -47.5085984, -20.7287286 ], [ -47.5068887, -20.7277943 ], [ -47.5067282, -20.7275249 ], [ -47.5067753, -20.7272319 ], [ -47.5070205, -20.7269813 ], [ -47.5076938, -20.7268753 ], [ -47.5087534, -20.7271281 ], [ -47.5090637, -20.7270391 ], [ -47.5091393, -20.7267534 ], [ -47.5085775, -20.7260285 ], [ -47.5083475, -20.7254311 ], [ -47.5084715, -20.7250492 ], [ -47.5091284, -20.7248537 ], [ -47.5091925, -20.7229073 ], [ -47.5089001, -20.7225098 ], [ -47.5077857, -20.7216302 ], [ -47.5076402, -20.7210333 ], [ -47.5073031, -20.7205811 ], [ -47.507258, -20.7198621 ], [ -47.5064471, -20.7183809 ], [ -47.5054663, -20.7172978 ], [ -47.5036152, -20.7167753 ], [ -47.5029066, -20.7168089 ], [ -47.5012064, -20.7166641 ], [ -47.5002703, -20.7172105 ], [ -47.4996934, -20.7178486 ], [ -47.4994083, -20.7179997 ], [ -47.4985656, -20.7181586 ], [ -47.4967556, -20.719029 ], [ -47.4957776, -20.7192269 ], [ -47.4940143, -20.7193457 ], [ -47.4908478, -20.7197399 ], [ -47.4893208, -20.7197696 ], [ -47.4883633, -20.7195143 ], [ -47.4860162, -20.7176075 ], [ -47.4841829, -20.7158424 ], [ -47.4832977, -20.7145516 ], [ -47.4824345, -20.7138692 ], [ -47.4819868, -20.7130191 ], [ -47.4817469, -20.712744 ], [ -47.4807837, -20.7120848 ], [ -47.48049, -20.7117646 ], [ -47.4799159, -20.7102329 ], [ -47.4787207, -20.7089376 ], [ -47.4766747, -20.7061325 ], [ -47.4764341, -20.705985 ], [ -47.4749561, -20.7041847 ], [ -47.4740113, -20.703234 ], [ -47.4716728, -20.7011586 ], [ -47.4710512, -20.7007567 ], [ -47.4707994, -20.7004246 ], [ -47.470356, -20.6995198 ], [ -47.4694809, -20.6985808 ], [ -47.4691068, -20.6976966 ], [ -47.4690098, -20.6932698 ], [ -47.4692121, -20.6914924 ], [ -47.4689171, -20.690577 ], [ -47.4687021, -20.6893213 ], [ -47.4683106, -20.6885974 ], [ -47.4667386, -20.6872663 ], [ -47.46521, -20.6864024 ], [ -47.46408, -20.6855392 ], [ -47.4583805, -20.6829107 ], [ -47.4570308, -20.681863 ], [ -47.456621, -20.6817442 ], [ -47.4541575, -20.6804413 ], [ -47.4533512, -20.6797817 ], [ -47.452631, -20.6793752 ], [ -47.4474857, -20.6773148 ], [ -47.4453198, -20.6772222 ], [ -47.4440793, -20.6776094 ], [ -47.4425787, -20.6783732 ], [ -47.4407493, -20.6788307 ], [ -47.4392373, -20.6788525 ], [ -47.4368466, -20.6782057 ], [ -47.4357558, -20.6777284 ], [ -47.4342996, -20.6768833 ], [ -47.4331935, -20.6760495 ], [ -47.4302464, -20.6732298 ], [ -47.4280502, -20.6712852 ], [ -47.4268163, -20.6699415 ], [ -47.4254712, -20.6677964 ], [ -47.4245393, -20.6670672 ], [ -47.4233511, -20.6667139 ], [ -47.4197193, -20.6665177 ], [ -47.4178442, -20.6665229 ], [ -47.4168406, -20.6664102 ], [ -47.4151913, -20.6664357 ], [ -47.4139442, -20.6666004 ], [ -47.4130187, -20.6663019 ], [ -47.4119174, -20.6650522 ], [ -47.4120663, -20.6641869 ], [ -47.4134768, -20.6621105 ], [ -47.4139855, -20.6610531 ], [ -47.4149206, -20.6578872 ], [ -47.4152571, -20.6562149 ], [ -47.4171131, -20.6514302 ], [ -47.41826, -20.6491585 ], [ -47.4197313, -20.6467589 ], [ -47.4203435, -20.646038 ], [ -47.4205925, -20.6452313 ], [ -47.4205267, -20.6444415 ], [ -47.4200826, -20.6432734 ], [ -47.4194772, -20.6423256 ], [ -47.4185078, -20.6412247 ], [ -47.4168175, -20.6400731 ], [ -47.4150491, -20.6383065 ], [ -47.4145739, -20.6372792 ], [ -47.4131677, -20.6354436 ], [ -47.4113315, -20.6334911 ], [ -47.4092411, -20.6320681 ], [ -47.4077966, -20.6314075 ], [ -47.4063142, -20.6311355 ], [ -47.4043457, -20.631023 ], [ -47.4020127, -20.6307466 ], [ -47.400284, -20.6303079 ], [ -47.3970312, -20.6287436 ], [ -47.3958602, -20.6281338 ], [ -47.3954405, -20.6275363 ], [ -47.3953425, -20.6265197 ], [ -47.3959771, -20.622887 ], [ -47.3963975, -20.6214272 ], [ -47.3972123, -20.6201497 ], [ -47.3981638, -20.618888 ], [ -47.3981785, -20.6172844 ], [ -47.3983723, -20.6165323 ], [ -47.3984833, -20.6155003 ], [ -47.3982411, -20.6141745 ], [ -47.4021126, -20.6142595 ], [ -47.4039372, -20.6143845 ], [ -47.405114, -20.6143501 ], [ -47.408223, -20.6136825 ], [ -47.4100094, -20.6134034 ], [ -47.4112784, -20.6133005 ], [ -47.4137269, -20.6125422 ], [ -47.4179046, -20.6117154 ], [ -47.4189946, -20.611621 ], [ -47.4218321, -20.6110795 ], [ -47.4239073, -20.6101793 ], [ -47.4247551, -20.609913 ], [ -47.4277305, -20.6095339 ], [ -47.4297575, -20.6083703 ], [ -47.4308517, -20.6075749 ], [ -47.4314952, -20.6068577 ], [ -47.4321668, -20.6063312 ], [ -47.4336934, -20.6058622 ], [ -47.434609, -20.6052677 ], [ -47.4363957, -20.604644 ], [ -47.4370527, -20.6041466 ], [ -47.437429, -20.6039676 ], [ -47.4379102, -20.6038078 ], [ -47.4383845, -20.6037619 ], [ -47.4391329, -20.6039519 ], [ -47.4416703, -20.6039092 ], [ -47.4431606, -20.6035017 ], [ -47.4435084, -20.6032721 ], [ -47.4450476, -20.6031792 ], [ -47.4460092, -20.6027396 ], [ -47.4460739, -20.6027101 ], [ -47.4472341, -20.6019611 ] ] ] ] } },
{ "type": "Feature", "properties": { "CD_MUN": "3534302", "NM_MUN": "Orlândia", "CD_RGI": "350034", "NM_RGI": "São Joaquim da Barra - Orlândia", "CD_RGINT": "3508", "NM_RGINT": "Ribeirão Preto", "CD_UF": "35", "NM_UF": "São Paulo", "SIGLA_UF": "SP", "CD_REGIA": "3", "NM_REGIA": "Sudeste", "SIGLA_RG": "SE", "CD_CONCU": null, "NM_CONCU": null, "AREA_KM2": 291.765 }, "geometry": { "type": "MultiPolygon", "coordinates": [ [ [ [ -47.8805452, -20.647473 ], [ -47.8804152, -20.6474798 ], [ -47.8735439, -20.6478392 ], [ -47.8651382, -20.6485691 ], [ -47.864981, -20.646987 ], [ -47.8645634, -20.6450278 ], [ -47.8639157, -20.6431811 ], [ -47.8629871, -20.6412038 ], [ -47.8612625, -20.6392497 ], [ -47.8603728, -20.6378332 ], [ -47.8593385, -20.6364539 ], [ -47.857547, -20.6346854 ], [ -47.8553399, -20.6331503 ], [ -47.8544477, -20.6326547 ], [ -47.8534083, -20.6323112 ], [ -47.8519479, -20.6320247 ], [ -47.8498377, -20.6313995 ], [ -47.8489875, -20.6309584 ], [ -47.8473973, -20.6296997 ], [ -47.8467458, -20.6292863 ], [ -47.8462313, -20.6289955 ], [ -47.8448849, -20.6284549 ], [ -47.8438626, -20.627451 ], [ -47.8433338, -20.6271355 ], [ -47.8414633, -20.6265439 ], [ -47.8396528, -20.6264662 ], [ -47.838256, -20.6258896 ], [ -47.8368707, -20.6254573 ], [ -47.8344906, -20.6249088 ], [ -47.8310516, -20.6234583 ], [ -47.8297735, -20.623224 ], [ -47.8279342, -20.6230993 ], [ -47.8243047, -20.6217067 ], [ -47.8207461, -20.6207455 ], [ -47.8193966, -20.6202362 ], [ -47.8187003, -20.6198634 ], [ -47.8181169, -20.6194046 ], [ -47.8173766, -20.6185761 ], [ -47.8169498, -20.6183064 ], [ -47.8152314, -20.6176139 ], [ -47.8126273, -20.6159177 ], [ -47.8084225, -20.6137562 ], [ -47.8065879, -20.6129983 ], [ -47.8066795, -20.6164881 ], [ -47.8068111, -20.6193506 ], [ -47.8069677, -20.6204111 ], [ -47.8069698, -20.6216377 ], [ -47.8068791, -20.6225473 ], [ -47.8060342, -20.6262365 ], [ -47.805925, -20.6271993 ], [ -47.8059904, -20.6291342 ], [ -47.8061155, -20.6301206 ], [ -47.8067529, -20.6320624 ], [ -47.8068168, -20.6329487 ], [ -47.8065294, -20.6336408 ], [ -47.8062909, -20.6339092 ], [ -47.8055162, -20.6342844 ], [ -47.8049809, -20.6347212 ], [ -47.8046852, -20.6355245 ], [ -47.8045471, -20.6366059 ], [ -47.8032366, -20.6376166 ], [ -47.8024165, -20.6384929 ], [ -47.8022396, -20.6389002 ], [ -47.8020514, -20.6403647 ], [ -47.801914, -20.6408157 ], [ -47.8016872, -20.6411035 ], [ -47.8010263, -20.6415808 ], [ -47.8007906, -20.641923 ], [ -47.8005792, -20.6425405 ], [ -47.8004837, -20.6432583 ], [ -47.8006171, -20.6441803 ], [ -47.8010054, -20.6447148 ], [ -47.8026558, -20.6457135 ], [ -47.8035863, -20.6466353 ], [ -47.8037435, -20.6472092 ], [ -47.8032566, -20.6489553 ], [ -47.8035048, -20.6502204 ], [ -47.8034523, -20.6504479 ], [ -47.8029696, -20.6511248 ], [ -47.8032194, -20.651569 ], [ -47.8036205, -20.6517182 ], [ -47.8040622, -20.6524282 ], [ -47.8042054, -20.6528731 ], [ -47.8042396, -20.6542997 ], [ -47.8047473, -20.6548493 ], [ -47.8055752, -20.656359 ], [ -47.8064935, -20.657605 ], [ -47.8068941, -20.6583324 ], [ -47.8077636, -20.6591728 ], [ -47.8080739, -20.6595966 ], [ -47.8089222, -20.6613589 ], [ -47.810867, -20.6627764 ], [ -47.8114391, -20.6637743 ], [ -47.8123954, -20.6645369 ], [ -47.8126177, -20.6649513 ], [ -47.8126918, -20.6653263 ], [ -47.8129302, -20.6656028 ], [ -47.8137657, -20.6656272 ], [ -47.8151863, -20.6667822 ], [ -47.8187203, -20.6689623 ], [ -47.8191515, -20.6696971 ], [ -47.8193477, -20.6697859 ], [ -47.8204772, -20.6699242 ], [ -47.8207027, -20.6700492 ], [ -47.8214312, -20.6711003 ], [ -47.8217285, -20.6713951 ], [ -47.8227669, -20.6718629 ], [ -47.8230266, -20.6721608 ], [ -47.8231103, -20.6736251 ], [ -47.8236044, -20.6746329 ], [ -47.8236878, -20.6759128 ], [ -47.8239266, -20.6762289 ], [ -47.8242876, -20.6763515 ], [ -47.8245077, -20.6766309 ], [ -47.8244648, -20.6778057 ], [ -47.8246436, -20.6780144 ], [ -47.8249645, -20.6781535 ], [ -47.8256941, -20.6781148 ], [ -47.8270267, -20.6776083 ], [ -47.8273936, -20.6775845 ], [ -47.8281284, -20.6778922 ], [ -47.8289015, -20.678721 ], [ -47.8295426, -20.6797286 ], [ -47.8301487, -20.6804139 ], [ -47.8302318, -20.6806866 ], [ -47.8302074, -20.6815005 ], [ -47.8303872, -20.6818729 ], [ -47.8316434, -20.6835112 ], [ -47.8316721, -20.6838684 ], [ -47.8313943, -20.6853189 ], [ -47.8302769, -20.6880481 ], [ -47.8298951, -20.6887233 ], [ -47.8284395, -20.6904611 ], [ -47.8281998, -20.6911594 ], [ -47.828151, -20.6921486 ], [ -47.8261677, -20.6944835 ], [ -47.8259717, -20.6948857 ], [ -47.825829, -20.6955857 ], [ -47.8255665, -20.6961114 ], [ -47.8250928, -20.6962573 ], [ -47.8239434, -20.6962711 ], [ -47.8229656, -20.6970006 ], [ -47.8209839, -20.6981116 ], [ -47.8187862, -20.7000673 ], [ -47.8153525, -20.7035237 ], [ -47.8140979, -20.7042325 ], [ -47.8112364, -20.704935 ], [ -47.810494, -20.7052133 ], [ -47.8086402, -20.7064797 ], [ -47.8081181, -20.7072443 ], [ -47.8078897, -20.7079699 ], [ -47.8079532, -20.709358 ], [ -47.8093909, -20.7132088 ], [ -47.8106173, -20.7156448 ], [ -47.8120482, -20.7174028 ], [ -47.8149937, -20.7202816 ], [ -47.8164418, -20.7219763 ], [ -47.8170625, -20.7227027 ], [ -47.8181088, -20.723928 ], [ -47.8200395, -20.7253766 ], [ -47.821016, -20.7269016 ], [ -47.8215827, -20.7280621 ], [ -47.8217197, -20.7285904 ], [ -47.8218053, -20.7300737 ], [ -47.8218413, -20.7325858 ], [ -47.8223841, -20.7351592 ], [ -47.8249622, -20.7412901 ], [ -47.825113, -20.7430842 ], [ -47.8250686, -20.7434414 ], [ -47.8247541, -20.7441793 ], [ -47.8246951, -20.7447078 ], [ -47.824998, -20.7450576 ], [ -47.825577, -20.7453274 ], [ -47.8260033, -20.7453813 ], [ -47.8266493, -20.7453037 ], [ -47.8270583, -20.7450998 ], [ -47.8275951, -20.7446378 ], [ -47.8278621, -20.7445925 ], [ -47.8285634, -20.7447866 ], [ -47.8300989, -20.7465313 ], [ -47.8311682, -20.747529 ], [ -47.8318081, -20.7479547 ], [ -47.832769, -20.7482615 ], [ -47.8341655, -20.7484904 ], [ -47.8352355, -20.7485025 ], [ -47.8361185, -20.7480555 ], [ -47.8375623, -20.7476646 ], [ -47.8379249, -20.7476317 ], [ -47.8387588, -20.748014 ], [ -47.8390956, -20.748097 ], [ -47.8394211, -20.7480574 ], [ -47.8399367, -20.7476162 ], [ -47.8401188, -20.7468241 ], [ -47.8403403, -20.7465055 ], [ -47.841731, -20.7456234 ], [ -47.8422383, -20.7451766 ], [ -47.8426221, -20.7447406 ], [ -47.8431095, -20.7438119 ], [ -47.843505, -20.7435616 ], [ -47.8438039, -20.7436307 ], [ -47.8447966, -20.7443855 ], [ -47.8452573, -20.7444928 ], [ -47.8457785, -20.7443881 ], [ -47.8460817, -20.7439259 ], [ -47.8673047, -20.7575269 ], [ -47.8677805, -20.7583325 ], [ -47.8686547, -20.761022 ], [ -47.8690872, -20.763561 ], [ -47.8695465, -20.7646286 ], [ -47.8698115, -20.7659655 ], [ -47.870024, -20.7664119 ], [ -47.8705678, -20.7670565 ], [ -47.8712576, -20.7680044 ], [ -47.8717438, -20.7688407 ], [ -47.8725281, -20.770029 ], [ -47.8727513, -20.770429 ], [ -47.8731828, -20.7718761 ], [ -47.8738412, -20.7729194 ], [ -47.8748018, -20.7751632 ], [ -47.876176, -20.7771609 ], [ -47.8971437, -20.7711135 ], [ -47.8971314, -20.771545 ], [ -47.897077, -20.7722123 ], [ -47.8966762, -20.7733886 ], [ -47.896449, -20.7740523 ], [ -47.8963058, -20.7748464 ], [ -47.8963732, -20.7761936 ], [ -47.8961994, -20.7773704 ], [ -47.8951697, -20.7792856 ], [ -47.8947456, -20.7802269 ], [ -47.8942344, -20.7816112 ], [ -47.8941172, -20.7822403 ], [ -47.894328, -20.7837357 ], [ -47.8943734, -20.7844667 ], [ -47.8942586, -20.7858117 ], [ -47.8941402, -20.7867278 ], [ -47.8939602, -20.7882124 ], [ -47.8941345, -20.7890483 ], [ -47.8943995, -20.7898277 ], [ -47.8947778, -20.7907119 ], [ -47.8955893, -20.7923318 ], [ -47.8957713, -20.7926972 ], [ -47.8960184, -20.7936222 ], [ -47.896442, -20.7943908 ], [ -47.8976768, -20.7953285 ], [ -47.8989247, -20.796085 ], [ -47.9297168, -20.8001276 ], [ -47.9383043, -20.8012555 ], [ -47.9619919, -20.8143594 ], [ -47.9625391, -20.8135384 ], [ -47.9631362, -20.8129073 ], [ -47.9632716, -20.8127104 ], [ -47.9635159, -20.8123548 ], [ -47.963947, -20.8113346 ], [ -47.9642777, -20.8098891 ], [ -47.9643468, -20.8077759 ], [ -47.9642692, -20.806854 ], [ -47.9635139, -20.8058624 ], [ -47.9623072, -20.8045473 ], [ -47.962129, -20.8040986 ], [ -47.9620811, -20.8034196 ], [ -47.9624961, -20.8023206 ], [ -47.9632999, -20.8012325 ], [ -47.964815, -20.7995892 ], [ -47.9651148, -20.7991113 ], [ -47.9650989, -20.7985165 ], [ -47.9650974, -20.7984612 ], [ -47.9646081, -20.7800131 ], [ -47.963603, -20.7787555 ], [ -47.9630931, -20.7775648 ], [ -47.9627323, -20.7760078 ], [ -47.9626257, -20.7751154 ], [ -47.9625831, -20.7708576 ], [ -47.9627366, -20.7682374 ], [ -47.9626149, -20.7667581 ], [ -47.9621341, -20.7652229 ], [ -47.9605838, -20.7628445 ], [ -47.9612431, -20.7626975 ], [ -47.9641911, -20.7624625 ], [ -47.9674544, -20.7618165 ], [ -47.9687458, -20.7614083 ], [ -47.9719012, -20.760163 ], [ -47.9743174, -20.759114 ], [ -47.9759979, -20.7582264 ], [ -47.9771284, -20.75737 ], [ -47.9791134, -20.7554909 ], [ -47.9806507, -20.7532949 ], [ -47.9810637, -20.7524773 ], [ -47.981255, -20.7514325 ], [ -47.9811931, -20.7503068 ], [ -47.9808558, -20.7490979 ], [ -47.9792436, -20.7461894 ], [ -47.9786658, -20.7445061 ], [ -47.9785472, -20.7434756 ], [ -47.978682, -20.7362089 ], [ -47.9793238, -20.7332324 ], [ -47.9801617, -20.7310012 ], [ -47.9809042, -20.7285849 ], [ -47.9811144, -20.7274993 ], [ -47.9727848, -20.6918155 ], [ -47.9727655, -20.6911393 ], [ -47.9730403, -20.6896818 ], [ -47.973183, -20.6883115 ], [ -47.9731585, -20.6871854 ], [ -47.9724767, -20.685727 ], [ -47.9722314, -20.6850115 ], [ -47.9719791, -20.6837425 ], [ -47.9716444, -20.6827846 ], [ -47.9709585, -20.6816247 ], [ -47.9696214, -20.6801255 ], [ -47.967187, -20.6778415 ], [ -47.9651944, -20.6762358 ], [ -47.9648543, -20.6756564 ], [ -47.96492, -20.6748491 ], [ -47.9654448, -20.6738699 ], [ -47.9711465, -20.6696322 ], [ -47.9762365, -20.6654333 ], [ -47.9779407, -20.6637943 ], [ -47.978719, -20.6627888 ], [ -47.9797428, -20.6602047 ], [ -47.9806263, -20.6579744 ], [ -47.9812748, -20.6561326 ], [ -47.9819496, -20.6543182 ], [ -47.9821772, -20.6526754 ], [ -47.9822891, -20.6520811 ], [ -47.9823759, -20.6503194 ], [ -47.9823234, -20.648246 ], [ -47.9824749, -20.6464523 ], [ -47.9828574, -20.6445999 ], [ -47.9834851, -20.6425837 ], [ -47.9849367, -20.6397835 ], [ -47.9856683, -20.638677 ], [ -47.9865969, -20.6377494 ], [ -47.9872718, -20.6369624 ], [ -47.9880314, -20.6347249 ], [ -47.9885258, -20.6320229 ], [ -47.9890577, -20.6301736 ], [ -47.9890747, -20.6301145 ], [ -47.9892997, -20.6288061 ], [ -47.9894121, -20.6269847 ], [ -47.9893284, -20.6248367 ], [ -47.9895735, -20.6231236 ], [ -47.9895293, -20.6222438 ], [ -47.9899266, -20.6210993 ], [ -47.9899985, -20.6205243 ], [ -47.9900366, -20.620062 ], [ -47.9899897, -20.6195111 ], [ -47.989758, -20.6187658 ], [ -47.989424, -20.617961 ], [ -47.9890502, -20.6168377 ], [ -47.9891312, -20.6158763 ], [ -47.9887213, -20.6138031 ], [ -47.9882636, -20.6125298 ], [ -47.9866808, -20.6103306 ], [ -47.9856969, -20.6094501 ], [ -47.9825357, -20.6074516 ], [ -47.9798148, -20.6062159 ], [ -47.9785849, -20.6057577 ], [ -47.9765624, -20.6051937 ], [ -47.9675578, -20.6036391 ], [ -47.9634265, -20.6024881 ], [ -47.9617336, -20.6017961 ], [ -47.9580334, -20.599747 ], [ -47.9548579, -20.5981219 ], [ -47.9534076, -20.5975605 ], [ -47.9466626, -20.5942064 ], [ -47.9428937, -20.5927124 ], [ -47.9407892, -20.5916829 ], [ -47.9387692, -20.5905053 ], [ -47.9354785, -20.588383 ], [ -47.9331259, -20.5865901 ], [ -47.9325356, -20.5862269 ], [ -47.9322022, -20.5861154 ], [ -47.9315938, -20.5861112 ], [ -47.9310617, -20.5863607 ], [ -47.9306268, -20.586824 ], [ -47.9297946, -20.5886127 ], [ -47.9287173, -20.5921727 ], [ -47.928234, -20.5948667 ], [ -47.9281217, -20.5960734 ], [ -47.9291123, -20.6079345 ], [ -47.9288386, -20.6128367 ], [ -47.9282635, -20.614744 ], [ -47.9271507, -20.6171372 ], [ -47.9258149, -20.6192445 ], [ -47.9235556, -20.6234935 ], [ -47.9232673, -20.6258137 ], [ -47.9232967, -20.6292946 ], [ -47.9233983, -20.6306725 ], [ -47.9233601, -20.6309796 ], [ -47.9230316, -20.6317551 ], [ -47.9225671, -20.6321094 ], [ -47.9221627, -20.6322356 ], [ -47.921603, -20.6322088 ], [ -47.9179839, -20.6307949 ], [ -47.9156338, -20.6303536 ], [ -47.9119684, -20.6305129 ], [ -47.910093, -20.630975 ], [ -47.9075642, -20.6319295 ], [ -47.9030456, -20.6340463 ], [ -47.9009828, -20.6353516 ], [ -47.8983194, -20.6372663 ], [ -47.8958779, -20.6388901 ], [ -47.8925165, -20.6409465 ], [ -47.8901661, -20.6418746 ], [ -47.8859333, -20.6430512 ], [ -47.8848753, -20.6436443 ], [ -47.8835242, -20.64489 ], [ -47.8811765, -20.6473281 ], [ -47.8807128, -20.6474448 ], [ -47.8806167, -20.6474693 ], [ -47.8805452, -20.647473 ] ] ] ] } },
{ "type": "Feature", "properties": { "CD_MUN": "3521309", "NM_MUN": "Ipuã", "CD_RGI": "350034", "NM_RGI": "São Joaquim da Barra - Orlândia", "CD_RGINT": "3508", "NM_RGINT": "Ribeirão Preto", "CD_UF": "35", "NM_UF": "São Paulo", "SIGLA_UF": "SP", "CD_REGIA": "3", "NM_REGIA": "Sudeste", "SIGLA_RG": "SE", "CD_CONCU": null, "NM_CONCU": null, "AREA_KM2": 466.461 }, "geometry": { "type": "MultiPolygon", "coordinates": [ [ [ [ -48.0274107, -20.5180182 ], [ -48.0293724, -20.516988 ], [ -48.0308082, -20.5165074 ], [ -48.0321363, -20.516202 ], [ -48.0341183, -20.5159604 ], [ -48.036676, -20.514875 ], [ -48.0381763, -20.5143362 ], [ -48.0418805, -20.5132961 ], [ -48.0445029, -20.512694 ], [ -48.0457856, -20.5121234 ], [ -48.0466166, -20.5116003 ], [ -48.0474263, -20.510759 ], [ -48.0486993, -20.5089026 ], [ -48.0494489, -20.5080295 ], [ -48.0501729, -20.507689 ], [ -48.0513539, -20.5064492 ], [ -48.0577499, -20.502307 ], [ -48.0587115, -20.5009076 ], [ -48.0594117, -20.5000679 ], [ -48.0601595, -20.4994592 ], [ -48.0614172, -20.4987625 ], [ -48.0624166, -20.4983944 ], [ -48.0632283, -20.4982647 ], [ -48.0652793, -20.4986115 ], [ -48.0666463, -20.4990089 ], [ -48.0757713, -20.5016608 ], [ -48.0797895, -20.5026402 ], [ -48.0826045, -20.5028788 ], [ -48.0846875, -20.5027929 ], [ -48.0864176, -20.5025835 ], [ -48.0871752, -20.5023654 ], [ -48.0877184, -20.5020348 ], [ -48.0909936, -20.5004851 ], [ -48.0961356, -20.4987053 ], [ -48.1003295, -20.4980834 ], [ -48.1022313, -20.4976439 ], [ -48.1039381, -20.496937 ], [ -48.1056238, -20.4959288 ], [ -48.1071118, -20.4955994 ], [ -48.1122718, -20.4939915 ], [ -48.1135652, -20.4937571 ], [ -48.1159658, -20.4936672 ], [ -48.119196, -20.4933803 ], [ -48.1260392, -20.4932546 ], [ -48.1284113, -20.4937078 ], [ -48.1302502, -20.4936573 ], [ -48.1307483, -20.4937244 ], [ -48.131923, -20.494113 ], [ -48.1323491, -20.4941561 ], [ -48.1332284, -20.4939896 ], [ -48.1337387, -20.4935128 ], [ -48.1342096, -20.4927846 ], [ -48.1343907, -20.4921367 ], [ -48.1343814, -20.4917018 ], [ -48.1340073, -20.4913249 ], [ -48.1340272, -20.4910808 ], [ -48.134435, -20.4906501 ], [ -48.1344839, -20.4904241 ], [ -48.1344285, -20.4902432 ], [ -48.1341611, -20.4900102 ], [ -48.1341203, -20.4897974 ], [ -48.1336005, -20.4895937 ], [ -48.1335581, -20.4890714 ], [ -48.1336837, -20.488848 ], [ -48.1344739, -20.4885255 ], [ -48.1346364, -20.4883627 ], [ -48.1346115, -20.4877096 ], [ -48.1347435, -20.4875683 ], [ -48.1354651, -20.4872327 ], [ -48.1356904, -20.4866582 ], [ -48.1358854, -20.486501 ], [ -48.1367767, -20.4864931 ], [ -48.1371034, -20.4864025 ], [ -48.1379277, -20.485867 ], [ -48.1391581, -20.4858219 ], [ -48.1394963, -20.4857316 ], [ -48.1406241, -20.4846287 ], [ -48.1410751, -20.4845485 ], [ -48.1413899, -20.4846706 ], [ -48.1418306, -20.4842814 ], [ -48.1421614, -20.4843591 ], [ -48.1424988, -20.4842139 ], [ -48.1430747, -20.4841793 ], [ -48.1432847, -20.4840298 ], [ -48.1434998, -20.4836942 ], [ -48.143555, -20.4832534 ], [ -48.1435278, -20.4829853 ], [ -48.1431, -20.4821801 ], [ -48.1431411, -20.4817299 ], [ -48.1434371, -20.4815392 ], [ -48.14447, -20.4817439 ], [ -48.1449232, -20.4814532 ], [ -48.1454543, -20.4812605 ], [ -48.1454455, -20.4810119 ], [ -48.1451605, -20.4808395 ], [ -48.1450213, -20.4805901 ], [ -48.1450096, -20.4802937 ], [ -48.1452901, -20.479676 ], [ -48.1452043, -20.4790083 ], [ -48.1452721, -20.4787127 ], [ -48.1455341, -20.4782051 ], [ -48.1457846, -20.4779499 ], [ -48.1464029, -20.4776063 ], [ -48.1464188, -20.4772874 ], [ -48.1468914, -20.477019 ], [ -48.1472234, -20.4763832 ], [ -48.1477977, -20.4757349 ], [ -48.1480807, -20.4752541 ], [ -48.1484077, -20.4750788 ], [ -48.148796, -20.4752097 ], [ -48.1490915, -20.4751314 ], [ -48.1491955, -20.4748668 ], [ -48.1495143, -20.4746822 ], [ -48.149471, -20.4740798 ], [ -48.149563, -20.473929 ], [ -48.1498307, -20.4738021 ], [ -48.1501631, -20.4738376 ], [ -48.1502912, -20.4736205 ], [ -48.1507451, -20.473615 ], [ -48.1510157, -20.4726785 ], [ -48.1514459, -20.4726399 ], [ -48.1519929, -20.4722785 ], [ -48.1527354, -20.4720722 ], [ -48.1529348, -20.4717217 ], [ -48.152782, -20.4711974 ], [ -48.1528188, -20.4708874 ], [ -48.1534364, -20.4707605 ], [ -48.1538938, -20.4701073 ], [ -48.1544594, -20.4701911 ], [ -48.1548545, -20.4697877 ], [ -48.1552102, -20.4697142 ], [ -48.1553579, -20.4695644 ], [ -48.1553448, -20.4691006 ], [ -48.1558689, -20.4686098 ], [ -48.1558181, -20.4675482 ], [ -48.1561991, -20.4668592 ], [ -48.1563911, -20.4659938 ], [ -48.1566701, -20.4655164 ], [ -48.1570219, -20.4651692 ], [ -48.1570821, -20.464922 ], [ -48.1569011, -20.4642331 ], [ -48.1569865, -20.4641037 ], [ -48.1576121, -20.4638439 ], [ -48.1580135, -20.4628209 ], [ -48.1583699, -20.4614383 ], [ -48.158552, -20.4611133 ], [ -48.1598925, -20.4598553 ], [ -48.1603521, -20.4598491 ], [ -48.1604986, -20.4599314 ], [ -48.1607352, -20.460319 ], [ -48.16177, -20.4604435 ], [ -48.1623001, -20.4604244 ], [ -48.164156, -20.4599394 ], [ -48.1647015, -20.4590327 ], [ -48.1662082, -20.4581707 ], [ -48.1664681, -20.4581956 ], [ -48.1666333, -20.4584152 ], [ -48.1668382, -20.4584995 ], [ -48.1671322, -20.4584103 ], [ -48.1674831, -20.4581098 ], [ -48.1683512, -20.4580542 ], [ -48.1685244, -20.4579107 ], [ -48.1685651, -20.457724 ], [ -48.1684877, -20.4568811 ], [ -48.1688943, -20.4563989 ], [ -48.1691419, -20.455888 ], [ -48.1695447, -20.4556846 ], [ -48.1702178, -20.4557377 ], [ -48.1704768, -20.4555835 ], [ -48.1705894, -20.4553461 ], [ -48.1707904, -20.4552044 ], [ -48.1714022, -20.455331 ], [ -48.1728133, -20.4546871 ], [ -48.1734731, -20.4547882 ], [ -48.1738842, -20.4546931 ], [ -48.1743663, -20.4544474 ], [ -48.1748513, -20.4547829 ], [ -48.1752862, -20.4547452 ], [ -48.1755125, -20.4545953 ], [ -48.1759057, -20.4540875 ], [ -48.1764863, -20.4538729 ], [ -48.1765354, -20.4535624 ], [ -48.1761932, -20.4531794 ], [ -48.1761942, -20.4529995 ], [ -48.1764457, -20.4527136 ], [ -48.1767319, -20.4526026 ], [ -48.1778005, -20.4525177 ], [ -48.1786722, -20.4526187 ], [ -48.1793208, -20.4528391 ], [ -48.1802205, -20.4532911 ], [ -48.1807313, -20.4539073 ], [ -48.1809439, -20.4540179 ], [ -48.1813141, -20.4540158 ], [ -48.1816375, -20.4538844 ], [ -48.1820596, -20.4539048 ], [ -48.1826956, -20.4544829 ], [ -48.1836225, -20.4544184 ], [ -48.1848264, -20.4549164 ], [ -48.1849626, -20.4550416 ], [ -48.1851057, -20.4559002 ], [ -48.1853089, -20.45631 ], [ -48.1855798, -20.4566033 ], [ -48.1858884, -20.4567351 ], [ -48.1866776, -20.4568639 ], [ -48.1872593, -20.4573305 ], [ -48.1876094, -20.4574816 ], [ -48.1882547, -20.4574841 ], [ -48.1887598, -20.4571869 ], [ -48.1893352, -20.4572115 ], [ -48.1902912, -20.4574952 ], [ -48.1914496, -20.457217 ], [ -48.191923, -20.4574559 ], [ -48.1921598, -20.457991 ], [ -48.1925728, -20.4580767 ], [ -48.1927305, -20.4579623 ], [ -48.193135, -20.4580181 ], [ -48.1932306, -20.4582309 ], [ -48.1929747, -20.4584302 ], [ -48.1929557, -20.4585528 ], [ -48.1932538, -20.4588111 ], [ -48.1932978, -20.4592975 ], [ -48.193425, -20.4594079 ], [ -48.1940805, -20.459445 ], [ -48.1942638, -20.459542 ], [ -48.1943696, -20.4599918 ], [ -48.194513, -20.460082 ], [ -48.1948989, -20.4600453 ], [ -48.1951178, -20.4598601 ], [ -48.1954109, -20.459769 ], [ -48.1957329, -20.4597753 ], [ -48.1966578, -20.4600678 ], [ -48.1974486, -20.4599276 ], [ -48.1977456, -20.460113 ], [ -48.1980612, -20.4600083 ], [ -48.1986942, -20.4592942 ], [ -48.1992446, -20.4591172 ], [ -48.1996363, -20.4593102 ], [ -48.1998869, -20.4593014 ], [ -48.2000267, -20.4592053 ], [ -48.2000979, -20.458487 ], [ -48.2001994, -20.4583653 ], [ -48.2006826, -20.4583939 ], [ -48.2011798, -20.4589161 ], [ -48.2014866, -20.4589946 ], [ -48.2017187, -20.45897 ], [ -48.2018436, -20.4588616 ], [ -48.2020583, -20.4583802 ], [ -48.2022212, -20.4583325 ], [ -48.2027738, -20.4587854 ], [ -48.2032503, -20.4587617 ], [ -48.2034878, -20.458389 ], [ -48.2039462, -20.4580839 ], [ -48.204555, -20.4582156 ], [ -48.2050183, -20.4581626 ], [ -48.2050881, -20.4580408 ], [ -48.204786, -20.4578112 ], [ -48.2048292, -20.4575292 ], [ -48.2056501, -20.4574269 ], [ -48.2058912, -20.456958 ], [ -48.2065479, -20.4567594 ], [ -48.2068244, -20.4563438 ], [ -48.2070265, -20.4561976 ], [ -48.2076513, -20.4561319 ], [ -48.2081249, -20.456647 ], [ -48.2083462, -20.456729 ], [ -48.2085236, -20.4566539 ], [ -48.2087539, -20.4561649 ], [ -48.2089072, -20.4560404 ], [ -48.209816, -20.4558465 ], [ -48.2113501, -20.455012 ], [ -48.2107827, -20.4543642 ], [ -48.2104773, -20.4537891 ], [ -48.2098617, -20.4518486 ], [ -48.2095257, -20.4512481 ], [ -48.208138, -20.4504085 ], [ -48.2071255, -20.4493843 ], [ -48.205338, -20.4479834 ], [ -48.2046924, -20.4473529 ], [ -48.203527, -20.445934 ], [ -48.2017851, -20.4427352 ], [ -48.2012097, -20.4404937 ], [ -48.2008911, -20.4380034 ], [ -48.20073, -20.4376714 ], [ -48.1999468, -20.4367997 ], [ -48.1996242, -20.4361501 ], [ -48.1788338, -20.3900236 ], [ -48.1787485, -20.38949 ], [ -48.1790821, -20.387707 ], [ -48.1792933, -20.38665 ], [ -48.1854714, -20.3557204 ], [ -48.1854294, -20.3546447 ], [ -48.1855466, -20.3536687 ], [ -48.186226, -20.3508868 ], [ -48.1863163, -20.3497579 ], [ -48.186537, -20.3489842 ], [ -48.1871644, -20.3477409 ], [ -48.1873934, -20.3465428 ], [ -48.1880047, -20.3459054 ], [ -48.1882221, -20.3452198 ], [ -48.1894421, -20.3436587 ], [ -48.1897662, -20.3429892 ], [ -48.1899021, -20.3419203 ], [ -48.1890169, -20.3403317 ], [ -48.1875626, -20.3394783 ], [ -48.1871835, -20.3387271 ], [ -48.1861564, -20.3383421 ], [ -48.1855504, -20.3377885 ], [ -48.1851459, -20.3365425 ], [ -48.1839964, -20.335611 ], [ -48.1834364, -20.3347529 ], [ -48.1829252, -20.3345111 ], [ -48.182756, -20.3343219 ], [ -48.182449, -20.3335398 ], [ -48.1818528, -20.3329838 ], [ -48.1805219, -20.3325483 ], [ -48.180154, -20.3323165 ], [ -48.1798295, -20.3319504 ], [ -48.1796187, -20.3315169 ], [ -48.1794454, -20.3297 ], [ -48.1786338, -20.3280932 ], [ -48.1780463, -20.3251613 ], [ -48.1775174, -20.3239111 ], [ -48.1769276, -20.3228461 ], [ -48.1769059, -20.3228069 ], [ -48.1763616, -20.3218241 ], [ -48.1748949, -20.3203908 ], [ -48.1743386, -20.3190804 ], [ -48.1730218, -20.3179147 ], [ -48.171639, -20.3163906 ], [ -48.1708394, -20.3152826 ], [ -48.1688087, -20.313791 ], [ -48.1675328, -20.3127373 ], [ -48.1671995, -20.312352 ], [ -48.1667769, -20.3116659 ], [ -48.1667954, -20.3106651 ], [ -48.1666323, -20.3103889 ], [ -48.1659298, -20.3099382 ], [ -48.1650034, -20.3096051 ], [ -48.1644795, -20.3092189 ], [ -48.1643738, -20.3090228 ], [ -48.1643992, -20.3085513 ], [ -48.1640119, -20.3079203 ], [ -48.1640803, -20.3062779 ], [ -48.1638286, -20.3052781 ], [ -48.1637752, -20.3040239 ], [ -48.1636693, -20.3036542 ], [ -48.163149, -20.3027381 ], [ -48.1616639, -20.3012646 ], [ -48.1613269, -20.3005714 ], [ -48.1606345, -20.2996469 ], [ -48.1604764, -20.2988832 ], [ -48.1605676, -20.2980378 ], [ -48.1604671, -20.297653 ], [ -48.1596812, -20.296567 ], [ -48.1586984, -20.2957759 ], [ -48.1577296, -20.2951958 ], [ -48.1553703, -20.2932307 ], [ -48.1534391, -20.2920815 ], [ -48.1529722, -20.2912535 ], [ -48.1524118, -20.2912016 ], [ -48.1520956, -20.2908987 ], [ -48.151994, -20.2908989 ], [ -48.1513543, -20.2911485 ], [ -48.1507189, -20.2910796 ], [ -48.1500581, -20.2915309 ], [ -48.1497374, -20.2914492 ], [ -48.1497886, -20.2895543 ], [ -48.1488076, -20.2909054 ], [ -48.1473876, -20.2933551 ], [ -48.1471867, -20.2937017 ], [ -48.1469949, -20.2941901 ], [ -48.146575, -20.2970192 ], [ -48.1461543, -20.297912 ], [ -48.1457338, -20.298266 ], [ -48.1445919, -20.298443 ], [ -48.143971, -20.2983944 ], [ -48.1434258, -20.2982197 ], [ -48.1416693, -20.2972426 ], [ -48.1408411, -20.2972294 ], [ -48.1398718, -20.2976038 ], [ -48.1392325, -20.2979945 ], [ -48.138732, -20.2983956 ], [ -48.1372912, -20.2995501 ], [ -48.1366481, -20.300243 ], [ -48.136271, -20.3010194 ], [ -48.1363644, -20.3016667 ], [ -48.1377599, -20.3039598 ], [ -48.1380643, -20.3042974 ], [ -48.1393108, -20.305182 ], [ -48.1395033, -20.3054376 ], [ -48.1395822, -20.3057335 ], [ -48.1395438, -20.3060651 ], [ -48.1392179, -20.3068811 ], [ -48.1387285, -20.3075872 ], [ -48.1382115, -20.3081358 ], [ -48.1370896, -20.3090485 ], [ -48.1350269, -20.3102383 ], [ -48.1341294, -20.3111215 ], [ -48.1338519, -20.3116169 ], [ -48.1330636, -20.3141475 ], [ -48.1322187, -20.3156622 ], [ -48.1315569, -20.3163652 ], [ -48.1312214, -20.3165466 ], [ -48.1286349, -20.3170917 ], [ -48.1281692, -20.317015 ], [ -48.1277063, -20.3167908 ], [ -48.1268, -20.3160047 ], [ -48.1262463, -20.3157226 ], [ -48.1240379, -20.315064 ], [ -48.1235975, -20.3148028 ], [ -48.1221932, -20.3124419 ], [ -48.1218707, -20.3120514 ], [ -48.11914, -20.3104135 ], [ -48.1165918, -20.3083067 ], [ -48.1157953, -20.3072275 ], [ -48.1154561, -20.3064703 ], [ -48.1143518, -20.3024704 ], [ -48.1139483, -20.3017677 ], [ -48.1137146, -20.301589 ], [ -48.1132933, -20.3014552 ], [ -48.1114365, -20.3013066 ], [ -48.1109278, -20.3013571 ], [ -48.1105109, -20.301487 ], [ -48.1097456, -20.302012 ], [ -48.1093278, -20.3021914 ], [ -48.1082359, -20.3024373 ], [ -48.1077759, -20.3026927 ], [ -48.1061818, -20.3040805 ], [ -48.1059139, -20.3044475 ], [ -48.1053625, -20.306984 ], [ -48.1050857, -20.3076638 ], [ -48.1047001, -20.3082546 ], [ -48.1022851, -20.3107429 ], [ -48.1018675, -20.3108899 ], [ -48.101245, -20.3109599 ], [ -48.0980625, -20.3106236 ], [ -48.0959843, -20.3107769 ], [ -48.0941496, -20.3103734 ], [ -48.0933678, -20.3100961 ], [ -48.0929086, -20.3097757 ], [ -48.0925532, -20.3093203 ], [ -48.0920864, -20.3082952 ], [ -48.091234, -20.3057944 ], [ -48.0897384, -20.3023237 ], [ -48.0895574, -20.3020469 ], [ -48.0891352, -20.301913 ], [ -48.088445, -20.3023504 ], [ -48.0880529, -20.3027843 ], [ -48.0867879, -20.304631 ], [ -48.0866438, -20.3050678 ], [ -48.0857395, -20.3126068 ], [ -48.085223, -20.315299 ], [ -48.0846187, -20.3165975 ], [ -48.0843066, -20.3169181 ], [ -48.0837707, -20.3172509 ], [ -48.0825302, -20.3177965 ], [ -48.0815741, -20.3184462 ], [ -48.0805518, -20.3199249 ], [ -48.0772475, -20.3259353 ], [ -48.076939, -20.3263612 ], [ -48.0763738, -20.32681 ], [ -48.0749751, -20.3273044 ], [ -48.0744061, -20.3272753 ], [ -48.0706904, -20.3264661 ], [ -48.069895, -20.3268432 ], [ -48.0692613, -20.3276045 ], [ -48.0684666, -20.3301172 ], [ -48.0684574, -20.3311604 ], [ -48.0686413, -20.331763 ], [ -48.069537, -20.3332965 ], [ -48.070375, -20.3354614 ], [ -48.0747083, -20.3422521 ], [ -48.0750904, -20.343385 ], [ -48.0751759, -20.3452582 ], [ -48.0750982, -20.3461138 ], [ -48.0748768, -20.3468647 ], [ -48.0745288, -20.3473945 ], [ -48.0740298, -20.3478634 ], [ -48.0729215, -20.3484494 ], [ -48.0713511, -20.3487661 ], [ -48.0703988, -20.34876 ], [ -48.0696528, -20.3484451 ], [ -48.0679027, -20.3468998 ], [ -48.0672245, -20.3466151 ], [ -48.0649923, -20.3461231 ], [ -48.0642308, -20.345787 ], [ -48.0635264, -20.3453143 ], [ -48.0628051, -20.3445801 ], [ -48.0615353, -20.3428801 ], [ -48.0610345, -20.3425204 ], [ -48.0601184, -20.342269 ], [ -48.0594629, -20.3422963 ], [ -48.0588499, -20.3425121 ], [ -48.0581698, -20.3429299 ], [ -48.0573993, -20.3436793 ], [ -48.0569422, -20.3442782 ], [ -48.0566077, -20.3449281 ], [ -48.056407, -20.3456382 ], [ -48.0564258, -20.3476962 ], [ -48.0563144, -20.3486505 ], [ -48.0561332, -20.3489007 ], [ -48.0551317, -20.3496008 ], [ -48.0543471, -20.3499683 ], [ -48.0535769, -20.3502093 ], [ -48.0510072, -20.3507924 ], [ -48.0495401, -20.3516872 ], [ -48.0441237, -20.3533241 ], [ -48.0433386, -20.353427 ], [ -48.0405512, -20.3531659 ], [ -48.0399622, -20.3532808 ], [ -48.0393034, -20.3537631 ], [ -48.0390447, -20.3545091 ], [ -48.039075, -20.3552144 ], [ -48.0392515, -20.355833 ], [ -48.0400533, -20.3575092 ], [ -48.0402689, -20.3582811 ], [ -48.040161, -20.3592661 ], [ -48.0397651, -20.3606874 ], [ -48.0392402, -20.3617994 ], [ -48.038598, -20.3625719 ], [ -48.0373723, -20.3634397 ], [ -48.0358144, -20.3641216 ], [ -48.0324194, -20.3652682 ], [ -48.0304519, -20.3656114 ], [ -48.0275657, -20.3658172 ], [ -48.0252214, -20.3656168 ], [ -48.0235165, -20.3652645 ], [ -48.0189341, -20.3636043 ], [ -48.0179635, -20.3634983 ], [ -48.0171252, -20.3636361 ], [ -48.0153564, -20.3641695 ], [ -48.0133782, -20.3649115 ], [ -48.0120042, -20.365694 ], [ -48.010853, -20.3666612 ], [ -48.0099709, -20.3672625 ], [ -48.0069451, -20.3680038 ], [ -48.0058466, -20.3679545 ], [ -48.0052562, -20.3676339 ], [ -48.004547, -20.3668901 ], [ -48.0030974, -20.3656387 ], [ -48.0019346, -20.3649531 ], [ -48.0005462, -20.3642763 ], [ -47.9986438, -20.363813 ], [ -47.9966683, -20.3636486 ], [ -47.9951244, -20.3640471 ], [ -47.9936885, -20.3645926 ], [ -47.9920495, -20.3655135 ], [ -47.9913239, -20.3660716 ], [ -47.9911054, -20.3670177 ], [ -47.9914764, -20.3685242 ], [ -47.9911962, -20.3690287 ], [ -47.9907258, -20.3693781 ], [ -47.9889842, -20.3703701 ], [ -47.9878859, -20.3709489 ], [ -47.9865795, -20.3711096 ], [ -47.984732, -20.3708774 ], [ -47.9831248, -20.3702997 ], [ -47.9819248, -20.3703668 ], [ -47.9812408, -20.3707354 ], [ -47.9804046, -20.3713615 ], [ -47.9795503, -20.3721201 ], [ -47.9790649, -20.3728441 ], [ -47.9789095, -20.3735839 ], [ -47.9787715, -20.3749673 ], [ -47.9785717, -20.3757001 ], [ -47.9783021, -20.3762323 ], [ -47.977633, -20.376523 ], [ -47.9769598, -20.3765966 ], [ -47.9760517, -20.3764414 ], [ -47.9749471, -20.3763361 ], [ -47.9740803, -20.3766147 ], [ -47.9722658, -20.3776408 ], [ -47.9717476, -20.3782241 ], [ -47.9709693, -20.3793016 ], [ -47.9704691, -20.3795582 ], [ -47.9699343, -20.3797053 ], [ -47.9689837, -20.3794013 ], [ -47.9683923, -20.379289 ], [ -47.9676679, -20.3795368 ], [ -47.9670157, -20.3799952 ], [ -47.9658083, -20.380845 ], [ -47.9648653, -20.3812056 ], [ -47.9637327, -20.3812925 ], [ -47.9625412, -20.3810725 ], [ -47.961328, -20.3806961 ], [ -47.9602403, -20.3797007 ], [ -47.9590345, -20.3787982 ], [ -47.9583183, -20.3784243 ], [ -47.95767, -20.3784729 ], [ -47.9560851, -20.3791591 ], [ -47.9533053, -20.3805624 ], [ -47.9524245, -20.3810223 ], [ -47.9515479, -20.3811101 ], [ -47.9497466, -20.380924 ], [ -47.9485382, -20.3805895 ], [ -47.9475357, -20.3798992 ], [ -47.946444, -20.3784747 ], [ -47.9457423, -20.3774527 ], [ -47.9444078, -20.3764371 ], [ -47.9426165, -20.3755241 ], [ -47.9414407, -20.3745149 ], [ -47.940134, -20.3732955 ], [ -47.9390906, -20.3714675 ], [ -47.9378855, -20.3701366 ], [ -47.9368204, -20.3695028 ], [ -47.9358269, -20.3691782 ], [ -47.9347232, -20.3691191 ], [ -47.9328727, -20.369419 ], [ -47.9322351, -20.3698127 ], [ -47.9316901, -20.3705823 ], [ -47.9312501, -20.371676 ], [ -47.9306404, -20.3733777 ], [ -47.9301881, -20.3746229 ], [ -47.9292731, -20.3759146 ], [ -47.9283865, -20.3768916 ], [ -47.9271373, -20.3778437 ], [ -47.9258535, -20.3786849 ], [ -47.9252819, -20.3791474 ], [ -47.9246913, -20.3807236 ], [ -47.9243903, -20.3828045 ], [ -47.9247357, -20.3841385 ], [ -47.9252997, -20.3853934 ], [ -47.92526, -20.3864697 ], [ -47.9251574, -20.3873961 ], [ -47.9251113, -20.3881328 ], [ -47.9253703, -20.3891286 ], [ -47.9258875, -20.3900257 ], [ -47.9262859, -20.3904531 ], [ -47.926947, -20.390847 ], [ -47.9276153, -20.3914309 ], [ -47.9282919, -20.3922876 ], [ -47.9291754, -20.3934993 ], [ -47.9293462, -20.3940626 ], [ -47.9298428, -20.395979 ], [ -47.9304212, -20.3969317 ], [ -47.9313194, -20.3978602 ], [ -47.9319765, -20.398736 ], [ -47.9321273, -20.3992996 ], [ -47.9320111, -20.4005659 ], [ -47.9318468, -20.401399 ], [ -47.9315198, -20.4026311 ], [ -47.9311423, -20.4038357 ], [ -47.9307069, -20.4045705 ], [ -47.9295871, -20.4057395 ], [ -47.9288519, -20.4070823 ], [ -47.9278077, -20.4084869 ], [ -47.9269531, -20.409341 ], [ -47.9262715, -20.4098148 ], [ -47.9256155, -20.4100522 ], [ -47.9248788, -20.4102628 ], [ -47.9231482, -20.4103234 ], [ -47.9216045, -20.4101762 ], [ -47.9197311, -20.4100755 ], [ -47.9191029, -20.4101993 ], [ -47.9187473, -20.4104506 ], [ -47.9183876, -20.4110133 ], [ -47.9177556, -20.4119957 ], [ -47.917052, -20.4128945 ], [ -47.9163306, -20.4139161 ], [ -47.9153487, -20.4154517 ], [ -47.9144348, -20.4165187 ], [ -47.9143349, -20.4174218 ], [ -47.9144267, -20.418043 ], [ -47.9146785, -20.4186615 ], [ -47.9149653, -20.4190058 ], [ -47.9155257, -20.4193019 ], [ -47.9163147, -20.4194456 ], [ -47.9183142, -20.4198555 ], [ -47.9197136, -20.420172 ], [ -47.9213164, -20.4203619 ], [ -47.9233073, -20.4202856 ], [ -47.925622, -20.4204091 ], [ -47.9268461, -20.4207479 ], [ -47.9278151, -20.4212534 ], [ -47.9290908, -20.4219605 ], [ -47.9301118, -20.4223743 ], [ -47.931495, -20.4233179 ], [ -47.9320182, -20.4238712 ], [ -47.9319348, -20.4244539 ], [ -47.9315615, -20.4248776 ], [ -47.9310885, -20.4252335 ], [ -47.9304048, -20.4255001 ], [ -47.9297618, -20.4259747 ], [ -47.9293675, -20.4265843 ], [ -47.9291093, -20.427238 ], [ -47.9289683, -20.427922 ], [ -47.9289237, -20.4290939 ], [ -47.929174, -20.4300081 ], [ -47.929658, -20.4308812 ], [ -47.9296809, -20.4314374 ], [ -47.9294567, -20.4319398 ], [ -47.9289493, -20.4321306 ], [ -47.9276165, -20.4323245 ], [ -47.924936, -20.4322593 ], [ -47.9238433, -20.4323705 ], [ -47.9224726, -20.4327414 ], [ -47.9212914, -20.4333757 ], [ -47.9202826, -20.4340188 ], [ -47.9193565, -20.4344866 ], [ -47.918745, -20.4347375 ], [ -47.9180447, -20.4347173 ], [ -47.9173268, -20.4344859 ], [ -47.9165556, -20.434035 ], [ -47.9170129, -20.435368 ], [ -47.9173501, -20.4362871 ], [ -47.9186039, -20.4379834 ], [ -47.9194869, -20.4388866 ], [ -47.9200896, -20.439216 ], [ -47.921679, -20.4396166 ], [ -47.9223271, -20.4398883 ], [ -47.9241964, -20.4409984 ], [ -47.9253389, -20.4419618 ], [ -47.9260498, -20.443073 ], [ -47.9266265, -20.444426 ], [ -47.9269022, -20.4456776 ], [ -47.9269821, -20.4471788 ], [ -47.926722, -20.4498339 ], [ -47.9268509, -20.4510634 ], [ -47.9269018, -20.4542725 ], [ -47.9265624, -20.4574293 ], [ -47.9265386, -20.4586643 ], [ -47.9265904, -20.4599289 ], [ -47.9268605, -20.4617101 ], [ -47.9267356, -20.4641225 ], [ -47.9267968, -20.4644925 ], [ -47.9270437, -20.4650389 ], [ -47.9276514, -20.4655844 ], [ -47.928624, -20.4661408 ], [ -47.931124, -20.4672197 ], [ -47.9360094, -20.4686387 ], [ -47.9398609, -20.4690854 ], [ -47.9409712, -20.4693641 ], [ -47.9428476, -20.4696711 ], [ -47.9475544, -20.4700259 ], [ -47.9481669, -20.4702081 ], [ -47.9491088, -20.4706941 ], [ -47.9499192, -20.4715974 ], [ -47.9505738, -20.4729512 ], [ -47.9511488, -20.4747934 ], [ -47.9519174, -20.4778818 ], [ -47.9520524, -20.4796431 ], [ -47.9523857, -20.482022 ], [ -47.9525313, -20.4823913 ], [ -47.9530147, -20.4831006 ], [ -47.9531821, -20.4835265 ], [ -47.9533375, -20.4844781 ], [ -47.9536226, -20.4850816 ], [ -47.954052, -20.485772 ], [ -47.9545988, -20.4863818 ], [ -47.9608351, -20.4924263 ], [ -47.9649285, -20.4972307 ], [ -47.9666343, -20.499399 ], [ -47.9680893, -20.5008948 ], [ -47.9726807, -20.5048763 ], [ -47.9748141, -20.5070089 ], [ -47.9776326, -20.5092075 ], [ -47.9778687, -20.5093916 ], [ -47.9790672, -20.5103265 ], [ -47.9818894, -20.5131224 ], [ -47.983343, -20.5147341 ], [ -47.9862484, -20.5183496 ], [ -47.9903456, -20.521327 ], [ -47.9946656, -20.5236879 ], [ -47.9974239, -20.5255046 ], [ -47.998494, -20.5265516 ], [ -48.0001058, -20.5285167 ], [ -48.0018655, -20.5301857 ], [ -48.0035734, -20.531314 ], [ -48.0047789, -20.5316703 ], [ -48.0064791, -20.5318197 ], [ -48.0080589, -20.5314881 ], [ -48.0117246, -20.5296361 ], [ -48.013237, -20.528597 ], [ -48.0143628, -20.5271857 ], [ -48.0160689, -20.5254848 ], [ -48.0166911, -20.5250069 ], [ -48.0210686, -20.5224838 ], [ -48.0228285, -20.5212443 ], [ -48.0274107, -20.5180182 ] ] ] ] } },
{ "type": "Feature", "properties": { "CD_MUN": "3543105", "NM_MUN": "Ribeirão Corrente", "CD_RGI": "350033", "NM_RGI": "Franca", "CD_RGINT": "3508", "NM_RGINT": "Ribeirão Preto", "CD_UF": "35", "NM_UF": "São Paulo", "SIGLA_UF": "SP", "CD_REGIA": "3", "NM_REGIA": "Sudeste", "SIGLA_RG": "SE", "CD_CONCU": "3516200", "NM_CONCU": "Franca/SP", "AREA_KM2": 148.332 }, "geometry": { "type": "MultiPolygon", "coordinates": [ [ [ [ -47.5985335, -20.4902986 ], [ -47.6001224, -20.4891432 ], [ -47.6008605, -20.4882587 ], [ -47.6010714, -20.4874555 ], [ -47.6012036, -20.4860777 ], [ -47.6016675, -20.4847525 ], [ -47.602282, -20.4835641 ], [ -47.6028289, -20.4830088 ], [ -47.6036609, -20.4825637 ], [ -47.6047006, -20.4821981 ], [ -47.6060057, -20.4819573 ], [ -47.6069313, -20.4818896 ], [ -47.6090799, -20.4821463 ], [ -47.6122199, -20.4819779 ], [ -47.6152159, -20.481674 ], [ -47.6156095, -20.4794956 ], [ -47.6160777, -20.4781319 ], [ -47.617269, -20.4757777 ], [ -47.6191161, -20.4728757 ], [ -47.619538, -20.4720703 ], [ -47.6205857, -20.4691508 ], [ -47.6212843, -20.4680795 ], [ -47.6221011, -20.4673748 ], [ -47.6224729, -20.4664103 ], [ -47.6231482, -20.4658784 ], [ -47.6233362, -20.465532 ], [ -47.6234721, -20.4644743 ], [ -47.6239386, -20.4634718 ], [ -47.6238581, -20.4615027 ], [ -47.6239064, -20.4592722 ], [ -47.6241299, -20.4585548 ], [ -47.6251783, -20.4575574 ], [ -47.6253386, -20.4566057 ], [ -47.6261115, -20.4555901 ], [ -47.6263236, -20.455169 ], [ -47.6265248, -20.4543637 ], [ -47.6277491, -20.4528224 ], [ -47.6291034, -20.4502277 ], [ -47.6302592, -20.4485796 ], [ -47.6314553, -20.4463963 ], [ -47.6320502, -20.4449974 ], [ -47.6334751, -20.4428691 ], [ -47.6340752, -20.4421322 ], [ -47.6346505, -20.4417648 ], [ -47.6355502, -20.4414828 ], [ -47.6364976, -20.4413923 ], [ -47.6373779, -20.4415098 ], [ -47.6388895, -20.4421329 ], [ -47.6393104, -20.4421581 ], [ -47.6398974, -20.442041 ], [ -47.6408725, -20.4423012 ], [ -47.6421489, -20.4424645 ], [ -47.6440637, -20.4424496 ], [ -47.6452578, -20.4420516 ], [ -47.6468398, -20.440898 ], [ -47.6479863, -20.4404452 ], [ -47.6489748, -20.4391963 ], [ -47.6495082, -20.4388183 ], [ -47.6519273, -20.4379926 ], [ -47.6523089, -20.4376675 ], [ -47.6528244, -20.437003 ], [ -47.6531998, -20.4368988 ], [ -47.653718, -20.4369149 ], [ -47.6541506, -20.4367013 ], [ -47.6548792, -20.4360103 ], [ -47.6551218, -20.4355669 ], [ -47.6553195, -20.434399 ], [ -47.6554437, -20.4341077 ], [ -47.6555873, -20.4339987 ], [ -47.6559253, -20.4339174 ], [ -47.6567056, -20.4341112 ], [ -47.6572724, -20.4340859 ], [ -47.6575132, -20.4339669 ], [ -47.6590989, -20.4337214 ], [ -47.661631, -20.4329644 ], [ -47.6618867, -20.4327858 ], [ -47.6623209, -20.4321398 ], [ -47.663199, -20.4316106 ], [ -47.6638843, -20.4297302 ], [ -47.6643225, -20.4292867 ], [ -47.6653811, -20.4285176 ], [ -47.6657509, -20.4278729 ], [ -47.6655834, -20.4265371 ], [ -47.6652347, -20.4256173 ], [ -47.6651836, -20.4250176 ], [ -47.6654383, -20.4243507 ], [ -47.6658906, -20.4238438 ], [ -47.6652767, -20.4233136 ], [ -47.6644413, -20.4231062 ], [ -47.6642925, -20.422948 ], [ -47.6639426, -20.4218951 ], [ -47.6635518, -20.4216067 ], [ -47.6625739, -20.4215075 ], [ -47.6621579, -20.421202 ], [ -47.661625, -20.4212412 ], [ -47.6607095, -20.4210264 ], [ -47.660187, -20.421119 ], [ -47.6591298, -20.4215967 ], [ -47.6587341, -20.4215887 ], [ -47.6557257, -20.4204323 ], [ -47.6519866, -20.4194174 ], [ -47.6505726, -20.4192475 ], [ -47.6497924, -20.4194952 ], [ -47.6494137, -20.419494 ], [ -47.6491586, -20.4193311 ], [ -47.6483672, -20.4182927 ], [ -47.6472156, -20.417921 ], [ -47.6469498, -20.417576 ], [ -47.6464776, -20.417308 ], [ -47.6450428, -20.4169889 ], [ -47.6443988, -20.4167021 ], [ -47.6439578, -20.4167005 ], [ -47.6430856, -20.4171327 ], [ -47.6425084, -20.4171558 ], [ -47.6422515, -20.4170845 ], [ -47.6420531, -20.416919 ], [ -47.6419511, -20.4164874 ], [ -47.6422144, -20.4158901 ], [ -47.6421904, -20.4154487 ], [ -47.6423466, -20.4150579 ], [ -47.6423581, -20.4142887 ], [ -47.6425053, -20.4135334 ], [ -47.6422725, -20.4131096 ], [ -47.6415674, -20.4129555 ], [ -47.6406544, -20.4134015 ], [ -47.6398536, -20.4133823 ], [ -47.6380418, -20.413 ], [ -47.6377308, -20.4128458 ], [ -47.6372086, -20.4123953 ], [ -47.6361714, -20.4119476 ], [ -47.6354619, -20.4113419 ], [ -47.6347287, -20.411033 ], [ -47.6340993, -20.4110434 ], [ -47.6326461, -20.4115444 ], [ -47.6319198, -20.4115323 ], [ -47.6301115, -20.4108813 ], [ -47.6286821, -20.4106225 ], [ -47.6283906, -20.4104591 ], [ -47.6281008, -20.4100467 ], [ -47.627946, -20.4099889 ], [ -47.6277689, -20.4099825 ], [ -47.6274348, -20.4102005 ], [ -47.6267306, -20.4101874 ], [ -47.6262583, -20.4098762 ], [ -47.6260253, -20.4095288 ], [ -47.6264239, -20.408816 ], [ -47.6264698, -20.4083322 ], [ -47.6264698, -20.4076112 ], [ -47.6263446, -20.4073243 ], [ -47.6261933, -20.4072271 ], [ -47.625653, -20.4069836 ], [ -47.6248479, -20.4068365 ], [ -47.623373, -20.4069357 ], [ -47.6217163, -20.4072116 ], [ -47.6209554, -20.4071327 ], [ -47.6202575, -20.4068753 ], [ -47.6197684, -20.4062273 ], [ -47.6191929, -20.4060022 ], [ -47.6186415, -20.4054005 ], [ -47.6178302, -20.4055202 ], [ -47.6175056, -20.4054643 ], [ -47.6171438, -20.4047076 ], [ -47.6166473, -20.4044261 ], [ -47.6157473, -20.4041874 ], [ -47.6155405, -20.4039704 ], [ -47.6155261, -20.4030205 ], [ -47.6156893, -20.4025761 ], [ -47.615519, -20.4022202 ], [ -47.6158509, -20.4017288 ], [ -47.6158636, -20.4015603 ], [ -47.6157787, -20.4012488 ], [ -47.6156242, -20.4011596 ], [ -47.6152733, -20.400557 ], [ -47.6150058, -20.4004169 ], [ -47.6144871, -20.40079 ], [ -47.6140317, -20.4014827 ], [ -47.6135676, -20.4017867 ], [ -47.6124691, -20.4017332 ], [ -47.6121411, -20.4018759 ], [ -47.6117931, -20.4018749 ], [ -47.6114489, -20.4015737 ], [ -47.610768, -20.4003964 ], [ -47.6103444, -20.4001139 ], [ -47.6097844, -20.4000009 ], [ -47.6093128, -20.400159 ], [ -47.6088337, -20.400129 ], [ -47.6084389, -20.3996857 ], [ -47.6077683, -20.3995804 ], [ -47.6072538, -20.3993162 ], [ -47.6066612, -20.3992253 ], [ -47.6063302, -20.3986307 ], [ -47.605579, -20.3985484 ], [ -47.6053754, -20.3980025 ], [ -47.6046407, -20.3978247 ], [ -47.6042823, -20.3973351 ], [ -47.6040532, -20.3971712 ], [ -47.6038744, -20.3970901 ], [ -47.6034871, -20.3970894 ], [ -47.6030958, -20.3972082 ], [ -47.6028281, -20.3971436 ], [ -47.6027596, -20.3969918 ], [ -47.6028489, -20.3965258 ], [ -47.6026822, -20.3963624 ], [ -47.6022073, -20.3963469 ], [ -47.6006892, -20.3966573 ], [ -47.6000882, -20.3965832 ], [ -47.5999318, -20.3964031 ], [ -47.5997734, -20.3957357 ], [ -47.5995846, -20.3954573 ], [ -47.5981628, -20.3948318 ], [ -47.5981275, -20.3946435 ], [ -47.5983407, -20.3944032 ], [ -47.5995569, -20.3937446 ], [ -47.5996338, -20.3935532 ], [ -47.5995892, -20.3932423 ], [ -47.59941, -20.3931234 ], [ -47.598239, -20.393158 ], [ -47.5969833, -20.3938673 ], [ -47.5965197, -20.3939043 ], [ -47.5951575, -20.3932773 ], [ -47.5949964, -20.3929298 ], [ -47.594777, -20.3927429 ], [ -47.5934483, -20.3927177 ], [ -47.5928379, -20.3934263 ], [ -47.5923421, -20.3936832 ], [ -47.5921096, -20.3942735 ], [ -47.5913575, -20.3942846 ], [ -47.5909658, -20.3944348 ], [ -47.5905689, -20.3942729 ], [ -47.5904757, -20.3940924 ], [ -47.5904011, -20.3930261 ], [ -47.5901224, -20.3927436 ], [ -47.5898711, -20.3927227 ], [ -47.5892004, -20.3931746 ], [ -47.5884566, -20.3929856 ], [ -47.5873361, -20.3932107 ], [ -47.5869559, -20.393132 ], [ -47.5866949, -20.3924438 ], [ -47.5866165, -20.3916076 ], [ -47.5862957, -20.3913459 ], [ -47.5856178, -20.3913481 ], [ -47.5851223, -20.3916446 ], [ -47.5850121, -20.3918284 ], [ -47.584896, -20.3925919 ], [ -47.5847761, -20.3927529 ], [ -47.5842722, -20.3928603 ], [ -47.5835172, -20.392688 ], [ -47.5832251, -20.3925415 ], [ -47.5829532, -20.3922547 ], [ -47.5816878, -20.3918389 ], [ -47.581006, -20.3911954 ], [ -47.5806725, -20.3911931 ], [ -47.5803299, -20.3918224 ], [ -47.5803135, -20.3922632 ], [ -47.5806194, -20.3927014 ], [ -47.5806217, -20.3928534 ], [ -47.5804231, -20.3930403 ], [ -47.5803481, -20.3932992 ], [ -47.5805538, -20.3936546 ], [ -47.5806245, -20.3944672 ], [ -47.5801845, -20.396658 ], [ -47.5798409, -20.3973116 ], [ -47.5795355, -20.3973939 ], [ -47.5791984, -20.397039 ], [ -47.578631, -20.3959727 ], [ -47.5786423, -20.3956558 ], [ -47.5789026, -20.3947906 ], [ -47.5787369, -20.3945796 ], [ -47.5782352, -20.3945181 ], [ -47.5777151, -20.3942977 ], [ -47.5765036, -20.3943144 ], [ -47.5759882, -20.3948556 ], [ -47.5753452, -20.3950109 ], [ -47.5742477, -20.3956502 ], [ -47.5737987, -20.3957938 ], [ -47.5734674, -20.395761 ], [ -47.5729867, -20.3955168 ], [ -47.5727794, -20.3951775 ], [ -47.5728084, -20.395032 ], [ -47.5730332, -20.3948839 ], [ -47.5730781, -20.3946563 ], [ -47.5730319, -20.3945476 ], [ -47.5725124, -20.3942678 ], [ -47.5712461, -20.3942861 ], [ -47.5706844, -20.3940282 ], [ -47.5692486, -20.3941346 ], [ -47.5686439, -20.3937151 ], [ -47.5681517, -20.3937456 ], [ -47.5677442, -20.3939788 ], [ -47.5672283, -20.3939562 ], [ -47.5669478, -20.3936942 ], [ -47.5666406, -20.3931517 ], [ -47.5659957, -20.39319 ], [ -47.565523, -20.3929848 ], [ -47.5643197, -20.3920426 ], [ -47.5637213, -20.3914273 ], [ -47.5626018, -20.3909826 ], [ -47.5623476, -20.390664 ], [ -47.5620546, -20.3900347 ], [ -47.5614331, -20.3895346 ], [ -47.5612593, -20.3892423 ], [ -47.5611877, -20.3888451 ], [ -47.561563, -20.388075 ], [ -47.5615898, -20.3877757 ], [ -47.561367, -20.3874646 ], [ -47.5610558, -20.3872482 ], [ -47.5607106, -20.3866746 ], [ -47.5603861, -20.3867103 ], [ -47.5598381, -20.3871145 ], [ -47.5595196, -20.3870965 ], [ -47.5590894, -20.3868595 ], [ -47.5587371, -20.3869176 ], [ -47.558702, -20.3872984 ], [ -47.5591294, -20.3878094 ], [ -47.5591593, -20.3881044 ], [ -47.5590825, -20.388267 ], [ -47.5587225, -20.3885307 ], [ -47.5580133, -20.3885496 ], [ -47.5577248, -20.388316 ], [ -47.5576396, -20.3879228 ], [ -47.5577594, -20.387395 ], [ -47.5575527, -20.3870871 ], [ -47.5565655, -20.386898 ], [ -47.5547538, -20.3870769 ], [ -47.5544862, -20.3870329 ], [ -47.5543714, -20.3869594 ], [ -47.5542031, -20.3865128 ], [ -47.5538778, -20.386312 ], [ -47.5537792, -20.3857816 ], [ -47.5537073, -20.3857817 ], [ -47.5531793, -20.3865569 ], [ -47.5528339, -20.3866773 ], [ -47.5524959, -20.3866442 ], [ -47.5523811, -20.3864781 ], [ -47.5525099, -20.3860343 ], [ -47.5523755, -20.3858999 ], [ -47.5511771, -20.3860626 ], [ -47.5509012, -20.3863086 ], [ -47.5505704, -20.3868853 ], [ -47.5497957, -20.3874824 ], [ -47.5496048, -20.3884741 ], [ -47.5491824, -20.3888298 ], [ -47.5489746, -20.3888716 ], [ -47.5480495, -20.3885949 ], [ -47.5477849, -20.3881357 ], [ -47.5470948, -20.3879251 ], [ -47.5468312, -20.387145 ], [ -47.5466671, -20.3869879 ], [ -47.5461248, -20.3869572 ], [ -47.5458845, -20.3865591 ], [ -47.5456032, -20.3865461 ], [ -47.5453153, -20.3866901 ], [ -47.5448053, -20.386505 ], [ -47.5445151, -20.3865914 ], [ -47.5448086, -20.3872755 ], [ -47.5447623, -20.3873969 ], [ -47.5443384, -20.387562 ], [ -47.5441686, -20.3875639 ], [ -47.5436713, -20.3873055 ], [ -47.5431781, -20.3867435 ], [ -47.5427842, -20.3867164 ], [ -47.5424472, -20.3869584 ], [ -47.5419926, -20.3877417 ], [ -47.5418014, -20.3878425 ], [ -47.5412585, -20.3878046 ], [ -47.5407558, -20.3880404 ], [ -47.5404249, -20.3879536 ], [ -47.5398169, -20.3873388 ], [ -47.5386044, -20.3877904 ], [ -47.5380648, -20.3882001 ], [ -47.5368148, -20.3884471 ], [ -47.5360813, -20.3883589 ], [ -47.5355841, -20.3880988 ], [ -47.5352051, -20.388083 ], [ -47.5349029, -20.3883622 ], [ -47.5348436, -20.3886576 ], [ -47.5348775, -20.388924 ], [ -47.5354691, -20.389905 ], [ -47.5354356, -20.3902471 ], [ -47.5353071, -20.3903862 ], [ -47.5348326, -20.3904999 ], [ -47.5342014, -20.3903023 ], [ -47.5337961, -20.3902729 ], [ -47.5334595, -20.3903909 ], [ -47.5325598, -20.3910417 ], [ -47.5316436, -20.3913297 ], [ -47.5306124, -20.3914364 ], [ -47.5294886, -20.3913239 ], [ -47.5287846, -20.3911946 ], [ -47.5280523, -20.3913042 ], [ -47.5278642, -20.3916064 ], [ -47.5272456, -20.3917957 ], [ -47.526771, -20.3918187 ], [ -47.5258533, -20.3924868 ], [ -47.525476, -20.3926365 ], [ -47.5244489, -20.3925752 ], [ -47.5240021, -20.3927124 ], [ -47.5235439, -20.3924815 ], [ -47.5226971, -20.3924421 ], [ -47.5225341, -20.3923049 ], [ -47.5223777, -20.3916006 ], [ -47.5222366, -20.3915118 ], [ -47.5218839, -20.3915321 ], [ -47.5212959, -20.3925225 ], [ -47.5201655, -20.3929796 ], [ -47.5198023, -20.3934785 ], [ -47.519256, -20.3936561 ], [ -47.5189914, -20.3941371 ], [ -47.5183662, -20.3945041 ], [ -47.5179601, -20.3948603 ], [ -47.5173886, -20.3949291 ], [ -47.5171081, -20.3952405 ], [ -47.517058, -20.3959308 ], [ -47.5171354, -20.3962563 ], [ -47.5174369, -20.3968383 ], [ -47.5182805, -20.3977998 ], [ -47.5184971, -20.3981916 ], [ -47.5185149, -20.3982238 ], [ -47.5186224, -20.3988606 ], [ -47.5185591, -20.3998865 ], [ -47.5188155, -20.4003104 ], [ -47.5193221, -20.4007363 ], [ -47.5195687, -20.4011203 ], [ -47.5193292, -20.4016409 ], [ -47.5193263, -20.4018925 ], [ -47.5196177, -20.4030358 ], [ -47.5195898, -20.4033566 ], [ -47.5189485, -20.4045185 ], [ -47.5189427, -20.4047242 ], [ -47.519206, -20.4053505 ], [ -47.518897, -20.4058802 ], [ -47.5188247, -20.4068268 ], [ -47.5189001, -20.407039 ], [ -47.519563, -20.4075786 ], [ -47.5197793, -20.4079542 ], [ -47.5199641, -20.4088725 ], [ -47.5199292, -20.4092479 ], [ -47.5197338, -20.4096748 ], [ -47.5197543, -20.4099183 ], [ -47.5201029, -20.4104759 ], [ -47.5214198, -20.4111278 ], [ -47.5219821, -20.4118946 ], [ -47.5222191, -20.4126216 ], [ -47.5227519, -20.4135879 ], [ -47.5232125, -20.4159546 ], [ -47.5251076, -20.4208985 ], [ -47.5267023, -20.4226105 ], [ -47.5275617, -20.423907 ], [ -47.5279149, -20.4248145 ], [ -47.5278746, -20.4252265 ], [ -47.5277672, -20.4255711 ], [ -47.5271985, -20.4273966 ], [ -47.5266517, -20.4279706 ], [ -47.525484, -20.4285791 ], [ -47.5246278, -20.4300827 ], [ -47.5244595, -20.4310976 ], [ -47.5242423, -20.4316793 ], [ -47.5242886, -20.4335651 ], [ -47.5240762, -20.4343977 ], [ -47.5244171, -20.4355959 ], [ -47.5240301, -20.435996 ], [ -47.522994, -20.4364161 ], [ -47.5227199, -20.4368455 ], [ -47.5226466, -20.4378127 ], [ -47.5224249, -20.4385685 ], [ -47.5224482, -20.4389955 ], [ -47.522902, -20.4396073 ], [ -47.5230544, -20.4404525 ], [ -47.5231282, -20.4408643 ], [ -47.5227698, -20.4421571 ], [ -47.5225956, -20.4454307 ], [ -47.5221386, -20.4483603 ], [ -47.5215316, -20.4502255 ], [ -47.520879, -20.4509429 ], [ -47.5203552, -20.4512104 ], [ -47.5202599, -20.451259 ], [ -47.5197743, -20.4515069 ], [ -47.5187427, -20.4516566 ], [ -47.5174346, -20.4515623 ], [ -47.5147449, -20.4516405 ], [ -47.5128777, -20.4519317 ], [ -47.5122435, -20.4521644 ], [ -47.5114258, -20.4525853 ], [ -47.5108752, -20.4529963 ], [ -47.5088422, -20.4552867 ], [ -47.5077463, -20.4561853 ], [ -47.507305, -20.4564377 ], [ -47.506068, -20.4568403 ], [ -47.5054147, -20.4569122 ], [ -47.5039526, -20.4568282 ], [ -47.5025929, -20.4566608 ], [ -47.5005129, -20.4562437 ], [ -47.5000436, -20.4563638 ], [ -47.499956, -20.4564697 ], [ -47.4998769, -20.4565653 ], [ -47.4998326, -20.4567946 ], [ -47.5003645, -20.4576547 ], [ -47.5005301, -20.4579224 ], [ -47.5005706, -20.4579879 ], [ -47.5010892, -20.4596982 ], [ -47.5010997, -20.459733 ], [ -47.5011095, -20.4597653 ], [ -47.5011768, -20.459987 ], [ -47.5017429, -20.4612296 ], [ -47.5019786, -20.462371 ], [ -47.5018363, -20.4630605 ], [ -47.5023262, -20.4638841 ], [ -47.5023716, -20.4642157 ], [ -47.5022499, -20.4646462 ], [ -47.5022632, -20.465488 ], [ -47.5025192, -20.4663308 ], [ -47.5025889, -20.4676538 ], [ -47.5027491, -20.4679959 ], [ -47.5030513, -20.4683335 ], [ -47.5039425, -20.4689679 ], [ -47.50456, -20.4707221 ], [ -47.5058727, -20.4728904 ], [ -47.5064764, -20.4746755 ], [ -47.5064046, -20.4753084 ], [ -47.5065884, -20.4771112 ], [ -47.5069849, -20.4782387 ], [ -47.5071463, -20.4802069 ], [ -47.5074871, -20.4812686 ], [ -47.5085135, -20.4828591 ], [ -47.5086088, -20.4832375 ], [ -47.5085874, -20.4843809 ], [ -47.5088427, -20.4881675 ], [ -47.5091447, -20.4883549 ], [ -47.5093627, -20.4882587 ], [ -47.5098957, -20.4883352 ], [ -47.5101759, -20.4886737 ], [ -47.5105511, -20.4894445 ], [ -47.5109085, -20.4895225 ], [ -47.5114397, -20.4894388 ], [ -47.5121673, -20.4895198 ], [ -47.512373, -20.4896911 ], [ -47.5127711, -20.490327 ], [ -47.5129835, -20.4904994 ], [ -47.5133081, -20.4905842 ], [ -47.5149347, -20.4902312 ], [ -47.516123, -20.4902843 ], [ -47.5171633, -20.4901845 ], [ -47.517528, -20.4902942 ], [ -47.5179358, -20.4909287 ], [ -47.5188116, -20.4912273 ], [ -47.5192755, -20.4915789 ], [ -47.519886, -20.4916842 ], [ -47.5203823, -20.4919723 ], [ -47.5214267, -20.4936174 ], [ -47.522351, -20.4943115 ], [ -47.52314, -20.4945754 ], [ -47.5252845, -20.4949542 ], [ -47.5259821, -20.4949963 ], [ -47.5261766, -20.4950934 ], [ -47.5262618, -20.4953042 ], [ -47.5261115, -20.4960231 ], [ -47.5261694, -20.4965395 ], [ -47.5263249, -20.4966971 ], [ -47.5268369, -20.4968635 ], [ -47.5270241, -20.4975195 ], [ -47.527271, -20.4977399 ], [ -47.5275861, -20.4977291 ], [ -47.5281221, -20.4969624 ], [ -47.5286934, -20.4967922 ], [ -47.5293133, -20.4963109 ], [ -47.5298211, -20.4961688 ], [ -47.5305833, -20.4962941 ], [ -47.5313568, -20.4960378 ], [ -47.531945, -20.4960821 ], [ -47.5329299, -20.4965698 ], [ -47.5338066, -20.4966868 ], [ -47.5346098, -20.4965691 ], [ -47.5348142, -20.4966576 ], [ -47.5351175, -20.4975201 ], [ -47.5354269, -20.4975316 ], [ -47.5356714, -20.4972629 ], [ -47.5359444, -20.4971579 ], [ -47.5363162, -20.4980122 ], [ -47.5366982, -20.4982591 ], [ -47.5370265, -20.4980484 ], [ -47.5371693, -20.4975745 ], [ -47.5374023, -20.4973503 ], [ -47.5378483, -20.4975125 ], [ -47.5381536, -20.4978492 ], [ -47.5386832, -20.4980998 ], [ -47.5390582, -20.4984445 ], [ -47.5391576, -20.49941 ], [ -47.5394638, -20.4998852 ], [ -47.5398441, -20.5014265 ], [ -47.540009, -20.501634 ], [ -47.5406825, -20.5018845 ], [ -47.5418454, -20.5018826 ], [ -47.5425783, -20.502183 ], [ -47.5432161, -20.5021428 ], [ -47.5433223, -20.5022168 ], [ -47.5434422, -20.5025602 ], [ -47.5434252, -20.5036014 ], [ -47.5439029, -20.5041063 ], [ -47.5441823, -20.5046479 ], [ -47.5443513, -20.5048052 ], [ -47.5450082, -20.5050398 ], [ -47.546364, -20.5063835 ], [ -47.5469749, -20.5073032 ], [ -47.5473529, -20.5076013 ], [ -47.5479384, -20.5077991 ], [ -47.549883, -20.5080095 ], [ -47.550094, -20.5080322 ], [ -47.5505449, -20.5080807 ], [ -47.5506022, -20.5081565 ], [ -47.5503478, -20.508388 ], [ -47.5503498, -20.5085688 ], [ -47.5504484, -20.5086425 ], [ -47.551265, -20.5086853 ], [ -47.5525416, -20.509244 ], [ -47.5526667, -20.5093951 ], [ -47.5527585, -20.5109546 ], [ -47.5525182, -20.5117637 ], [ -47.5525328, -20.5125823 ], [ -47.553116, -20.5127225 ], [ -47.5537855, -20.5125441 ], [ -47.5547628, -20.5135582 ], [ -47.5554202, -20.5136931 ], [ -47.555746, -20.5138858 ], [ -47.5583305, -20.5138482 ], [ -47.5598881, -20.5142734 ], [ -47.5607775, -20.5142074 ], [ -47.5613836, -20.5143053 ], [ -47.562602, -20.5141498 ], [ -47.5634333, -20.5137508 ], [ -47.5642971, -20.5140415 ], [ -47.5649394, -20.513872 ], [ -47.5656012, -20.5138316 ], [ -47.5659916, -20.5135386 ], [ -47.5663559, -20.5135682 ], [ -47.5665873, -20.5138617 ], [ -47.5663617, -20.5143667 ], [ -47.5665499, -20.5145256 ], [ -47.5667531, -20.5145762 ], [ -47.5677814, -20.5144451 ], [ -47.567989, -20.5145274 ], [ -47.5684154, -20.5149773 ], [ -47.5693217, -20.5150098 ], [ -47.5700418, -20.5152503 ], [ -47.5708899, -20.515207 ], [ -47.5719136, -20.5155045 ], [ -47.5729221, -20.5153898 ], [ -47.5734917, -20.5151914 ], [ -47.5741829, -20.5147018 ], [ -47.5746033, -20.5141015 ], [ -47.5749996, -20.5140343 ], [ -47.5762991, -20.5144363 ], [ -47.5770709, -20.5147956 ], [ -47.5771723, -20.5149171 ], [ -47.5771749, -20.515266 ], [ -47.5769833, -20.5158324 ], [ -47.5770525, -20.5160139 ], [ -47.5773632, -20.5161997 ], [ -47.5776273, -20.5165609 ], [ -47.5778798, -20.5166943 ], [ -47.5781199, -20.5165521 ], [ -47.5779992, -20.5161135 ], [ -47.578035, -20.5159449 ], [ -47.5783399, -20.5158348 ], [ -47.5786024, -20.515937 ], [ -47.5797662, -20.5169247 ], [ -47.5800687, -20.5176055 ], [ -47.5800573, -20.5184043 ], [ -47.5801844, -20.518738 ], [ -47.5803467, -20.5188042 ], [ -47.5807893, -20.5187054 ], [ -47.5811675, -20.5180838 ], [ -47.5818514, -20.5180433 ], [ -47.5823878, -20.5181332 ], [ -47.5829344, -20.51837 ], [ -47.5835868, -20.5188318 ], [ -47.5840413, -20.5194796 ], [ -47.5842104, -20.5198418 ], [ -47.5841967, -20.5200094 ], [ -47.584061, -20.520088 ], [ -47.5838101, -20.5200761 ], [ -47.5832286, -20.5199612 ], [ -47.5831755, -20.5202901 ], [ -47.5834297, -20.520935 ], [ -47.5836602, -20.5212509 ], [ -47.5839192, -20.5212991 ], [ -47.5841649, -20.5209989 ], [ -47.584429, -20.5212001 ], [ -47.5847707, -20.5225036 ], [ -47.5850953, -20.5230244 ], [ -47.5853814, -20.523158 ], [ -47.5871401, -20.5230699 ], [ -47.5896564, -20.5227615 ], [ -47.5901533, -20.5230423 ], [ -47.5903653, -20.5236614 ], [ -47.5903776, -20.52431 ], [ -47.5899287, -20.5265077 ], [ -47.5899176, -20.5268192 ], [ -47.5900693, -20.527161 ], [ -47.5902393, -20.5272032 ], [ -47.5907594, -20.5269976 ], [ -47.5917824, -20.5276142 ], [ -47.5923182, -20.5278119 ], [ -47.5933396, -20.5280085 ], [ -47.5941964, -20.5280562 ], [ -47.5950516, -20.5279591 ], [ -47.5960909, -20.5283029 ], [ -47.5965804, -20.5290113 ], [ -47.5969226, -20.5292262 ], [ -47.5970771, -20.5292489 ], [ -47.5978596, -20.5287095 ], [ -47.5980869, -20.5287601 ], [ -47.59861, -20.5295821 ], [ -47.5990157, -20.5297957 ], [ -47.5996561, -20.5298552 ], [ -47.5998244, -20.5297993 ], [ -47.5998313, -20.5291748 ], [ -47.6002253, -20.529093 ], [ -47.600642, -20.5293385 ], [ -47.6014782, -20.5295607 ], [ -47.6018405, -20.5300055 ], [ -47.6019859, -20.5300171 ], [ -47.602157, -20.5297564 ], [ -47.6024819, -20.5297431 ], [ -47.6027869, -20.5301148 ], [ -47.6032753, -20.5303683 ], [ -47.6032932, -20.5309281 ], [ -47.6033746, -20.5309788 ], [ -47.6035564, -20.5309441 ], [ -47.6040132, -20.5305995 ], [ -47.6045124, -20.5298806 ], [ -47.6044874, -20.5294005 ], [ -47.604298, -20.5288101 ], [ -47.6035027, -20.5276329 ], [ -47.6033843, -20.5267215 ], [ -47.6032757, -20.5266105 ], [ -47.6027329, -20.5264422 ], [ -47.6021669, -20.5259567 ], [ -47.601509, -20.5243152 ], [ -47.601074, -20.5238651 ], [ -47.6000507, -20.5231398 ], [ -47.5995876, -20.5225087 ], [ -47.5994978, -20.5219705 ], [ -47.599571, -20.5214815 ], [ -47.5988263, -20.5205641 ], [ -47.5986948, -20.5194167 ], [ -47.598307, -20.5184324 ], [ -47.5983251, -20.5180906 ], [ -47.598604, -20.5174086 ], [ -47.5985681, -20.5171646 ], [ -47.5980434, -20.5163119 ], [ -47.5982682, -20.514604 ], [ -47.5979304, -20.5129959 ], [ -47.5979717, -20.5110628 ], [ -47.5978068, -20.5103941 ], [ -47.5974921, -20.509934 ], [ -47.5973662, -20.5095716 ], [ -47.597738, -20.5082484 ], [ -47.5975573, -20.5056806 ], [ -47.5980198, -20.5047833 ], [ -47.5981157, -20.5042546 ], [ -47.5976773, -20.5031498 ], [ -47.597541, -20.5011958 ], [ -47.5974859, -20.5008135 ], [ -47.59736, -20.500612 ], [ -47.5974417, -20.4997582 ], [ -47.5973751, -20.4977421 ], [ -47.5968352, -20.4963567 ], [ -47.5974479, -20.4939276 ], [ -47.5978403, -20.4931886 ], [ -47.5978473, -20.4930226 ], [ -47.5974724, -20.4923966 ], [ -47.5970252, -20.4919163 ], [ -47.5970175, -20.4917794 ], [ -47.5985335, -20.4902986 ] ] ] ] } },
{ "type": "Feature", "properties": { "CD_MUN": "3542701", "NM_MUN": "Restinga", "CD_RGI": "350033", "NM_RGI": "Franca", "CD_RGINT": "3508", "NM_RGINT": "Ribeirão Preto", "CD_UF": "35", "NM_UF": "São Paulo", "SIGLA_UF": "SP", "CD_REGIA": "3", "NM_REGIA": "Sudeste", "SIGLA_RG": "SE", "CD_CONCU": "3516200", "NM_CONCU": "Franca/SP", "AREA_KM2": 245.746 }, "geometry": { "type": "MultiPolygon", "coordinates": [ [ [ [ -47.4460739, -20.6027101 ], [ -47.4460092, -20.6027396 ], [ -47.4450476, -20.6031792 ], [ -47.4435084, -20.6032721 ], [ -47.4431606, -20.6035017 ], [ -47.4416703, -20.6039092 ], [ -47.4391329, -20.6039519 ], [ -47.4383845, -20.6037619 ], [ -47.4379102, -20.6038078 ], [ -47.437429, -20.6039676 ], [ -47.4370527, -20.6041466 ], [ -47.4363957, -20.604644 ], [ -47.434609, -20.6052677 ], [ -47.4336934, -20.6058622 ], [ -47.4321668, -20.6063312 ], [ -47.4314952, -20.6068577 ], [ -47.4308517, -20.6075749 ], [ -47.4297575, -20.6083703 ], [ -47.4277305, -20.6095339 ], [ -47.4247551, -20.609913 ], [ -47.4239073, -20.6101793 ], [ -47.4218321, -20.6110795 ], [ -47.4189946, -20.611621 ], [ -47.4179046, -20.6117154 ], [ -47.4137269, -20.6125422 ], [ -47.4112784, -20.6133005 ], [ -47.4100094, -20.6134034 ], [ -47.408223, -20.6136825 ], [ -47.405114, -20.6143501 ], [ -47.4039372, -20.6143845 ], [ -47.4021126, -20.6142595 ], [ -47.3982411, -20.6141745 ], [ -47.3984833, -20.6155003 ], [ -47.3983723, -20.6165323 ], [ -47.3981785, -20.6172844 ], [ -47.3981638, -20.618888 ], [ -47.3972123, -20.6201497 ], [ -47.3963975, -20.6214272 ], [ -47.3959771, -20.622887 ], [ -47.3953425, -20.6265197 ], [ -47.3954405, -20.6275363 ], [ -47.3958602, -20.6281338 ], [ -47.3970312, -20.6287436 ], [ -47.400284, -20.6303079 ], [ -47.4020127, -20.6307466 ], [ -47.4043457, -20.631023 ], [ -47.4063142, -20.6311355 ], [ -47.4077966, -20.6314075 ], [ -47.4092411, -20.6320681 ], [ -47.4113315, -20.6334911 ], [ -47.4131677, -20.6354436 ], [ -47.4145739, -20.6372792 ], [ -47.4150491, -20.6383065 ], [ -47.4168175, -20.6400731 ], [ -47.4185078, -20.6412247 ], [ -47.4194772, -20.6423256 ], [ -47.4200826, -20.6432734 ], [ -47.4205267, -20.6444415 ], [ -47.4205925, -20.6452313 ], [ -47.4203435, -20.646038 ], [ -47.4197313, -20.6467589 ], [ -47.41826, -20.6491585 ], [ -47.4171131, -20.6514302 ], [ -47.4152571, -20.6562149 ], [ -47.4149206, -20.6578872 ], [ -47.4139855, -20.6610531 ], [ -47.4134768, -20.6621105 ], [ -47.4120663, -20.6641869 ], [ -47.4119174, -20.6650522 ], [ -47.4130187, -20.6663019 ], [ -47.4139442, -20.6666004 ], [ -47.4151913, -20.6664357 ], [ -47.4168406, -20.6664102 ], [ -47.4178442, -20.6665229 ], [ -47.4197193, -20.6665177 ], [ -47.4233511, -20.6667139 ], [ -47.4245393, -20.6670672 ], [ -47.4254712, -20.6677964 ], [ -47.4268163, -20.6699415 ], [ -47.4280502, -20.6712852 ], [ -47.4302464, -20.6732298 ], [ -47.4331935, -20.6760495 ], [ -47.4342996, -20.6768833 ], [ -47.4357558, -20.6777284 ], [ -47.4368466, -20.6782057 ], [ -47.4392373, -20.6788525 ], [ -47.4407493, -20.6788307 ], [ -47.4425787, -20.6783732 ], [ -47.4440793, -20.6776094 ], [ -47.4453198, -20.6772222 ], [ -47.4474857, -20.6773148 ], [ -47.452631, -20.6793752 ], [ -47.4533512, -20.6797817 ], [ -47.4541575, -20.6804413 ], [ -47.456621, -20.6817442 ], [ -47.4570308, -20.681863 ], [ -47.4583805, -20.6829107 ], [ -47.46408, -20.6855392 ], [ -47.46521, -20.6864024 ], [ -47.4667386, -20.6872663 ], [ -47.4683106, -20.6885974 ], [ -47.4687021, -20.6893213 ], [ -47.4689171, -20.690577 ], [ -47.4692121, -20.6914924 ], [ -47.4690098, -20.6932698 ], [ -47.4691068, -20.6976966 ], [ -47.4694809, -20.6985808 ], [ -47.470356, -20.6995198 ], [ -47.4707994, -20.7004246 ], [ -47.4710512, -20.7007567 ], [ -47.4716728, -20.7011586 ], [ -47.4740113, -20.703234 ], [ -47.4749561, -20.7041847 ], [ -47.4764341, -20.705985 ], [ -47.4766747, -20.7061325 ], [ -47.4787207, -20.7089376 ], [ -47.4799159, -20.7102329 ], [ -47.48049, -20.7117646 ], [ -47.4807837, -20.7120848 ], [ -47.4817469, -20.712744 ], [ -47.4819868, -20.7130191 ], [ -47.4824345, -20.7138692 ], [ -47.4832977, -20.7145516 ], [ -47.4841829, -20.7158424 ], [ -47.4860162, -20.7176075 ], [ -47.4883633, -20.7195143 ], [ -47.4893208, -20.7197696 ], [ -47.4908478, -20.7197399 ], [ -47.4940143, -20.7193457 ], [ -47.4957776, -20.7192269 ], [ -47.4967556, -20.719029 ], [ -47.4985656, -20.7181586 ], [ -47.4994083, -20.7179997 ], [ -47.4996934, -20.7178486 ], [ -47.5002703, -20.7172105 ], [ -47.5012064, -20.7166641 ], [ -47.5029066, -20.7168089 ], [ -47.5036152, -20.7167753 ], [ -47.5054663, -20.7172978 ], [ -47.5064471, -20.7183809 ], [ -47.507258, -20.7198621 ], [ -47.5073031, -20.7205811 ], [ -47.5076402, -20.7210333 ], [ -47.5077857, -20.7216302 ], [ -47.5089001, -20.7225098 ], [ -47.5091925, -20.7229073 ], [ -47.5091284, -20.7248537 ], [ -47.5103951, -20.7254522 ], [ -47.510843, -20.72554 ], [ -47.5111628, -20.7254522 ], [ -47.5112907, -20.7252719 ], [ -47.5112632, -20.7249931 ], [ -47.5113716, -20.724705 ], [ -47.5115271, -20.7246183 ], [ -47.5117989, -20.7246213 ], [ -47.512418, -20.7248611 ], [ -47.5134576, -20.7246826 ], [ -47.5140105, -20.7248058 ], [ -47.5142036, -20.7249883 ], [ -47.5144156, -20.7259176 ], [ -47.5145677, -20.7262235 ], [ -47.5155371, -20.7269448 ], [ -47.5158463, -20.7272423 ], [ -47.5159997, -20.7275878 ], [ -47.5159798, -20.7278495 ], [ -47.5157724, -20.7281402 ], [ -47.5148782, -20.728806 ], [ -47.5148762, -20.7293237 ], [ -47.5152282, -20.7296533 ], [ -47.5159696, -20.7296407 ], [ -47.5165678, -20.7291768 ], [ -47.5167428, -20.7287483 ], [ -47.5168227, -20.7281598 ], [ -47.5168025, -20.7269689 ], [ -47.5168825, -20.7268281 ], [ -47.5171358, -20.7267009 ], [ -47.5173992, -20.7267441 ], [ -47.5186454, -20.7273292 ], [ -47.5196342, -20.7280018 ], [ -47.5214512, -20.7297787 ], [ -47.5217637, -20.7299971 ], [ -47.5221687, -20.7300995 ], [ -47.5225008, -20.7301056 ], [ -47.5227851, -20.7301109 ], [ -47.5237143, -20.7297043 ], [ -47.5239103, -20.7297485 ], [ -47.5256622, -20.7312739 ], [ -47.5274102, -20.7322832 ], [ -47.52782, -20.7323858 ], [ -47.5281403, -20.7322647 ], [ -47.5282889, -20.7318451 ], [ -47.527941, -20.7311246 ], [ -47.5278861, -20.7307918 ], [ -47.5278804, -20.7304967 ], [ -47.5281676, -20.729418 ], [ -47.5280647, -20.7291966 ], [ -47.5278993, -20.7290852 ], [ -47.5265585, -20.7291178 ], [ -47.5264605, -20.7290503 ], [ -47.5266113, -20.7287368 ], [ -47.5274104, -20.7278426 ], [ -47.5277912, -20.7275674 ], [ -47.5284625, -20.7274388 ], [ -47.5291823, -20.7276851 ], [ -47.5295122, -20.7279249 ], [ -47.5296753, -20.7281773 ], [ -47.529767, -20.729272 ], [ -47.530137, -20.729382 ], [ -47.5316161, -20.7284045 ], [ -47.5320612, -20.727995 ], [ -47.5331643, -20.7277459 ], [ -47.5333642, -20.7275431 ], [ -47.5333924, -20.727287 ], [ -47.5331068, -20.7268404 ], [ -47.5327075, -20.7265845 ], [ -47.5316314, -20.7262216 ], [ -47.5314333, -20.7260012 ], [ -47.5309228, -20.7249258 ], [ -47.5299992, -20.7242342 ], [ -47.5295735, -20.7238075 ], [ -47.529561, -20.7236047 ], [ -47.5296471, -20.7233194 ], [ -47.5302703, -20.7224052 ], [ -47.5305888, -20.7221905 ], [ -47.5310926, -20.7224314 ], [ -47.5315074, -20.7230681 ], [ -47.5323768, -20.7234332 ], [ -47.5334698, -20.7234651 ], [ -47.5338958, -20.7233659 ], [ -47.534122, -20.7231991 ], [ -47.534063, -20.722689 ], [ -47.53344, -20.7217299 ], [ -47.5331688, -20.720722 ], [ -47.5332031, -20.7204356 ], [ -47.5335115, -20.7200292 ], [ -47.5345251, -20.7192868 ], [ -47.5345337, -20.7188377 ], [ -47.533954, -20.7185068 ], [ -47.5329394, -20.7182819 ], [ -47.5327424, -20.7179455 ], [ -47.5329478, -20.7175882 ], [ -47.5331304, -20.717498 ], [ -47.5336405, -20.7175215 ], [ -47.5348737, -20.7179838 ], [ -47.5357663, -20.7178688 ], [ -47.5370153, -20.718276 ], [ -47.5378115, -20.7186895 ], [ -47.5388343, -20.7190388 ], [ -47.5391507, -20.7192331 ], [ -47.5393527, -20.7194779 ], [ -47.5394173, -20.7198336 ], [ -47.5387156, -20.7206964 ], [ -47.5387088, -20.7208805 ], [ -47.5388189, -20.7210014 ], [ -47.5393212, -20.7211424 ], [ -47.5398246, -20.7211882 ], [ -47.5401762, -20.7209425 ], [ -47.5403948, -20.7202755 ], [ -47.5403633, -20.7195022 ], [ -47.5406841, -20.7190099 ], [ -47.540962, -20.7188908 ], [ -47.5420387, -20.7188986 ], [ -47.5425903, -20.7193705 ], [ -47.5428846, -20.7211919 ], [ -47.5426931, -20.7225529 ], [ -47.5429417, -20.7226719 ], [ -47.543269, -20.7225447 ], [ -47.5440417, -20.721636 ], [ -47.5442923, -20.7216642 ], [ -47.5445388, -20.7218766 ], [ -47.5445411, -20.7229302 ], [ -47.5442988, -20.7232034 ], [ -47.5434531, -20.7237724 ], [ -47.5430972, -20.7241195 ], [ -47.5430868, -20.7244563 ], [ -47.543373, -20.7248867 ], [ -47.5449286, -20.7265125 ], [ -47.5449331, -20.7267905 ], [ -47.544791, -20.7271492 ], [ -47.5444516, -20.7274476 ], [ -47.5438443, -20.7274717 ], [ -47.5432499, -20.7273263 ], [ -47.5424054, -20.7269199 ], [ -47.5421264, -20.7269733 ], [ -47.5410355, -20.7275448 ], [ -47.5401513, -20.7277751 ], [ -47.5399393, -20.7279488 ], [ -47.5397829, -20.7282594 ], [ -47.5398221, -20.7286456 ], [ -47.5400793, -20.7293069 ], [ -47.5411947, -20.7311392 ], [ -47.5412908, -20.7320193 ], [ -47.541116, -20.7323768 ], [ -47.5408077, -20.7326449 ], [ -47.5402818, -20.7326063 ], [ -47.5398168, -20.7323337 ], [ -47.5394594, -20.7316111 ], [ -47.5388446, -20.7311126 ], [ -47.5384621, -20.730932 ], [ -47.5382838, -20.7311042 ], [ -47.5385125, -20.731982 ], [ -47.5392245, -20.7332239 ], [ -47.5394332, -20.7339635 ], [ -47.5393627, -20.7346917 ], [ -47.5394775, -20.7355841 ], [ -47.5400745, -20.7359597 ], [ -47.5408841, -20.7361958 ], [ -47.5414582, -20.7361417 ], [ -47.5424169, -20.7354494 ], [ -47.5433957, -20.7351848 ], [ -47.5439399, -20.7351773 ], [ -47.5444761, -20.7349519 ], [ -47.5452404, -20.7343098 ], [ -47.5458776, -20.7341277 ], [ -47.5463872, -20.7341189 ], [ -47.5471295, -20.7343102 ], [ -47.5490805, -20.7353637 ], [ -47.5495247, -20.7355142 ], [ -47.5501493, -20.7355358 ], [ -47.5509677, -20.7352274 ], [ -47.5514193, -20.7349116 ], [ -47.5517349, -20.7349701 ], [ -47.5520682, -20.7352433 ], [ -47.5520912, -20.7356747 ], [ -47.5517894, -20.7364671 ], [ -47.5512637, -20.7373267 ], [ -47.5503426, -20.7382218 ], [ -47.5484422, -20.7395901 ], [ -47.5482511, -20.7399488 ], [ -47.5483235, -20.740347 ], [ -47.5485254, -20.7405946 ], [ -47.5489227, -20.7407865 ], [ -47.5493968, -20.7407341 ], [ -47.5522931, -20.739918 ], [ -47.5527876, -20.7399724 ], [ -47.557207, -20.741438 ], [ -47.5581462, -20.7416555 ], [ -47.5592972, -20.7416831 ], [ -47.5602649, -20.7415474 ], [ -47.5612108, -20.7411323 ], [ -47.5622346, -20.7404198 ], [ -47.5627865, -20.7399154 ], [ -47.563289, -20.7396446 ], [ -47.5643214, -20.7394772 ], [ -47.5672857, -20.7393233 ], [ -47.568184, -20.7390313 ], [ -47.5684411, -20.7386561 ], [ -47.5685445, -20.7379416 ], [ -47.5683336, -20.7353016 ], [ -47.5684291, -20.7350679 ], [ -47.5687058, -20.7348633 ], [ -47.5707319, -20.7341934 ], [ -47.5711053, -20.7338639 ], [ -47.5713253, -20.7333192 ], [ -47.5712962, -20.7325774 ], [ -47.5711724, -20.7320532 ], [ -47.5707819, -20.7313159 ], [ -47.5699156, -20.7305582 ], [ -47.5687675, -20.7297847 ], [ -47.5679513, -20.7291161 ], [ -47.5676446, -20.7284853 ], [ -47.5674837, -20.7278392 ], [ -47.5676425, -20.7273111 ], [ -47.5687231, -20.7251893 ], [ -47.5700996, -20.7229095 ], [ -47.5711113, -20.7216409 ], [ -47.5714542, -20.7215278 ], [ -47.5718332, -20.7216767 ], [ -47.5719386, -20.7220465 ], [ -47.5716944, -20.7240916 ], [ -47.5719654, -20.7245206 ], [ -47.5727638, -20.7251121 ], [ -47.5733044, -20.7260033 ], [ -47.573807, -20.7265676 ], [ -47.5743043, -20.7267596 ], [ -47.574835, -20.7267982 ], [ -47.5786788, -20.7247897 ], [ -47.5790659, -20.7243375 ], [ -47.5792318, -20.7234834 ], [ -47.5789237, -20.721772 ], [ -47.5785309, -20.7209285 ], [ -47.5778737, -20.7198389 ], [ -47.5770867, -20.7179578 ], [ -47.5770233, -20.7172776 ], [ -47.5771435, -20.7165494 ], [ -47.5785211, -20.7144861 ], [ -47.5797506, -20.7123571 ], [ -47.5806114, -20.7106091 ], [ -47.5809807, -20.7102812 ], [ -47.5817968, -20.7099294 ], [ -47.5836936, -20.7094675 ], [ -47.585095, -20.7093379 ], [ -47.5857531, -20.7093596 ], [ -47.5865109, -20.7095477 ], [ -47.5870785, -20.7100982 ], [ -47.5876689, -20.7109714 ], [ -47.5881168, -20.7112874 ], [ -47.5925063, -20.7123355 ], [ -47.5930867, -20.7126051 ], [ -47.5938342, -20.7131955 ], [ -47.5941907, -20.7138102 ], [ -47.5943315, -20.7143656 ], [ -47.5941569, -20.7147232 ], [ -47.5932211, -20.7157269 ], [ -47.5930172, -20.7162093 ], [ -47.5930469, -20.7163929 ], [ -47.593627, -20.7167389 ], [ -47.5944545, -20.7170518 ], [ -47.5957366, -20.7180207 ], [ -47.59724, -20.7185717 ], [ -47.5985378, -20.7186449 ], [ -47.5996982, -20.7185809 ], [ -47.6010337, -20.7189 ], [ -47.6031869, -20.7188529 ], [ -47.6039344, -20.7185317 ], [ -47.6041759, -20.7181595 ], [ -47.6042774, -20.7174143 ], [ -47.6041018, -20.7157914 ], [ -47.6039891, -20.7120816 ], [ -47.6044796, -20.7109525 ], [ -47.6045348, -20.7103954 ], [ -47.6043788, -20.7098565 ], [ -47.6032202, -20.7083735 ], [ -47.6032711, -20.7075528 ], [ -47.6036993, -20.7065554 ], [ -47.6046124, -20.7052901 ], [ -47.6049309, -20.7046636 ], [ -47.6052125, -20.7038847 ], [ -47.6051216, -20.7033275 ], [ -47.6046654, -20.702595 ], [ -47.6023213, -20.6999067 ], [ -47.6000854, -20.6970444 ], [ -47.598965, -20.6960239 ], [ -47.5982137, -20.6951385 ], [ -47.5979981, -20.694121 ], [ -47.5982113, -20.6930968 ], [ -47.5975141, -20.6929092 ], [ -47.5972044, -20.692691 ], [ -47.5956122, -20.6907199 ], [ -47.5932245, -20.6892517 ], [ -47.5913593, -20.6878099 ], [ -47.5901616, -20.6871687 ], [ -47.5897851, -20.6868032 ], [ -47.589323, -20.686146 ], [ -47.5888875, -20.6851527 ], [ -47.5883837, -20.6845012 ], [ -47.588137, -20.684021 ], [ -47.5879156, -20.682961 ], [ -47.586754, -20.6799855 ], [ -47.5863777, -20.6791364 ], [ -47.5858794, -20.6784725 ], [ -47.586169, -20.67764 ], [ -47.5860854, -20.6772081 ], [ -47.5864717, -20.6757229 ], [ -47.5864277, -20.6750578 ], [ -47.5862095, -20.6742874 ], [ -47.586342, -20.6732872 ], [ -47.5859081, -20.671413 ], [ -47.5859808, -20.6694846 ], [ -47.5849108, -20.6674125 ], [ -47.5846809, -20.6664411 ], [ -47.5846728, -20.6645368 ], [ -47.5838889, -20.6623089 ], [ -47.5828068, -20.6609132 ], [ -47.5801062, -20.658679 ], [ -47.5789214, -20.657943 ], [ -47.5765958, -20.6571575 ], [ -47.5758251, -20.6568053 ], [ -47.5740126, -20.6562428 ], [ -47.5724774, -20.6552986 ], [ -47.5719787, -20.6548262 ], [ -47.5712263, -20.6536998 ], [ -47.5708703, -20.6529872 ], [ -47.5704402, -20.6519374 ], [ -47.5703961, -20.6511411 ], [ -47.5704748, -20.6490485 ], [ -47.5706622, -20.6479776 ], [ -47.5711179, -20.6462353 ], [ -47.5718753, -20.6443764 ], [ -47.5741638, -20.6402315 ], [ -47.574395, -20.6394841 ], [ -47.5748115, -20.6373042 ], [ -47.5749733, -20.6357451 ], [ -47.5749377, -20.6350399 ], [ -47.5746841, -20.6341765 ], [ -47.5739712, -20.6328421 ], [ -47.5730991, -20.631776 ], [ -47.5706732, -20.6296464 ], [ -47.5695015, -20.6283751 ], [ -47.5681432, -20.6272505 ], [ -47.5663756, -20.6267481 ], [ -47.5657043, -20.6264095 ], [ -47.56514, -20.6259688 ], [ -47.5637513, -20.6245878 ], [ -47.5633182, -20.6237258 ], [ -47.5625539, -20.6186759 ], [ -47.5622234, -20.6175661 ], [ -47.561171, -20.6160213 ], [ -47.5599406, -20.6123925 ], [ -47.5594346, -20.6112546 ], [ -47.5590754, -20.6098937 ], [ -47.5572324, -20.605266 ], [ -47.5564924, -20.6037373 ], [ -47.553785, -20.5965533 ], [ -47.5531197, -20.5917328 ], [ -47.5532217, -20.5903846 ], [ -47.553111, -20.5868413 ], [ -47.55296, -20.5859844 ], [ -47.5528223, -20.5856764 ], [ -47.5526039, -20.5853932 ], [ -47.5509619, -20.5841071 ], [ -47.5500338, -20.5836718 ], [ -47.5475367, -20.5827476 ], [ -47.5465187, -20.5818038 ], [ -47.5458625, -20.5809317 ], [ -47.5455959, -20.5807654 ], [ -47.5433787, -20.5808755 ], [ -47.5413941, -20.5810904 ], [ -47.5397087, -20.5815168 ], [ -47.5383389, -20.5817212 ], [ -47.5379402, -20.5815249 ], [ -47.5376564, -20.5812204 ], [ -47.5372822, -20.5805584 ], [ -47.5365566, -20.5783542 ], [ -47.5363151, -20.5774131 ], [ -47.5360605, -20.5753981 ], [ -47.5357668, -20.5740811 ], [ -47.5349951, -20.5727194 ], [ -47.5323012, -20.5672609 ], [ -47.5316273, -20.5662884 ], [ -47.5294949, -20.564352 ], [ -47.5291392, -20.5639325 ], [ -47.5288115, -20.5634663 ], [ -47.528682, -20.5631029 ], [ -47.5286749, -20.5627242 ], [ -47.5257519, -20.5630074 ], [ -47.5235415, -20.5635274 ], [ -47.5214441, -20.5634413 ], [ -47.5202621, -20.5635888 ], [ -47.5173107, -20.5637243 ], [ -47.5154908, -20.5639298 ], [ -47.5126412, -20.5646515 ], [ -47.5107903, -20.5648189 ], [ -47.5090306, -20.5647821 ], [ -47.5071232, -20.5645159 ], [ -47.5051807, -20.5639239 ], [ -47.5007536, -20.5621056 ], [ -47.4981819, -20.5608501 ], [ -47.4976869, -20.5605278 ], [ -47.4974232, -20.5598654 ], [ -47.4974296, -20.5586998 ], [ -47.4971254, -20.5569132 ], [ -47.497121, -20.5562722 ], [ -47.4971207, -20.5562321 ], [ -47.4971205, -20.5561909 ], [ -47.497119, -20.5559742 ], [ -47.4971181, -20.5558442 ], [ -47.4970653, -20.5555557 ], [ -47.4970517, -20.5554811 ], [ -47.4970075, -20.5552396 ], [ -47.4965814, -20.5546286 ], [ -47.4963409, -20.5546188 ], [ -47.4962189, -20.5546913 ], [ -47.4961415, -20.5547373 ], [ -47.4961091, -20.5547566 ], [ -47.4958899, -20.5548868 ], [ -47.495401, -20.5553422 ], [ -47.4953723, -20.555369 ], [ -47.4953441, -20.5553953 ], [ -47.4951634, -20.5555635 ], [ -47.4944669, -20.5570017 ], [ -47.4938196, -20.5575313 ], [ -47.4933802, -20.558429 ], [ -47.4931578, -20.5586948 ], [ -47.4911658, -20.560081 ], [ -47.4901571, -20.5605084 ], [ -47.4891484, -20.5609359 ], [ -47.4875951, -20.5617551 ], [ -47.486406, -20.5632198 ], [ -47.4846217, -20.5638271 ], [ -47.4843612, -20.5641077 ], [ -47.4837721, -20.5643274 ], [ -47.4834979, -20.5645455 ], [ -47.4834677, -20.5648931 ], [ -47.4836968, -20.5652387 ], [ -47.4837411, -20.5657968 ], [ -47.4832023, -20.5667977 ], [ -47.4830236, -20.5678364 ], [ -47.4828892, -20.5681297 ], [ -47.4818999, -20.5691812 ], [ -47.4818246, -20.5695748 ], [ -47.4813161, -20.5692312 ], [ -47.4806622, -20.5691474 ], [ -47.4792162, -20.5682582 ], [ -47.4787442, -20.5680725 ], [ -47.4777011, -20.5679085 ], [ -47.4774381, -20.5677961 ], [ -47.4762653, -20.5668021 ], [ -47.4754915, -20.5659741 ], [ -47.4746719, -20.56568 ], [ -47.4744194, -20.5652975 ], [ -47.4740299, -20.5650007 ], [ -47.4736505, -20.5648283 ], [ -47.4724259, -20.5646206 ], [ -47.4714045, -20.5637715 ], [ -47.4705838, -20.5636598 ], [ -47.4699963, -20.5634149 ], [ -47.4692027, -20.5634543 ], [ -47.4674834, -20.564561 ], [ -47.4669861, -20.5647221 ], [ -47.4645889, -20.5660586 ], [ -47.4633071, -20.56708 ], [ -47.4621845, -20.568529 ], [ -47.4610766, -20.5694311 ], [ -47.4603607, -20.5697206 ], [ -47.4591503, -20.5699897 ], [ -47.4588274, -20.5702014 ], [ -47.4582784, -20.570872 ], [ -47.4579711, -20.5710563 ], [ -47.4576201, -20.5711375 ], [ -47.4566933, -20.5711054 ], [ -47.4562735, -20.5712262 ], [ -47.4541296, -20.5729405 ], [ -47.4530763, -20.5745403 ], [ -47.4524116, -20.5762086 ], [ -47.4513156, -20.576988 ], [ -47.4506012, -20.5772838 ], [ -47.4496524, -20.5778979 ], [ -47.4493883, -20.5783041 ], [ -47.4488854, -20.5794487 ], [ -47.4488235, -20.5795897 ], [ -47.4484234, -20.5805022 ], [ -47.4485707, -20.5825543 ], [ -47.4480919, -20.5852578 ], [ -47.4478857, -20.5857012 ], [ -47.4473974, -20.5863641 ], [ -47.4471551, -20.5871783 ], [ -47.4472095, -20.5884162 ], [ -47.4481316, -20.5907788 ], [ -47.4483145, -20.5915946 ], [ -47.4483532, -20.5923924 ], [ -47.4481082, -20.5939857 ], [ -47.4481259, -20.5945814 ], [ -47.4482965, -20.5954381 ], [ -47.4492109, -20.5972405 ], [ -47.4493707, -20.5981911 ], [ -47.4492768, -20.598903 ], [ -47.4484859, -20.6001756 ], [ -47.4481667, -20.6012152 ], [ -47.4479174, -20.6015194 ], [ -47.4472341, -20.6019611 ], [ -47.4460739, -20.6027101 ] ] ] ] } },
{ "type": "Feature", "properties": { "CD_MUN": "3546256", "NM_MUN": "Santa Cruz da Esperança", "CD_RGI": "350031", "NM_RGI": "Ribeirão Preto", "CD_RGINT": "3508", "NM_RGINT": "Ribeirão Preto", "CD_UF": "35", "NM_UF": "São Paulo", "SIGLA_UF": "SP", "CD_REGIA": "3", "NM_REGIA": "Sudeste", "SIGLA_RG": "SE", "CD_CONCU": "3543402", "NM_CONCU": "Ribeirão Preto/SP", "AREA_KM2": 148.062 }, "geometry": { "type": "MultiPolygon", "coordinates": [ [ [ [ -47.4813123, -21.2922982 ], [ -47.4813141, -21.2921827 ], [ -47.4813158, -21.2920673 ], [ -47.480972, -21.2912487 ], [ -47.4794346, -21.2897881 ], [ -47.4773985, -21.2881339 ], [ -47.4767091, -21.2873047 ], [ -47.4764343, -21.2869741 ], [ -47.4763073, -21.2864002 ], [ -47.4763968, -21.2861439 ], [ -47.4764863, -21.2858876 ], [ -47.4803212, -21.2827455 ], [ -47.4815036, -21.2814176 ], [ -47.4822138, -21.280058 ], [ -47.482506, -21.279121 ], [ -47.4825523, -21.2777034 ], [ -47.4822745, -21.2752406 ], [ -47.4822504, -21.2737359 ], [ -47.4824877, -21.2723815 ], [ -47.4830749, -21.2716721 ], [ -47.4838988, -21.2706767 ], [ -47.4851346, -21.2697067 ], [ -47.4856883, -21.2694603 ], [ -47.4859314, -21.2693522 ], [ -47.4867282, -21.2689977 ], [ -47.4877449, -21.2682287 ], [ -47.4887609, -21.2668404 ], [ -47.4896665, -21.2646118 ], [ -47.490025, -21.2640248 ], [ -47.4904035, -21.2634051 ], [ -47.49125, -21.2631688 ], [ -47.4920602, -21.2636018 ], [ -47.4928269, -21.264255 ], [ -47.4939498, -21.2664968 ], [ -47.4945062, -21.268573 ], [ -47.4954678, -21.2695772 ], [ -47.4967009, -21.269825 ], [ -47.4976845, -21.2693234 ], [ -47.4981405, -21.2684294 ], [ -47.4976027, -21.267242 ], [ -47.4964957, -21.2660607 ], [ -47.4954646, -21.2637262 ], [ -47.4949185, -21.2626946 ], [ -47.4939994, -21.2609581 ], [ -47.4935961, -21.2593081 ], [ -47.493546, -21.2591033 ], [ -47.4937218, -21.2576208 ], [ -47.4937933, -21.2570175 ], [ -47.4943752, -21.2552367 ], [ -47.4956755, -21.2537819 ], [ -47.4963103, -21.2522656 ], [ -47.4963192, -21.2500943 ], [ -47.4960029, -21.2481927 ], [ -47.4952713, -21.2467866 ], [ -47.494413, -21.2461344 ], [ -47.4935119, -21.2460144 ], [ -47.4928556, -21.2462903 ], [ -47.4923004, -21.2470519 ], [ -47.4907211, -21.2485796 ], [ -47.4893603, -21.2491314 ], [ -47.4886284, -21.2491433 ], [ -47.4878965, -21.2491551 ], [ -47.4859878, -21.2479879 ], [ -47.4848572, -21.2469571 ], [ -47.4846456, -21.2467642 ], [ -47.4843446, -21.2453063 ], [ -47.4843358, -21.2452637 ], [ -47.4840273, -21.2445367 ], [ -47.4840816, -21.2441294 ], [ -47.4841358, -21.2437222 ], [ -47.4842648, -21.2433353 ], [ -47.4843384, -21.2431145 ], [ -47.484353, -21.2430707 ], [ -47.4843808, -21.2430306 ], [ -47.4848417, -21.2423648 ], [ -47.485439, -21.2415503 ], [ -47.4864679, -21.2408558 ], [ -47.4876108, -21.2400844 ], [ -47.488914, -21.239107 ], [ -47.4905104, -21.2386768 ], [ -47.4912825, -21.2392318 ], [ -47.4918333, -21.2396276 ], [ -47.4928979, -21.2391357 ], [ -47.4950329, -21.2381491 ], [ -47.4959784, -21.2381342 ], [ -47.4972603, -21.238604 ], [ -47.5003224, -21.2408617 ], [ -47.5016006, -21.2411974 ], [ -47.5025434, -21.240918 ], [ -47.503525, -21.2402374 ], [ -47.5039259, -21.2388604 ], [ -47.5038716, -21.2376835 ], [ -47.5037796, -21.235786 ], [ -47.5040879, -21.2345412 ], [ -47.5045939, -21.2337345 ], [ -47.5058145, -21.2333183 ], [ -47.5075405, -21.2331381 ], [ -47.5081337, -21.233185 ], [ -47.5083543, -21.2332025 ], [ -47.5091681, -21.2332669 ], [ -47.5098695, -21.2327724 ], [ -47.5103319, -21.2321896 ], [ -47.5103651, -21.231478 ], [ -47.5097799, -21.2303788 ], [ -47.5089084, -21.2291067 ], [ -47.5075659, -21.2279326 ], [ -47.5063293, -21.2274628 ], [ -47.5049567, -21.2272161 ], [ -47.504051, -21.2268749 ], [ -47.5037618, -21.2263479 ], [ -47.5038914, -21.2256805 ], [ -47.5045457, -21.2252714 ], [ -47.5058692, -21.2253418 ], [ -47.507622, -21.2256246 ], [ -47.5085208, -21.2255943 ], [ -47.5099324, -21.2255467 ], [ -47.5110716, -21.225753 ], [ -47.5133094, -21.2268256 ], [ -47.5147823, -21.2273359 ], [ -47.516294, -21.2273577 ], [ -47.5171316, -21.2266364 ], [ -47.5170209, -21.225665 ], [ -47.516346, -21.2248311 ], [ -47.5134863, -21.223323 ], [ -47.5121297, -21.2213943 ], [ -47.5110332, -21.2207447 ], [ -47.510275, -21.2205791 ], [ -47.509236, -21.2205061 ], [ -47.5077746, -21.2205715 ], [ -47.5070561, -21.2200946 ], [ -47.5068, -21.2189027 ], [ -47.5069166, -21.2180038 ], [ -47.5081295, -21.2171001 ], [ -47.5084802, -21.2168978 ], [ -47.5093925, -21.2163717 ], [ -47.5097093, -21.2155254 ], [ -47.5094322, -21.2145781 ], [ -47.5093781, -21.2143929 ], [ -47.5091552, -21.2136309 ], [ -47.5078811, -21.2108154 ], [ -47.5072374, -21.2090091 ], [ -47.5064216, -21.2082678 ], [ -47.5055671, -21.2080158 ], [ -47.5047822, -21.2080849 ], [ -47.5025507, -21.2082815 ], [ -47.5018573, -21.2078936 ], [ -47.5016165, -21.2083509 ], [ -47.5017783, -21.2092317 ], [ -47.5016643, -21.2094557 ], [ -47.5008028, -21.2097571 ], [ -47.5003817, -21.2100385 ], [ -47.5000955, -21.2104967 ], [ -47.4998199, -21.2119855 ], [ -47.500144, -21.2129445 ], [ -47.5001959, -21.2141977 ], [ -47.5000648, -21.2143527 ], [ -47.4997417, -21.2143565 ], [ -47.4991941, -21.2141593 ], [ -47.4975189, -21.2132322 ], [ -47.4967961, -21.2131182 ], [ -47.496244, -21.2134423 ], [ -47.4958773, -21.2134498 ], [ -47.4954187, -21.2132902 ], [ -47.494854, -21.2129135 ], [ -47.4936377, -21.2113738 ], [ -47.492941, -21.2098352 ], [ -47.4928619, -21.2094645 ], [ -47.4933492, -21.2078311 ], [ -47.4931492, -21.2073371 ], [ -47.4929134, -21.2072858 ], [ -47.4920658, -21.2075329 ], [ -47.4916105, -21.2075397 ], [ -47.4907232, -21.2072217 ], [ -47.4903266, -21.2072972 ], [ -47.4897495, -21.2078153 ], [ -47.4892237, -21.2080441 ], [ -47.4887541, -21.2080909 ], [ -47.486882, -21.2077197 ], [ -47.4854301, -21.2078779 ], [ -47.4847427, -21.2080547 ], [ -47.4833254, -21.2079509 ], [ -47.4821697, -21.2082993 ], [ -47.4815114, -21.208363 ], [ -47.4807006, -21.2082114 ], [ -47.4803458, -21.2079947 ], [ -47.4796687, -21.2071714 ], [ -47.4787192, -21.2065372 ], [ -47.4782836, -21.2053321 ], [ -47.4779477, -21.2052786 ], [ -47.4769397, -21.2051178 ], [ -47.4760961, -21.2042261 ], [ -47.4750576, -21.2039714 ], [ -47.4742165, -21.2039822 ], [ -47.4725387, -21.2045406 ], [ -47.4720077, -21.2045822 ], [ -47.4717376, -21.2045206 ], [ -47.4707881, -21.203996 ], [ -47.4699315, -21.2039882 ], [ -47.469404, -21.2041909 ], [ -47.4688877, -21.2045755 ], [ -47.467137, -21.2064757 ], [ -47.4663385, -21.2080125 ], [ -47.4656388, -21.2091199 ], [ -47.4651876, -21.209712 ], [ -47.4645792, -21.2102818 ], [ -47.4632725, -21.2112741 ], [ -47.4627091, -21.2115661 ], [ -47.4614626, -21.2117851 ], [ -47.4601211, -21.2122565 ], [ -47.4595753, -21.2125438 ], [ -47.4590173, -21.2130418 ], [ -47.4575148, -21.2152552 ], [ -47.4571675, -21.2166962 ], [ -47.4563843, -21.2179477 ], [ -47.4561844, -21.2186518 ], [ -47.4557567, -21.2192115 ], [ -47.4558386, -21.2198654 ], [ -47.4557155, -21.2202499 ], [ -47.4555455, -21.220388 ], [ -47.4552443, -21.2204402 ], [ -47.4539017, -21.2204325 ], [ -47.4537034, -21.2205569 ], [ -47.4534461, -21.2210989 ], [ -47.4522736, -21.2218644 ], [ -47.4516789, -21.2219277 ], [ -47.4509535, -21.2217631 ], [ -47.4507958, -21.2216231 ], [ -47.4504949, -21.2207989 ], [ -47.4503268, -21.2206756 ], [ -47.4499175, -21.2206445 ], [ -47.44885, -21.2212604 ], [ -47.4480819, -21.2212316 ], [ -47.4473005, -21.2209183 ], [ -47.446534, -21.2203323 ], [ -47.4459415, -21.2199976 ], [ -47.4440181, -21.2191296 ], [ -47.4422459, -21.2188328 ], [ -47.4401779, -21.218921 ], [ -47.4396282, -21.2191335 ], [ -47.4393049, -21.2192585 ], [ -47.438596, -21.219267 ], [ -47.4375722, -21.2190486 ], [ -47.4369188, -21.2194134 ], [ -47.4353659, -21.2208633 ], [ -47.4350873, -21.2209702 ], [ -47.4339187, -21.2210401 ], [ -47.4320201, -21.2203527 ], [ -47.4315482, -21.2203201 ], [ -47.4298407, -21.2212346 ], [ -47.4289347, -21.2215976 ], [ -47.4280777, -21.2218125 ], [ -47.4272522, -21.2219046 ], [ -47.4263818, -21.2218358 ], [ -47.4256824, -21.2208497 ], [ -47.4254516, -21.2206853 ], [ -47.4250306, -21.220571 ], [ -47.4241265, -21.2206088 ], [ -47.4237217, -21.2209104 ], [ -47.4231827, -21.2217137 ], [ -47.4222509, -21.222526 ], [ -47.4218676, -21.2232319 ], [ -47.4217784, -21.224911 ], [ -47.4214952, -21.2250564 ], [ -47.4211302, -21.2250486 ], [ -47.4209016, -21.2247476 ], [ -47.4206639, -21.2241739 ], [ -47.4203018, -21.2213287 ], [ -47.4201679, -21.2209802 ], [ -47.4195904, -21.2203089 ], [ -47.4194896, -21.2200399 ], [ -47.4195931, -21.2187766 ], [ -47.4193825, -21.2177267 ], [ -47.4196796, -21.2170291 ], [ -47.4197035, -21.2167739 ], [ -47.4195216, -21.2165062 ], [ -47.4190004, -21.2163916 ], [ -47.4187358, -21.2164236 ], [ -47.4185433, -21.2165465 ], [ -47.4180895, -21.2177521 ], [ -47.4177509, -21.2181039 ], [ -47.4147864, -21.2200956 ], [ -47.4141753, -21.220026 ], [ -47.4139987, -21.2199014 ], [ -47.4138436, -21.2194874 ], [ -47.4139373, -21.2177735 ], [ -47.4138483, -21.2175867 ], [ -47.4128241, -21.2168603 ], [ -47.4096138, -21.2152383 ], [ -47.4095547, -21.2151165 ], [ -47.4096234, -21.2149358 ], [ -47.4103511, -21.2142909 ], [ -47.4108179, -21.2137239 ], [ -47.4108474, -21.2134743 ], [ -47.4107152, -21.2131078 ], [ -47.4073896, -21.2114814 ], [ -47.4064563, -21.2109427 ], [ -47.404945, -21.2108292 ], [ -47.4048132, -21.2107162 ], [ -47.4046155, -21.2100255 ], [ -47.4044098, -21.2097317 ], [ -47.404094, -21.209723 ], [ -47.4025555, -21.2107166 ], [ -47.402346, -21.2110023 ], [ -47.4020595, -21.2118504 ], [ -47.4018367, -21.212026 ], [ -47.4014535, -21.2118844 ], [ -47.4004512, -21.2126983 ], [ -47.4001629, -21.2130466 ], [ -47.4000872, -21.2132513 ], [ -47.4001388, -21.2138766 ], [ -47.4001579, -21.2141078 ], [ -47.4000784, -21.2148957 ], [ -47.3994288, -21.2165547 ], [ -47.3992236, -21.2178247 ], [ -47.3979487, -21.2194522 ], [ -47.3977837, -21.220642 ], [ -47.3972449, -21.2212232 ], [ -47.3966693, -21.221634 ], [ -47.3959547, -21.2226299 ], [ -47.395136, -21.2250713 ], [ -47.3942346, -21.2256959 ], [ -47.3926221, -21.2262038 ], [ -47.3907985, -21.2287122 ], [ -47.3905878, -21.2290698 ], [ -47.3903629, -21.2298735 ], [ -47.3901761, -21.2302122 ], [ -47.3899644, -21.2304188 ], [ -47.3891217, -21.2307212 ], [ -47.3885734, -21.2310377 ], [ -47.3878576, -21.2323804 ], [ -47.3872934, -21.2330396 ], [ -47.3866866, -21.2337484 ], [ -47.3862593, -21.2344418 ], [ -47.3859203, -21.2351871 ], [ -47.3856266, -21.2361472 ], [ -47.3857336, -21.237383 ], [ -47.3857467, -21.2375341 ], [ -47.3857032, -21.2377405 ], [ -47.3856597, -21.2379468 ], [ -47.385485, -21.2382519 ], [ -47.3851989, -21.2385253 ], [ -47.3847567, -21.2389479 ], [ -47.3845476, -21.2392686 ], [ -47.3844247, -21.2397303 ], [ -47.3843669, -21.2405252 ], [ -47.3844338, -21.2419802 ], [ -47.3838904, -21.2436477 ], [ -47.3837867, -21.2442844 ], [ -47.3836829, -21.2449212 ], [ -47.3836755, -21.2453442 ], [ -47.3837282, -21.2455207 ], [ -47.3841157, -21.2468182 ], [ -47.3839958, -21.2473851 ], [ -47.3836183, -21.2478467 ], [ -47.3832408, -21.2483083 ], [ -47.3831952, -21.2485527 ], [ -47.3830441, -21.2493629 ], [ -47.3826648, -21.2501642 ], [ -47.3822158, -21.2507596 ], [ -47.3819565, -21.2509283 ], [ -47.3810001, -21.2522157 ], [ -47.38028, -21.2528769 ], [ -47.3798859, -21.2534717 ], [ -47.3794576, -21.2543996 ], [ -47.3786984, -21.255372 ], [ -47.3786696, -21.2555403 ], [ -47.3786409, -21.2557085 ], [ -47.3786568, -21.2557608 ], [ -47.3789914, -21.2568582 ], [ -47.379085, -21.2582954 ], [ -47.3783595, -21.2608659 ], [ -47.3783442, -21.2609203 ], [ -47.3782778, -21.2622703 ], [ -47.3779466, -21.2634176 ], [ -47.3774367, -21.2640331 ], [ -47.376865, -21.2644385 ], [ -47.3767072, -21.2649887 ], [ -47.3752535, -21.2654253 ], [ -47.3751018, -21.2655833 ], [ -47.37495, -21.2657414 ], [ -47.3749571, -21.2660553 ], [ -47.3751166, -21.2663905 ], [ -47.3756501, -21.2667727 ], [ -47.3782306, -21.2675071 ], [ -47.3786005, -21.2673459 ], [ -47.3789703, -21.2671847 ], [ -47.3802177, -21.2664668 ], [ -47.3813673, -21.2661864 ], [ -47.3816778, -21.2662295 ], [ -47.3819883, -21.2662726 ], [ -47.382275, -21.2664609 ], [ -47.3826763, -21.2676611 ], [ -47.3827911, -21.2681624 ], [ -47.3830393, -21.2692462 ], [ -47.3831583, -21.2697659 ], [ -47.3832592, -21.2702066 ], [ -47.3837638, -21.2712122 ], [ -47.3848125, -21.2726426 ], [ -47.3857475, -21.2732678 ], [ -47.3866824, -21.273893 ], [ -47.3876112, -21.2740632 ], [ -47.3906708, -21.2735157 ], [ -47.3933964, -21.2736194 ], [ -47.3947957, -21.272804 ], [ -47.3959016, -21.2727887 ], [ -47.3968308, -21.2730163 ], [ -47.3978891, -21.2734593 ], [ -47.3984417, -21.2743437 ], [ -47.3986594, -21.2750388 ], [ -47.3986397, -21.2754124 ], [ -47.3986201, -21.2757859 ], [ -47.3984258, -21.2764632 ], [ -47.3983391, -21.2774512 ], [ -47.3983133, -21.2790176 ], [ -47.398574, -21.2800865 ], [ -47.3988347, -21.2811554 ], [ -47.3994458, -21.2823269 ], [ -47.4003853, -21.2837018 ], [ -47.4008017, -21.2840519 ], [ -47.4012181, -21.284402 ], [ -47.4013382, -21.2844798 ], [ -47.401474, -21.2845678 ], [ -47.4015318, -21.2846053 ], [ -47.4016092, -21.2846555 ], [ -47.4017278, -21.2847324 ], [ -47.4018333, -21.2848008 ], [ -47.401929, -21.2848628 ], [ -47.4020576, -21.2849462 ], [ -47.402196, -21.2850359 ], [ -47.402318, -21.285115 ], [ -47.4024454, -21.2851976 ], [ -47.4025897, -21.2852911 ], [ -47.4027303, -21.2853822 ], [ -47.402881, -21.2854799 ], [ -47.4030322, -21.2855779 ], [ -47.4031816, -21.2856748 ], [ -47.4033055, -21.2857551 ], [ -47.4034258, -21.2860411 ], [ -47.4035791, -21.2873348 ], [ -47.4037279, -21.2885904 ], [ -47.4037904, -21.2891178 ], [ -47.4038327, -21.2894753 ], [ -47.4038738, -21.2898221 ], [ -47.4039843, -21.2907544 ], [ -47.4024393, -21.2905351 ], [ -47.4015683, -21.290644 ], [ -47.4006218, -21.2908979 ], [ -47.3996753, -21.2911517 ], [ -47.3957773, -21.2910392 ], [ -47.3918794, -21.2909266 ], [ -47.3895056, -21.2904537 ], [ -47.3861984, -21.2892488 ], [ -47.3839569, -21.2887747 ], [ -47.3833415, -21.2886879 ], [ -47.3817812, -21.288468 ], [ -47.3789106, -21.2880633 ], [ -47.3759518, -21.2870686 ], [ -47.3758935, -21.2881295 ], [ -47.3756218, -21.2888316 ], [ -47.3753386, -21.2892519 ], [ -47.3737932, -21.2906491 ], [ -47.3702225, -21.2930592 ], [ -47.3684611, -21.2942481 ], [ -47.3679668, -21.2947734 ], [ -47.3679601, -21.294799 ], [ -47.3678338, -21.2952831 ], [ -47.3678094, -21.2962959 ], [ -47.3678898, -21.296867 ], [ -47.368336, -21.2976035 ], [ -47.3691845, -21.2983611 ], [ -47.370568, -21.2993228 ], [ -47.3713918, -21.2998954 ], [ -47.3721153, -21.3001511 ], [ -47.3728998, -21.3001882 ], [ -47.375126, -21.2996759 ], [ -47.375575, -21.2997303 ], [ -47.3758486, -21.3003387 ], [ -47.3761347, -21.3021887 ], [ -47.3764695, -21.3030016 ], [ -47.3790329, -21.3055016 ], [ -47.3811288, -21.3072473 ], [ -47.3834588, -21.3091879 ], [ -47.3865369, -21.3125357 ], [ -47.3877423, -21.3143057 ], [ -47.3882905, -21.314816 ], [ -47.3901941, -21.3158611 ], [ -47.3911448, -21.3166658 ], [ -47.3918669, -21.3176422 ], [ -47.3921762, -21.3179293 ], [ -47.3939523, -21.3191095 ], [ -47.3943569, -21.3195729 ], [ -47.3947051, -21.3203806 ], [ -47.3947306, -21.3204398 ], [ -47.3947562, -21.320499 ], [ -47.3950533, -21.3211882 ], [ -47.3962003, -21.3231653 ], [ -47.3968703, -21.3240345 ], [ -47.3972194, -21.3250035 ], [ -47.3976503, -21.3254203 ], [ -47.3988766, -21.3257405 ], [ -47.4018085, -21.3269003 ], [ -47.4023811, -21.327363 ], [ -47.4045752, -21.3286278 ], [ -47.4060237, -21.3299309 ], [ -47.4066193, -21.3302454 ], [ -47.4080662, -21.3307907 ], [ -47.4098665, -21.3318011 ], [ -47.4100639, -21.3320254 ], [ -47.4103188, -21.3328172 ], [ -47.4104278, -21.3339566 ], [ -47.4110956, -21.3347925 ], [ -47.4114369, -21.3360236 ], [ -47.4120019, -21.3368069 ], [ -47.4122432, -21.3382463 ], [ -47.4127538, -21.3389735 ], [ -47.4135852, -21.3398634 ], [ -47.4139619, -21.3408433 ], [ -47.4145872, -21.3413153 ], [ -47.4149039, -21.3419352 ], [ -47.4150783, -21.3432093 ], [ -47.4177237, -21.3442274 ], [ -47.4191438, -21.3451356 ], [ -47.4200824, -21.3463047 ], [ -47.4210869, -21.3478097 ], [ -47.4215824, -21.3483602 ], [ -47.4225995, -21.3486164 ], [ -47.4238219, -21.3485984 ], [ -47.4256008, -21.3482183 ], [ -47.4271899, -21.347402 ], [ -47.4287499, -21.3463725 ], [ -47.42953, -21.3456515 ], [ -47.4304815, -21.3443538 ], [ -47.4310375, -21.3431638 ], [ -47.4316729, -21.3423095 ], [ -47.4321349, -21.3419482 ], [ -47.4326398, -21.3419408 ], [ -47.4335452, -21.3422142 ], [ -47.4352885, -21.3430172 ], [ -47.438976, -21.3444251 ], [ -47.4399194, -21.3448842 ], [ -47.4410285, -21.3455439 ], [ -47.4415121, -21.346297 ], [ -47.4420792, -21.3490244 ], [ -47.4425342, -21.3504595 ], [ -47.4435135, -21.3518646 ], [ -47.444298, -21.3524281 ], [ -47.4469097, -21.353386 ], [ -47.447401, -21.3537512 ], [ -47.4476856, -21.3545738 ], [ -47.4476523, -21.3558165 ], [ -47.4482362, -21.3584925 ], [ -47.4484406, -21.3598585 ], [ -47.4477463, -21.3625919 ], [ -47.4464727, -21.3650942 ], [ -47.4457427, -21.3667448 ], [ -47.4456886, -21.3678249 ], [ -47.4461145, -21.3685101 ], [ -47.4468067, -21.3689577 ], [ -47.4480186, -21.3692429 ], [ -47.4507143, -21.3684775 ], [ -47.4518424, -21.3680242 ], [ -47.454334, -21.3672275 ], [ -47.4580022, -21.3667693 ], [ -47.458761, -21.367001 ], [ -47.4587682, -21.3666074 ], [ -47.4587875, -21.3657158 ], [ -47.4590368, -21.3636941 ], [ -47.4581673, -21.3540869 ], [ -47.4582882, -21.3528458 ], [ -47.4588432, -21.3520835 ], [ -47.4611223, -21.3497899 ], [ -47.4643041, -21.3460507 ], [ -47.465372, -21.3449272 ], [ -47.4654917, -21.3447627 ], [ -47.465927, -21.3441648 ], [ -47.4660783, -21.3437842 ], [ -47.4666528, -21.3423386 ], [ -47.4674539, -21.3393602 ], [ -47.4689174, -21.3363697 ], [ -47.4704354, -21.3338218 ], [ -47.4722907, -21.3317146 ], [ -47.472909, -21.330437 ], [ -47.4734973, -21.3288993 ], [ -47.4738888, -21.3254493 ], [ -47.4739131, -21.32412 ], [ -47.4744209, -21.3203931 ], [ -47.474524, -21.3196367 ], [ -47.4751948, -21.3187602 ], [ -47.4758737, -21.3183963 ], [ -47.4770257, -21.3180461 ], [ -47.4790587, -21.3167754 ], [ -47.4799835, -21.3154996 ], [ -47.4801812, -21.3145212 ], [ -47.4800441, -21.3134345 ], [ -47.4797464, -21.3127076 ], [ -47.4791688, -21.3119626 ], [ -47.4776556, -21.3104337 ], [ -47.4766133, -21.3089203 ], [ -47.4758198, -21.3067378 ], [ -47.4751202, -21.3031316 ], [ -47.4750823, -21.3015326 ], [ -47.4750531, -21.3002949 ], [ -47.4752802, -21.2990961 ], [ -47.4753351, -21.2988065 ], [ -47.476255, -21.2974416 ], [ -47.4784241, -21.2957473 ], [ -47.4800386, -21.2947713 ], [ -47.4808491, -21.2938497 ], [ -47.4813047, -21.2927976 ], [ -47.4813123, -21.2922982 ] ] ] ] } },
{ "type": "Feature", "properties": { "CD_MUN": "3520103", "NM_MUN": "Igarapava", "CD_RGI": "350035", "NM_RGI": "Ituverava", "CD_RGINT": "3508", "NM_RGINT": "Ribeirão Preto", "CD_UF": "35", "NM_UF": "São Paulo", "SIGLA_UF": "SP", "CD_REGIA": "3", "NM_REGIA": "Sudeste", "SIGLA_RG": "SE", "CD_CONCU": null, "NM_CONCU": null, "AREA_KM2": 468.355 }, "geometry": { "type": "MultiPolygon", "coordinates": [ [ [ [ -47.6681765, -20.1213686 ], [ -47.6687318, -20.1215772 ], [ -47.6693949, -20.1216522 ], [ -47.670462, -20.1221956 ], [ -47.670805, -20.1226133 ], [ -47.671099, -20.1228216 ], [ -47.671384, -20.1232517 ], [ -47.6714566, -20.1235159 ], [ -47.6712471, -20.1237736 ], [ -47.6712423, -20.1239883 ], [ -47.6715542, -20.1241325 ], [ -47.6725137, -20.1240248 ], [ -47.6732332, -20.1243849 ], [ -47.6736922, -20.1252231 ], [ -47.6739498, -20.125337 ], [ -47.6742074, -20.1254509 ], [ -47.6746014, -20.1259325 ], [ -47.6749483, -20.1261589 ], [ -47.6752234, -20.127333 ], [ -47.6755843, -20.1278764 ], [ -47.6755787, -20.1280398 ], [ -47.6751814, -20.1283502 ], [ -47.6753196, -20.1286968 ], [ -47.6753525, -20.1292087 ], [ -47.6757037, -20.1296141 ], [ -47.6757273, -20.1300231 ], [ -47.6759864, -20.1302904 ], [ -47.6762962, -20.1311988 ], [ -47.6766945, -20.1315043 ], [ -47.67713, -20.1322373 ], [ -47.6776733, -20.13253 ], [ -47.6778035, -20.1333349 ], [ -47.6779893, -20.1335932 ], [ -47.6783145, -20.1335275 ], [ -47.6787342, -20.1330867 ], [ -47.6790704, -20.133105 ], [ -47.6792877, -20.1333177 ], [ -47.6796653, -20.1332583 ], [ -47.6797926, -20.1336594 ], [ -47.6802062, -20.1338711 ], [ -47.6806557, -20.1343052 ], [ -47.6809323, -20.1341388 ], [ -47.6810715, -20.1341528 ], [ -47.681222, -20.134266 ], [ -47.6814287, -20.1346924 ], [ -47.6816041, -20.1347814 ], [ -47.6821781, -20.1348351 ], [ -47.682518, -20.1350235 ], [ -47.6827121, -20.1358342 ], [ -47.6834533, -20.1365349 ], [ -47.6836593, -20.1366007 ], [ -47.6839124, -20.1364731 ], [ -47.6841083, -20.1364792 ], [ -47.6847661, -20.1367589 ], [ -47.6848193, -20.1374324 ], [ -47.6846592, -20.1376056 ], [ -47.6847001, -20.1381555 ], [ -47.6852625, -20.1383554 ], [ -47.6856463, -20.138379 ], [ -47.6857948, -20.1388509 ], [ -47.6861492, -20.1389148 ], [ -47.6863202, -20.139374 ], [ -47.6865759, -20.1395126 ], [ -47.6868863, -20.1399337 ], [ -47.6875484, -20.1401056 ], [ -47.6903972, -20.1403106 ], [ -47.6920334, -20.1412725 ], [ -47.6921311, -20.1416509 ], [ -47.6924618, -20.1419 ], [ -47.6929315, -20.1420489 ], [ -47.6936044, -20.1420936 ], [ -47.6938227, -20.1423306 ], [ -47.6938728, -20.1426561 ], [ -47.6941459, -20.1428133 ], [ -47.6945979, -20.1428546 ], [ -47.6947426, -20.1431834 ], [ -47.6950639, -20.1433576 ], [ -47.6970687, -20.1426072 ], [ -47.6980643, -20.1427946 ], [ -47.698859, -20.1418842 ], [ -47.6992738, -20.1416607 ], [ -47.7001577, -20.1416013 ], [ -47.7011301, -20.1418418 ], [ -47.7020234, -20.1418817 ], [ -47.7028925, -20.1423091 ], [ -47.7032089, -20.1423419 ], [ -47.703976, -20.1421669 ], [ -47.7049605, -20.1422235 ], [ -47.7053677, -20.1419979 ], [ -47.7055793, -20.1419722 ], [ -47.7077833, -20.1421701 ], [ -47.7087742, -20.1427124 ], [ -47.7091982, -20.1430467 ], [ -47.7097113, -20.1438058 ], [ -47.7098861, -20.1439334 ], [ -47.7102063, -20.1439933 ], [ -47.7107036, -20.1438366 ], [ -47.7111461, -20.1438298 ], [ -47.7118033, -20.1443621 ], [ -47.7126647, -20.1443873 ], [ -47.7128547, -20.1444695 ], [ -47.7130741, -20.144846 ], [ -47.7135009, -20.1451812 ], [ -47.7136209, -20.1453887 ], [ -47.713866, -20.146292 ], [ -47.7137612, -20.1468044 ], [ -47.7134243, -20.1473742 ], [ -47.7138645, -20.1476146 ], [ -47.7139751, -20.1477696 ], [ -47.7143036, -20.1487415 ], [ -47.714741, -20.1490286 ], [ -47.7153174, -20.1491912 ], [ -47.7155519, -20.1493577 ], [ -47.7157246, -20.1500373 ], [ -47.7159263, -20.1502585 ], [ -47.7159676, -20.1506376 ], [ -47.7158702, -20.1512743 ], [ -47.7162761, -20.1527256 ], [ -47.7163262, -20.1532911 ], [ -47.7164439, -20.1534589 ], [ -47.7180177, -20.1539311 ], [ -47.7194031, -20.1547104 ], [ -47.7210605, -20.1553195 ], [ -47.7228653, -20.1562611 ], [ -47.7239306, -20.1566936 ], [ -47.7249183, -20.1569112 ], [ -47.7257123, -20.1568036 ], [ -47.7270974, -20.1571629 ], [ -47.7277024, -20.1571151 ], [ -47.7286448, -20.1561477 ], [ -47.7294912, -20.1545422 ], [ -47.729863, -20.1541966 ], [ -47.7323134, -20.153029 ], [ -47.734123, -20.1524673 ], [ -47.73847, -20.1519063 ], [ -47.7405634, -20.1517169 ], [ -47.741642, -20.1517443 ], [ -47.7418892, -20.1500635 ], [ -47.7423503, -20.1493263 ], [ -47.7431702, -20.1483545 ], [ -47.7440564, -20.1478328 ], [ -47.7450027, -20.1474823 ], [ -47.7473239, -20.1472406 ], [ -47.7486859, -20.1467133 ], [ -47.7496826, -20.1457953 ], [ -47.7501477, -20.1450564 ], [ -47.7501332, -20.1442682 ], [ -47.749823, -20.1435991 ], [ -47.7486708, -20.1424911 ], [ -47.7486052, -20.1420976 ], [ -47.7491267, -20.133759 ], [ -47.7485456, -20.1334507 ], [ -47.7472107, -20.133159 ], [ -47.7466345, -20.1329427 ], [ -47.7442975, -20.131452 ], [ -47.7436297, -20.131209 ], [ -47.7430329, -20.1312455 ], [ -47.7415244, -20.1318 ], [ -47.7409205, -20.1318713 ], [ -47.7404372, -20.1318228 ], [ -47.740007, -20.1315963 ], [ -47.7383423, -20.1302642 ], [ -47.7368394, -20.1295556 ], [ -47.7379951, -20.1290875 ], [ -47.739024, -20.1283668 ], [ -47.7398096, -20.1272679 ], [ -47.7399423, -20.1263662 ], [ -47.7398682, -20.1254662 ], [ -47.7393907, -20.1238119 ], [ -47.7391445, -20.1233392 ], [ -47.7379496, -20.1220607 ], [ -47.7384571, -20.1219338 ], [ -47.7401484, -20.1218785 ], [ -47.7412839, -20.1212919 ], [ -47.7417446, -20.1211868 ], [ -47.7419945, -20.1211821 ], [ -47.7429853, -20.1215111 ], [ -47.7435116, -20.1214416 ], [ -47.7443548, -20.1211036 ], [ -47.745318, -20.1209964 ], [ -47.7457709, -20.1207508 ], [ -47.7459098, -20.1205794 ], [ -47.7460719, -20.1200411 ], [ -47.7466166, -20.1197735 ], [ -47.7469178, -20.1192995 ], [ -47.747251, -20.1192249 ], [ -47.7480871, -20.1193039 ], [ -47.7482948, -20.1192087 ], [ -47.7484238, -20.1189732 ], [ -47.7481181, -20.1184786 ], [ -47.7482058, -20.118033 ], [ -47.7479866, -20.1174094 ], [ -47.7480062, -20.1164156 ], [ -47.7481743, -20.1158217 ], [ -47.7484917, -20.1152305 ], [ -47.7487677, -20.1139733 ], [ -47.7506967, -20.1124677 ], [ -47.7508806, -20.1110463 ], [ -47.7512156, -20.1102039 ], [ -47.7518463, -20.1096506 ], [ -47.752457, -20.1094276 ], [ -47.7529373, -20.1090956 ], [ -47.7534484, -20.1077469 ], [ -47.7540754, -20.1070208 ], [ -47.7542879, -20.1059619 ], [ -47.7548135, -20.1054265 ], [ -47.756284, -20.1043273 ], [ -47.759001, -20.1028512 ], [ -47.7596519, -20.1018121 ], [ -47.7615651, -20.100599 ], [ -47.7634828, -20.0989822 ], [ -47.7647105, -20.0972719 ], [ -47.7654173, -20.0960289 ], [ -47.7670602, -20.0947037 ], [ -47.7674621, -20.0938833 ], [ -47.7677354, -20.0928804 ], [ -47.7678293, -20.0910682 ], [ -47.7682726, -20.0900749 ], [ -47.7683785, -20.088924 ], [ -47.7686662, -20.0878704 ], [ -47.7687567, -20.0867486 ], [ -47.768797, -20.0862636 ], [ -47.7691308, -20.0853752 ], [ -47.7697331, -20.0846635 ], [ -47.7702994, -20.0833633 ], [ -47.7711745, -20.0824786 ], [ -47.7721284, -20.0812739 ], [ -47.7725887, -20.0801373 ], [ -47.7732387, -20.0790405 ], [ -47.7736162, -20.0780853 ], [ -47.775005, -20.0766962 ], [ -47.7753899, -20.0761333 ], [ -47.7775974, -20.0758582 ], [ -47.7783545, -20.0757058 ], [ -47.7795452, -20.0753051 ], [ -47.7806141, -20.075178 ], [ -47.7816464, -20.0739939 ], [ -47.7828475, -20.0720954 ], [ -47.783277, -20.0707194 ], [ -47.7841469, -20.0694558 ], [ -47.7846979, -20.0690453 ], [ -47.7867674, -20.0682401 ], [ -47.7882632, -20.0683005 ], [ -47.7885466, -20.0683113 ], [ -47.7886757, -20.0683162 ], [ -47.7891602, -20.0683346 ], [ -47.7901027, -20.0682084 ], [ -47.790805, -20.0683741 ], [ -47.7919503, -20.0689762 ], [ -47.7926416, -20.0689851 ], [ -47.7937959, -20.0685605 ], [ -47.7959771, -20.0679785 ], [ -47.7973594, -20.067472 ], [ -47.7992062, -20.0662955 ], [ -47.7996576, -20.0661773 ], [ -47.8002847, -20.0662864 ], [ -47.8005623, -20.0664517 ], [ -47.8017546, -20.0677073 ], [ -47.8027368, -20.068514 ], [ -47.803397, -20.0688266 ], [ -47.807009, -20.0697341 ], [ -47.8078497, -20.0696906 ], [ -47.8086034, -20.0694291 ], [ -47.8094711, -20.0696959 ], [ -47.8101558, -20.069726 ], [ -47.8104952, -20.0696362 ], [ -47.8117393, -20.0690186 ], [ -47.812589, -20.0683576 ], [ -47.8129298, -20.068204 ], [ -47.813502, -20.0682024 ], [ -47.8145289, -20.0687274 ], [ -47.8149042, -20.0688412 ], [ -47.8156513, -20.0688915 ], [ -47.8174193, -20.0686464 ], [ -47.8195495, -20.06802 ], [ -47.8210102, -20.0679279 ], [ -47.8222421, -20.0677387 ], [ -47.8227549, -20.0677862 ], [ -47.8234662, -20.068043 ], [ -47.8247251, -20.0687487 ], [ -47.8254203, -20.0689266 ], [ -47.8266274, -20.0690558 ], [ -47.8282593, -20.0696431 ], [ -47.8286714, -20.0699173 ], [ -47.8292628, -20.0704973 ], [ -47.8295492, -20.0710234 ], [ -47.8294343, -20.0724889 ], [ -47.8295825, -20.0729787 ], [ -47.8301025, -20.0733781 ], [ -47.8307155, -20.0735082 ], [ -47.8315979, -20.0732556 ], [ -47.8322277, -20.073175 ], [ -47.8328249, -20.0732425 ], [ -47.8341334, -20.0735883 ], [ -47.8355644, -20.0737405 ], [ -47.8364994, -20.073612 ], [ -47.8370066, -20.0733868 ], [ -47.8386466, -20.0720894 ], [ -47.8404595, -20.071137 ], [ -47.8416281, -20.0711254 ], [ -47.8434392, -20.0723906 ], [ -47.8442126, -20.0724291 ], [ -47.8445674, -20.0720655 ], [ -47.8447328, -20.0720208 ], [ -47.845292, -20.0720807 ], [ -47.845644, -20.0723015 ], [ -47.8459768, -20.0722816 ], [ -47.8462001, -20.0721724 ], [ -47.8464691, -20.0718023 ], [ -47.8465592, -20.0714079 ], [ -47.8468049, -20.0710935 ], [ -47.8471298, -20.0709321 ], [ -47.8479521, -20.0702601 ], [ -47.848247, -20.0698611 ], [ -47.8483404, -20.0694803 ], [ -47.8485186, -20.0694487 ], [ -47.8489305, -20.0695826 ], [ -47.8497122, -20.0692608 ], [ -47.8504404, -20.0692572 ], [ -47.8508257, -20.0694819 ], [ -47.8509029, -20.0696123 ], [ -47.8509101, -20.0704804 ], [ -47.8510709, -20.0706739 ], [ -47.8513699, -20.0707814 ], [ -47.851785, -20.0708101 ], [ -47.8526097, -20.0706624 ], [ -47.8532081, -20.0703297 ], [ -47.8538208, -20.0704166 ], [ -47.8541869, -20.0700839 ], [ -47.8545511, -20.0700408 ], [ -47.8548415, -20.070076 ], [ -47.8550148, -20.0701953 ], [ -47.8557674, -20.0711081 ], [ -47.8560328, -20.0713439 ], [ -47.8562182, -20.0713962 ], [ -47.8565743, -20.0713411 ], [ -47.8576988, -20.0707945 ], [ -47.8580256, -20.070706 ], [ -47.8587235, -20.0707167 ], [ -47.8600899, -20.0713961 ], [ -47.8604076, -20.0716374 ], [ -47.8609022, -20.0722984 ], [ -47.8610751, -20.072379 ], [ -47.8618748, -20.0723581 ], [ -47.8621837, -20.0726044 ], [ -47.8626045, -20.0726828 ], [ -47.8627422, -20.0728063 ], [ -47.8627506, -20.0730818 ], [ -47.8625532, -20.0736046 ], [ -47.862715, -20.0740662 ], [ -47.8624667, -20.0746656 ], [ -47.8626945, -20.07491 ], [ -47.8632996, -20.0749201 ], [ -47.8638805, -20.074745 ], [ -47.8651067, -20.0747532 ], [ -47.8668112, -20.0756908 ], [ -47.8698078, -20.0761523 ], [ -47.8695988, -20.0693208 ], [ -47.8699656, -20.0636946 ], [ -47.8692697, -20.0618648 ], [ -47.8672564, -20.0596892 ], [ -47.866571, -20.0589486 ], [ -47.8645174, -20.0582814 ], [ -47.8610563, -20.0554692 ], [ -47.8603509, -20.0541803 ], [ -47.8593839, -20.0524121 ], [ -47.8589921, -20.0499272 ], [ -47.8599674, -20.0472405 ], [ -47.8614615, -20.0450096 ], [ -47.8664092, -20.041754 ], [ -47.8683797, -20.041259 ], [ -47.8714544, -20.0396482 ], [ -47.8732795, -20.0373602 ], [ -47.8758201, -20.0324105 ], [ -47.8762029, -20.02874 ], [ -47.8758308, -20.0214101 ], [ -47.8752142, -20.0185748 ], [ -47.8724421, -20.0130302 ], [ -47.8709216, -20.0108716 ], [ -47.8700776, -20.0096734 ], [ -47.8687385, -20.008647 ], [ -47.8652162, -20.0030244 ], [ -47.8597507, -19.9929397 ], [ -47.8561502, -19.9905448 ], [ -47.8558041, -19.990464 ], [ -47.8530469, -19.9898208 ], [ -47.8528037, -19.9898226 ], [ -47.8525606, -19.9898245 ], [ -47.8508897, -19.9898373 ], [ -47.8477787, -19.989861 ], [ -47.8447777, -19.9909786 ], [ -47.8399938, -19.9949482 ], [ -47.8367707, -19.9959446 ], [ -47.8346805, -19.9960656 ], [ -47.8283015, -19.9921073 ], [ -47.8091899, -19.9867454 ], [ -47.8056581, -19.9851317 ], [ -47.8005929, -19.9850445 ], [ -47.7968425, -19.9849796 ], [ -47.7880793, -19.985422 ], [ -47.7659737, -19.9857347 ], [ -47.7625837, -19.9860217 ], [ -47.7622801, -19.9860696 ], [ -47.759826, -19.9869314 ], [ -47.754214, -19.9900528 ], [ -47.7511056, -19.9902891 ], [ -47.7490594, -19.9900118 ], [ -47.7336817, -19.9879282 ], [ -47.733427, -19.9877479 ], [ -47.7327514, -19.9872696 ], [ -47.7283303, -19.9841397 ], [ -47.7126917, -19.978148 ], [ -47.7084053, -19.9787016 ], [ -47.7042354, -19.979904 ], [ -47.6956332, -19.9844012 ], [ -47.6879891, -19.9902445 ], [ -47.6808492, -19.9980473 ], [ -47.6761499, -20.0019156 ], [ -47.6742648, -20.0060698 ], [ -47.6742369, -20.008411 ], [ -47.6748149, -20.0106779 ], [ -47.6753929, -20.0129448 ], [ -47.6755795, -20.0136796 ], [ -47.6745807, -20.0163576 ], [ -47.6722382, -20.0206277 ], [ -47.6714323, -20.0215718 ], [ -47.6706264, -20.0225159 ], [ -47.659905, -20.0306871 ], [ -47.6553862, -20.0348513 ], [ -47.6507967, -20.0373487 ], [ -47.6496752, -20.0385304 ], [ -47.6475779, -20.04074 ], [ -47.6396561, -20.0472194 ], [ -47.636847, -20.0488657 ], [ -47.6347643, -20.0492478 ], [ -47.6320728, -20.0481526 ], [ -47.6301602, -20.0469585 ], [ -47.6249354, -20.042286 ], [ -47.6235173, -20.0419205 ], [ -47.6180145, -20.0424324 ], [ -47.6139901, -20.042109 ], [ -47.6088219, -20.037823 ], [ -47.6047735, -20.0355854 ], [ -47.6007251, -20.0333479 ], [ -47.5996583, -20.0324375 ], [ -47.5947481, -20.0258915 ], [ -47.593824, -20.0223918 ], [ -47.5936649, -20.0209432 ], [ -47.5940858, -20.0142835 ], [ -47.5939842, -20.0109482 ], [ -47.5923922, -20.0070119 ], [ -47.5909071, -20.00334 ], [ -47.5869017, -19.9990696 ], [ -47.5838246, -19.9966646 ], [ -47.580432, -19.995203 ], [ -47.5756245, -19.9942476 ], [ -47.5700985, -19.9944528 ], [ -47.5596441, -19.99662 ], [ -47.5552983, -19.9964899 ], [ -47.5526378, -19.9960259 ], [ -47.5492377, -19.9937697 ], [ -47.5464624, -19.9929591 ], [ -47.5452458, -19.9928944 ], [ -47.5442097, -19.9932793 ], [ -47.5432692, -19.9941558 ], [ -47.5424264, -19.9964049 ], [ -47.5423461, -19.9967562 ], [ -47.5425051, -19.9973094 ], [ -47.5431945, -19.9982216 ], [ -47.5435521, -19.998924 ], [ -47.5438039, -19.9997826 ], [ -47.5436464, -20.0007091 ], [ -47.5434295, -20.0011479 ], [ -47.5433993, -20.0018165 ], [ -47.5432523, -20.0022067 ], [ -47.543421, -20.0026165 ], [ -47.5434903, -20.0035179 ], [ -47.5439681, -20.0041563 ], [ -47.5440036, -20.0044345 ], [ -47.5439873, -20.0047144 ], [ -47.5433625, -20.0057497 ], [ -47.5433349, -20.0080104 ], [ -47.5435618, -20.0092897 ], [ -47.5432259, -20.0100173 ], [ -47.5433234, -20.0106743 ], [ -47.5430057, -20.0111914 ], [ -47.5431433, -20.011662 ], [ -47.5430427, -20.0121563 ], [ -47.5425606, -20.0124616 ], [ -47.5422428, -20.0130523 ], [ -47.5420409, -20.0133101 ], [ -47.5420709, -20.0138155 ], [ -47.5419131, -20.0141424 ], [ -47.5418347, -20.014678 ], [ -47.5412863, -20.0156667 ], [ -47.5409875, -20.0159794 ], [ -47.5406265, -20.0172275 ], [ -47.5403068, -20.0175611 ], [ -47.5402555, -20.0184383 ], [ -47.5400786, -20.0189029 ], [ -47.5390439, -20.0206965 ], [ -47.5375534, -20.0217066 ], [ -47.5373751, -20.0220894 ], [ -47.5373284, -20.0225524 ], [ -47.5374559, -20.0237103 ], [ -47.5373316, -20.0247818 ], [ -47.5371231, -20.0253414 ], [ -47.5364675, -20.026399 ], [ -47.5359358, -20.0268175 ], [ -47.535404, -20.0272359 ], [ -47.5350529, -20.0276115 ], [ -47.5342328, -20.0289938 ], [ -47.5332853, -20.0296129 ], [ -47.5322151, -20.030472 ], [ -47.5309446, -20.0319467 ], [ -47.5306643, -20.0321559 ], [ -47.5294899, -20.0326857 ], [ -47.5292942, -20.0332135 ], [ -47.5292991, -20.0342806 ], [ -47.5294377, -20.0347711 ], [ -47.5298403, -20.0354239 ], [ -47.5090011, -20.0599083 ], [ -47.5171842, -20.0932475 ], [ -47.518596, -20.0989992 ], [ -47.5185586, -20.0994185 ], [ -47.5183513, -20.1000573 ], [ -47.5176831, -20.1017542 ], [ -47.517589, -20.10278 ], [ -47.5176194, -20.104568 ], [ -47.5178732, -20.1055112 ], [ -47.518428, -20.1062812 ], [ -47.519639, -20.1071281 ], [ -47.5216058, -20.10784 ], [ -47.5235369, -20.10828 ], [ -47.527368, -20.1085736 ], [ -47.5299965, -20.1085346 ], [ -47.5311063, -20.1087046 ], [ -47.5314795, -20.1088431 ], [ -47.5319625, -20.109267 ], [ -47.5324344, -20.1101247 ], [ -47.5328068, -20.1115352 ], [ -47.5328895, -20.1125935 ], [ -47.5329113, -20.1139894 ], [ -47.5328002, -20.1152663 ], [ -47.5325268, -20.1171593 ], [ -47.5320384, -20.1191855 ], [ -47.5319684, -20.1202769 ], [ -47.5320648, -20.120933 ], [ -47.532358, -20.1215037 ], [ -47.5328672, -20.1221749 ], [ -47.5334394, -20.1225967 ], [ -47.5352496, -20.1233055 ], [ -47.5375703, -20.1250477 ], [ -47.538677, -20.1255752 ], [ -47.5395909, -20.1259016 ], [ -47.5408336, -20.1261923 ], [ -47.5434004, -20.1263811 ], [ -47.5437098, -20.126583 ], [ -47.5438875, -20.1268474 ], [ -47.5438288, -20.1271554 ], [ -47.5425542, -20.1289607 ], [ -47.5419686, -20.1305583 ], [ -47.5417487, -20.131691 ], [ -47.5416397, -20.1329869 ], [ -47.541678, -20.1340544 ], [ -47.5418871, -20.1348539 ], [ -47.5424278, -20.1360404 ], [ -47.5428658, -20.1366973 ], [ -47.543332, -20.1371844 ], [ -47.5441232, -20.1377266 ], [ -47.5449347, -20.1381472 ], [ -47.5456109, -20.1383228 ], [ -47.5458772, -20.1385024 ], [ -47.5471974, -20.1396562 ], [ -47.5482301, -20.1402161 ], [ -47.5496096, -20.1407922 ], [ -47.5529177, -20.1416705 ], [ -47.5561688, -20.1422383 ], [ -47.5582199, -20.1429619 ], [ -47.5587702, -20.1434071 ], [ -47.559326, -20.1441582 ], [ -47.5600295, -20.1455762 ], [ -47.5617546, -20.1490594 ], [ -47.5633609, -20.1529194 ], [ -47.5636061, -20.153287 ], [ -47.564889, -20.1536087 ], [ -47.5658431, -20.1538484 ], [ -47.5663091, -20.1542707 ], [ -47.5668547, -20.1543877 ], [ -47.5676448, -20.1548919 ], [ -47.5680601, -20.154987 ], [ -47.5689701, -20.1549724 ], [ -47.5693233, -20.1550905 ], [ -47.5701163, -20.1556146 ], [ -47.570724, -20.1556663 ], [ -47.5712441, -20.1554946 ], [ -47.5719268, -20.1547454 ], [ -47.5724283, -20.1544679 ], [ -47.5729373, -20.1540333 ], [ -47.573696, -20.1538784 ], [ -47.57447, -20.1533527 ], [ -47.5757289, -20.1533742 ], [ -47.5760626, -20.1532667 ], [ -47.5767278, -20.1526616 ], [ -47.5778094, -20.1523376 ], [ -47.5781749, -20.1520857 ], [ -47.5792001, -20.1509408 ], [ -47.5797377, -20.1506241 ], [ -47.5812366, -20.1504402 ], [ -47.5820428, -20.1505503 ], [ -47.5843787, -20.1511519 ], [ -47.5854739, -20.1517319 ], [ -47.586111, -20.1519285 ], [ -47.5875664, -20.1518257 ], [ -47.5903841, -20.1522765 ], [ -47.5909928, -20.1522788 ], [ -47.5916015, -20.1522811 ], [ -47.5927594, -20.1525486 ], [ -47.5938246, -20.152553 ], [ -47.59424, -20.1526705 ], [ -47.5957549, -20.1536145 ], [ -47.5968278, -20.1539688 ], [ -47.5973923, -20.1540216 ], [ -47.5980563, -20.1535386 ], [ -47.598545, -20.1534808 ], [ -47.5989364, -20.1535992 ], [ -47.6006496, -20.1546114 ], [ -47.6017548, -20.1550667 ], [ -47.602411, -20.1552423 ], [ -47.6029702, -20.1552841 ], [ -47.604327, -20.1550886 ], [ -47.6051656, -20.1550866 ], [ -47.6055129, -20.1551854 ], [ -47.6061049, -20.155454 ], [ -47.6065678, -20.1558384 ], [ -47.6066106, -20.1564324 ], [ -47.6073322, -20.1572092 ], [ -47.6074388, -20.1577614 ], [ -47.6077673, -20.1580852 ], [ -47.6079475, -20.1584315 ], [ -47.6085619, -20.1587405 ], [ -47.6087397, -20.1589321 ], [ -47.6087674, -20.1592631 ], [ -47.609123, -20.1596032 ], [ -47.6093891, -20.1593682 ], [ -47.6100312, -20.1590462 ], [ -47.6108443, -20.15892 ], [ -47.6117558, -20.1586122 ], [ -47.6122361, -20.1582879 ], [ -47.6123313, -20.1581143 ], [ -47.6122895, -20.1579905 ], [ -47.611761, -20.1578033 ], [ -47.6117249, -20.1576096 ], [ -47.6119515, -20.157358 ], [ -47.6126104, -20.1570932 ], [ -47.612671, -20.1567124 ], [ -47.6128127, -20.1564775 ], [ -47.6138334, -20.1557187 ], [ -47.613887, -20.1551102 ], [ -47.6142042, -20.154469 ], [ -47.6139597, -20.1540565 ], [ -47.6139031, -20.1536373 ], [ -47.6141435, -20.1533071 ], [ -47.6142681, -20.1529034 ], [ -47.614761, -20.15246 ], [ -47.6147744, -20.1518033 ], [ -47.6152145, -20.1511045 ], [ -47.6151396, -20.1506181 ], [ -47.6152191, -20.1504061 ], [ -47.6156471, -20.1500053 ], [ -47.6164804, -20.1494762 ], [ -47.6170434, -20.1493077 ], [ -47.6174137, -20.1489129 ], [ -47.6176415, -20.1488186 ], [ -47.6181762, -20.1488739 ], [ -47.6183879, -20.1487763 ], [ -47.6185013, -20.1486968 ], [ -47.6185918, -20.1482371 ], [ -47.618712, -20.1480823 ], [ -47.6188432, -20.1480331 ], [ -47.6194158, -20.1481238 ], [ -47.6196359, -20.1480311 ], [ -47.6196825, -20.147781 ], [ -47.6195825, -20.1473216 ], [ -47.6196849, -20.147088 ], [ -47.6204358, -20.1463239 ], [ -47.620409, -20.1442363 ], [ -47.620497, -20.144119 ], [ -47.6208834, -20.1442219 ], [ -47.6211205, -20.1441559 ], [ -47.6213858, -20.1439191 ], [ -47.6214416, -20.1436999 ], [ -47.6214214, -20.1434915 ], [ -47.6211326, -20.142922 ], [ -47.621162, -20.1420824 ], [ -47.6210037, -20.1415742 ], [ -47.6207709, -20.1413689 ], [ -47.6207274, -20.1412145 ], [ -47.6202046, -20.1408666 ], [ -47.620239, -20.1404471 ], [ -47.6206132, -20.1396263 ], [ -47.6211418, -20.1394557 ], [ -47.6213035, -20.1392215 ], [ -47.621823, -20.1388977 ], [ -47.622176, -20.1384573 ], [ -47.6229011, -20.138184 ], [ -47.6230065, -20.1380413 ], [ -47.6230129, -20.1374832 ], [ -47.6231554, -20.1371809 ], [ -47.623374, -20.1370305 ], [ -47.623679, -20.1369696 ], [ -47.6237838, -20.1377312 ], [ -47.6242287, -20.1377841 ], [ -47.6243751, -20.1382784 ], [ -47.6246395, -20.1383437 ], [ -47.6254664, -20.1378511 ], [ -47.6254838, -20.1375173 ], [ -47.6253576, -20.1372556 ], [ -47.6254712, -20.1371456 ], [ -47.6262886, -20.1370266 ], [ -47.6266953, -20.1367932 ], [ -47.6267203, -20.1364389 ], [ -47.6270251, -20.1362171 ], [ -47.6282896, -20.1362841 ], [ -47.6295432, -20.1362429 ], [ -47.6301612, -20.1361096 ], [ -47.6302345, -20.1358371 ], [ -47.6297838, -20.1348922 ], [ -47.6299029, -20.1347185 ], [ -47.6304537, -20.1345423 ], [ -47.630619, -20.1345717 ], [ -47.6306304, -20.1348571 ], [ -47.6307389, -20.134941 ], [ -47.6314322, -20.1347223 ], [ -47.6317458, -20.1348486 ], [ -47.6321787, -20.1347707 ], [ -47.632442, -20.1348853 ], [ -47.632697, -20.1348505 ], [ -47.6327608, -20.1347179 ], [ -47.6324407, -20.1342344 ], [ -47.6324397, -20.134095 ], [ -47.6325839, -20.1339375 ], [ -47.6332606, -20.133773 ], [ -47.6336426, -20.1334882 ], [ -47.634169, -20.1335575 ], [ -47.6345366, -20.1331805 ], [ -47.6355375, -20.1329252 ], [ -47.6367371, -20.1316458 ], [ -47.6371372, -20.1314085 ], [ -47.6377827, -20.1313984 ], [ -47.6381767, -20.131524 ], [ -47.6384524, -20.1317362 ], [ -47.6387638, -20.1322455 ], [ -47.6391992, -20.1322701 ], [ -47.639492, -20.1321305 ], [ -47.6400963, -20.1322852 ], [ -47.640253, -20.1327637 ], [ -47.6404523, -20.1329237 ], [ -47.6411752, -20.1330117 ], [ -47.6414199, -20.1329711 ], [ -47.6423448, -20.1325152 ], [ -47.6437109, -20.1314934 ], [ -47.6440647, -20.1315493 ], [ -47.6443996, -20.1314804 ], [ -47.6446229, -20.1311432 ], [ -47.644778, -20.131093 ], [ -47.6465318, -20.1310606 ], [ -47.6470253, -20.1311637 ], [ -47.647422, -20.1313173 ], [ -47.6477053, -20.131599 ], [ -47.6480977, -20.1317875 ], [ -47.6483198, -20.1317397 ], [ -47.6484062, -20.1315917 ], [ -47.6485122, -20.1308907 ], [ -47.648772, -20.1309027 ], [ -47.6489467, -20.1311023 ], [ -47.6492488, -20.1311356 ], [ -47.6495982, -20.1309449 ], [ -47.6497834, -20.1306027 ], [ -47.6499375, -20.1305066 ], [ -47.6500763, -20.130482 ], [ -47.650538, -20.1306612 ], [ -47.6510071, -20.1306601 ], [ -47.650884, -20.1302259 ], [ -47.651038, -20.1301325 ], [ -47.6516871, -20.1303167 ], [ -47.6523203, -20.1307053 ], [ -47.6524352, -20.1311275 ], [ -47.6523884, -20.1313605 ], [ -47.6521333, -20.1316588 ], [ -47.6521453, -20.131929 ], [ -47.6525914, -20.1321625 ], [ -47.6529405, -20.1319557 ], [ -47.6533623, -20.1321515 ], [ -47.6536081, -20.1321549 ], [ -47.6538442, -20.1320438 ], [ -47.6539479, -20.1318479 ], [ -47.6538037, -20.1307288 ], [ -47.6538603, -20.1306095 ], [ -47.6540814, -20.1305607 ], [ -47.6545668, -20.1306761 ], [ -47.6548271, -20.1305569 ], [ -47.6554881, -20.1298811 ], [ -47.6556518, -20.1299031 ], [ -47.6559611, -20.1302765 ], [ -47.6563361, -20.130495 ], [ -47.6568423, -20.130496 ], [ -47.6574655, -20.1300913 ], [ -47.658175, -20.130274 ], [ -47.6586197, -20.1299734 ], [ -47.6592737, -20.1298242 ], [ -47.6617735, -20.1306303 ], [ -47.6619489, -20.130766 ], [ -47.6618822, -20.1317292 ], [ -47.6621691, -20.1321836 ], [ -47.6627442, -20.1323525 ], [ -47.663433, -20.1322171 ], [ -47.6636419, -20.1320205 ], [ -47.6644906, -20.1317443 ], [ -47.6647487, -20.1315135 ], [ -47.6648514, -20.1312951 ], [ -47.6649146, -20.1306779 ], [ -47.6650738, -20.1303869 ], [ -47.6657257, -20.1298402 ], [ -47.6666046, -20.1295003 ], [ -47.6669008, -20.1291099 ], [ -47.6671853, -20.1279432 ], [ -47.6679584, -20.1267427 ], [ -47.6678912, -20.1261783 ], [ -47.6679862, -20.1251541 ], [ -47.6678861, -20.1249779 ], [ -47.6675586, -20.1248655 ], [ -47.6674393, -20.1247381 ], [ -47.6674929, -20.1240522 ], [ -47.6668796, -20.1231006 ], [ -47.6667378, -20.1225138 ], [ -47.6667989, -20.1222103 ], [ -47.6669749, -20.1220215 ], [ -47.6678747, -20.1219233 ], [ -47.66803, -20.1217967 ], [ -47.6681765, -20.1213686 ] ] ] ] } },
{ "type": "Feature", "properties": { "CD_MUN": "3525409", "NM_MUN": "Jeriquara", "CD_RGI": "350033", "NM_RGI": "Franca", "CD_RGINT": "3508", "NM_RGINT": "Ribeirão Preto", "CD_UF": "35", "NM_UF": "São Paulo", "SIGLA_UF": "SP", "CD_REGIA": "3", "NM_REGIA": "Sudeste", "SIGLA_RG": "SE", "CD_CONCU": null, "NM_CONCU": null, "AREA_KM2": 141.971 }, "geometry": { "type": "MultiPolygon", "coordinates": [ [ [ [ -47.6106071, -20.2772968 ], [ -47.6102097, -20.2771295 ], [ -47.6093448, -20.2770325 ], [ -47.6078299, -20.2762241 ], [ -47.6075007, -20.2761924 ], [ -47.6070381, -20.2763536 ], [ -47.6067057, -20.2767254 ], [ -47.6064555, -20.2774967 ], [ -47.6064269, -20.2780063 ], [ -47.6065736, -20.2791192 ], [ -47.6060585, -20.2796956 ], [ -47.6059438, -20.2802695 ], [ -47.6057734, -20.2804988 ], [ -47.6056483, -20.2805365 ], [ -47.6051766, -20.2804061 ], [ -47.6050271, -20.2804537 ], [ -47.6048698, -20.2808301 ], [ -47.6044437, -20.2808722 ], [ -47.6042737, -20.2809757 ], [ -47.6041905, -20.2812972 ], [ -47.6036427, -20.2815245 ], [ -47.6035289, -20.2816822 ], [ -47.6034398, -20.2821491 ], [ -47.6029875, -20.2822675 ], [ -47.6026934, -20.2824753 ], [ -47.6028992, -20.2832937 ], [ -47.6027225, -20.2836073 ], [ -47.6023673, -20.28374 ], [ -47.6019102, -20.2836281 ], [ -47.6015624, -20.2836973 ], [ -47.6014422, -20.2839635 ], [ -47.601488, -20.284456 ], [ -47.6012748, -20.2848879 ], [ -47.601111, -20.2850276 ], [ -47.6006676, -20.2851166 ], [ -47.599847, -20.2849412 ], [ -47.599674, -20.2850248 ], [ -47.5993448, -20.2855504 ], [ -47.5989411, -20.2856769 ], [ -47.5986728, -20.2858622 ], [ -47.5985719, -20.2862199 ], [ -47.5988286, -20.2865448 ], [ -47.5988256, -20.2869214 ], [ -47.5987809, -20.2870744 ], [ -47.5983122, -20.2874754 ], [ -47.5976907, -20.2877485 ], [ -47.5971737, -20.2877396 ], [ -47.5967572, -20.2875707 ], [ -47.596308, -20.2876371 ], [ -47.5961759, -20.2879577 ], [ -47.5963402, -20.288504 ], [ -47.5961242, -20.2888171 ], [ -47.5960916, -20.2891674 ], [ -47.5959569, -20.2892029 ], [ -47.595801, -20.2891047 ], [ -47.5952617, -20.2886383 ], [ -47.5944378, -20.2886137 ], [ -47.5938818, -20.2882482 ], [ -47.5929877, -20.2886724 ], [ -47.5926888, -20.2886956 ], [ -47.592251, -20.2885547 ], [ -47.5919019, -20.2885879 ], [ -47.5918053, -20.2886985 ], [ -47.5917999, -20.2895029 ], [ -47.5914846, -20.2897378 ], [ -47.5910853, -20.2895686 ], [ -47.5909254, -20.2892418 ], [ -47.5907192, -20.2891085 ], [ -47.5904103, -20.2891404 ], [ -47.5902972, -20.2893053 ], [ -47.5904215, -20.289797 ], [ -47.5902501, -20.2899823 ], [ -47.5900948, -20.2899847 ], [ -47.5898402, -20.2897696 ], [ -47.5896344, -20.289718 ], [ -47.5892562, -20.2900612 ], [ -47.5889385, -20.2901215 ], [ -47.5887313, -20.2899405 ], [ -47.5887283, -20.2898037 ], [ -47.5888718, -20.2896471 ], [ -47.588713, -20.2894561 ], [ -47.5883744, -20.2894896 ], [ -47.5877444, -20.2893624 ], [ -47.5875417, -20.2894216 ], [ -47.5872866, -20.289708 ], [ -47.5869682, -20.2898304 ], [ -47.5864164, -20.2897833 ], [ -47.5862933, -20.2898399 ], [ -47.5862081, -20.2901416 ], [ -47.5867044, -20.2908123 ], [ -47.5866179, -20.291051 ], [ -47.5863673, -20.2910634 ], [ -47.5859575, -20.2908957 ], [ -47.583584, -20.290695 ], [ -47.5829331, -20.2910974 ], [ -47.5823059, -20.2912049 ], [ -47.5820378, -20.2913632 ], [ -47.5820022, -20.2915749 ], [ -47.582054, -20.2917827 ], [ -47.5823968, -20.292019 ], [ -47.5824869, -20.2922021 ], [ -47.5824345, -20.2925679 ], [ -47.58232, -20.2926248 ], [ -47.5810705, -20.2925136 ], [ -47.5797956, -20.2926892 ], [ -47.5788016, -20.2929325 ], [ -47.5782877, -20.2927106 ], [ -47.5780927, -20.2921668 ], [ -47.5777063, -20.2921266 ], [ -47.5768836, -20.2922117 ], [ -47.5766887, -20.2920589 ], [ -47.5765085, -20.2917143 ], [ -47.5762262, -20.2915908 ], [ -47.5758572, -20.2909211 ], [ -47.5749849, -20.2908173 ], [ -47.574466, -20.2904828 ], [ -47.5741352, -20.2904438 ], [ -47.5734179, -20.2909219 ], [ -47.5731551, -20.2907676 ], [ -47.5731091, -20.2903506 ], [ -47.5728075, -20.2901607 ], [ -47.5723177, -20.2904889 ], [ -47.5718084, -20.2905035 ], [ -47.5716646, -20.2905981 ], [ -47.5715599, -20.2907444 ], [ -47.5716041, -20.2910175 ], [ -47.5713947, -20.2912858 ], [ -47.5710971, -20.2912992 ], [ -47.5709526, -20.2914117 ], [ -47.5708509, -20.2917145 ], [ -47.5707253, -20.2917162 ], [ -47.5704503, -20.2915093 ], [ -47.5700153, -20.2915339 ], [ -47.5699401, -20.2916372 ], [ -47.569973, -20.2918829 ], [ -47.5703827, -20.2920777 ], [ -47.5702613, -20.2923717 ], [ -47.5700196, -20.2924024 ], [ -47.5695351, -20.2921636 ], [ -47.5693779, -20.2922109 ], [ -47.5691502, -20.2924794 ], [ -47.5688313, -20.2925226 ], [ -47.5686937, -20.2923764 ], [ -47.5688912, -20.2914236 ], [ -47.5687425, -20.2912428 ], [ -47.568588, -20.2912273 ], [ -47.5680535, -20.2916644 ], [ -47.5678667, -20.2919866 ], [ -47.5677259, -20.293187 ], [ -47.5672812, -20.2938162 ], [ -47.5668812, -20.2941971 ], [ -47.5664108, -20.2944505 ], [ -47.564738, -20.294401 ], [ -47.5644133, -20.294168 ], [ -47.5640418, -20.2923376 ], [ -47.5634542, -20.2907268 ], [ -47.5624449, -20.2898116 ], [ -47.5620952, -20.2897431 ], [ -47.5617301, -20.2899761 ], [ -47.5616873, -20.2902226 ], [ -47.5618502, -20.291354 ], [ -47.5616367, -20.2918595 ], [ -47.5610691, -20.2922154 ], [ -47.559998, -20.2921681 ], [ -47.5597178, -20.2922918 ], [ -47.5594809, -20.2925771 ], [ -47.5594508, -20.2930704 ], [ -47.5602753, -20.2938206 ], [ -47.5603367, -20.2940476 ], [ -47.5601918, -20.2945628 ], [ -47.5596495, -20.2952549 ], [ -47.558895, -20.2957981 ], [ -47.5580839, -20.2960633 ], [ -47.5567626, -20.2960652 ], [ -47.5563781, -20.2958417 ], [ -47.5559647, -20.2950436 ], [ -47.555686, -20.295064 ], [ -47.5550814, -20.2953412 ], [ -47.5547206, -20.2952165 ], [ -47.5544309, -20.295249 ], [ -47.5542664, -20.2953338 ], [ -47.5545379, -20.2958777 ], [ -47.5544543, -20.2960454 ], [ -47.5540268, -20.2960963 ], [ -47.5533922, -20.2956658 ], [ -47.5532582, -20.2957319 ], [ -47.5531326, -20.2963566 ], [ -47.553741, -20.2968643 ], [ -47.5539328, -20.2973442 ], [ -47.5538059, -20.2977935 ], [ -47.5532883, -20.2981673 ], [ -47.5527784, -20.298332 ], [ -47.5514013, -20.2982222 ], [ -47.5511464, -20.2982704 ], [ -47.5494739, -20.2991359 ], [ -47.5491485, -20.299195 ], [ -47.5488958, -20.2991893 ], [ -47.5484161, -20.2988131 ], [ -47.5479882, -20.2987821 ], [ -47.5477209, -20.2989422 ], [ -47.5474576, -20.2994207 ], [ -47.5472554, -20.2995607 ], [ -47.5464793, -20.2993983 ], [ -47.5460599, -20.2994845 ], [ -47.5458552, -20.2994059 ], [ -47.5454913, -20.2990573 ], [ -47.5451437, -20.2990508 ], [ -47.5447483, -20.2992044 ], [ -47.5445567, -20.2993889 ], [ -47.5445125, -20.2995994 ], [ -47.5446218, -20.2997805 ], [ -47.5448386, -20.2999592 ], [ -47.5456127, -20.3000308 ], [ -47.545713, -20.3001765 ], [ -47.5456984, -20.3004591 ], [ -47.5451688, -20.300659 ], [ -47.5445405, -20.3007232 ], [ -47.5443718, -20.3010001 ], [ -47.544113, -20.3011857 ], [ -47.543908, -20.3011161 ], [ -47.5436815, -20.3008723 ], [ -47.5434321, -20.300856 ], [ -47.5432591, -20.3009611 ], [ -47.543137, -20.3018906 ], [ -47.5428977, -20.3020481 ], [ -47.5425709, -20.3021188 ], [ -47.5416247, -20.3017838 ], [ -47.5414067, -20.3014504 ], [ -47.5414179, -20.3009753 ], [ -47.541262, -20.3008761 ], [ -47.5410771, -20.3008972 ], [ -47.5409046, -20.3009915 ], [ -47.5404648, -20.3015435 ], [ -47.5402941, -20.3016388 ], [ -47.5398782, -20.3016631 ], [ -47.5397351, -20.3017639 ], [ -47.5396758, -20.3023128 ], [ -47.5390662, -20.3025493 ], [ -47.5391712, -20.3028327 ], [ -47.5390494, -20.3030898 ], [ -47.53871, -20.3031402 ], [ -47.5384655, -20.3029155 ], [ -47.5383526, -20.302497 ], [ -47.5375073, -20.3028462 ], [ -47.5374028, -20.3029862 ], [ -47.5375214, -20.3031757 ], [ -47.5375274, -20.3035139 ], [ -47.5374107, -20.3036247 ], [ -47.5369578, -20.3035478 ], [ -47.5363961, -20.3036207 ], [ -47.5359362, -20.3032532 ], [ -47.5354332, -20.3033435 ], [ -47.5352355, -20.3032355 ], [ -47.535026, -20.3026993 ], [ -47.5346854, -20.3026418 ], [ -47.5344005, -20.3029469 ], [ -47.5344058, -20.3038334 ], [ -47.5339847, -20.3041873 ], [ -47.5334237, -20.3042225 ], [ -47.5327361, -20.3045118 ], [ -47.5325632, -20.3044982 ], [ -47.5321803, -20.3041911 ], [ -47.531825, -20.3042787 ], [ -47.5317703, -20.3046264 ], [ -47.5318814, -20.3048795 ], [ -47.5318022, -20.3053764 ], [ -47.5315057, -20.3055713 ], [ -47.5307046, -20.3057108 ], [ -47.5301912, -20.3056821 ], [ -47.5299148, -20.3056243 ], [ -47.5291042, -20.3051863 ], [ -47.5288333, -20.3051809 ], [ -47.5277546, -20.305498 ], [ -47.5275834, -20.3057201 ], [ -47.5276101, -20.3062047 ], [ -47.5275077, -20.3063627 ], [ -47.5273043, -20.306437 ], [ -47.5269348, -20.3063128 ], [ -47.5265307, -20.3058719 ], [ -47.5261729, -20.3058587 ], [ -47.5260014, -20.3060187 ], [ -47.5259463, -20.3062369 ], [ -47.5260564, -20.30649 ], [ -47.5258403, -20.3068694 ], [ -47.5262057, -20.3072065 ], [ -47.5261609, -20.3075464 ], [ -47.5256539, -20.3079376 ], [ -47.5256192, -20.3081027 ], [ -47.525768, -20.3085108 ], [ -47.5257254, -20.3087511 ], [ -47.5249869, -20.3090879 ], [ -47.5250107, -20.3093899 ], [ -47.5253398, -20.3098839 ], [ -47.5253146, -20.3100286 ], [ -47.5249714, -20.310309 ], [ -47.5247675, -20.31035 ], [ -47.5243117, -20.3102262 ], [ -47.5237126, -20.3103462 ], [ -47.523428, -20.3101407 ], [ -47.5231789, -20.3097045 ], [ -47.5230133, -20.3096067 ], [ -47.5227422, -20.3096282 ], [ -47.5224929, -20.3098168 ], [ -47.5222965, -20.3102752 ], [ -47.5221932, -20.3103388 ], [ -47.5219506, -20.3103433 ], [ -47.5214998, -20.310031 ], [ -47.520691, -20.3103077 ], [ -47.5203571, -20.3106406 ], [ -47.5192909, -20.3107011 ], [ -47.5190093, -20.3108139 ], [ -47.5188281, -20.3109986 ], [ -47.5186205, -20.311907 ], [ -47.5183342, -20.3120187 ], [ -47.517921, -20.3116322 ], [ -47.5174542, -20.311659 ], [ -47.5174218, -20.3115392 ], [ -47.5179216, -20.3106093 ], [ -47.5179542, -20.3101053 ], [ -47.5178603, -20.3098061 ], [ -47.5174835, -20.3098129 ], [ -47.5170936, -20.3102444 ], [ -47.5164801, -20.3105948 ], [ -47.5161789, -20.3105792 ], [ -47.5160312, -20.3104452 ], [ -47.5158575, -20.3098339 ], [ -47.5152732, -20.309966 ], [ -47.5148282, -20.3097914 ], [ -47.5146228, -20.3092265 ], [ -47.5146727, -20.3081479 ], [ -47.5148374, -20.3075536 ], [ -47.5155033, -20.3062028 ], [ -47.5156183, -20.3055617 ], [ -47.5155638, -20.3051237 ], [ -47.5148186, -20.3045659 ], [ -47.5144304, -20.3045471 ], [ -47.5142686, -20.304658 ], [ -47.5141251, -20.3054095 ], [ -47.5138077, -20.3059426 ], [ -47.5137304, -20.3062561 ], [ -47.5137701, -20.3067942 ], [ -47.5135915, -20.3071256 ], [ -47.5127121, -20.3077143 ], [ -47.5117119, -20.3086949 ], [ -47.5112488, -20.3087947 ], [ -47.5110531, -20.3086859 ], [ -47.5109541, -20.3083937 ], [ -47.511048, -20.3082561 ], [ -47.51106, -20.3078799 ], [ -47.5109494, -20.3076367 ], [ -47.5108131, -20.3075741 ], [ -47.5102035, -20.3076002 ], [ -47.5097155, -20.3073332 ], [ -47.509513, -20.3073167 ], [ -47.509394, -20.3073663 ], [ -47.5093155, -20.307687 ], [ -47.5095355, -20.3082686 ], [ -47.5094142, -20.3085095 ], [ -47.5090724, -20.3084124 ], [ -47.508838, -20.3081511 ], [ -47.5084377, -20.3081912 ], [ -47.508265, -20.3083565 ], [ -47.5079596, -20.3091057 ], [ -47.5076392, -20.3091604 ], [ -47.5072403, -20.3090755 ], [ -47.5068048, -20.3092006 ], [ -47.5067885, -20.3093384 ], [ -47.50695, -20.3096464 ], [ -47.5074965, -20.3098688 ], [ -47.5076388, -20.3102219 ], [ -47.5075138, -20.3103692 ], [ -47.5069087, -20.3106795 ], [ -47.5067286, -20.3109281 ], [ -47.5067482, -20.3114681 ], [ -47.5071226, -20.3120473 ], [ -47.5070829, -20.3124683 ], [ -47.5069421, -20.31258 ], [ -47.5065342, -20.3125964 ], [ -47.5062032, -20.3119882 ], [ -47.5057896, -20.3121401 ], [ -47.5048421, -20.3128665 ], [ -47.5046226, -20.3131892 ], [ -47.5045829, -20.3134043 ], [ -47.504499, -20.3148124 ], [ -47.5039129, -20.3162676 ], [ -47.5037304, -20.3164146 ], [ -47.5034621, -20.3165746 ], [ -47.5028637, -20.3167008 ], [ -47.5020575, -20.3165478 ], [ -47.501599, -20.3163529 ], [ -47.5006063, -20.3163036 ], [ -47.4991669, -20.3153938 ], [ -47.4987169, -20.3155884 ], [ -47.4982951, -20.3161643 ], [ -47.4985465, -20.3165214 ], [ -47.4988484, -20.3166809 ], [ -47.4991445, -20.3169786 ], [ -47.5000002, -20.3183944 ], [ -47.5002039, -20.3196388 ], [ -47.5000108, -20.3215247 ], [ -47.5000731, -20.3220726 ], [ -47.5002463, -20.322399 ], [ -47.5006361, -20.322586 ], [ -47.5007936, -20.322785 ], [ -47.5016923, -20.3244326 ], [ -47.5017294, -20.3249436 ], [ -47.5011314, -20.3262006 ], [ -47.5009458, -20.326787 ], [ -47.500001, -20.3276959 ], [ -47.4997464, -20.3280999 ], [ -47.4991871, -20.3294608 ], [ -47.4986566, -20.3304569 ], [ -47.4972755, -20.3319877 ], [ -47.4967018, -20.3330748 ], [ -47.4966439, -20.3336542 ], [ -47.4967467, -20.3340373 ], [ -47.4985269, -20.3369697 ], [ -47.5001647, -20.3393232 ], [ -47.5007231, -20.3397205 ], [ -47.5018451, -20.3420559 ], [ -47.5026019, -20.3440956 ], [ -47.5028067, -20.3453364 ], [ -47.5025147, -20.347544 ], [ -47.5030999, -20.349722 ], [ -47.5033525, -20.3521754 ], [ -47.503716, -20.3542912 ], [ -47.5036991, -20.3550601 ], [ -47.5034685, -20.355758 ], [ -47.5034447, -20.356096 ], [ -47.5036693, -20.3567057 ], [ -47.503909, -20.3570678 ], [ -47.5040833, -20.3578257 ], [ -47.5041002, -20.3581086 ], [ -47.5038284, -20.3594675 ], [ -47.5038539, -20.3597956 ], [ -47.5043687, -20.3605014 ], [ -47.5052318, -20.3610843 ], [ -47.5058352, -20.3612774 ], [ -47.5063766, -20.361968 ], [ -47.5066517, -20.3621733 ], [ -47.5074895, -20.3624452 ], [ -47.5078426, -20.3633292 ], [ -47.5080409, -20.3636053 ], [ -47.5082171, -20.363815 ], [ -47.5088246, -20.3641161 ], [ -47.5093307, -20.3647784 ], [ -47.509677, -20.3661206 ], [ -47.5099968, -20.3667904 ], [ -47.5100519, -20.3677857 ], [ -47.5101619, -20.3679498 ], [ -47.5111431, -20.3686674 ], [ -47.5118386, -20.3696819 ], [ -47.5120712, -20.3698748 ], [ -47.5131151, -20.3703529 ], [ -47.5137135, -20.370758 ], [ -47.5139224, -20.3710812 ], [ -47.5143795, -20.3713138 ], [ -47.5145747, -20.3718685 ], [ -47.5146028, -20.372914 ], [ -47.5157626, -20.3734189 ], [ -47.5159401, -20.3735738 ], [ -47.5170135, -20.3752036 ], [ -47.5178551, -20.3760041 ], [ -47.5183456, -20.3769715 ], [ -47.5189211, -20.3771941 ], [ -47.5190883, -20.3773198 ], [ -47.5193072, -20.3777243 ], [ -47.5199419, -20.3779509 ], [ -47.5200994, -20.3781042 ], [ -47.5203994, -20.3793179 ], [ -47.5205013, -20.3794251 ], [ -47.5210566, -20.3795795 ], [ -47.5211533, -20.3796964 ], [ -47.521225, -20.380455 ], [ -47.5216598, -20.3808315 ], [ -47.5224326, -20.381927 ], [ -47.5229765, -20.382215 ], [ -47.5239392, -20.3824393 ], [ -47.5246266, -20.3835353 ], [ -47.5246646, -20.3840922 ], [ -47.5245438, -20.3849839 ], [ -47.5246649, -20.3857785 ], [ -47.5249946, -20.3863507 ], [ -47.5249312, -20.387338 ], [ -47.5256935, -20.3876098 ], [ -47.5257915, -20.3877195 ], [ -47.526043, -20.38842 ], [ -47.5264457, -20.3886246 ], [ -47.526569, -20.3890444 ], [ -47.5265209, -20.3894148 ], [ -47.5266706, -20.3897322 ], [ -47.5268766, -20.3898495 ], [ -47.5274512, -20.3898869 ], [ -47.5280836, -20.3901233 ], [ -47.5288974, -20.3901048 ], [ -47.5291845, -20.3902538 ], [ -47.5294886, -20.3913239 ], [ -47.5306124, -20.3914364 ], [ -47.5316436, -20.3913297 ], [ -47.5325598, -20.3910417 ], [ -47.5334595, -20.3903909 ], [ -47.5337961, -20.3902729 ], [ -47.5342014, -20.3903023 ], [ -47.5348326, -20.3904999 ], [ -47.5353071, -20.3903862 ], [ -47.5354356, -20.3902471 ], [ -47.5354691, -20.389905 ], [ -47.5348775, -20.388924 ], [ -47.5348436, -20.3886576 ], [ -47.5349029, -20.3883622 ], [ -47.5352051, -20.388083 ], [ -47.5355841, -20.3880988 ], [ -47.5360813, -20.3883589 ], [ -47.5368148, -20.3884471 ], [ -47.5380648, -20.3882001 ], [ -47.5386044, -20.3877904 ], [ -47.5398169, -20.3873388 ], [ -47.5404249, -20.3879536 ], [ -47.5407558, -20.3880404 ], [ -47.5412585, -20.3878046 ], [ -47.5418014, -20.3878425 ], [ -47.5419926, -20.3877417 ], [ -47.5424472, -20.3869584 ], [ -47.5427842, -20.3867164 ], [ -47.5431781, -20.3867435 ], [ -47.5436713, -20.3873055 ], [ -47.5441686, -20.3875639 ], [ -47.5443384, -20.387562 ], [ -47.5447623, -20.3873969 ], [ -47.5448086, -20.3872755 ], [ -47.5445151, -20.3865914 ], [ -47.5448053, -20.386505 ], [ -47.5453153, -20.3866901 ], [ -47.5456032, -20.3865461 ], [ -47.5458845, -20.3865591 ], [ -47.5461248, -20.3869572 ], [ -47.5466671, -20.3869879 ], [ -47.5468312, -20.387145 ], [ -47.5470948, -20.3879251 ], [ -47.5477849, -20.3881357 ], [ -47.5480495, -20.3885949 ], [ -47.5489746, -20.3888716 ], [ -47.5491824, -20.3888298 ], [ -47.5496048, -20.3884741 ], [ -47.5497957, -20.3874824 ], [ -47.5505704, -20.3868853 ], [ -47.5509012, -20.3863086 ], [ -47.5511771, -20.3860626 ], [ -47.5523755, -20.3858999 ], [ -47.5525099, -20.3860343 ], [ -47.5523811, -20.3864781 ], [ -47.5524959, -20.3866442 ], [ -47.5528339, -20.3866773 ], [ -47.5531793, -20.3865569 ], [ -47.5537073, -20.3857817 ], [ -47.5537792, -20.3857816 ], [ -47.5538778, -20.386312 ], [ -47.5542031, -20.3865128 ], [ -47.5543714, -20.3869594 ], [ -47.5544862, -20.3870329 ], [ -47.5547538, -20.3870769 ], [ -47.5565655, -20.386898 ], [ -47.5575527, -20.3870871 ], [ -47.5577594, -20.387395 ], [ -47.5576396, -20.3879228 ], [ -47.5577248, -20.388316 ], [ -47.5580133, -20.3885496 ], [ -47.5587225, -20.3885307 ], [ -47.5590825, -20.388267 ], [ -47.5591593, -20.3881044 ], [ -47.5591294, -20.3878094 ], [ -47.558702, -20.3872984 ], [ -47.5587371, -20.3869176 ], [ -47.5590894, -20.3868595 ], [ -47.5595196, -20.3870965 ], [ -47.5598381, -20.3871145 ], [ -47.5603861, -20.3867103 ], [ -47.5607106, -20.3866746 ], [ -47.5610558, -20.3872482 ], [ -47.561367, -20.3874646 ], [ -47.5615898, -20.3877757 ], [ -47.561563, -20.388075 ], [ -47.5611877, -20.3888451 ], [ -47.5612593, -20.3892423 ], [ -47.5614331, -20.3895346 ], [ -47.5620546, -20.3900347 ], [ -47.5623476, -20.390664 ], [ -47.5626018, -20.3909826 ], [ -47.5637213, -20.3914273 ], [ -47.5643197, -20.3920426 ], [ -47.565523, -20.3929848 ], [ -47.5659957, -20.39319 ], [ -47.5666406, -20.3931517 ], [ -47.5669478, -20.3936942 ], [ -47.5672283, -20.3939562 ], [ -47.5677442, -20.3939788 ], [ -47.5681517, -20.3937456 ], [ -47.5686439, -20.3937151 ], [ -47.5692486, -20.3941346 ], [ -47.5706844, -20.3940282 ], [ -47.5712461, -20.3942861 ], [ -47.5725124, -20.3942678 ], [ -47.5730319, -20.3945476 ], [ -47.5730781, -20.3946563 ], [ -47.5730332, -20.3948839 ], [ -47.5728084, -20.395032 ], [ -47.5727794, -20.3951775 ], [ -47.5729867, -20.3955168 ], [ -47.5734674, -20.395761 ], [ -47.5737987, -20.3957938 ], [ -47.5742477, -20.3956502 ], [ -47.5753452, -20.3950109 ], [ -47.5759882, -20.3948556 ], [ -47.5765036, -20.3943144 ], [ -47.5777151, -20.3942977 ], [ -47.5782352, -20.3945181 ], [ -47.5787369, -20.3945796 ], [ -47.5789026, -20.3947906 ], [ -47.5786423, -20.3956558 ], [ -47.578631, -20.3959727 ], [ -47.5791984, -20.397039 ], [ -47.5795355, -20.3973939 ], [ -47.5798409, -20.3973116 ], [ -47.5801845, -20.396658 ], [ -47.5806245, -20.3944672 ], [ -47.5805538, -20.3936546 ], [ -47.5803481, -20.3932992 ], [ -47.5804231, -20.3930403 ], [ -47.5806217, -20.3928534 ], [ -47.5806194, -20.3927014 ], [ -47.5803135, -20.3922632 ], [ -47.5803299, -20.3918224 ], [ -47.5806725, -20.3911931 ], [ -47.581006, -20.3911954 ], [ -47.5816878, -20.3918389 ], [ -47.5829532, -20.3922547 ], [ -47.5832251, -20.3925415 ], [ -47.5835172, -20.392688 ], [ -47.5842722, -20.3928603 ], [ -47.5847761, -20.3927529 ], [ -47.584896, -20.3925919 ], [ -47.5850121, -20.3918284 ], [ -47.5851223, -20.3916446 ], [ -47.5856178, -20.3913481 ], [ -47.5862957, -20.3913459 ], [ -47.5866165, -20.3916076 ], [ -47.5866949, -20.3924438 ], [ -47.5869559, -20.393132 ], [ -47.5873361, -20.3932107 ], [ -47.5884566, -20.3929856 ], [ -47.5892004, -20.3931746 ], [ -47.5898711, -20.3927227 ], [ -47.5901224, -20.3927436 ], [ -47.5904011, -20.3930261 ], [ -47.5904757, -20.3940924 ], [ -47.5905689, -20.3942729 ], [ -47.5909658, -20.3944348 ], [ -47.5913575, -20.3942846 ], [ -47.5921096, -20.3942735 ], [ -47.5923421, -20.3936832 ], [ -47.5928379, -20.3934263 ], [ -47.5934483, -20.3927177 ], [ -47.594777, -20.3927429 ], [ -47.5949964, -20.3929298 ], [ -47.5951575, -20.3932773 ], [ -47.5965197, -20.3939043 ], [ -47.5969833, -20.3938673 ], [ -47.598239, -20.393158 ], [ -47.59941, -20.3931234 ], [ -47.5995892, -20.3932423 ], [ -47.5996338, -20.3935532 ], [ -47.5995569, -20.3937446 ], [ -47.5983407, -20.3944032 ], [ -47.5981275, -20.3946435 ], [ -47.5981628, -20.3948318 ], [ -47.5995846, -20.3954573 ], [ -47.5997734, -20.3957357 ], [ -47.5999318, -20.3964031 ], [ -47.6000882, -20.3965832 ], [ -47.6006892, -20.3966573 ], [ -47.6022073, -20.3963469 ], [ -47.6026822, -20.3963624 ], [ -47.6028489, -20.3965258 ], [ -47.6027596, -20.3969918 ], [ -47.6028281, -20.3971436 ], [ -47.6030958, -20.3972082 ], [ -47.6034871, -20.3970894 ], [ -47.6038744, -20.3970901 ], [ -47.6040532, -20.3971712 ], [ -47.6042823, -20.3973351 ], [ -47.6046407, -20.3978247 ], [ -47.6053754, -20.3980025 ], [ -47.605579, -20.3985484 ], [ -47.6063302, -20.3986307 ], [ -47.6066612, -20.3992253 ], [ -47.6072538, -20.3993162 ], [ -47.6077683, -20.3995804 ], [ -47.6084389, -20.3996857 ], [ -47.6088337, -20.400129 ], [ -47.6093128, -20.400159 ], [ -47.6097844, -20.4000009 ], [ -47.6103444, -20.4001139 ], [ -47.610768, -20.4003964 ], [ -47.6114489, -20.4015737 ], [ -47.6117931, -20.4018749 ], [ -47.6121411, -20.4018759 ], [ -47.6124691, -20.4017332 ], [ -47.6135676, -20.4017867 ], [ -47.6140317, -20.4014827 ], [ -47.6144871, -20.40079 ], [ -47.6150058, -20.4004169 ], [ -47.6152733, -20.400557 ], [ -47.6156242, -20.4011596 ], [ -47.6157787, -20.4012488 ], [ -47.6158636, -20.4015603 ], [ -47.6158509, -20.4017288 ], [ -47.615519, -20.4022202 ], [ -47.6156893, -20.4025761 ], [ -47.6155261, -20.4030205 ], [ -47.6155405, -20.4039704 ], [ -47.6157473, -20.4041874 ], [ -47.6166473, -20.4044261 ], [ -47.6171438, -20.4047076 ], [ -47.6175056, -20.4054643 ], [ -47.6178302, -20.4055202 ], [ -47.6186415, -20.4054005 ], [ -47.6191929, -20.4060022 ], [ -47.6197684, -20.4062273 ], [ -47.6202575, -20.4068753 ], [ -47.6209554, -20.4071327 ], [ -47.6217163, -20.4072116 ], [ -47.623373, -20.4069357 ], [ -47.6248479, -20.4068365 ], [ -47.625653, -20.4069836 ], [ -47.6261933, -20.4072271 ], [ -47.6266626, -20.406845 ], [ -47.6280551, -20.406697 ], [ -47.6296863, -20.4060156 ], [ -47.6312217, -20.4051238 ], [ -47.6317957, -20.4046916 ], [ -47.6328717, -20.403152 ], [ -47.6331055, -20.402016 ], [ -47.6330935, -20.4013781 ], [ -47.6323008, -20.3980031 ], [ -47.6317207, -20.3963305 ], [ -47.6314874, -20.3945725 ], [ -47.6312807, -20.3938907 ], [ -47.631014, -20.3933829 ], [ -47.6293801, -20.3912045 ], [ -47.6288288, -20.3900895 ], [ -47.6280845, -20.3877762 ], [ -47.6264269, -20.3841747 ], [ -47.6256439, -20.3818932 ], [ -47.6244221, -20.3794187 ], [ -47.623713, -20.3774376 ], [ -47.6213408, -20.3735278 ], [ -47.6208605, -20.3725304 ], [ -47.6198836, -20.369814 ], [ -47.6188662, -20.3656433 ], [ -47.6186134, -20.3644051 ], [ -47.6184941, -20.3630469 ], [ -47.6189187, -20.3577042 ], [ -47.6188678, -20.3559169 ], [ -47.6186893, -20.3539244 ], [ -47.6184314, -20.3523679 ], [ -47.618252, -20.3497928 ], [ -47.618264, -20.3481768 ], [ -47.6185142, -20.3452704 ], [ -47.6187207, -20.3443519 ], [ -47.6191214, -20.3434207 ], [ -47.6214721, -20.3394246 ], [ -47.6216461, -20.3388546 ], [ -47.6217783, -20.3377842 ], [ -47.6222322, -20.3367003 ], [ -47.6237382, -20.3347124 ], [ -47.6248614, -20.3330818 ], [ -47.625111, -20.3325596 ], [ -47.6256821, -20.3302788 ], [ -47.626012, -20.3281771 ], [ -47.6263754, -20.327169 ], [ -47.6269743, -20.3260768 ], [ -47.6273634, -20.3255623 ], [ -47.627648, -20.3252841 ], [ -47.6281306, -20.3251757 ], [ -47.6302109, -20.3250632 ], [ -47.6324829, -20.3244344 ], [ -47.6343027, -20.3233855 ], [ -47.6362664, -20.3219813 ], [ -47.6393292, -20.3204352 ], [ -47.6405061, -20.3196597 ], [ -47.6415703, -20.318596 ], [ -47.6421265, -20.3177458 ], [ -47.6430376, -20.315764 ], [ -47.643426, -20.3142137 ], [ -47.6435186, -20.3134202 ], [ -47.6435884, -20.3128233 ], [ -47.6439042, -20.311897 ], [ -47.6440291, -20.3107661 ], [ -47.6440112, -20.3101523 ], [ -47.6437696, -20.3097345 ], [ -47.6437284, -20.3089859 ], [ -47.6432537, -20.306072 ], [ -47.6433344, -20.305085 ], [ -47.6436877, -20.3038535 ], [ -47.6438636, -20.302389 ], [ -47.6436925, -20.2998763 ], [ -47.6443608, -20.2980412 ], [ -47.6443895, -20.2975019 ], [ -47.6439966, -20.2954684 ], [ -47.6439372, -20.2941825 ], [ -47.6436392, -20.2932016 ], [ -47.6433783, -20.2914759 ], [ -47.6436186, -20.2897018 ], [ -47.6447671, -20.2884675 ], [ -47.6450288, -20.2882998 ], [ -47.6454422, -20.2882644 ], [ -47.6450973, -20.287913 ], [ -47.6446005, -20.2865699 ], [ -47.6435319, -20.2851036 ], [ -47.6434809, -20.2837981 ], [ -47.6433335, -20.2837254 ], [ -47.6428435, -20.2838983 ], [ -47.6425291, -20.2841144 ], [ -47.6413293, -20.2841682 ], [ -47.6397848, -20.2845466 ], [ -47.6387791, -20.2844406 ], [ -47.6380592, -20.2843647 ], [ -47.6372599, -20.2846046 ], [ -47.6359082, -20.2846978 ], [ -47.6344724, -20.2853219 ], [ -47.6335924, -20.2852622 ], [ -47.6333025, -20.2853938 ], [ -47.6323696, -20.2861126 ], [ -47.6318007, -20.2862475 ], [ -47.6315101, -20.2862082 ], [ -47.6311352, -20.2858207 ], [ -47.631033, -20.2853917 ], [ -47.6310225, -20.2841516 ], [ -47.6308663, -20.283477 ], [ -47.6306339, -20.2832798 ], [ -47.6302353, -20.283305 ], [ -47.6299537, -20.2835366 ], [ -47.6299889, -20.2840557 ], [ -47.6297991, -20.284315 ], [ -47.6295885, -20.284382 ], [ -47.6289267, -20.2842367 ], [ -47.628554, -20.2838869 ], [ -47.6283017, -20.283288 ], [ -47.6280598, -20.2832541 ], [ -47.6275119, -20.2834366 ], [ -47.6271421, -20.2832506 ], [ -47.6266395, -20.2827739 ], [ -47.6252833, -20.2823463 ], [ -47.6251613, -20.2819813 ], [ -47.6254732, -20.2815476 ], [ -47.6255237, -20.2810631 ], [ -47.6252758, -20.2807547 ], [ -47.6243114, -20.2803503 ], [ -47.6239176, -20.2799081 ], [ -47.6231216, -20.2797184 ], [ -47.6220315, -20.2798551 ], [ -47.6216148, -20.2798085 ], [ -47.6202427, -20.2789515 ], [ -47.6198746, -20.2789103 ], [ -47.6187354, -20.2790299 ], [ -47.6183165, -20.2788718 ], [ -47.6181204, -20.2787011 ], [ -47.6178613, -20.2782224 ], [ -47.61745, -20.2778802 ], [ -47.6167561, -20.277936 ], [ -47.6157337, -20.2776131 ], [ -47.6144891, -20.277897 ], [ -47.614122, -20.277738 ], [ -47.6139342, -20.2775055 ], [ -47.6136878, -20.2767423 ], [ -47.6135139, -20.2764511 ], [ -47.6131316, -20.276127 ], [ -47.6127166, -20.2761785 ], [ -47.6125253, -20.2763352 ], [ -47.6124149, -20.2771789 ], [ -47.6123218, -20.2774632 ], [ -47.6120931, -20.277713 ], [ -47.6115644, -20.2778035 ], [ -47.6106071, -20.2772968 ] ] ] ] } },
{ "type": "Feature", "properties": { "CD_MUN": "3524105", "NM_MUN": "Ituverava", "CD_RGI": "350035", "NM_RGI": "Ituverava", "CD_RGINT": "3508", "NM_RGINT": "Ribeirão Preto", "CD_UF": "35", "NM_UF": "São Paulo", "SIGLA_UF": "SP", "CD_REGIA": "3", "NM_REGIA": "Sudeste", "SIGLA_RG": "SE", "CD_CONCU": null, "NM_CONCU": null, "AREA_KM2": 704.659 }, "geometry": { "type": "MultiPolygon", "coordinates": [ [ [ [ -47.8171375, -20.3909904 ], [ -47.8176451, -20.3911851 ], [ -47.8178431, -20.391261 ], [ -47.818401, -20.3914758 ], [ -47.8194431, -20.3915962 ], [ -47.8199998, -20.3915538 ], [ -47.8240293, -20.3904944 ], [ -47.8328745, -20.389806 ], [ -47.8340362, -20.3898333 ], [ -47.8361955, -20.3902546 ], [ -47.8370302, -20.390239 ], [ -47.8375356, -20.3901363 ], [ -47.8382437, -20.3898087 ], [ -47.8389375, -20.3894311 ], [ -47.8400288, -20.3886043 ], [ -47.8403188, -20.3884958 ], [ -47.8436903, -20.3885217 ], [ -47.844624, -20.3886426 ], [ -47.8464346, -20.3890812 ], [ -47.8485626, -20.3889895 ], [ -47.8508421, -20.3893061 ], [ -47.8516047, -20.3892708 ], [ -47.8556638, -20.3885183 ], [ -47.858695, -20.3886624 ], [ -47.8604385, -20.388862 ], [ -47.862325, -20.3888417 ], [ -47.8667347, -20.3885527 ], [ -47.8690956, -20.3886057 ], [ -47.8710631, -20.3883777 ], [ -47.8714567, -20.3883446 ], [ -47.8717147, -20.3882224 ], [ -47.8731463, -20.3876502 ], [ -47.8740237, -20.3875615 ], [ -47.8747932, -20.3874875 ], [ -47.8762828, -20.38768 ], [ -47.8774602, -20.3877643 ], [ -47.878647, -20.3878155 ], [ -47.8797036, -20.3878594 ], [ -47.8806003, -20.3879201 ], [ -47.8806228, -20.38792 ], [ -47.8817361, -20.3879154 ], [ -47.882425, -20.3878333 ], [ -47.8830932, -20.3879779 ], [ -47.8837926, -20.3882595 ], [ -47.8844291, -20.3884319 ], [ -47.8852406, -20.3885039 ], [ -47.8860521, -20.3885758 ], [ -47.8875581, -20.3889395 ], [ -47.8886403, -20.3893775 ], [ -47.8902949, -20.3901479 ], [ -47.8912287, -20.3908496 ], [ -47.8919201, -20.3919704 ], [ -47.8925709, -20.3930635 ], [ -47.8931249, -20.3942849 ], [ -47.893667, -20.3949513 ], [ -47.8944419, -20.3958061 ], [ -47.8953312, -20.3967164 ], [ -47.896019, -20.3976391 ], [ -47.8970066, -20.3990758 ], [ -47.8975248, -20.4000296 ], [ -47.8982383, -20.4007254 ], [ -47.8987125, -20.4012636 ], [ -47.8992683, -20.4023489 ], [ -47.9000503, -20.4039599 ], [ -47.900379, -20.4049452 ], [ -47.9008065, -20.4053249 ], [ -47.9011214, -20.4055745 ], [ -47.9012682, -20.4059306 ], [ -47.9013555, -20.406316 ], [ -47.9015632, -20.4067182 ], [ -47.90192, -20.4070708 ], [ -47.9025372, -20.4073325 ], [ -47.9030777, -20.4078197 ], [ -47.9033169, -20.408444 ], [ -47.9036073, -20.4089864 ], [ -47.9040367, -20.4094699 ], [ -47.9045046, -20.4098678 ], [ -47.9051009, -20.4101787 ], [ -47.9055012, -20.4107099 ], [ -47.9058848, -20.4108827 ], [ -47.9062423, -20.4107352 ], [ -47.9066, -20.4105972 ], [ -47.9067615, -20.4106699 ], [ -47.9067412, -20.410838 ], [ -47.906755, -20.4113872 ], [ -47.9068701, -20.4121873 ], [ -47.9073283, -20.4129539 ], [ -47.9078581, -20.4136333 ], [ -47.90863, -20.4142337 ], [ -47.9093719, -20.4148346 ], [ -47.9103715, -20.4155781 ], [ -47.9111151, -20.4159849 ], [ -47.9115778, -20.4161092 ], [ -47.9120632, -20.4161151 ], [ -47.9126552, -20.4159214 ], [ -47.9132738, -20.4158167 ], [ -47.9138171, -20.415968 ], [ -47.9141913, -20.416368 ], [ -47.9144348, -20.4165187 ], [ -47.9153487, -20.4154517 ], [ -47.9163306, -20.4139161 ], [ -47.917052, -20.4128945 ], [ -47.9177556, -20.4119957 ], [ -47.9183876, -20.4110133 ], [ -47.9187473, -20.4104506 ], [ -47.9191029, -20.4101993 ], [ -47.9197311, -20.4100755 ], [ -47.9216045, -20.4101762 ], [ -47.9231482, -20.4103234 ], [ -47.9248788, -20.4102628 ], [ -47.9256155, -20.4100522 ], [ -47.9262715, -20.4098148 ], [ -47.9269531, -20.409341 ], [ -47.9278077, -20.4084869 ], [ -47.9288519, -20.4070823 ], [ -47.9295871, -20.4057395 ], [ -47.9307069, -20.4045705 ], [ -47.9311423, -20.4038357 ], [ -47.9315198, -20.4026311 ], [ -47.9318468, -20.401399 ], [ -47.9320111, -20.4005659 ], [ -47.9321273, -20.3992996 ], [ -47.9319765, -20.398736 ], [ -47.9313194, -20.3978602 ], [ -47.9304212, -20.3969317 ], [ -47.9298428, -20.395979 ], [ -47.9293462, -20.3940626 ], [ -47.9291754, -20.3934993 ], [ -47.9282919, -20.3922876 ], [ -47.9276153, -20.3914309 ], [ -47.926947, -20.390847 ], [ -47.9262859, -20.3904531 ], [ -47.9258875, -20.3900257 ], [ -47.9253703, -20.3891286 ], [ -47.9251113, -20.3881328 ], [ -47.9251574, -20.3873961 ], [ -47.92526, -20.3864697 ], [ -47.9252997, -20.3853934 ], [ -47.9247357, -20.3841385 ], [ -47.9243903, -20.3828045 ], [ -47.9246913, -20.3807236 ], [ -47.9252819, -20.3791474 ], [ -47.9258535, -20.3786849 ], [ -47.9271373, -20.3778437 ], [ -47.9283865, -20.3768916 ], [ -47.9292731, -20.3759146 ], [ -47.9301881, -20.3746229 ], [ -47.9306404, -20.3733777 ], [ -47.9312501, -20.371676 ], [ -47.9316901, -20.3705823 ], [ -47.9322351, -20.3698127 ], [ -47.9328727, -20.369419 ], [ -47.9347232, -20.3691191 ], [ -47.9358269, -20.3691782 ], [ -47.9368204, -20.3695028 ], [ -47.9378855, -20.3701366 ], [ -47.9390906, -20.3714675 ], [ -47.940134, -20.3732955 ], [ -47.9414407, -20.3745149 ], [ -47.9426165, -20.3755241 ], [ -47.9444078, -20.3764371 ], [ -47.9457423, -20.3774527 ], [ -47.946444, -20.3784747 ], [ -47.9475357, -20.3798992 ], [ -47.9485382, -20.3805895 ], [ -47.9497466, -20.380924 ], [ -47.9515479, -20.3811101 ], [ -47.9524245, -20.3810223 ], [ -47.9533053, -20.3805624 ], [ -47.9560851, -20.3791591 ], [ -47.95767, -20.3784729 ], [ -47.9583183, -20.3784243 ], [ -47.9590345, -20.3787982 ], [ -47.9602403, -20.3797007 ], [ -47.961328, -20.3806961 ], [ -47.9625412, -20.3810725 ], [ -47.9637327, -20.3812925 ], [ -47.9648653, -20.3812056 ], [ -47.9658083, -20.380845 ], [ -47.9670157, -20.3799952 ], [ -47.9676679, -20.3795368 ], [ -47.9683923, -20.379289 ], [ -47.9689837, -20.3794013 ], [ -47.9699343, -20.3797053 ], [ -47.9704691, -20.3795582 ], [ -47.9709693, -20.3793016 ], [ -47.9717476, -20.3782241 ], [ -47.9722658, -20.3776408 ], [ -47.9740803, -20.3766147 ], [ -47.9749471, -20.3763361 ], [ -47.9760517, -20.3764414 ], [ -47.9769598, -20.3765966 ], [ -47.977633, -20.376523 ], [ -47.9783021, -20.3762323 ], [ -47.9785717, -20.3757001 ], [ -47.9787715, -20.3749673 ], [ -47.9789095, -20.3735839 ], [ -47.9790649, -20.3728441 ], [ -47.9795503, -20.3721201 ], [ -47.9804046, -20.3713615 ], [ -47.9812408, -20.3707354 ], [ -47.9819248, -20.3703668 ], [ -47.9831248, -20.3702997 ], [ -47.984732, -20.3708774 ], [ -47.9865795, -20.3711096 ], [ -47.9878859, -20.3709489 ], [ -47.9889842, -20.3703701 ], [ -47.9907258, -20.3693781 ], [ -47.9911962, -20.3690287 ], [ -47.9914764, -20.3685242 ], [ -47.9911054, -20.3670177 ], [ -47.9913239, -20.3660716 ], [ -47.9920495, -20.3655135 ], [ -47.9936885, -20.3645926 ], [ -47.9951244, -20.3640471 ], [ -47.9966683, -20.3636486 ], [ -47.9986438, -20.363813 ], [ -48.0005462, -20.3642763 ], [ -48.0019346, -20.3649531 ], [ -48.0030974, -20.3656387 ], [ -48.004547, -20.3668901 ], [ -48.0052562, -20.3676339 ], [ -48.0058466, -20.3679545 ], [ -48.0069451, -20.3680038 ], [ -48.0099709, -20.3672625 ], [ -48.010853, -20.3666612 ], [ -48.0120042, -20.365694 ], [ -48.0133782, -20.3649115 ], [ -48.0153564, -20.3641695 ], [ -48.0171252, -20.3636361 ], [ -48.0179635, -20.3634983 ], [ -48.0189341, -20.3636043 ], [ -48.0235165, -20.3652645 ], [ -48.0252214, -20.3656168 ], [ -48.0275657, -20.3658172 ], [ -48.0304519, -20.3656114 ], [ -48.0324194, -20.3652682 ], [ -48.0358144, -20.3641216 ], [ -48.0373723, -20.3634397 ], [ -48.038598, -20.3625719 ], [ -48.0392402, -20.3617994 ], [ -48.0397651, -20.3606874 ], [ -48.040161, -20.3592661 ], [ -48.0402689, -20.3582811 ], [ -48.0400533, -20.3575092 ], [ -48.0392515, -20.355833 ], [ -48.039075, -20.3552144 ], [ -48.0390447, -20.3545091 ], [ -48.0393034, -20.3537631 ], [ -48.0399622, -20.3532808 ], [ -48.0135802, -20.3221487 ], [ -48.0132762, -20.3220672 ], [ -48.0129723, -20.3219858 ], [ -48.0120422, -20.3215808 ], [ -48.0111824, -20.3214157 ], [ -48.0106808, -20.321055 ], [ -48.0098341, -20.3200033 ], [ -48.0088416, -20.3193308 ], [ -48.0082596, -20.3185464 ], [ -48.0075196, -20.3180588 ], [ -48.0069264, -20.3171193 ], [ -48.0058967, -20.3161441 ], [ -48.0048126, -20.3147651 ], [ -48.0019889, -20.3119909 ], [ -48.001088, -20.3112297 ], [ -48.0004843, -20.3103168 ], [ -47.9992552, -20.3093457 ], [ -47.9982786, -20.3087348 ], [ -47.996945, -20.3081631 ], [ -47.9961818, -20.3079778 ], [ -47.9956559, -20.3077287 ], [ -47.9921192, -20.3054607 ], [ -47.9867467, -20.302333 ], [ -47.9798803, -20.2985189 ], [ -47.9798683, -20.2985122 ], [ -47.974232, -20.2953806 ], [ -47.9712533, -20.2936082 ], [ -47.9702214, -20.2929945 ], [ -47.9700872, -20.2927992 ], [ -47.9700844, -20.2925499 ], [ -47.9709518, -20.2911333 ], [ -47.9714984, -20.2906519 ], [ -47.973321, -20.2894912 ], [ -47.9736838, -20.2891806 ], [ -47.9740647, -20.2887827 ], [ -47.9745369, -20.2879919 ], [ -47.9746749, -20.2872876 ], [ -47.9747057, -20.2867016 ], [ -47.9746304, -20.2863378 ], [ -47.9746055, -20.2860711 ], [ -47.9747053, -20.2857774 ], [ -47.9750319, -20.2856414 ], [ -47.9755204, -20.2857076 ], [ -47.9760505, -20.285885 ], [ -47.9769731, -20.2859252 ], [ -47.9782098, -20.2858669 ], [ -47.9792173, -20.2858684 ], [ -47.9799404, -20.2856305 ], [ -47.9805867, -20.2849726 ], [ -47.9811641, -20.2843815 ], [ -47.9816085, -20.2838645 ], [ -47.9820199, -20.2833419 ], [ -47.9823808, -20.2825902 ], [ -47.9827362, -20.2817999 ], [ -47.9832826, -20.2809101 ], [ -47.983437, -20.2803233 ], [ -47.9834098, -20.2795907 ], [ -47.9833635, -20.2783736 ], [ -47.9830271, -20.2775121 ], [ -47.9826587, -20.276814 ], [ -47.982359, -20.2756015 ], [ -47.9817437, -20.2702816 ], [ -47.9815634, -20.2691167 ], [ -47.9810933, -20.2679444 ], [ -47.9806546, -20.2670324 ], [ -47.9793419, -20.2651785 ], [ -47.978505, -20.2640994 ], [ -47.9773155, -20.2631753 ], [ -47.976977, -20.262684 ], [ -47.9765592, -20.261961 ], [ -47.9754537, -20.2632413 ], [ -47.9744601, -20.2639569 ], [ -47.9720265, -20.265626 ], [ -47.971543, -20.2660394 ], [ -47.9709852, -20.2669378 ], [ -47.9699156, -20.2679175 ], [ -47.96923, -20.2682835 ], [ -47.9668498, -20.2688991 ], [ -47.9662636, -20.2691947 ], [ -47.965735, -20.2696101 ], [ -47.9649042, -20.2707788 ], [ -47.9638893, -20.2716543 ], [ -47.9624367, -20.2728583 ], [ -47.9616996, -20.2731577 ], [ -47.9609511, -20.2729828 ], [ -47.9604995, -20.2720834 ], [ -47.95972, -20.2712517 ], [ -47.9584462, -20.2707389 ], [ -47.9570332, -20.2705267 ], [ -47.956215, -20.2704287 ], [ -47.9551993, -20.2696382 ], [ -47.9541542, -20.2686867 ], [ -47.9529864, -20.2681374 ], [ -47.9515634, -20.267463 ], [ -47.9507393, -20.2670544 ], [ -47.9498961, -20.2670313 ], [ -47.9490928, -20.2671762 ], [ -47.9485242, -20.26707 ], [ -47.9479903, -20.2668677 ], [ -47.9466218, -20.2662167 ], [ -47.9457773, -20.2657712 ], [ -47.9453053, -20.2655306 ], [ -47.9447716, -20.2651606 ], [ -47.943756, -20.26437 ], [ -47.942223, -20.2630228 ], [ -47.9404668, -20.2617103 ], [ -47.93924, -20.2608922 ], [ -47.9373091, -20.2591376 ], [ -47.9357663, -20.256819 ], [ -47.9351492, -20.2555122 ], [ -47.9351151, -20.2544007 ], [ -47.9352128, -20.2532932 ], [ -47.9352132, -20.2524643 ], [ -47.9346459, -20.2514401 ], [ -47.9332687, -20.2501848 ], [ -47.9315009, -20.2494898 ], [ -47.9291164, -20.2491154 ], [ -47.9264772, -20.2482716 ], [ -47.9246609, -20.246957 ], [ -47.9242782, -20.2460624 ], [ -47.9239943, -20.2445506 ], [ -47.9240016, -20.2428914 ], [ -47.9251381, -20.2411813 ], [ -47.9284662, -20.2373727 ], [ -47.9320372, -20.2348684 ], [ -47.933308, -20.2333705 ], [ -47.9335748, -20.2329372 ], [ -47.9335843, -20.232495 ], [ -47.9334669, -20.2321168 ], [ -47.9327155, -20.2315423 ], [ -47.9286754, -20.2302844 ], [ -47.9277365, -20.2295316 ], [ -47.9271209, -20.2284473 ], [ -47.9269637, -20.2278618 ], [ -47.9269327, -20.2271816 ], [ -47.9270081, -20.2267471 ], [ -47.9273714, -20.2261471 ], [ -47.9278362, -20.2256469 ], [ -47.9280133, -20.2252806 ], [ -47.9283286, -20.2240934 ], [ -47.9295525, -20.2219284 ], [ -47.9300504, -20.2198373 ], [ -47.9301802, -20.2188398 ], [ -47.9301756, -20.2180733 ], [ -47.9300155, -20.2165037 ], [ -47.9294652, -20.2149216 ], [ -47.9288382, -20.2141796 ], [ -47.928338, -20.2138953 ], [ -47.9274746, -20.2136398 ], [ -47.9264965, -20.2132929 ], [ -47.9250138, -20.2127634 ], [ -47.9247713, -20.2126629 ], [ -47.9232266, -20.2124206 ], [ -47.9227061, -20.2123838 ], [ -47.922183, -20.2122108 ], [ -47.9216434, -20.2119199 ], [ -47.9208944, -20.2115053 ], [ -47.919193, -20.2111156 ], [ -47.918387, -20.2109972 ], [ -47.9175546, -20.211011 ], [ -47.9165372, -20.2111733 ], [ -47.9158328, -20.2113395 ], [ -47.9150316, -20.2114755 ], [ -47.9145563, -20.2112835 ], [ -47.9141044, -20.2107912 ], [ -47.9136922, -20.210112 ], [ -47.9131601, -20.2091894 ], [ -47.9127819, -20.2085232 ], [ -47.9121449, -20.2066255 ], [ -47.9116422, -20.2055093 ], [ -47.910903, -20.204547 ], [ -47.9103406, -20.2038067 ], [ -47.9101247, -20.2033241 ], [ -47.9101544, -20.2023331 ], [ -47.9101294, -20.2009887 ], [ -47.909935, -20.200115 ], [ -47.9098194, -20.1995899 ], [ -47.909813, -20.1992447 ], [ -47.9099274, -20.1984068 ], [ -47.9098682, -20.1970356 ], [ -47.9095714, -20.1955684 ], [ -47.9090952, -20.193509 ], [ -47.9088411, -20.1925228 ], [ -47.9087326, -20.1916068 ], [ -47.908904, -20.1907316 ], [ -47.9092026, -20.1894499 ], [ -47.9096165, -20.1886706 ], [ -47.9102645, -20.1878057 ], [ -47.9109175, -20.1869498 ], [ -47.9115399, -20.185999 ], [ -47.9116363, -20.1854885 ], [ -47.9114502, -20.184542 ], [ -47.9112913, -20.1832816 ], [ -47.9112896, -20.180819 ], [ -47.9111515, -20.1793447 ], [ -47.9108039, -20.1782463 ], [ -47.9103534, -20.1767908 ], [ -47.9099164, -20.1752805 ], [ -47.9089183, -20.1736205 ], [ -47.9080004, -20.1726452 ], [ -47.9067176, -20.1711943 ], [ -47.9058183, -20.1704413 ], [ -47.9050343, -20.1699408 ], [ -47.9038238, -20.1690112 ], [ -47.902723, -20.1682933 ], [ -47.9002408, -20.166771 ], [ -47.8978872, -20.1651699 ], [ -47.8960703, -20.1639685 ], [ -47.8954123, -20.1632524 ], [ -47.8944674, -20.1618504 ], [ -47.8935882, -20.1606199 ], [ -47.8923035, -20.1593143 ], [ -47.8914064, -20.1581522 ], [ -47.8907371, -20.1573409 ], [ -47.8898641, -20.156183 ], [ -47.8895105, -20.1557889 ], [ -47.8890334, -20.1562693 ], [ -47.8881709, -20.1569877 ], [ -47.8877564, -20.1572081 ], [ -47.8872537, -20.1570846 ], [ -47.8865825, -20.1566912 ], [ -47.8851097, -20.1561429 ], [ -47.8844911, -20.1557305 ], [ -47.884227, -20.1554985 ], [ -47.8840572, -20.1554241 ], [ -47.8837474, -20.1555836 ], [ -47.8832605, -20.1561167 ], [ -47.8829588, -20.1563917 ], [ -47.8826233, -20.1564653 ], [ -47.8822285, -20.1564491 ], [ -47.8818732, -20.1564912 ], [ -47.8816007, -20.1568501 ], [ -47.8813999, -20.1573819 ], [ -47.881402, -20.1583437 ], [ -47.8815449, -20.1590501 ], [ -47.8819056, -20.1598257 ], [ -47.8820054, -20.160283 ], [ -47.8818828, -20.1609438 ], [ -47.881807, -20.1615312 ], [ -47.881598, -20.1622025 ], [ -47.8811565, -20.1627868 ], [ -47.8808598, -20.1631128 ], [ -47.8804999, -20.1634565 ], [ -47.8798454, -20.1637124 ], [ -47.8790571, -20.1640161 ], [ -47.8787301, -20.1642896 ], [ -47.8785588, -20.1646559 ], [ -47.8785027, -20.1650066 ], [ -47.8784383, -20.1654302 ], [ -47.8784587, -20.165757 ], [ -47.8786909, -20.1662637 ], [ -47.878883, -20.1665907 ], [ -47.8792356, -20.1669257 ], [ -47.8796425, -20.1670735 ], [ -47.8801971, -20.1671416 ], [ -47.8803969, -20.1670157 ], [ -47.8804649, -20.1666869 ], [ -47.880545, -20.1664362 ], [ -47.8807302, -20.1663224 ], [ -47.881015, -20.1663468 ], [ -47.8812225, -20.1666432 ], [ -47.8812791, -20.1673693 ], [ -47.8811527, -20.1678212 ], [ -47.8809611, -20.1682057 ], [ -47.8807003, -20.1683375 ], [ -47.8800469, -20.1683936 ], [ -47.8794767, -20.1682621 ], [ -47.87828, -20.1678182 ], [ -47.8772938, -20.1675663 ], [ -47.8765429, -20.1675513 ], [ -47.8742778, -20.1681472 ], [ -47.8739016, -20.1683624 ], [ -47.8735969, -20.1688035 ], [ -47.8734024, -20.1689567 ], [ -47.87312, -20.1690385 ], [ -47.8721518, -20.1689816 ], [ -47.87184, -20.1690367 ], [ -47.8716036, -20.1691633 ], [ -47.8714622, -20.1696439 ], [ -47.8712878, -20.1699185 ], [ -47.8714063, -20.1704352 ], [ -47.8719567, -20.1704161 ], [ -47.8722419, -20.1704841 ], [ -47.8723982, -20.1706088 ], [ -47.8723784, -20.1708408 ], [ -47.87222, -20.1711251 ], [ -47.872152, -20.1713534 ], [ -47.8723545, -20.1721634 ], [ -47.8725104, -20.1727924 ], [ -47.8724559, -20.1729705 ], [ -47.8722815, -20.1731687 ], [ -47.8719206, -20.1734336 ], [ -47.8716844, -20.1735738 ], [ -47.8716983, -20.1743324 ], [ -47.8719881, -20.1747547 ], [ -47.8723985, -20.1750888 ], [ -47.8728122, -20.175082 ], [ -47.8730942, -20.1749775 ], [ -47.8732925, -20.1747743 ], [ -47.8733697, -20.1745186 ], [ -47.8733143, -20.1741242 ], [ -47.8733174, -20.1737698 ], [ -47.8732667, -20.1731027 ], [ -47.8733697, -20.172829 ], [ -47.8735643, -20.1725344 ], [ -47.8738239, -20.1725256 ], [ -47.87414, -20.1727067 ], [ -47.8746127, -20.1730261 ], [ -47.875067, -20.1733958 ], [ -47.8754501, -20.1740847 ], [ -47.8757823, -20.1748264 ], [ -47.8760257, -20.1756748 ], [ -47.8760017, -20.1759456 ], [ -47.8757092, -20.1762529 ], [ -47.8753629, -20.1763557 ], [ -47.8751775, -20.176409 ], [ -47.8748841, -20.1763761 ], [ -47.8745534, -20.1762475 ], [ -47.8743429, -20.1759646 ], [ -47.8739996, -20.1755611 ], [ -47.8738673, -20.1755669 ], [ -47.8737868, -20.1756483 ], [ -47.8738395, -20.1757816 ], [ -47.8737808, -20.1759477 ], [ -47.8735334, -20.1761016 ], [ -47.8734261, -20.176224 ], [ -47.8733411, -20.1763729 ], [ -47.8731985, -20.1767341 ], [ -47.8733125, -20.1771776 ], [ -47.8732705, -20.1774483 ], [ -47.8730263, -20.1778895 ], [ -47.8728688, -20.1782565 ], [ -47.8727748, -20.1786937 ], [ -47.8728726, -20.1789435 ], [ -47.8728664, -20.1790902 ], [ -47.8726353, -20.1793118 ], [ -47.8724394, -20.1795203 ], [ -47.8723156, -20.179782 ], [ -47.8722927, -20.1800694 ], [ -47.8719833, -20.1802901 ], [ -47.8716184, -20.180455 ], [ -47.8715017, -20.1804752 ], [ -47.8710223, -20.1809343 ], [ -47.8707643, -20.1814092 ], [ -47.870917, -20.1839354 ], [ -47.8712224, -20.1847653 ], [ -47.8711981, -20.1850675 ], [ -47.870843, -20.1857963 ], [ -47.8708293, -20.1860962 ], [ -47.8709108, -20.1862402 ], [ -47.8714497, -20.1863155 ], [ -47.8719812, -20.1865813 ], [ -47.8730019, -20.1864305 ], [ -47.8732021, -20.1865013 ], [ -47.8733349, -20.1866786 ], [ -47.8732538, -20.1871596 ], [ -47.8731286, -20.1873496 ], [ -47.8723617, -20.1877654 ], [ -47.8720568, -20.1884842 ], [ -47.8712436, -20.1890784 ], [ -47.8709118, -20.1895075 ], [ -47.8707703, -20.1899181 ], [ -47.8707551, -20.1902549 ], [ -47.8709444, -20.1907498 ], [ -47.8716, -20.1918292 ], [ -47.871552, -20.1923456 ], [ -47.8714346, -20.1926023 ], [ -47.8712405, -20.1927179 ], [ -47.8710391, -20.1927028 ], [ -47.8709282, -20.1926018 ], [ -47.8708748, -20.1923761 ], [ -47.8710282, -20.1920549 ], [ -47.8709055, -20.191887 ], [ -47.869258, -20.1918325 ], [ -47.8690421, -20.1920885 ], [ -47.8691444, -20.1926038 ], [ -47.8689665, -20.1927478 ], [ -47.8681308, -20.192208 ], [ -47.8678473, -20.1918924 ], [ -47.8674677, -20.1917578 ], [ -47.867239, -20.1917804 ], [ -47.8671221, -20.1919041 ], [ -47.8671536, -20.1921012 ], [ -47.8677017, -20.1925051 ], [ -47.8677455, -20.192852 ], [ -47.8674158, -20.1932983 ], [ -47.86698, -20.1934001 ], [ -47.8667698, -20.1933173 ], [ -47.8664186, -20.1928257 ], [ -47.8662086, -20.1922492 ], [ -47.8660437, -20.1920582 ], [ -47.865218, -20.1916554 ], [ -47.865264, -20.1913368 ], [ -47.8656947, -20.1908292 ], [ -47.8657497, -20.1905748 ], [ -47.8654783, -20.1904161 ], [ -47.8653093, -20.1905029 ], [ -47.8646949, -20.1912757 ], [ -47.8641441, -20.1917925 ], [ -47.8635032, -20.1922415 ], [ -47.8621149, -20.1927788 ], [ -47.8611603, -20.1929515 ], [ -47.858305, -20.1927866 ], [ -47.8580809, -20.1929587 ], [ -47.8580702, -20.193086 ], [ -47.8584983, -20.1937143 ], [ -47.8585136, -20.1940808 ], [ -47.8583548, -20.1943442 ], [ -47.8578879, -20.1945564 ], [ -47.8573824, -20.1943598 ], [ -47.8570557, -20.1940481 ], [ -47.8567673, -20.1941028 ], [ -47.8566285, -20.1942734 ], [ -47.8567792, -20.1954792 ], [ -47.8566914, -20.1965185 ], [ -47.8569177, -20.1971433 ], [ -47.8568183, -20.1985724 ], [ -47.8573519, -20.1991486 ], [ -47.8574247, -20.1994398 ], [ -47.8571625, -20.2012122 ], [ -47.8576039, -20.2018931 ], [ -47.8579508, -20.2030293 ], [ -47.8581193, -20.2032717 ], [ -47.8583275, -20.2033833 ], [ -47.8587414, -20.2034255 ], [ -47.8595058, -20.2031742 ], [ -47.8601848, -20.2031205 ], [ -47.8613732, -20.2035315 ], [ -47.8631495, -20.2034529 ], [ -47.8633894, -20.2035125 ], [ -47.8635655, -20.2037354 ], [ -47.8635545, -20.2045246 ], [ -47.8634131, -20.2048336 ], [ -47.8628875, -20.2053432 ], [ -47.8622297, -20.205806 ], [ -47.8615141, -20.2072002 ], [ -47.8612518, -20.2074438 ], [ -47.8602611, -20.2080182 ], [ -47.8598534, -20.2081587 ], [ -47.8593373, -20.2082091 ], [ -47.8587141, -20.2081065 ], [ -47.856869, -20.2068678 ], [ -47.8555609, -20.2063834 ], [ -47.854689, -20.2056938 ], [ -47.8538064, -20.2052521 ], [ -47.8535948, -20.2052268 ], [ -47.8531226, -20.2054253 ], [ -47.852251, -20.2055523 ], [ -47.8517097, -20.2064112 ], [ -47.8515544, -20.2064894 ], [ -47.851164, -20.206385 ], [ -47.8508589, -20.2064247 ], [ -47.8507337, -20.2065409 ], [ -47.8503762, -20.2074007 ], [ -47.8492491, -20.2078408 ], [ -47.8491746, -20.2084174 ], [ -47.8494189, -20.2090203 ], [ -47.8495472, -20.209872 ], [ -47.8493563, -20.2104634 ], [ -47.8495384, -20.2106298 ], [ -47.8504824, -20.2104864 ], [ -47.8505588, -20.2112436 ], [ -47.8507685, -20.2113651 ], [ -47.8511488, -20.211239 ], [ -47.8514839, -20.2112902 ], [ -47.8515392, -20.211418 ], [ -47.8512557, -20.2122679 ], [ -47.8512893, -20.2124355 ], [ -47.8522249, -20.2135517 ], [ -47.852525, -20.2135901 ], [ -47.8526364, -20.2134608 ], [ -47.8524591, -20.2128575 ], [ -47.8525664, -20.2126139 ], [ -47.8527904, -20.2125912 ], [ -47.8530324, -20.2127921 ], [ -47.8532352, -20.2132335 ], [ -47.8532207, -20.2140864 ], [ -47.8532974, -20.2142546 ], [ -47.8537615, -20.2146772 ], [ -47.853793, -20.2151172 ], [ -47.8534321, -20.2154284 ], [ -47.8530906, -20.2155658 ], [ -47.8519467, -20.2157256 ], [ -47.8512716, -20.2159206 ], [ -47.8509011, -20.2159194 ], [ -47.8504171, -20.2157595 ], [ -47.8500297, -20.2157991 ], [ -47.8497237, -20.2161769 ], [ -47.8492656, -20.2173022 ], [ -47.8489336, -20.2175379 ], [ -47.8484545, -20.2174736 ], [ -47.8482575, -20.2172967 ], [ -47.8480848, -20.2164301 ], [ -47.8477722, -20.2165154 ], [ -47.8475965, -20.2167197 ], [ -47.8474621, -20.2174812 ], [ -47.8476055, -20.2180222 ], [ -47.8478292, -20.2183709 ], [ -47.8487969, -20.218964 ], [ -47.8509173, -20.2196107 ], [ -47.8518527, -20.2202702 ], [ -47.8521471, -20.2207948 ], [ -47.8522064, -20.2219858 ], [ -47.8523439, -20.2222154 ], [ -47.8525797, -20.2223792 ], [ -47.854017, -20.2225975 ], [ -47.855165, -20.2233308 ], [ -47.8562083, -20.2236361 ], [ -47.8565101, -20.2238013 ], [ -47.8566793, -20.2240527 ], [ -47.85673, -20.2243198 ], [ -47.8566715, -20.2245668 ], [ -47.8565029, -20.2247606 ], [ -47.8560576, -20.2249088 ], [ -47.8554651, -20.224755 ], [ -47.8551469, -20.224761 ], [ -47.8545924, -20.2250799 ], [ -47.8545187, -20.2252725 ], [ -47.8545779, -20.2255182 ], [ -47.8549824, -20.2258992 ], [ -47.8562676, -20.2260411 ], [ -47.8567052, -20.2262857 ], [ -47.8570559, -20.2267899 ], [ -47.857201, -20.2268507 ], [ -47.8575055, -20.2268037 ], [ -47.8583351, -20.2262615 ], [ -47.8588278, -20.2253506 ], [ -47.8595765, -20.2247228 ], [ -47.8603266, -20.2239359 ], [ -47.8606961, -20.223867 ], [ -47.8608627, -20.223942 ], [ -47.8614914, -20.2248272 ], [ -47.8617649, -20.2254951 ], [ -47.8620686, -20.2274104 ], [ -47.8619884, -20.2283052 ], [ -47.8617943, -20.2286617 ], [ -47.8612542, -20.2289523 ], [ -47.8610554, -20.2289436 ], [ -47.8603037, -20.2286261 ], [ -47.8598538, -20.2285978 ], [ -47.8595931, -20.2287488 ], [ -47.8584653, -20.2310739 ], [ -47.8575669, -20.2323628 ], [ -47.8571714, -20.2327276 ], [ -47.8568196, -20.2327837 ], [ -47.8565914, -20.2325968 ], [ -47.85648, -20.2321675 ], [ -47.856023, -20.2320752 ], [ -47.8557784, -20.2322079 ], [ -47.8554931, -20.2325442 ], [ -47.8552921, -20.2329778 ], [ -47.855284, -20.2337186 ], [ -47.85578, -20.2347143 ], [ -47.8556928, -20.2348624 ], [ -47.8555172, -20.2349444 ], [ -47.8542256, -20.2348877 ], [ -47.8531059, -20.2352794 ], [ -47.8527585, -20.2355173 ], [ -47.8525302, -20.2369096 ], [ -47.8519419, -20.237426 ], [ -47.8518917, -20.2379198 ], [ -47.8519828, -20.238039 ], [ -47.8522154, -20.2380902 ], [ -47.8531953, -20.237771 ], [ -47.8535322, -20.2377521 ], [ -47.8539002, -20.2379637 ], [ -47.8540224, -20.238897 ], [ -47.8539295, -20.239526 ], [ -47.8538342, -20.2396126 ], [ -47.8534989, -20.2396396 ], [ -47.8527388, -20.2389521 ], [ -47.8519834, -20.2385336 ], [ -47.8514082, -20.2383553 ], [ -47.8508027, -20.238336 ], [ -47.8502248, -20.2385406 ], [ -47.8497815, -20.2388525 ], [ -47.8489466, -20.23972 ], [ -47.8482827, -20.2401618 ], [ -47.8479094, -20.2402036 ], [ -47.8476822, -20.2397973 ], [ -47.8474528, -20.238622 ], [ -47.8470928, -20.2384997 ], [ -47.846914, -20.2385888 ], [ -47.8465439, -20.2392297 ], [ -47.8463459, -20.239417 ], [ -47.8456899, -20.239779 ], [ -47.8453003, -20.2401872 ], [ -47.8451624, -20.2408892 ], [ -47.8453948, -20.2413092 ], [ -47.845789, -20.2412942 ], [ -47.8465615, -20.2405766 ], [ -47.8467424, -20.2405811 ], [ -47.8468782, -20.2407054 ], [ -47.8468255, -20.2415058 ], [ -47.8465935, -20.2419248 ], [ -47.8465151, -20.2425282 ], [ -47.8467938, -20.2431081 ], [ -47.847, -20.2442395 ], [ -47.8468902, -20.2450792 ], [ -47.8465483, -20.2454432 ], [ -47.8463003, -20.2462646 ], [ -47.8459625, -20.2466224 ], [ -47.8454822, -20.2469249 ], [ -47.844841, -20.2471057 ], [ -47.844795, -20.246936 ], [ -47.8454978, -20.2458984 ], [ -47.8453661, -20.2455485 ], [ -47.845029, -20.2455232 ], [ -47.8435464, -20.2461055 ], [ -47.8429854, -20.2461218 ], [ -47.8423741, -20.245935 ], [ -47.8415537, -20.244981 ], [ -47.8409011, -20.2446038 ], [ -47.8408136, -20.2442249 ], [ -47.8409226, -20.2437691 ], [ -47.8417423, -20.2427312 ], [ -47.8423522, -20.2421796 ], [ -47.842588, -20.2417391 ], [ -47.8426176, -20.2415963 ], [ -47.8425174, -20.2414156 ], [ -47.8421965, -20.2414422 ], [ -47.8409035, -20.2422181 ], [ -47.8396391, -20.2426118 ], [ -47.8391071, -20.2424305 ], [ -47.8390002, -20.2422747 ], [ -47.8391381, -20.2414279 ], [ -47.8389732, -20.2413835 ], [ -47.838707, -20.2415289 ], [ -47.8383713, -20.2420001 ], [ -47.8380575, -20.2419927 ], [ -47.8376561, -20.2416801 ], [ -47.8372738, -20.2415867 ], [ -47.8369262, -20.2416348 ], [ -47.8365253, -20.2419157 ], [ -47.8365806, -20.2424779 ], [ -47.8368808, -20.243144 ], [ -47.8369132, -20.2436802 ], [ -47.8367778, -20.2439075 ], [ -47.8365675, -20.2440665 ], [ -47.8362562, -20.2441168 ], [ -47.8352264, -20.2440736 ], [ -47.834878, -20.244333 ], [ -47.8349282, -20.2445425 ], [ -47.8353911, -20.244583 ], [ -47.8357565, -20.2447621 ], [ -47.8358191, -20.2449478 ], [ -47.8356005, -20.2460894 ], [ -47.8357372, -20.2464117 ], [ -47.8363893, -20.2469704 ], [ -47.8372538, -20.2473667 ], [ -47.8373946, -20.2475596 ], [ -47.8373595, -20.247865 ], [ -47.8371912, -20.2480291 ], [ -47.8359357, -20.2485104 ], [ -47.8349647, -20.2485052 ], [ -47.8339585, -20.248809 ], [ -47.8338009, -20.2487486 ], [ -47.8337642, -20.2485162 ], [ -47.8339069, -20.2482263 ], [ -47.8342542, -20.2478715 ], [ -47.8342827, -20.2476603 ], [ -47.8342321, -20.2475605 ], [ -47.8338694, -20.247528 ], [ -47.8331626, -20.2482776 ], [ -47.8325469, -20.248756 ], [ -47.8319331, -20.249043 ], [ -47.8304844, -20.2493943 ], [ -47.8295215, -20.2493543 ], [ -47.8291616, -20.2494712 ], [ -47.8288254, -20.2497112 ], [ -47.828406, -20.2501686 ], [ -47.8284573, -20.2507577 ], [ -47.8279022, -20.2519792 ], [ -47.8276604, -20.2521605 ], [ -47.8272499, -20.2522226 ], [ -47.8266544, -20.2520219 ], [ -47.8260685, -20.2519932 ], [ -47.8256327, -20.2524267 ], [ -47.8249831, -20.254002 ], [ -47.8242259, -20.2553657 ], [ -47.823958, -20.2564202 ], [ -47.8235668, -20.2571286 ], [ -47.8231454, -20.2583836 ], [ -47.8229106, -20.2586506 ], [ -47.8225069, -20.2587839 ], [ -47.8215535, -20.2587442 ], [ -47.8173907, -20.257492 ], [ -47.8160958, -20.2576354 ], [ -47.8149754, -20.2575071 ], [ -47.8127666, -20.2575815 ], [ -47.8123234, -20.2572844 ], [ -47.8119814, -20.2568777 ], [ -47.8115825, -20.2567449 ], [ -47.8108512, -20.2568047 ], [ -47.8089461, -20.2575255 ], [ -47.8075077, -20.257519 ], [ -47.8049783, -20.257056 ], [ -47.8041658, -20.2566785 ], [ -47.8027753, -20.2566467 ], [ -47.8015724, -20.2553697 ], [ -47.8013075, -20.2552867 ], [ -47.8009203, -20.2553648 ], [ -47.8007141, -20.2557082 ], [ -47.8004606, -20.2566615 ], [ -47.8002498, -20.2567134 ], [ -47.8000253, -20.2566983 ], [ -47.7999619, -20.2566597 ], [ -47.7996269, -20.2564559 ], [ -47.79932, -20.2558165 ], [ -47.7989461, -20.2557287 ], [ -47.7984042, -20.2561575 ], [ -47.7978294, -20.2562541 ], [ -47.797283, -20.2565793 ], [ -47.7966423, -20.2567213 ], [ -47.7961607, -20.256931 ], [ -47.7960966, -20.2570249 ], [ -47.7961336, -20.2577304 ], [ -47.7957803, -20.2581846 ], [ -47.7954515, -20.2582387 ], [ -47.7945035, -20.2581118 ], [ -47.7941992, -20.2582018 ], [ -47.7941314, -20.2584611 ], [ -47.7944215, -20.2589434 ], [ -47.7945657, -20.2597227 ], [ -47.7947364, -20.2600543 ], [ -47.7947327, -20.2604111 ], [ -47.7945096, -20.2606713 ], [ -47.7933337, -20.2609769 ], [ -47.7920278, -20.2614875 ], [ -47.7917965, -20.2614758 ], [ -47.7916199, -20.2612933 ], [ -47.7917705, -20.2604704 ], [ -47.7916858, -20.2599054 ], [ -47.7911868, -20.2595695 ], [ -47.7901254, -20.2595717 ], [ -47.7879989, -20.260413 ], [ -47.7876209, -20.2604509 ], [ -47.7865382, -20.2601493 ], [ -47.7837609, -20.2591053 ], [ -47.782641, -20.2590154 ], [ -47.7818879, -20.2588036 ], [ -47.7818822, -20.2584671 ], [ -47.782097, -20.2579585 ], [ -47.7818572, -20.257513 ], [ -47.7812258, -20.2571814 ], [ -47.778886, -20.2566969 ], [ -47.7784457, -20.2565459 ], [ -47.7775207, -20.2562287 ], [ -47.7770862, -20.2554292 ], [ -47.7766385, -20.2551994 ], [ -47.7760351, -20.255152 ], [ -47.775625, -20.2547725 ], [ -47.7754463, -20.2544253 ], [ -47.7754329, -20.2537316 ], [ -47.7757999, -20.2530341 ], [ -47.7758505, -20.2526547 ], [ -47.7754996, -20.2519445 ], [ -47.7754329, -20.2514098 ], [ -47.7763481, -20.2492885 ], [ -47.7761721, -20.2490197 ], [ -47.7753466, -20.2492819 ], [ -47.7748776, -20.24925 ], [ -47.7746897, -20.2491346 ], [ -47.7746164, -20.2488829 ], [ -47.7747153, -20.2482776 ], [ -47.7746467, -20.2471907 ], [ -47.7742374, -20.2463616 ], [ -47.7737375, -20.2460022 ], [ -47.7731679, -20.2459956 ], [ -47.7729098, -20.246125 ], [ -47.7723366, -20.2467827 ], [ -47.771964, -20.2475267 ], [ -47.7712547, -20.248283 ], [ -47.769798, -20.2487333 ], [ -47.7687862, -20.2492928 ], [ -47.7685294, -20.2493197 ], [ -47.7672889, -20.2489665 ], [ -47.7660011, -20.249313 ], [ -47.7655627, -20.2491878 ], [ -47.7654186, -20.2488869 ], [ -47.7647481, -20.2483156 ], [ -47.7644536, -20.2477521 ], [ -47.7641207, -20.2474562 ], [ -47.7637063, -20.2479271 ], [ -47.7618146, -20.2491227 ], [ -47.761355, -20.2495263 ], [ -47.7604052, -20.2507606 ], [ -47.7602816, -20.2508092 ], [ -47.7596543, -20.2506881 ], [ -47.7595599, -20.2504869 ], [ -47.7595873, -20.2501372 ], [ -47.7595185, -20.2499666 ], [ -47.7593193, -20.2498463 ], [ -47.7584931, -20.2500526 ], [ -47.7578143, -20.2498056 ], [ -47.7573954, -20.2497907 ], [ -47.757254, -20.2498541 ], [ -47.7567704, -20.2505923 ], [ -47.7564758, -20.2506286 ], [ -47.7561115, -20.25047 ], [ -47.7559162, -20.250063 ], [ -47.7557317, -20.2498865 ], [ -47.7549365, -20.2496524 ], [ -47.7539963, -20.2492387 ], [ -47.7534408, -20.2492154 ], [ -47.7528188, -20.249607 ], [ -47.7518664, -20.2505453 ], [ -47.7516728, -20.2512641 ], [ -47.7513556, -20.2515549 ], [ -47.7501569, -20.2515664 ], [ -47.7496571, -20.2514668 ], [ -47.7486793, -20.2509628 ], [ -47.7481441, -20.2504816 ], [ -47.7473672, -20.250151 ], [ -47.7459862, -20.2502657 ], [ -47.7455016, -20.2505974 ], [ -47.7449115, -20.2516483 ], [ -47.7447775, -20.2522891 ], [ -47.7445871, -20.2523813 ], [ -47.7440768, -20.2523272 ], [ -47.7431186, -20.2518121 ], [ -47.7430389, -20.2515566 ], [ -47.7432371, -20.2510322 ], [ -47.7431705, -20.2505704 ], [ -47.7424046, -20.2500145 ], [ -47.7421566, -20.24994 ], [ -47.7410432, -20.2502125 ], [ -47.7400343, -20.2498647 ], [ -47.7377949, -20.249938 ], [ -47.736583, -20.249707 ], [ -47.7356114, -20.250096 ], [ -47.7350355, -20.2501276 ], [ -47.7342797, -20.2498688 ], [ -47.7329123, -20.2491926 ], [ -47.732501, -20.2492049 ], [ -47.7319402, -20.2495015 ], [ -47.7307301, -20.25039 ], [ -47.7292043, -20.2517923 ], [ -47.728886, -20.2523951 ], [ -47.7289385, -20.2531127 ], [ -47.7287958, -20.2533495 ], [ -47.7278617, -20.2540212 ], [ -47.7275906, -20.2549485 ], [ -47.7269429, -20.2554766 ], [ -47.7267948, -20.2560837 ], [ -47.7266342, -20.2562434 ], [ -47.7263068, -20.2563091 ], [ -47.7257357, -20.2561008 ], [ -47.7250255, -20.2561591 ], [ -47.7237058, -20.2553946 ], [ -47.7232167, -20.2553619 ], [ -47.7227881, -20.2555867 ], [ -47.7224876, -20.2561973 ], [ -47.7222447, -20.2564494 ], [ -47.7216254, -20.2567223 ], [ -47.7211803, -20.2570967 ], [ -47.7207427, -20.2572357 ], [ -47.7196814, -20.2573292 ], [ -47.719492, -20.2574177 ], [ -47.7187657, -20.2582793 ], [ -47.7180534, -20.258957 ], [ -47.7169196, -20.2590686 ], [ -47.7167421, -20.2592187 ], [ -47.7166428, -20.2595901 ], [ -47.7165534, -20.2606407 ], [ -47.716228, -20.2612261 ], [ -47.7159176, -20.2613922 ], [ -47.7157428, -20.2613806 ], [ -47.7155699, -20.2612521 ], [ -47.7154675, -20.2610587 ], [ -47.7154114, -20.2602916 ], [ -47.7152962, -20.2601787 ], [ -47.7150656, -20.2602199 ], [ -47.7147519, -20.2606825 ], [ -47.7145255, -20.2613533 ], [ -47.7139979, -20.2618929 ], [ -47.714118, -20.2621705 ], [ -47.71472, -20.2623709 ], [ -47.7149812, -20.2626625 ], [ -47.714956, -20.2630968 ], [ -47.7145037, -20.2635761 ], [ -47.7144175, -20.2638131 ], [ -47.7144705, -20.2641369 ], [ -47.7150578, -20.2646785 ], [ -47.7151673, -20.2649089 ], [ -47.7151369, -20.2659455 ], [ -47.7148999, -20.2664765 ], [ -47.7139541, -20.2673599 ], [ -47.7127112, -20.2678694 ], [ -47.7120892, -20.2687068 ], [ -47.7118545, -20.2688728 ], [ -47.7110703, -20.2691487 ], [ -47.7094218, -20.2693839 ], [ -47.7083164, -20.2701626 ], [ -47.7073088, -20.2703712 ], [ -47.706338, -20.2709263 ], [ -47.7056363, -20.2721438 ], [ -47.7053577, -20.2723065 ], [ -47.7042569, -20.2726412 ], [ -47.7036285, -20.2735394 ], [ -47.7023925, -20.2742055 ], [ -47.7021907, -20.2744348 ], [ -47.7012634, -20.2763716 ], [ -47.7010343, -20.27659 ], [ -47.6992004, -20.2773542 ], [ -47.6989742, -20.2773336 ], [ -47.6987305, -20.2770353 ], [ -47.6986545, -20.2760499 ], [ -47.698565, -20.2758947 ], [ -47.6982216, -20.2756945 ], [ -47.6980056, -20.2756814 ], [ -47.6975225, -20.2758763 ], [ -47.6972161, -20.276323 ], [ -47.6969318, -20.2764593 ], [ -47.6967485, -20.2764204 ], [ -47.6961881, -20.2759472 ], [ -47.6959652, -20.2758682 ], [ -47.6944641, -20.2756787 ], [ -47.6932941, -20.2753095 ], [ -47.6924995, -20.2753907 ], [ -47.6916197, -20.2757305 ], [ -47.6902148, -20.2757207 ], [ -47.6892123, -20.2761568 ], [ -47.6882504, -20.2763929 ], [ -47.6877327, -20.2766162 ], [ -47.6866789, -20.2774173 ], [ -47.686165, -20.2782305 ], [ -47.6850645, -20.2788843 ], [ -47.6849697, -20.279236 ], [ -47.6852601, -20.280248 ], [ -47.6851414, -20.2806457 ], [ -47.6849552, -20.2807721 ], [ -47.6839324, -20.2809521 ], [ -47.6828347, -20.2807589 ], [ -47.6822267, -20.2807749 ], [ -47.6817934, -20.2808987 ], [ -47.6802117, -20.2809705 ], [ -47.6798666, -20.2808808 ], [ -47.6790081, -20.2802736 ], [ -47.6785978, -20.2802571 ], [ -47.6776554, -20.2809308 ], [ -47.6774689, -20.281959 ], [ -47.6771052, -20.2823739 ], [ -47.6768525, -20.282488 ], [ -47.6759519, -20.2826067 ], [ -47.6751556, -20.2832227 ], [ -47.6747376, -20.2832068 ], [ -47.6738584, -20.2828012 ], [ -47.6719211, -20.2830867 ], [ -47.6709012, -20.2839015 ], [ -47.6704244, -20.28387 ], [ -47.6703305, -20.2832588 ], [ -47.6700739, -20.2830446 ], [ -47.6690929, -20.2830677 ], [ -47.6684105, -20.282956 ], [ -47.6677729, -20.2831344 ], [ -47.6664879, -20.2837526 ], [ -47.6662106, -20.2838101 ], [ -47.665018, -20.2837591 ], [ -47.6622761, -20.2831254 ], [ -47.662008, -20.2832632 ], [ -47.6620718, -20.2836719 ], [ -47.6619214, -20.2840001 ], [ -47.6616837, -20.2840967 ], [ -47.661421, -20.2840773 ], [ -47.6607873, -20.2835501 ], [ -47.660249, -20.2833123 ], [ -47.6602015, -20.2824582 ], [ -47.6598745, -20.2821138 ], [ -47.6594968, -20.2820723 ], [ -47.6585882, -20.2825278 ], [ -47.6581949, -20.2826116 ], [ -47.6577427, -20.2826106 ], [ -47.6573876, -20.2825088 ], [ -47.6565426, -20.2820873 ], [ -47.6561151, -20.2821168 ], [ -47.656002, -20.282235 ], [ -47.6558341, -20.2830139 ], [ -47.6555352, -20.2832971 ], [ -47.6554902, -20.2835301 ], [ -47.6556656, -20.2840687 ], [ -47.6555966, -20.2844897 ], [ -47.655415, -20.2849264 ], [ -47.6550016, -20.2852432 ], [ -47.6540356, -20.2854367 ], [ -47.653185, -20.2854807 ], [ -47.6494386, -20.2855155 ], [ -47.6482881, -20.2857482 ], [ -47.6473759, -20.286243 ], [ -47.6470299, -20.2865973 ], [ -47.6461525, -20.2879053 ], [ -47.6458863, -20.2881825 ], [ -47.6454422, -20.2882644 ], [ -47.6450288, -20.2882998 ], [ -47.6447671, -20.2884675 ], [ -47.6436186, -20.2897018 ], [ -47.6433783, -20.2914759 ], [ -47.6436392, -20.2932016 ], [ -47.6439372, -20.2941825 ], [ -47.6439966, -20.2954684 ], [ -47.6443895, -20.2975019 ], [ -47.6443608, -20.2980412 ], [ -47.6436925, -20.2998763 ], [ -47.6438636, -20.302389 ], [ -47.6436877, -20.3038535 ], [ -47.6433344, -20.305085 ], [ -47.6432537, -20.306072 ], [ -47.6437284, -20.3089859 ], [ -47.6437696, -20.3097345 ], [ -47.6440112, -20.3101523 ], [ -47.6440291, -20.3107661 ], [ -47.6439042, -20.311897 ], [ -47.6435884, -20.3128233 ], [ -47.6435186, -20.3134202 ], [ -47.643426, -20.3142137 ], [ -47.6430376, -20.315764 ], [ -47.6421265, -20.3177458 ], [ -47.6415703, -20.318596 ], [ -47.6405061, -20.3196597 ], [ -47.6393292, -20.3204352 ], [ -47.6362664, -20.3219813 ], [ -47.6343027, -20.3233855 ], [ -47.6324829, -20.3244344 ], [ -47.6302109, -20.3250632 ], [ -47.6281306, -20.3251757 ], [ -47.627648, -20.3252841 ], [ -47.6273634, -20.3255623 ], [ -47.6269743, -20.3260768 ], [ -47.6263754, -20.327169 ], [ -47.626012, -20.3281771 ], [ -47.6256821, -20.3302788 ], [ -47.625111, -20.3325596 ], [ -47.6248614, -20.3330818 ], [ -47.6237382, -20.3347124 ], [ -47.6222322, -20.3367003 ], [ -47.6217783, -20.3377842 ], [ -47.6216461, -20.3388546 ], [ -47.6214721, -20.3394246 ], [ -47.6191214, -20.3434207 ], [ -47.6187207, -20.3443519 ], [ -47.6185142, -20.3452704 ], [ -47.618264, -20.3481768 ], [ -47.618252, -20.3497928 ], [ -47.6184314, -20.3523679 ], [ -47.6186893, -20.3539244 ], [ -47.6188678, -20.3559169 ], [ -47.6189187, -20.3577042 ], [ -47.6184941, -20.3630469 ], [ -47.6186134, -20.3644051 ], [ -47.6188662, -20.3656433 ], [ -47.6198836, -20.369814 ], [ -47.6208605, -20.3725304 ], [ -47.6213408, -20.3735278 ], [ -47.623713, -20.3774376 ], [ -47.6244221, -20.3794187 ], [ -47.6256439, -20.3818932 ], [ -47.6264269, -20.3841747 ], [ -47.6280845, -20.3877762 ], [ -47.6288288, -20.3900895 ], [ -47.6293801, -20.3912045 ], [ -47.631014, -20.3933829 ], [ -47.6312807, -20.3938907 ], [ -47.6314874, -20.3945725 ], [ -47.6317207, -20.3963305 ], [ -47.6323008, -20.3980031 ], [ -47.6330935, -20.4013781 ], [ -47.6331055, -20.402016 ], [ -47.6328717, -20.403152 ], [ -47.6317957, -20.4046916 ], [ -47.6312217, -20.4051238 ], [ -47.6296863, -20.4060156 ], [ -47.6280551, -20.406697 ], [ -47.6266626, -20.406845 ], [ -47.6261933, -20.4072271 ], [ -47.6263446, -20.4073243 ], [ -47.6264698, -20.4076112 ], [ -47.6264698, -20.4083322 ], [ -47.6264239, -20.408816 ], [ -47.6260253, -20.4095288 ], [ -47.6262583, -20.4098762 ], [ -47.6267306, -20.4101874 ], [ -47.6274348, -20.4102005 ], [ -47.6277689, -20.4099825 ], [ -47.627946, -20.4099889 ], [ -47.6281008, -20.4100467 ], [ -47.6283906, -20.4104591 ], [ -47.6286821, -20.4106225 ], [ -47.6301115, -20.4108813 ], [ -47.6319198, -20.4115323 ], [ -47.6326461, -20.4115444 ], [ -47.6340993, -20.4110434 ], [ -47.6347287, -20.411033 ], [ -47.6354619, -20.4113419 ], [ -47.6361714, -20.4119476 ], [ -47.6372086, -20.4123953 ], [ -47.6377308, -20.4128458 ], [ -47.6380418, -20.413 ], [ -47.6398536, -20.4133823 ], [ -47.6406544, -20.4134015 ], [ -47.6415674, -20.4129555 ], [ -47.6422725, -20.4131096 ], [ -47.6425053, -20.4135334 ], [ -47.6423581, -20.4142887 ], [ -47.6423466, -20.4150579 ], [ -47.6421904, -20.4154487 ], [ -47.6422144, -20.4158901 ], [ -47.6419511, -20.4164874 ], [ -47.6420531, -20.416919 ], [ -47.6422515, -20.4170845 ], [ -47.6425084, -20.4171558 ], [ -47.6430856, -20.4171327 ], [ -47.6439578, -20.4167005 ], [ -47.6443988, -20.4167021 ], [ -47.6450428, -20.4169889 ], [ -47.6464776, -20.417308 ], [ -47.6469498, -20.417576 ], [ -47.6472156, -20.417921 ], [ -47.6483672, -20.4182927 ], [ -47.6491586, -20.4193311 ], [ -47.6494137, -20.419494 ], [ -47.6497924, -20.4194952 ], [ -47.6505726, -20.4192475 ], [ -47.6519866, -20.4194174 ], [ -47.6557257, -20.4204323 ], [ -47.6587341, -20.4215887 ], [ -47.6591298, -20.4215967 ], [ -47.660187, -20.421119 ], [ -47.6607095, -20.4210264 ], [ -47.661625, -20.4212412 ], [ -47.6621579, -20.421202 ], [ -47.6625739, -20.4215075 ], [ -47.6635518, -20.4216067 ], [ -47.6639426, -20.4218951 ], [ -47.6642925, -20.422948 ], [ -47.6644413, -20.4231062 ], [ -47.6652767, -20.4233136 ], [ -47.6658906, -20.4238438 ], [ -47.6654383, -20.4243507 ], [ -47.6651836, -20.4250176 ], [ -47.6652347, -20.4256173 ], [ -47.6655834, -20.4265371 ], [ -47.6657509, -20.4278729 ], [ -47.6653811, -20.4285176 ], [ -47.6643225, -20.4292867 ], [ -47.6638843, -20.4297302 ], [ -47.663199, -20.4316106 ], [ -47.6623209, -20.4321398 ], [ -47.6618867, -20.4327858 ], [ -47.661631, -20.4329644 ], [ -47.6590989, -20.4337214 ], [ -47.6575132, -20.4339669 ], [ -47.6572724, -20.4340859 ], [ -47.6567056, -20.4341112 ], [ -47.6559253, -20.4339174 ], [ -47.6555873, -20.4339987 ], [ -47.6554437, -20.4341077 ], [ -47.6553195, -20.434399 ], [ -47.6551218, -20.4355669 ], [ -47.6548792, -20.4360103 ], [ -47.6541506, -20.4367013 ], [ -47.653718, -20.4369149 ], [ -47.6531998, -20.4368988 ], [ -47.6528244, -20.437003 ], [ -47.6523089, -20.4376675 ], [ -47.6519273, -20.4379926 ], [ -47.6495082, -20.4388183 ], [ -47.6489748, -20.4391963 ], [ -47.6479863, -20.4404452 ], [ -47.6468398, -20.440898 ], [ -47.6452578, -20.4420516 ], [ -47.6440637, -20.4424496 ], [ -47.6421489, -20.4424645 ], [ -47.6408725, -20.4423012 ], [ -47.6398974, -20.442041 ], [ -47.6393104, -20.4421581 ], [ -47.6388895, -20.4421329 ], [ -47.6373779, -20.4415098 ], [ -47.6364976, -20.4413923 ], [ -47.6355502, -20.4414828 ], [ -47.6346505, -20.4417648 ], [ -47.6340752, -20.4421322 ], [ -47.6334751, -20.4428691 ], [ -47.6320502, -20.4449974 ], [ -47.6314553, -20.4463963 ], [ -47.6302592, -20.4485796 ], [ -47.6291034, -20.4502277 ], [ -47.6277491, -20.4528224 ], [ -47.6265248, -20.4543637 ], [ -47.6263236, -20.455169 ], [ -47.6261115, -20.4555901 ], [ -47.6253386, -20.4566057 ], [ -47.6251783, -20.4575574 ], [ -47.6241299, -20.4585548 ], [ -47.6239064, -20.4592722 ], [ -47.6238581, -20.4615027 ], [ -47.6239386, -20.4634718 ], [ -47.6234721, -20.4644743 ], [ -47.6233362, -20.465532 ], [ -47.6231482, -20.4658784 ], [ -47.6224729, -20.4664103 ], [ -47.6221011, -20.4673748 ], [ -47.6212843, -20.4680795 ], [ -47.6205857, -20.4691508 ], [ -47.619538, -20.4720703 ], [ -47.6191161, -20.4728757 ], [ -47.617269, -20.4757777 ], [ -47.6160777, -20.4781319 ], [ -47.6156095, -20.4794956 ], [ -47.6152159, -20.481674 ], [ -47.6194914, -20.4810508 ], [ -47.6231529, -20.4803116 ], [ -47.6244168, -20.4802273 ], [ -47.6266206, -20.4803572 ], [ -47.6267946, -20.4797711 ], [ -47.6268871, -20.4788817 ], [ -47.627185, -20.4778506 ], [ -47.6276397, -20.4768324 ], [ -47.6296929, -20.473188 ], [ -47.6308118, -20.4715791 ], [ -47.6317704, -20.4704363 ], [ -47.6322227, -20.4700302 ], [ -47.633127, -20.4684368 ], [ -47.6342164, -20.4670758 ], [ -47.6352318, -20.4663657 ], [ -47.6373963, -20.4654223 ], [ -47.6394956, -20.4651059 ], [ -47.640663, -20.4648022 ], [ -47.6416462, -20.4647085 ], [ -47.6444416, -20.4641647 ], [ -47.6474564, -20.4637879 ], [ -47.6501356, -20.4638287 ], [ -47.6572963, -20.4636733 ], [ -47.6594107, -20.4635703 ], [ -47.6616904, -20.4633185 ], [ -47.6654405, -20.4623909 ], [ -47.6669335, -20.4619334 ], [ -47.6697364, -20.4607843 ], [ -47.6747602, -20.4580801 ], [ -47.6758894, -20.4576067 ], [ -47.6809753, -20.4561633 ], [ -47.6835304, -20.4554383 ], [ -47.6897462, -20.4546217 ], [ -47.690751, -20.4545824 ], [ -47.6958315, -20.4548331 ], [ -47.6983046, -20.4547722 ], [ -47.700398, -20.4541706 ], [ -47.7010948, -20.4538306 ], [ -47.7028748, -20.4526135 ], [ -47.7040489, -20.4515984 ], [ -47.7072901, -20.4501794 ], [ -47.7094969, -20.4495916 ], [ -47.7107068, -20.4489455 ], [ -47.7120794, -20.447978 ], [ -47.7146929, -20.446636 ], [ -47.7166071, -20.4460008 ], [ -47.7196161, -20.4450937 ], [ -47.7231903, -20.4438733 ], [ -47.7240321, -20.4435016 ], [ -47.7249025, -20.4429466 ], [ -47.7258164, -20.4419346 ], [ -47.7271819, -20.4412534 ], [ -47.7282046, -20.4409385 ], [ -47.7298845, -20.4406382 ], [ -47.7335674, -20.440228 ], [ -47.735415, -20.4399075 ], [ -47.7368737, -20.4389374 ], [ -47.7384295, -20.437442 ], [ -47.7423595, -20.4353383 ], [ -47.7436821, -20.4342697 ], [ -47.7480434, -20.428857 ], [ -47.7482524, -20.4283852 ], [ -47.7485878, -20.4269486 ], [ -47.7497699, -20.425937 ], [ -47.7502272, -20.4256799 ], [ -47.7504015, -20.4254479 ], [ -47.7505985, -20.4245854 ], [ -47.750719, -20.4245223 ], [ -47.7534668, -20.4246977 ], [ -47.7539614, -20.4246542 ], [ -47.7557294, -20.4241391 ], [ -47.7574867, -20.42346 ], [ -47.759933, -20.4222461 ], [ -47.7604827, -20.4218835 ], [ -47.7623249, -20.4199107 ], [ -47.7630762, -20.4193296 ], [ -47.7636644, -20.4190583 ], [ -47.7643132, -20.4188539 ], [ -47.7652088, -20.4187815 ], [ -47.766311, -20.4189116 ], [ -47.76799, -20.4189084 ], [ -47.7685329, -20.4188324 ], [ -47.7692781, -20.4185928 ], [ -47.7698647, -20.4182639 ], [ -47.770511, -20.4175279 ], [ -47.7704811, -20.4171519 ], [ -47.7707942, -20.4164041 ], [ -47.7713813, -20.4155177 ], [ -47.7715789, -20.41504 ], [ -47.7719387, -20.4108553 ], [ -47.7714464, -20.4097011 ], [ -47.7711938, -20.4083361 ], [ -47.7712625, -20.4074897 ], [ -47.7716122, -20.4068062 ], [ -47.7728209, -20.4061477 ], [ -47.7762934, -20.4045582 ], [ -47.7784093, -20.4039185 ], [ -47.7803808, -20.4039111 ], [ -47.7838132, -20.4050752 ], [ -47.7850643, -20.4053867 ], [ -47.7877184, -20.4056175 ], [ -47.7891488, -20.4052861 ], [ -47.7899157, -20.4049545 ], [ -47.7908023, -20.4043421 ], [ -47.7930277, -20.4023122 ], [ -47.795837, -20.3992293 ], [ -47.7973265, -20.3974485 ], [ -47.7983992, -20.3958759 ], [ -47.8000589, -20.3940804 ], [ -47.8015519, -20.3922331 ], [ -47.8027612, -20.3911941 ], [ -47.8036022, -20.3904711 ], [ -47.8066649, -20.3888744 ], [ -47.8091528, -20.3881044 ], [ -47.8104641, -20.3878674 ], [ -47.811263, -20.3880252 ], [ -47.8120709, -20.3885591 ], [ -47.8134365, -20.3890965 ], [ -47.816322, -20.3906776 ], [ -47.8171375, -20.3909904 ] ] ] ] } },
{ "type": "Feature", "properties": { "CD_MUN": "3523701", "NM_MUN": "Itirapuã", "CD_RGI": "350033", "NM_RGI": "Franca", "CD_RGINT": "3508", "NM_RGINT": "Ribeirão Preto", "CD_UF": "35", "NM_UF": "São Paulo", "SIGLA_UF": "SP", "CD_REGIA": "3", "NM_REGIA": "Sudeste", "SIGLA_RG": "SE", "CD_CONCU": "3516200", "NM_CONCU": "Franca/SP", "AREA_KM2": 161.118 }, "geometry": { "type": "MultiPolygon", "coordinates": [ [ [ [ -47.2488169, -20.6579493 ], [ -47.2498488, -20.6555423 ], [ -47.2499758, -20.6548005 ], [ -47.2504057, -20.6540086 ], [ -47.2505462, -20.653395 ], [ -47.2509948, -20.6523755 ], [ -47.2514499, -20.6491082 ], [ -47.2516421, -20.6488677 ], [ -47.2520906, -20.6485652 ], [ -47.2529075, -20.6481621 ], [ -47.2524364, -20.6480652 ], [ -47.2519653, -20.6479682 ], [ -47.2502792, -20.6468766 ], [ -47.249863, -20.646775 ], [ -47.2493496, -20.6467011 ], [ -47.2482082, -20.6471437 ], [ -47.2478368, -20.6471814 ], [ -47.2474989, -20.6470685 ], [ -47.2467635, -20.6466518 ], [ -47.2455863, -20.6453903 ], [ -47.2436703, -20.6446337 ], [ -47.2415184, -20.6432624 ], [ -47.2397556, -20.6423447 ], [ -47.2390809, -20.6413175 ], [ -47.2386839, -20.6403307 ], [ -47.2384122, -20.6399823 ], [ -47.2370653, -20.6392137 ], [ -47.2366846, -20.6386616 ], [ -47.236314, -20.637772 ], [ -47.2357161, -20.6371135 ], [ -47.2347776, -20.6364938 ], [ -47.2329183, -20.6357385 ], [ -47.2314418, -20.6344725 ], [ -47.2314825, -20.6339026 ], [ -47.2313937, -20.6335883 ], [ -47.231172, -20.6333047 ], [ -47.2301745, -20.6324994 ], [ -47.2299497, -20.6321546 ], [ -47.2293218, -20.6303376 ], [ -47.2293053, -20.6293244 ], [ -47.2291308, -20.6284541 ], [ -47.2289859, -20.6281717 ], [ -47.2284753, -20.6279056 ], [ -47.2264437, -20.6275722 ], [ -47.2252525, -20.6275401 ], [ -47.2243904, -20.627015 ], [ -47.2232275, -20.6266695 ], [ -47.222607, -20.6261565 ], [ -47.2221222, -20.625267 ], [ -47.2220179, -20.6250757 ], [ -47.2218798, -20.6248227 ], [ -47.221524, -20.6245527 ], [ -47.2193031, -20.6238587 ], [ -47.2189746, -20.6236446 ], [ -47.2185838, -20.6230597 ], [ -47.2174425, -20.6218633 ], [ -47.2171431, -20.6212128 ], [ -47.216314, -20.6199037 ], [ -47.2161275, -20.6194131 ], [ -47.2160621, -20.6188984 ], [ -47.2152856, -20.6180262 ], [ -47.2144342, -20.6176102 ], [ -47.2130171, -20.617324 ], [ -47.2111736, -20.6171504 ], [ -47.2092802, -20.6162625 ], [ -47.2079306, -20.6157991 ], [ -47.206442, -20.6146197 ], [ -47.2061532, -20.6139669 ], [ -47.205966, -20.6137511 ], [ -47.2050085, -20.613215 ], [ -47.2043401, -20.6127226 ], [ -47.2042106, -20.6124615 ], [ -47.2040472, -20.6115378 ], [ -47.2038812, -20.6112986 ], [ -47.2030236, -20.6108068 ], [ -47.2023197, -20.6101621 ], [ -47.2012012, -20.6096853 ], [ -47.2006441, -20.6095395 ], [ -47.1963662, -20.6092661 ], [ -47.1959316, -20.6090205 ], [ -47.1954971, -20.6087748 ], [ -47.1948953, -20.6079516 ], [ -47.1936306, -20.6069866 ], [ -47.1929074, -20.6066681 ], [ -47.1916575, -20.6058878 ], [ -47.1871071, -20.6038714 ], [ -47.1848962, -20.6030696 ], [ -47.1840591, -20.6028509 ], [ -47.1786977, -20.6020773 ], [ -47.1753757, -20.6021195 ], [ -47.1730846, -20.6025516 ], [ -47.1717088, -20.6026575 ], [ -47.169065, -20.6031834 ], [ -47.1672154, -20.6043497 ], [ -47.1660502, -20.6048115 ], [ -47.165345, -20.6049078 ], [ -47.1641058, -20.6048141 ], [ -47.163022, -20.6043807 ], [ -47.1619568, -20.6035321 ], [ -47.1604445, -20.6025266 ], [ -47.1595281, -20.6023648 ], [ -47.1590526, -20.6023712 ], [ -47.1571583, -20.6026893 ], [ -47.1563592, -20.6025896 ], [ -47.1558703, -20.6023781 ], [ -47.15492, -20.6015825 ], [ -47.1542078, -20.6006983 ], [ -47.1533305, -20.5992802 ], [ -47.1531495, -20.5985858 ], [ -47.1531034, -20.5979857 ], [ -47.1535752, -20.5952174 ], [ -47.1534937, -20.5944219 ], [ -47.1533089, -20.5936186 ], [ -47.1523035, -20.5912486 ], [ -47.1521511, -20.5903227 ], [ -47.1520216, -20.5884777 ], [ -47.1517429, -20.5875207 ], [ -47.151493, -20.5870994 ], [ -47.1512924, -20.5868624 ], [ -47.1502113, -20.5863303 ], [ -47.1451302, -20.584523 ], [ -47.14364, -20.5838435 ], [ -47.142399, -20.5828118 ], [ -47.1413881, -20.5816571 ], [ -47.1411283, -20.581177 ], [ -47.1409625, -20.5802739 ], [ -47.1411645, -20.5772508 ], [ -47.1420098, -20.5732172 ], [ -47.1423187, -20.5704201 ], [ -47.1434521, -20.5687354 ], [ -47.143628, -20.5679158 ], [ -47.1435935, -20.5672955 ], [ -47.1434116, -20.5666001 ], [ -47.1431239, -20.5659734 ], [ -47.1427522, -20.5655914 ], [ -47.1427513, -20.5655945 ], [ -47.1426277, -20.5660141 ], [ -47.1417554, -20.5672267 ], [ -47.1410695, -20.567559 ], [ -47.1405126, -20.5682684 ], [ -47.1400129, -20.5701209 ], [ -47.1387076, -20.5712688 ], [ -47.1366246, -20.5765481 ], [ -47.1356698, -20.5785866 ], [ -47.13555, -20.5788424 ], [ -47.1351161, -20.5804147 ], [ -47.1342965, -20.5833845 ], [ -47.1339774, -20.5854319 ], [ -47.1337636, -20.5868042 ], [ -47.1330682, -20.5881566 ], [ -47.1329876, -20.5895845 ], [ -47.1323961, -20.5907839 ], [ -47.1313154, -20.5908598 ], [ -47.1263467, -20.5901848 ], [ -47.1252901, -20.5904314 ], [ -47.1244791, -20.5915124 ], [ -47.1237636, -20.593138 ], [ -47.1230899, -20.5937923 ], [ -47.1227618, -20.5946813 ], [ -47.1229854, -20.59592 ], [ -47.1242937, -20.5984853 ], [ -47.1257299, -20.6030068 ], [ -47.1258549, -20.6056861 ], [ -47.1252904, -20.6087946 ], [ -47.1238753, -20.6098337 ], [ -47.1233443, -20.610623 ], [ -47.1232055, -20.61155 ], [ -47.1233226, -20.6127225 ], [ -47.1182303, -20.6147067 ], [ -47.1159019, -20.6152766 ], [ -47.1107124, -20.6196201 ], [ -47.1096468, -20.6199956 ], [ -47.1087345, -20.6208048 ], [ -47.108507, -20.6218863 ], [ -47.1093203, -20.6231627 ], [ -47.1105089, -20.6245062 ], [ -47.1117086, -20.628174 ], [ -47.1118492, -20.6309734 ], [ -47.1120174, -20.6343218 ], [ -47.1124274, -20.6373394 ], [ -47.1126809, -20.6380843 ], [ -47.111816, -20.6389879 ], [ -47.1086277, -20.6381131 ], [ -47.1078156, -20.6382327 ], [ -47.1065659, -20.6388946 ], [ -47.1041499, -20.6406483 ], [ -47.1015374, -20.6421992 ], [ -47.0985147, -20.6435838 ], [ -47.0974565, -20.6438768 ], [ -47.0968958, -20.6445283 ], [ -47.0969013, -20.6452759 ], [ -47.0981807, -20.6471584 ], [ -47.0979316, -20.6486478 ], [ -47.0969063, -20.6505222 ], [ -47.0963196, -20.6511556 ], [ -47.095922, -20.6522339 ], [ -47.0959186, -20.6526911 ], [ -47.0959151, -20.6531472 ], [ -47.0959069, -20.6541332 ], [ -47.096071, -20.6557657 ], [ -47.0958157, -20.6577722 ], [ -47.0967873, -20.6617832 ], [ -47.0992358, -20.6658224 ], [ -47.1002926, -20.6665804 ], [ -47.1010125, -20.6673133 ], [ -47.1024685, -20.6695209 ], [ -47.1027102, -20.6698871 ], [ -47.1028236, -20.6708618 ], [ -47.1024858, -20.6724833 ], [ -47.1027877, -20.6733038 ], [ -47.1023725, -20.6746626 ], [ -47.1009046, -20.6774376 ], [ -47.1003175, -20.679112 ], [ -47.1009753, -20.6820174 ], [ -47.1009807, -20.6820413 ], [ -47.1012353, -20.6831658 ], [ -47.1030009, -20.6855582 ], [ -47.1064829, -20.6883639 ], [ -47.1102851, -20.6941305 ], [ -47.1127937, -20.6966476 ], [ -47.1133218, -20.6976918 ], [ -47.1126734, -20.700379 ], [ -47.1127313, -20.7035713 ], [ -47.1132748, -20.705165 ], [ -47.1153009, -20.7072048 ], [ -47.1199759, -20.7078479 ], [ -47.1266754, -20.7093185 ], [ -47.1284852, -20.7091137 ], [ -47.1341217, -20.7064328 ], [ -47.13571, -20.7065586 ], [ -47.1380011, -20.7074615 ], [ -47.1445373, -20.7057008 ], [ -47.1474254, -20.707469 ], [ -47.1490655, -20.7076166 ], [ -47.1500338, -20.7072605 ], [ -47.1519035, -20.7054289 ], [ -47.1550156, -20.7041513 ], [ -47.1572897, -20.7035764 ], [ -47.1599019, -20.7038152 ], [ -47.1632614, -20.703398 ], [ -47.1647562, -20.7014598 ], [ -47.1655985, -20.7014877 ], [ -47.1665876, -20.702373 ], [ -47.1689087, -20.703018 ], [ -47.1692408, -20.7034308 ], [ -47.1708969, -20.7092874 ], [ -47.1731248, -20.7119186 ], [ -47.1695692, -20.7161537 ], [ -47.1695094, -20.7176966 ], [ -47.1702735, -20.7186306 ], [ -47.1751066, -20.7220052 ], [ -47.1768825, -20.7243509 ], [ -47.1782733, -20.7251757 ], [ -47.1816208, -20.7263588 ], [ -47.1837656, -20.7282402 ], [ -47.1848793, -20.7304421 ], [ -47.1862607, -20.7311344 ], [ -47.1862461, -20.7314393 ], [ -47.1868668, -20.7306919 ], [ -47.1871552, -20.7297276 ], [ -47.1873171, -20.7296971 ], [ -47.1874789, -20.7296667 ], [ -47.1878458, -20.730974 ], [ -47.1884549, -20.731086 ], [ -47.1887464, -20.7313122 ], [ -47.1891196, -20.7312622 ], [ -47.1902036, -20.7302124 ], [ -47.1906206, -20.7300437 ], [ -47.1907861, -20.7302946 ], [ -47.1910037, -20.7316328 ], [ -47.191251, -20.7319678 ], [ -47.191509, -20.732128 ], [ -47.1919387, -20.7322105 ], [ -47.1922388, -20.7320974 ], [ -47.1925564, -20.7317658 ], [ -47.1933561, -20.7315277 ], [ -47.1939307, -20.7306726 ], [ -47.1949857, -20.7298623 ], [ -47.1952091, -20.7294228 ], [ -47.1952296, -20.7290741 ], [ -47.1950396, -20.7279552 ], [ -47.1951284, -20.7276254 ], [ -47.1955361, -20.7269775 ], [ -47.1964775, -20.7262122 ], [ -47.1969282, -20.7254419 ], [ -47.1969587, -20.7251251 ], [ -47.1967851, -20.7243258 ], [ -47.1968964, -20.7240723 ], [ -47.1975512, -20.7234629 ], [ -47.1977387, -20.7229473 ], [ -47.1975524, -20.7220452 ], [ -47.1975705, -20.7216622 ], [ -47.1979135, -20.7213855 ], [ -47.1982062, -20.7208157 ], [ -47.1985049, -20.7207331 ], [ -47.1987058, -20.7207527 ], [ -47.198834, -20.7208925 ], [ -47.1988833, -20.7211226 ], [ -47.1987992, -20.7216252 ], [ -47.1988934, -20.7217546 ], [ -47.1992284, -20.7217184 ], [ -47.2008283, -20.7203051 ], [ -47.2008953, -20.7199663 ], [ -47.2005011, -20.7192644 ], [ -47.200519, -20.7188024 ], [ -47.2007534, -20.7183318 ], [ -47.200875, -20.7177831 ], [ -47.2013058, -20.7173688 ], [ -47.2015806, -20.7164056 ], [ -47.2018182, -20.7160547 ], [ -47.2020833, -20.7159079 ], [ -47.2029202, -20.7160153 ], [ -47.2032312, -20.715873 ], [ -47.2040326, -20.7151848 ], [ -47.2040872, -20.7149093 ], [ -47.2040142, -20.7146719 ], [ -47.2032931, -20.7141252 ], [ -47.2033916, -20.7136439 ], [ -47.2035961, -20.7134327 ], [ -47.2042649, -20.7131741 ], [ -47.2047131, -20.7128845 ], [ -47.2050671, -20.7125542 ], [ -47.2053674, -20.7116199 ], [ -47.2055935, -20.7112685 ], [ -47.2057912, -20.7111244 ], [ -47.2063916, -20.7110402 ], [ -47.2065749, -20.7109378 ], [ -47.2070316, -20.7100096 ], [ -47.2072947, -20.7097549 ], [ -47.2079953, -20.709343 ], [ -47.2084926, -20.708473 ], [ -47.2095209, -20.7081441 ], [ -47.2094923, -20.7078177 ], [ -47.2085334, -20.707303 ], [ -47.2081131, -20.7069694 ], [ -47.2080047, -20.7067728 ], [ -47.207988, -20.7064371 ], [ -47.2081464, -20.7061827 ], [ -47.2086763, -20.7058917 ], [ -47.2103054, -20.7055989 ], [ -47.2105511, -20.7056283 ], [ -47.211078, -20.7061126 ], [ -47.2114048, -20.7061946 ], [ -47.2119813, -20.7060024 ], [ -47.2127729, -20.7053371 ], [ -47.213096, -20.7053103 ], [ -47.213305, -20.7054281 ], [ -47.2137309, -20.7059578 ], [ -47.2148336, -20.7066748 ], [ -47.2154723, -20.7067655 ], [ -47.2164319, -20.7064913 ], [ -47.2171505, -20.7064709 ], [ -47.2186246, -20.7073894 ], [ -47.2188452, -20.7073764 ], [ -47.2192794, -20.7070341 ], [ -47.2195496, -20.7063636 ], [ -47.2199558, -20.7063471 ], [ -47.2206876, -20.7067846 ], [ -47.2212308, -20.7067771 ], [ -47.2215081, -20.7066766 ], [ -47.2220319, -20.7060933 ], [ -47.222949, -20.7053484 ], [ -47.2229467, -20.7051848 ], [ -47.2224524, -20.7048518 ], [ -47.2222752, -20.7044945 ], [ -47.2223502, -20.7033528 ], [ -47.2219258, -20.7019713 ], [ -47.2218288, -20.7009145 ], [ -47.2220902, -20.7004189 ], [ -47.2223675, -20.7003839 ], [ -47.223199, -20.7010184 ], [ -47.2237201, -20.7010981 ], [ -47.2239067, -20.7010497 ], [ -47.2246635, -20.7005169 ], [ -47.2252202, -20.6997057 ], [ -47.2253006, -20.6995885 ], [ -47.2253616, -20.6994998 ], [ -47.2256479, -20.6990836 ], [ -47.2259351, -20.6980077 ], [ -47.2262906, -20.6976846 ], [ -47.2269938, -20.6974911 ], [ -47.227078, -20.6973264 ], [ -47.2271622, -20.6971617 ], [ -47.2270261, -20.6966163 ], [ -47.2261757, -20.695522 ], [ -47.2260754, -20.6951209 ], [ -47.2260959, -20.6947273 ], [ -47.2263104, -20.6944185 ], [ -47.2269869, -20.6939409 ], [ -47.2276437, -20.6936251 ], [ -47.2284222, -20.6929502 ], [ -47.2287577, -20.6916965 ], [ -47.2291457, -20.6913325 ], [ -47.2293727, -20.6913485 ], [ -47.2303581, -20.6917419 ], [ -47.2308921, -20.6917241 ], [ -47.2313636, -20.6915763 ], [ -47.2318897, -20.6910668 ], [ -47.2321426, -20.6900497 ], [ -47.2323908, -20.6896523 ], [ -47.2324899, -20.689304 ], [ -47.2324951, -20.6888433 ], [ -47.2328226, -20.6882621 ], [ -47.2330059, -20.6881597 ], [ -47.2333543, -20.6881886 ], [ -47.2338356, -20.6886198 ], [ -47.2341089, -20.6890195 ], [ -47.2342852, -20.6891369 ], [ -47.2346423, -20.6891212 ], [ -47.2361854, -20.687972 ], [ -47.2368572, -20.6871446 ], [ -47.2370261, -20.6867828 ], [ -47.2369639, -20.6863446 ], [ -47.2363427, -20.6860149 ], [ -47.2362406, -20.6853505 ], [ -47.23592, -20.6850537 ], [ -47.234889, -20.6840992 ], [ -47.2348963, -20.6839566 ], [ -47.2352779, -20.6837567 ], [ -47.2371271, -20.6841685 ], [ -47.2377938, -20.6839528 ], [ -47.2378806, -20.683427 ], [ -47.2375902, -20.6825917 ], [ -47.2375615, -20.6823301 ], [ -47.2376529, -20.6821108 ], [ -47.2378491, -20.6818884 ], [ -47.2382379, -20.6817212 ], [ -47.2384393, -20.681707 ], [ -47.2386407, -20.6816929 ], [ -47.2485728, -20.6585198 ], [ -47.248623, -20.6584025 ], [ -47.2487177, -20.6581816 ], [ -47.2488169, -20.6579493 ] ] ] ] } },
{ "type": "Feature", "properties": { "CD_MUN": "3507803", "NM_MUN": "Brodowski", "CD_RGI": "350031", "NM_RGI": "Ribeirão Preto", "CD_RGINT": "3508", "NM_RGINT": "Ribeirão Preto", "CD_UF": "35", "NM_UF": "São Paulo", "SIGLA_UF": "SP", "CD_REGIA": "3", "NM_REGIA": "Sudeste", "SIGLA_RG": "SE", "CD_CONCU": "3543402", "NM_CONCU": "Ribeirão Preto/SP", "AREA_KM2": 278.458 }, "geometry": { "type": "MultiPolygon", "coordinates": [ [ [ [ -47.688441, -21.015044 ], [ -47.68833, -21.01403 ], [ -47.688062, -21.013105 ], [ -47.687937, -21.012338 ], [ -47.687883, -21.011556 ], [ -47.687969, -21.010032 ], [ -47.687932, -21.008448 ], [ -47.687991, -21.007402 ], [ -47.687969, -21.005842 ], [ -47.687723, -21.004588 ], [ -47.687108, -21.00348 ], [ -47.686852, -21.002819 ], [ -47.686864, -21.002747 ], [ -47.690142, -21.000361 ], [ -47.726035, -20.974217 ], [ -47.725889, -20.973917 ], [ -47.725691, -20.973127 ], [ -47.725587, -20.972913 ], [ -47.725312, -20.972485 ], [ -47.725223, -20.972228 ], [ -47.725059, -20.971207 ], [ -47.725046, -20.970473 ], [ -47.724937, -20.970043 ], [ -47.724825, -20.969756 ], [ -47.724691, -20.969528 ], [ -47.724541, -20.969335 ], [ -47.724245, -20.969045 ], [ -47.72411, -20.968832 ], [ -47.724048, -20.968582 ], [ -47.724066, -20.968516 ], [ -47.724058, -20.968381 ], [ -47.724021, -20.968261 ], [ -47.723937, -20.968139 ], [ -47.723805, -20.967937 ], [ -47.723672, -20.967791 ], [ -47.723607, -20.967716 ], [ -47.723551, -20.967572 ], [ -47.723459, -20.967149 ], [ -47.723355, -20.966963 ], [ -47.723058, -20.966629 ], [ -47.723049, -20.966579 ], [ -47.722261, -20.9659 ], [ -47.721269, -20.964829 ], [ -47.720116, -20.963384 ], [ -47.719423, -20.962542 ], [ -47.718574, -20.96183 ], [ -47.71714, -20.960895 ], [ -47.715832, -20.960221 ], [ -47.714768, -20.959763 ], [ -47.713637, -20.959125 ], [ -47.712303, -20.958231 ], [ -47.711319, -20.957507 ], [ -47.710496, -20.95673 ], [ -47.709928, -20.955928 ], [ -47.70973, -20.955562 ], [ -47.709573, -20.955205 ], [ -47.709449, -20.954877 ], [ -47.709333, -20.954529 ], [ -47.709229, -20.95409 ], [ -47.70919, -20.95368 ], [ -47.709202, -20.95319 ], [ -47.709254, -20.95278 ], [ -47.709449, -20.95186 ], [ -47.709518, -20.951693 ], [ -47.709745, -20.95113 ], [ -47.710205, -20.950195 ], [ -47.710643, -20.949541 ], [ -47.711014, -20.949204 ], [ -47.711903, -20.948575 ], [ -47.712804, -20.94801 ], [ -47.713327, -20.947582 ], [ -47.71367, -20.947349 ], [ -47.714053, -20.94709 ], [ -47.715059, -20.946452 ], [ -47.716905, -20.945393 ], [ -47.717472, -20.944879 ], [ -47.71776, -20.944457 ], [ -47.718117, -20.943779 ], [ -47.71849, -20.942924 ], [ -47.718683, -20.942395 ], [ -47.718744, -20.942028 ], [ -47.718748, -20.941513 ], [ -47.718712, -20.941122 ], [ -47.718859, -20.9402418 ], [ -47.7187307, -20.9390398 ], [ -47.7185028, -20.938363 ], [ -47.7183502, -20.9385606 ], [ -47.7183854, -20.9397875 ], [ -47.7182453, -20.9399388 ], [ -47.7164003, -20.9400906 ], [ -47.7149727, -20.9399007 ], [ -47.71436, -20.9400104 ], [ -47.7114815, -20.9411736 ], [ -47.7102467, -20.9410429 ], [ -47.7098028, -20.9410742 ], [ -47.7084161, -20.9416519 ], [ -47.7070934, -20.9428369 ], [ -47.7067815, -20.9430251 ], [ -47.7064173, -20.9431061 ], [ -47.704099, -20.9427252 ], [ -47.7037456, -20.9427311 ], [ -47.7032914, -20.9428241 ], [ -47.7021519, -20.9433577 ], [ -47.700639, -20.9436627 ], [ -47.6999462, -20.9436633 ], [ -47.6993303, -20.9435733 ], [ -47.6984218, -20.9431218 ], [ -47.6978068, -20.9430102 ], [ -47.6972643, -20.9426863 ], [ -47.6959697, -20.9427187 ], [ -47.694475, -20.9430252 ], [ -47.6942527, -20.9429811 ], [ -47.6927684, -20.9418736 ], [ -47.6923698, -20.9417205 ], [ -47.6919766, -20.9416664 ], [ -47.6908026, -20.94183 ], [ -47.6897667, -20.9417982 ], [ -47.6891725, -20.9413538 ], [ -47.6884392, -20.9405553 ], [ -47.6881391, -20.9399581 ], [ -47.6879809, -20.9398093 ], [ -47.6857718, -20.9393512 ], [ -47.685349, -20.9388124 ], [ -47.684841, -20.9386057 ], [ -47.684587, -20.9382835 ], [ -47.6843107, -20.9381294 ], [ -47.6836677, -20.9379979 ], [ -47.6831413, -20.9377483 ], [ -47.6822425, -20.9377979 ], [ -47.6817869, -20.9376714 ], [ -47.6813776, -20.9374073 ], [ -47.6806793, -20.9373564 ], [ -47.6799395, -20.9369191 ], [ -47.6791835, -20.9369362 ], [ -47.6790437, -20.9368744 ], [ -47.6788884, -20.9365864 ], [ -47.678461, -20.9364097 ], [ -47.677592, -20.9365503 ], [ -47.676795, -20.9369929 ], [ -47.6764819, -20.9369787 ], [ -47.6756935, -20.9365549 ], [ -47.6750789, -20.9365961 ], [ -47.6745057, -20.9364068 ], [ -47.6742786, -20.9364299 ], [ -47.6742015, -20.9365017 ], [ -47.6739702, -20.936717 ], [ -47.6728338, -20.9387026 ], [ -47.6724903, -20.9390684 ], [ -47.6719136, -20.939441 ], [ -47.6690514, -20.9407109 ], [ -47.6682009, -20.9413026 ], [ -47.6674276, -20.9422307 ], [ -47.6666479, -20.9435353 ], [ -47.6658065, -20.9443448 ], [ -47.6644646, -20.945019 ], [ -47.6623924, -20.9457381 ], [ -47.6613947, -20.9463495 ], [ -47.65882, -20.9468665 ], [ -47.6569682, -20.9479021 ], [ -47.6565632, -20.9482854 ], [ -47.6563528, -20.9485748 ], [ -47.6557214, -20.9494429 ], [ -47.6551652, -20.9515342 ], [ -47.6547408, -20.952512 ], [ -47.6537276, -20.9536945 ], [ -47.6523909, -20.954581 ], [ -47.6504341, -20.9556602 ], [ -47.6503309, -20.955717 ], [ -47.6496844, -20.9560729 ], [ -47.6474329, -20.9577229 ], [ -47.6460731, -20.9585185 ], [ -47.6452484, -20.9592216 ], [ -47.6445346, -20.9602614 ], [ -47.6436969, -20.9631757 ], [ -47.6430227, -20.9635301 ], [ -47.6424011, -20.9636072 ], [ -47.6416673, -20.9636982 ], [ -47.6405364, -20.9632313 ], [ -47.6391383, -20.9626541 ], [ -47.6375631, -20.962289 ], [ -47.6333618, -20.9624638 ], [ -47.6325533, -20.9626252 ], [ -47.6296, -20.9642749 ], [ -47.6288068, -20.9645969 ], [ -47.6277106, -20.964736 ], [ -47.6252277, -20.9640125 ], [ -47.6237799, -20.9631629 ], [ -47.6231419, -20.962642 ], [ -47.6222449, -20.9622158 ], [ -47.6180546, -20.9618377 ], [ -47.61483, -20.9616528 ], [ -47.612989, -20.9617676 ], [ -47.612129, -20.9619405 ], [ -47.6117304, -20.9623293 ], [ -47.6113013, -20.963207 ], [ -47.611085, -20.9643299 ], [ -47.6111891, -20.9650017 ], [ -47.6119135, -20.9667908 ], [ -47.6121522, -20.9678066 ], [ -47.6121915, -20.9685093 ], [ -47.6119725, -20.9701455 ], [ -47.6112789, -20.973206 ], [ -47.6094154, -20.9796166 ], [ -47.6084744, -20.9814793 ], [ -47.6069145, -20.9851025 ], [ -47.6060206, -20.9864482 ], [ -47.6048979, -20.9878546 ], [ -47.6045916, -20.9881195 ], [ -47.6031705, -20.9893552 ], [ -47.6015788, -20.9903836 ], [ -47.6003033, -20.9907467 ], [ -47.5959994, -20.9914758 ], [ -47.594123, -20.9920699 ], [ -47.5923094, -20.9929073 ], [ -47.586572, -20.9963998 ], [ -47.5844807, -20.9980295 ], [ -47.5784545, -21.0049216 ], [ -47.5774968, -21.0055689 ], [ -47.5762034, -21.0066342 ], [ -47.576008, -21.0071051 ], [ -47.575947, -21.0081879 ], [ -47.5754633, -21.0085796 ], [ -47.5735935, -21.009438 ], [ -47.5728086, -21.0110797 ], [ -47.5719145, -21.0120152 ], [ -47.5717545, -21.013631 ], [ -47.5714655, -21.014128 ], [ -47.5710078, -21.014518 ], [ -47.5709769, -21.0145973 ], [ -47.5709461, -21.0146766 ], [ -47.5710989, -21.0159796 ], [ -47.570786, -21.0171886 ], [ -47.570711, -21.0178115 ], [ -47.5707591, -21.0186179 ], [ -47.5704661, -21.0192739 ], [ -47.5697818, -21.0203422 ], [ -47.5698233, -21.0223979 ], [ -47.5696242, -21.0229757 ], [ -47.5691371, -21.0235111 ], [ -47.5683123, -21.0235933 ], [ -47.5679109, -21.0240619 ], [ -47.5672045, -21.0244569 ], [ -47.5669494, -21.0248815 ], [ -47.5669678, -21.0251915 ], [ -47.5678238, -21.0270441 ], [ -47.5678286, -21.0276708 ], [ -47.5676726, -21.0280722 ], [ -47.5676813, -21.0283395 ], [ -47.567945, -21.0290363 ], [ -47.5681298, -21.0291942 ], [ -47.5687209, -21.029283 ], [ -47.5688464, -21.0294109 ], [ -47.5688862, -21.0301846 ], [ -47.5702357, -21.030817 ], [ -47.5706229, -21.0312622 ], [ -47.5707587, -21.031528 ], [ -47.5707702, -21.0318431 ], [ -47.5704251, -21.0326356 ], [ -47.5704217, -21.0331164 ], [ -47.570695, -21.0335654 ], [ -47.5714277, -21.0342815 ], [ -47.5716143, -21.0349565 ], [ -47.5720933, -21.0349664 ], [ -47.5722456, -21.0350746 ], [ -47.5724719, -21.0356324 ], [ -47.5727212, -21.035925 ], [ -47.5726847, -21.0362131 ], [ -47.572245, -21.0365633 ], [ -47.5722419, -21.0367043 ], [ -47.5724707, -21.0370474 ], [ -47.5724498, -21.0371518 ], [ -47.5720521, -21.0374892 ], [ -47.5721401, -21.0380822 ], [ -47.5719239, -21.0384301 ], [ -47.5572912, -21.0382365 ], [ -47.5571354, -21.0382345 ], [ -47.5537313, -21.0380881 ], [ -47.5529424, -21.0379414 ], [ -47.5518351, -21.0375392 ], [ -47.5511494, -21.0371438 ], [ -47.5493005, -21.0358569 ], [ -47.5479708, -21.0346102 ], [ -47.5476265, -21.0343563 ], [ -47.5473489, -21.0342739 ], [ -47.5447851, -21.034426 ], [ -47.5414948, -21.0342118 ], [ -47.5408138, -21.0344835 ], [ -47.5406385, -21.0345534 ], [ -47.540535, -21.035136 ], [ -47.540757, -21.035721 ], [ -47.540984, -21.036188 ], [ -47.541019, -21.036357 ], [ -47.540976, -21.036614 ], [ -47.541265, -21.037036 ], [ -47.541244, -21.03717 ], [ -47.54107, -21.037526 ], [ -47.540996, -21.037761 ], [ -47.541072, -21.038128 ], [ -47.541067, -21.038246 ], [ -47.540949, -21.038682 ], [ -47.540871, -21.038786 ], [ -47.540751, -21.039075 ], [ -47.540431, -21.03958 ], [ -47.539983, -21.039991 ], [ -47.539884, -21.040118 ], [ -47.539755, -21.04037 ], [ -47.539734, -21.040591 ], [ -47.539804, -21.040943 ], [ -47.540157, -21.041677 ], [ -47.540027, -21.042101 ], [ -47.539284, -21.043098 ], [ -47.539101, -21.043388 ], [ -47.538881, -21.043825 ], [ -47.538823, -21.04412 ], [ -47.538828, -21.044385 ], [ -47.539014, -21.044779 ], [ -47.539335, -21.0452 ], [ -47.539441, -21.045465 ], [ -47.539591, -21.046419 ], [ -47.539652, -21.047227 ], [ -47.539538, -21.047904 ], [ -47.539301, -21.048732 ], [ -47.538709, -21.050315 ], [ -47.538471, -21.050818 ], [ -47.538219, -21.051143 ], [ -47.537656, -21.051617 ], [ -47.537204, -21.051855 ], [ -47.536698, -21.052015 ], [ -47.535929, -21.052159 ], [ -47.535638, -21.052343 ], [ -47.535353, -21.052437 ], [ -47.534627, -21.052527 ], [ -47.534265, -21.052497 ], [ -47.533378, -21.052572 ], [ -47.533017, -21.052497 ], [ -47.532862, -21.052536 ], [ -47.532747, -21.052655 ], [ -47.532686, -21.052833 ], [ -47.532637, -21.053186 ], [ -47.532214, -21.05373 ], [ -47.532114, -21.053965 ], [ -47.532012, -21.054118 ], [ -47.531816, -21.054777 ], [ -47.531704, -21.054922 ], [ -47.531196, -21.055242 ], [ -47.531056, -21.055388 ], [ -47.530862, -21.055712 ], [ -47.530734, -21.055803 ], [ -47.530592, -21.055797 ], [ -47.530429, -21.055701 ], [ -47.530266, -21.055658 ], [ -47.530067, -21.055724 ], [ -47.529956, -21.055913 ], [ -47.529816, -21.056067 ], [ -47.529616, -21.056159 ], [ -47.529386, -21.056465 ], [ -47.529358, -21.056768 ], [ -47.529255, -21.056878 ], [ -47.528825, -21.05706 ], [ -47.52837, -21.057531 ], [ -47.527986, -21.057634 ], [ -47.527846, -21.057797 ], [ -47.527906, -21.058002 ], [ -47.528082, -21.058294 ], [ -47.528076, -21.058437 ], [ -47.52795, -21.058641 ], [ -47.527742, -21.058843 ], [ -47.527579, -21.058933 ], [ -47.527328, -21.058959 ], [ -47.527046, -21.05892 ], [ -47.526792, -21.0588 ], [ -47.526668, -21.058802 ], [ -47.526527, -21.058858 ], [ -47.526467, -21.058947 ], [ -47.526372, -21.058993 ], [ -47.526231, -21.05891 ], [ -47.526121, -21.058926 ], [ -47.526029, -21.059059 ], [ -47.525827, -21.059136 ], [ -47.525638, -21.059117 ], [ -47.525389, -21.059143 ], [ -47.525241, -21.059305 ], [ -47.525381, -21.059679 ], [ -47.525367, -21.05976 ], [ -47.52522, -21.059987 ], [ -47.524929, -21.060188 ], [ -47.524827, -21.060296 ], [ -47.524724, -21.060486 ], [ -47.524736, -21.060646 ], [ -47.524824, -21.060771 ], [ -47.525073, -21.060935 ], [ -47.525016, -21.061243 ], [ -47.525163, -21.06144 ], [ -47.525214, -21.06161 ], [ -47.524915, -21.061989 ], [ -47.524853, -21.062276 ], [ -47.52464, -21.062556 ], [ -47.524631, -21.062663 ], [ -47.524719, -21.06276 ], [ -47.524959, -21.062891 ], [ -47.524988, -21.062961 ], [ -47.524981, -21.063051 ], [ -47.524769, -21.063331 ], [ -47.524562, -21.063532 ], [ -47.524002, -21.064549 ], [ -47.524034, -21.064727 ], [ -47.524088, -21.064824 ], [ -47.52409, -21.064923 ], [ -47.524026, -21.065111 ], [ -47.523725, -21.06525 ], [ -47.523659, -21.065367 ], [ -47.523913, -21.065685 ], [ -47.523875, -21.065757 ], [ -47.523715, -21.065822 ], [ -47.523557, -21.065827 ], [ -47.523339, -21.065896 ], [ -47.523293, -21.065978 ], [ -47.52339, -21.066116 ], [ -47.523502, -21.06621 ], [ -47.523536, -21.066376 ], [ -47.523489, -21.066467 ], [ -47.523319, -21.066549 ], [ -47.523117, -21.06691 ], [ -47.523023, -21.066991 ], [ -47.522913, -21.067262 ], [ -47.52242, -21.067332 ], [ -47.522364, -21.067439 ], [ -47.5224, -21.067555 ], [ -47.522505, -21.067669 ], [ -47.52294, -21.067984 ], [ -47.523067, -21.068242 ], [ -47.522983, -21.068359 ], [ -47.522654, -21.068579 ], [ -47.522613, -21.068686 ], [ -47.522662, -21.068749 ], [ -47.522949, -21.068834 ], [ -47.523159, -21.068937 ], [ -47.523209, -21.069017 ], [ -47.523126, -21.069144 ], [ -47.522693, -21.069481 ], [ -47.522601, -21.069635 ], [ -47.52265, -21.069945 ], [ -47.522755, -21.070042 ], [ -47.523033, -21.070172 ], [ -47.523102, -21.070234 ], [ -47.523122, -21.070323 ], [ -47.523095, -21.070431 ], [ -47.522963, -21.070531 ], [ -47.522756, -21.070614 ], [ -47.522547, -21.070643 ], [ -47.522443, -21.070726 ], [ -47.522408, -21.070833 ], [ -47.522458, -21.070993 ], [ -47.522378, -21.071075 ], [ -47.522198, -21.071175 ], [ -47.521847, -21.071189 ], [ -47.521782, -21.071263 ], [ -47.521764, -21.07136 ], [ -47.521862, -21.071467 ], [ -47.522101, -21.071606 ], [ -47.522169, -21.071676 ], [ -47.522153, -21.071794 ], [ -47.521993, -21.071973 ], [ -47.521706, -21.072166 ], [ -47.521651, -21.072265 ], [ -47.521674, -21.072505 ], [ -47.521497, -21.072714 ], [ -47.52127, -21.072852 ], [ -47.521196, -21.072942 ], [ -47.521216, -21.073013 ], [ -47.521312, -21.073073 ], [ -47.521549, -21.073102 ], [ -47.521629, -21.073189 ], [ -47.521645, -21.073256 ], [ -47.521507, -21.073405 ], [ -47.521367, -21.073443 ], [ -47.521243, -21.073555 ], [ -47.521202, -21.073826 ], [ -47.521225, -21.074085 ], [ -47.521361, -21.074306 ], [ -47.521458, -21.074331 ], [ -47.521753, -21.074335 ], [ -47.521953, -21.074297 ], [ -47.522076, -21.074304 ], [ -47.522153, -21.074339 ], [ -47.522183, -21.074418 ], [ -47.522165, -21.074527 ], [ -47.522091, -21.074643 ], [ -47.522067, -21.074858 ], [ -47.522367, -21.074988 ], [ -47.522463, -21.075085 ], [ -47.522464, -21.075164 ], [ -47.522382, -21.075299 ], [ -47.521978, -21.07569 ], [ -47.521939, -21.07612 ], [ -47.521824, -21.076386 ], [ -47.521828, -21.076585 ], [ -47.521994, -21.076789 ], [ -47.522033, -21.076886 ], [ -47.52202, -21.077247 ], [ -47.521975, -21.077399 ], [ -47.521853, -21.077526 ], [ -47.521617, -21.077601 ], [ -47.521349, -21.077561 ], [ -47.521036, -21.077604 ], [ -47.520899, -21.077826 ], [ -47.520706, -21.077985 ], [ -47.520708, -21.078109 ], [ -47.520907, -21.078231 ], [ -47.521003, -21.078246 ], [ -47.521105, -21.078306 ], [ -47.521143, -21.078404 ], [ -47.521079, -21.078512 ], [ -47.520834, -21.07865 ], [ -47.520884, -21.078828 ], [ -47.52104, -21.078986 ], [ -47.521069, -21.079067 ], [ -47.520986, -21.079202 ], [ -47.520685, -21.079385 ], [ -47.520615, -21.079475 ], [ -47.520822, -21.079875 ], [ -47.520766, -21.079992 ], [ -47.520625, -21.080074 ], [ -47.520281, -21.079981 ], [ -47.520137, -21.079993 ], [ -47.520052, -21.080054 ], [ -47.520029, -21.080157 ], [ -47.520082, -21.08029 ], [ -47.520199, -21.080414 ], [ -47.520251, -21.080547 ], [ -47.520365, -21.080652 ], [ -47.52049, -21.080952 ], [ -47.520524, -21.081179 ], [ -47.520426, -21.08138 ], [ -47.520204, -21.081691 ], [ -47.520182, -21.081825 ], [ -47.520252, -21.081958 ], [ -47.520264, -21.082181 ], [ -47.520156, -21.082345 ], [ -47.520026, -21.082436 ], [ -47.519986, -21.082612 ], [ -47.520075, -21.082807 ], [ -47.520281, -21.083036 ], [ -47.520269, -21.083152 ], [ -47.520205, -21.083288 ], [ -47.519741, -21.083509 ], [ -47.519768, -21.08367 ], [ -47.519841, -21.083784 ], [ -47.519805, -21.083874 ], [ -47.519626, -21.083993 ], [ -47.519371, -21.084095 ], [ -47.519279, -21.084248 ], [ -47.519327, -21.084346 ], [ -47.519433, -21.084416 ], [ -47.5197, -21.084439 ], [ -47.519797, -21.084491 ], [ -47.519914, -21.084659 ], [ -47.519831, -21.084821 ], [ -47.519534, -21.085003 ], [ -47.519517, -21.085093 ], [ -47.519604, -21.085181 ], [ -47.520043, -21.085256 ], [ -47.520092, -21.085361 ], [ -47.520074, -21.085442 ], [ -47.519962, -21.085533 ], [ -47.519544, -21.085638 ], [ -47.519432, -21.085703 ], [ -47.519434, -21.085818 ], [ -47.519531, -21.085924 ], [ -47.519557, -21.08603 ], [ -47.5195, -21.086112 ], [ -47.519369, -21.086186 ], [ -47.519305, -21.086293 ], [ -47.519479, -21.086524 ], [ -47.519462, -21.086639 ], [ -47.519048, -21.086914 ], [ -47.519097, -21.087003 ], [ -47.519305, -21.087134 ], [ -47.519354, -21.087257 ], [ -47.51928, -21.087393 ], [ -47.518794, -21.087686 ], [ -47.518739, -21.087794 ], [ -47.518789, -21.087892 ], [ -47.519087, -21.088023 ], [ -47.519071, -21.088373 ], [ -47.519128, -21.088483 ], [ -47.519223, -21.088555 ], [ -47.519348, -21.088568 ], [ -47.519203, -21.088812 ], [ -47.51924, -21.089022 ], [ -47.519217, -21.089143 ], [ -47.519131, -21.089181 ], [ -47.518792, -21.089131 ], [ -47.518775, -21.08923 ], [ -47.518983, -21.089674 ], [ -47.519014, -21.089852 ], [ -47.519242, -21.089839 ], [ -47.519328, -21.089873 ], [ -47.519368, -21.089928 ], [ -47.519321, -21.090027 ], [ -47.519039, -21.090245 ], [ -47.51894, -21.090343 ], [ -47.519001, -21.090522 ], [ -47.51929, -21.090741 ], [ -47.519406, -21.090882 ], [ -47.519248, -21.091064 ], [ -47.519213, -21.09126 ], [ -47.519119, -21.091351 ], [ -47.5186895, -21.0914635 ], [ -47.518527, -21.091608 ], [ -47.518641, -21.091753 ], [ -47.518677, -21.091847 ], [ -47.518634, -21.091932 ], [ -47.518555, -21.091995 ], [ -47.518412, -21.092008 ], [ -47.518188, -21.091959 ], [ -47.517966, -21.092036 ], [ -47.517945, -21.092151 ], [ -47.518284, -21.092397 ], [ -47.518396, -21.092439 ], [ -47.518743, -21.092831 ], [ -47.51887, -21.093102 ], [ -47.518827, -21.093197 ], [ -47.51865, -21.093304 ], [ -47.518507, -21.093337 ], [ -47.518343, -21.093529 ], [ -47.518208, -21.093877 ], [ -47.518221, -21.093971 ], [ -47.518267, -21.094033 ], [ -47.518568, -21.09405 ], [ -47.51868, -21.09409 ], [ -47.518782, -21.094172 ], [ -47.518751, -21.094277 ], [ -47.51886, -21.094757 ], [ -47.518782, -21.094822 ], [ -47.518648, -21.094782 ], [ -47.518399, -21.094586 ], [ -47.518151, -21.094464 ], [ -47.518052, -21.094507 ], [ -47.518009, -21.094613 ], [ -47.518147, -21.094842 ], [ -47.518438, -21.094963 ], [ -47.518563, -21.095055 ], [ -47.518561, -21.095233 ], [ -47.518328, -21.09532 ], [ -47.518228, -21.095395 ], [ -47.518277, -21.095594 ], [ -47.518401, -21.095717 ], [ -47.518813, -21.095649 ], [ -47.518982, -21.09573 ], [ -47.519039, -21.095803 ], [ -47.519039, -21.095876 ], [ -47.518887, -21.096067 ], [ -47.518901, -21.096213 ], [ -47.518958, -21.096264 ], [ -47.518915, -21.09637 ], [ -47.518797, -21.096372 ], [ -47.518721, -21.096446 ], [ -47.518669, -21.096751 ], [ -47.518428, -21.096975 ], [ -47.518542, -21.097108 ], [ -47.518733, -21.097232 ], [ -47.518691, -21.097295 ], [ -47.518433, -21.097278 ], [ -47.518267, -21.097323 ], [ -47.518203, -21.097523 ], [ -47.518114, -21.097587 ], [ -47.518134, -21.097817 ], [ -47.518114, -21.097933 ], [ -47.518217, -21.098026 ], [ -47.518361, -21.098034 ], [ -47.518916, -21.097827 ], [ -47.519049, -21.09772 ], [ -47.519171, -21.097708 ], [ -47.519273, -21.097759 ], [ -47.519323, -21.098115 ], [ -47.519638, -21.098256 ], [ -47.519839, -21.098284 ], [ -47.519902, -21.098329 ], [ -47.520131, -21.098396 ], [ -47.520314, -21.09838 ], [ -47.520628, -21.09842 ], [ -47.520771, -21.098529 ], [ -47.520957, -21.098834 ], [ -47.521148, -21.09906 ], [ -47.521537, -21.099289 ], [ -47.521868, -21.099439 ], [ -47.522702, -21.099676 ], [ -47.523363, -21.099792 ], [ -47.524195, -21.099889 ], [ -47.525213, -21.0998 ], [ -47.52606, -21.099818 ], [ -47.526406, -21.099871 ], [ -47.527083, -21.100067 ], [ -47.527414, -21.100202 ], [ -47.527866, -21.100459 ], [ -47.529132, -21.101611 ], [ -47.529523, -21.102021 ], [ -47.529655, -21.10216 ], [ -47.529952, -21.102371 ], [ -47.530449, -21.102562 ], [ -47.531689, -21.102602 ], [ -47.532397, -21.102783 ], [ -47.533106, -21.103044 ], [ -47.533468, -21.103105 ], [ -47.534002, -21.103142 ], [ -47.534346, -21.103121 ], [ -47.53488, -21.103187 ], [ -47.535228, -21.103351 ], [ -47.535575, -21.103464 ], [ -47.536109, -21.103552 ], [ -47.536282, -21.103549 ], [ -47.536643, -21.103624 ], [ -47.537702, -21.104071 ], [ -47.538048, -21.104184 ], [ -47.53841, -21.104252 ], [ -47.53965, -21.104329 ], [ -47.540012, -21.104405 ], [ -47.540309, -21.104524 ], [ -47.540509, -21.104818 ], [ -47.54049, -21.104832 ], [ -47.54078, -21.105335 ], [ -47.541236, -21.105858 ], [ -47.541594, -21.106146 ], [ -47.541851, -21.10651 ], [ -47.542004, -21.107199 ], [ -47.542222, -21.107665 ], [ -47.54247, -21.107867 ], [ -47.54282, -21.108041 ], [ -47.543589, -21.108265 ], [ -47.543763, -21.108351 ], [ -47.5441, -21.108743 ], [ -47.544272, -21.108784 ], [ -47.544632, -21.108756 ], [ -47.545009, -21.10878 ], [ -47.545176, -21.108902 ], [ -47.545487, -21.109229 ], [ -47.545771, -21.109372 ], [ -47.546149, -21.109506 ], [ -47.546512, -21.109574 ], [ -47.547076, -21.109536 ], [ -47.547308, -21.109386 ], [ -47.547413, -21.109089 ], [ -47.547582, -21.108888 ], [ -47.547958, -21.108876 ], [ -47.54813, -21.108821 ], [ -47.548293, -21.108723 ], [ -47.548508, -21.108485 ], [ -47.549146, -21.108232 ], [ -47.549356, -21.108104 ], [ -47.549442, -21.108081 ], [ -47.549433, -21.107993 ], [ -47.549663, -21.10771 ], [ -47.549865, -21.107618 ], [ -47.550084, -21.107564 ], [ -47.550365, -21.107546 ], [ -47.551011, -21.107704 ], [ -47.551677, -21.108042 ], [ -47.551688, -21.108045 ], [ -47.552213, -21.10823 ], [ -47.553218, -21.108437 ], [ -47.55397, -21.108432 ], [ -47.554957, -21.108486 ], [ -47.555321, -21.108471 ], [ -47.556545, -21.108418 ], [ -47.556881, -21.108305 ], [ -47.557141, -21.108164 ], [ -47.557692, -21.107788 ], [ -47.557832, -21.107786 ], [ -47.558247, -21.10786 ], [ -47.558707, -21.107609 ], [ -47.558958, -21.107622 ], [ -47.559166, -21.107883 ], [ -47.559509, -21.108142 ], [ -47.559645, -21.108317 ], [ -47.559648, -21.108818 ], [ -47.55989, -21.109038 ], [ -47.560225, -21.109122 ], [ -47.560292, -21.109193 ], [ -47.560325, -21.10938 ], [ -47.560496, -21.109555 ], [ -47.560685, -21.109559 ], [ -47.56102, -21.109465 ], [ -47.561092, -21.109509 ], [ -47.561127, -21.109766 ], [ -47.561289, -21.110058 ], [ -47.561447, -21.110121 ], [ -47.561674, -21.11011 ], [ -47.562305, -21.109866 ], [ -47.562555, -21.10984 ], [ -47.562883, -21.109929 ], [ -47.563632, -21.110369 ], [ -47.563844, -21.110432 ], [ -47.565294, -21.110467 ], [ -47.565859, -21.110577 ], [ -47.566238, -21.110703 ], [ -47.566449, -21.110827 ], [ -47.56672, -21.111359 ], [ -47.566934, -21.111532 ], [ -47.567354, -21.111761 ], [ -47.567593, -21.112 ], [ -47.567672, -21.112418 ], [ -47.567703, -21.11289 ], [ -47.567684, -21.11318 ], [ -47.56773, -21.113653 ], [ -47.567921, -21.114195 ], [ -47.568129, -21.114433 ], [ -47.568532, -21.114632 ], [ -47.568722, -21.114697 ], [ -47.569098, -21.114735 ], [ -47.569638, -21.114742 ], [ -47.569963, -21.114843 ], [ -47.570446, -21.115157 ], [ -47.570771, -21.115328 ], [ -47.571305, -21.115436 ], [ -47.572012, -21.115478 ], [ -47.572185, -21.11552 ], [ -47.572532, -21.115662 ], [ -47.572739, -21.115805 ], [ -47.572876, -21.11606 ], [ -47.573043, -21.116647 ], [ -47.573121, -21.11677 ], [ -47.573411, -21.11706 ], [ -47.574028, -21.117426 ], [ -47.574275, -21.117635 ], [ -47.57442, -21.117831 ], [ -47.574553, -21.118294 ], [ -47.574676, -21.118488 ], [ -47.574906, -21.118583 ], [ -47.575123, -21.118623 ], [ -47.575585, -21.118557 ], [ -47.576065, -21.118683 ], [ -47.576254, -21.118768 ], [ -47.576613, -21.119116 ], [ -47.576996, -21.119073 ], [ -47.57713, -21.119086 ], [ -47.577227, -21.119209 ], [ -47.577208, -21.119467 ], [ -47.577306, -21.119695 ], [ -47.577468, -21.11971 ], [ -47.577829, -21.119669 ], [ -47.577994, -21.119836 ], [ -47.578113, -21.120129 ], [ -47.578267, -21.120207 ], [ -47.578805, -21.120303 ], [ -47.578932, -21.120382 ], [ -47.578969, -21.120569 ], [ -47.578881, -21.121034 ], [ -47.579094, -21.121211 ], [ -47.579189, -21.121245 ], [ -47.579454, -21.121152 ], [ -47.579753, -21.121077 ], [ -47.579972, -21.121074 ], [ -47.580236, -21.12107 ], [ -47.580486, -21.121154 ], [ -47.580708, -21.121227 ], [ -47.581492, -21.121577 ], [ -47.582125, -21.121959 ], [ -47.582328, -21.122108 ], [ -47.582683, -21.122289 ], [ -47.583042, -21.122401 ], [ -47.583601, -21.122415 ], [ -47.584187, -21.122562 ], [ -47.584592, -21.122861 ], [ -47.584858, -21.123124 ], [ -47.585121, -21.123451 ], [ -47.586267, -21.124471 ], [ -47.586901, -21.124863 ], [ -47.587497, -21.125166 ], [ -47.587778, -21.125449 ], [ -47.588001, -21.12576 ], [ -47.588051, -21.125877 ], [ -47.588012, -21.125915 ], [ -47.588107, -21.126024 ], [ -47.588229, -21.126242 ], [ -47.588279, -21.126418 ], [ -47.58844, -21.12683 ], [ -47.588672, -21.127302 ], [ -47.588792, -21.127484 ], [ -47.589248, -21.128021 ], [ -47.589822, -21.128512 ], [ -47.590154, -21.128706 ], [ -47.590335, -21.12877 ], [ -47.590712, -21.1288 ], [ -47.591086, -21.128722 ], [ -47.592522, -21.127839 ], [ -47.593055, -21.127441 ], [ -47.593228, -21.127372 ], [ -47.593768, -21.127538 ], [ -47.594061, -21.127743 ], [ -47.594506, -21.127927 ], [ -47.594695, -21.12796 ], [ -47.595448, -21.127919 ], [ -47.595825, -21.128002 ], [ -47.596117, -21.128122 ], [ -47.596269, -21.128281 ], [ -47.596272, -21.128458 ], [ -47.596183, -21.128746 ], [ -47.596188, -21.128989 ], [ -47.596275, -21.129517 ], [ -47.596467, -21.13022 ], [ -47.596482, -21.130573 ], [ -47.596453, -21.13075 ], [ -47.596008, -21.132169 ], [ -47.595982, -21.132508 ], [ -47.596066, -21.132845 ], [ -47.596345, -21.133134 ], [ -47.596648, -21.133373 ], [ -47.597591, -21.133917 ], [ -47.597711, -21.134085 ], [ -47.597723, -21.134319 ], [ -47.597606, -21.134852 ], [ -47.59756, -21.135383 ], [ -47.597585, -21.135911 ], [ -47.597702, -21.136262 ], [ -47.597881, -21.136612 ], [ -47.598338, -21.137252 ], [ -47.598618, -21.137572 ], [ -47.599071, -21.137912 ], [ -47.59942, -21.138104 ], [ -47.599956, -21.138302 ], [ -47.600139, -21.138403 ], [ -47.600724, -21.139099 ], [ -47.601055, -21.139279 ], [ -47.601392, -21.139259 ], [ -47.601516, -21.139176 ], [ -47.601901, -21.138772 ], [ -47.601986, -21.138719 ], [ -47.602001, -21.13866 ], [ -47.602265, -21.138546 ], [ -47.602453, -21.138529 ], [ -47.603005, -21.138704 ], [ -47.603802, -21.139435 ], [ -47.604135, -21.139636 ], [ -47.604399, -21.139954 ], [ -47.604351, -21.140352 ], [ -47.604401, -21.140514 ], [ -47.604575, -21.140637 ], [ -47.604952, -21.140623 ], [ -47.60589, -21.140506 ], [ -47.60702, -21.140547 ], [ -47.607963, -21.140694 ], [ -47.60872, -21.140947 ], [ -47.609287, -21.141093 ], [ -47.610229, -21.141152 ], [ -47.610964, -21.141031 ], [ -47.611338, -21.140907 ], [ -47.611743, -21.140716 ], [ -47.612169, -21.140452 ], [ -47.614049, -21.138983 ], [ -47.615166, -21.138325 ], [ -47.615352, -21.138241 ], [ -47.615914, -21.138078 ], [ -47.616118, -21.138062 ], [ -47.616674, -21.138113 ], [ -47.617165, -21.138407 ], [ -47.618312, -21.139 ], [ -47.619114, -21.139295 ], [ -47.620078, -21.139536 ], [ -47.621583, -21.140216 ], [ -47.622921, -21.140997 ], [ -47.623542, -21.141527 ], [ -47.624021, -21.142187 ], [ -47.624863, -21.143017 ], [ -47.625362, -21.143554 ], [ -47.625614, -21.143897 ], [ -47.625602, -21.14422 ], [ -47.625695, -21.144715 ], [ -47.625888, -21.145151 ], [ -47.626519, -21.146191 ], [ -47.627451, -21.147342 ], [ -47.627746, -21.147594 ], [ -47.628182, -21.148283 ], [ -47.628204, -21.148317 ], [ -47.62918, -21.148524 ], [ -47.629926, -21.148702 ], [ -47.630598, -21.149112 ], [ -47.631169, -21.149959 ], [ -47.631784, -21.150631 ], [ -47.632206, -21.150842 ], [ -47.632982, -21.151019 ], [ -47.634098, -21.151088 ], [ -47.635381, -21.151025 ], [ -47.637507, -21.150659 ], [ -47.639557, -21.150235 ], [ -47.641916, -21.149777 ], [ -47.643579, -21.149389 ], [ -47.645104, -21.149045 ], [ -47.64624, -21.148548 ], [ -47.646682, -21.14815 ], [ -47.647145, -21.147243 ], [ -47.647732, -21.146247 ], [ -47.648104, -21.145487 ], [ -47.648622, -21.14413 ], [ -47.649126, -21.142946 ], [ -47.649658, -21.141488 ], [ -47.649695, -21.141429 ], [ -47.650154, -21.140696 ], [ -47.650701, -21.140151 ], [ -47.651795, -21.139089 ], [ -47.6525623, -21.1384789 ], [ -47.6526049, -21.138445 ], [ -47.652986, -21.138142 ], [ -47.654023, -21.137385 ], [ -47.655063, -21.136731 ], [ -47.656851, -21.135512 ], [ -47.657627, -21.134861 ], [ -47.658449, -21.134065 ], [ -47.6589341, -21.1335326 ], [ -47.659147, -21.1333 ], [ -47.659869, -21.132142 ], [ -47.660498, -21.131058 ], [ -47.661054, -21.13015 ], [ -47.661426, -21.129302 ], [ -47.6617081, -21.1284962 ], [ -47.661809, -21.128208 ], [ -47.662012, -21.127452 ], [ -47.662182, -21.126593 ], [ -47.66261, -21.125425 ], [ -47.663279, -21.123949 ], [ -47.66391, -21.122909 ], [ -47.664662, -21.121722 ], [ -47.66546, -21.120534 ], [ -47.666414, -21.119372 ], [ -47.66725, -21.118562 ], [ -47.66788, -21.118377 ], [ -47.668652, -21.118307 ], [ -47.669383, -21.118513 ], [ -47.66968, -21.118654 ], [ -47.670374, -21.119441 ], [ -47.670836, -21.120144 ], [ -47.671222, -21.121009 ], [ -47.672028, -21.121939 ], [ -47.672937, -21.122665 ], [ -47.67378, -21.123073 ], [ -47.675263, -21.123804 ], [ -47.677458, -21.124683 ], [ -47.679326, -21.125393 ], [ -47.681494, -21.126346 ], [ -47.682381, -21.126709 ], [ -47.684006, -21.127613 ], [ -47.684885, -21.128309 ], [ -47.686533, -21.129705 ], [ -47.687945, -21.130814 ], [ -47.688884, -21.131438 ], [ -47.689741, -21.131773 ], [ -47.690394, -21.131936 ], [ -47.691029, -21.1321 ], [ -47.691756, -21.132074 ], [ -47.693163, -21.13208 ], [ -47.694276, -21.132005 ], [ -47.695805, -21.131835 ], [ -47.696885, -21.131703 ], [ -47.697945, -21.131395 ], [ -47.699237, -21.131026 ], [ -47.700589, -21.130497 ], [ -47.7011124, -21.1302135 ], [ -47.701584, -21.129958 ], [ -47.702516, -21.129291 ], [ -47.703719, -21.12827 ], [ -47.704462, -21.127548 ], [ -47.705441, -21.126923 ], [ -47.706771, -21.126061 ], [ -47.707842, -21.125405 ], [ -47.709331, -21.124844 ], [ -47.710762, -21.1244 ], [ -47.711656, -21.124154 ], [ -47.713191, -21.123577 ], [ -47.714618, -21.123004 ], [ -47.715888, -21.122229 ], [ -47.716909, -21.121415 ], [ -47.717875, -21.120892 ], [ -47.718805, -21.120209 ], [ -47.719053, -21.120072 ], [ -47.718962, -21.120022 ], [ -47.718055, -21.119635 ], [ -47.717137, -21.119259 ], [ -47.716045, -21.118783 ], [ -47.715343, -21.118497 ], [ -47.714772, -21.118093 ], [ -47.71405, -21.117481 ], [ -47.713594, -21.11691 ], [ -47.713307, -21.116408 ], [ -47.713106, -21.115569 ], [ -47.713048, -21.114932 ], [ -47.713068, -21.114322 ], [ -47.713057, -21.113742 ], [ -47.713019, -21.1133 ], [ -47.712947, -21.11278 ], [ -47.712883, -21.112621 ], [ -47.712851, -21.112474 ], [ -47.712629, -21.112233 ], [ -47.712173, -21.111863 ], [ -47.711736, -21.11158 ], [ -47.711219, -21.11124 ], [ -47.709826, -21.110333 ], [ -47.708372, -21.109442 ], [ -47.706447, -21.108137 ], [ -47.705353, -21.107517 ], [ -47.70443, -21.106922 ], [ -47.703132, -21.106102 ], [ -47.701958, -21.105322 ], [ -47.700773, -21.104702 ], [ -47.699786, -21.103993 ], [ -47.698848, -21.103242 ], [ -47.697742, -21.101867 ], [ -47.696705, -21.100918 ], [ -47.696146, -21.10023 ], [ -47.69594, -21.099756 ], [ -47.695773, -21.099098 ], [ -47.695796, -21.098793 ], [ -47.695386, -21.098311 ], [ -47.694379, -21.097126 ], [ -47.693447, -21.095977 ], [ -47.692668, -21.094336 ], [ -47.6914, -21.09286 ], [ -47.690634, -21.091659 ], [ -47.690071, -21.090787 ], [ -47.689747, -21.090169 ], [ -47.689625, -21.089676 ], [ -47.689626, -21.089268 ], [ -47.690104, -21.087624 ], [ -47.690873, -21.08557 ], [ -47.691242, -21.084212 ], [ -47.691378, -21.083373 ], [ -47.691411, -21.082826 ], [ -47.691461, -21.082202 ], [ -47.691473, -21.081898 ], [ -47.691406, -21.081724 ], [ -47.691261, -21.081337 ], [ -47.690999, -21.081236 ], [ -47.690365, -21.081246 ], [ -47.689847, -21.081325 ], [ -47.689373, -21.081497 ], [ -47.68893, -21.081686 ], [ -47.688413, -21.081907 ], [ -47.687551, -21.082095 ], [ -47.686407, -21.082282 ], [ -47.685557, -21.082281 ], [ -47.683963, -21.082118 ], [ -47.682644, -21.08182 ], [ -47.680809, -21.08121 ], [ -47.679355, -21.080349 ], [ -47.67787, -21.0794 ], [ -47.676693, -21.078365 ], [ -47.67546, -21.076889 ], [ -47.674669, -21.075842 ], [ -47.673984, -21.074751 ], [ -47.673658, -21.073841 ], [ -47.67339, -21.072671 ], [ -47.673302, -21.072034 ], [ -47.673277, -21.071492 ], [ -47.67333, -21.070937 ], [ -47.673276, -21.070563 ], [ -47.673096, -21.070058 ], [ -47.67259, -21.069442 ], [ -47.672057, -21.068717 ], [ -47.671786, -21.068163 ], [ -47.671843, -21.067184 ], [ -47.671902, -21.066344 ], [ -47.671964, -21.065644 ], [ -47.6722, -21.064281 ], [ -47.672472, -21.062809 ], [ -47.67311, -21.061052 ], [ -47.673894, -21.059119 ], [ -47.674832, -21.057462 ], [ -47.67556, -21.055818 ], [ -47.67606, -21.054097 ], [ -47.676387, -21.052897 ], [ -47.676638, -21.052172 ], [ -47.67684, -21.0514 ], [ -47.677094, -21.050889 ], [ -47.677898, -21.050063 ], [ -47.678782, -21.049337 ], [ -47.679434, -21.04866 ], [ -47.67972, -21.048249 ], [ -47.680208, -21.047023 ], [ -47.680537, -21.045552 ], [ -47.680791, -21.044214 ], [ -47.681263, -21.042958 ], [ -47.681788, -21.042065 ], [ -47.682416, -21.040952 ], [ -47.682833, -21.040017 ], [ -47.683065, -21.039172 ], [ -47.683185, -21.038067 ], [ -47.683182, -21.037139 ], [ -47.682973, -21.035807 ], [ -47.682454, -21.034393 ], [ -47.681858, -21.03314 ], [ -47.681413, -21.032451 ], [ -47.680746, -21.031432 ], [ -47.680215, -21.030207 ], [ -47.679766, -21.028473 ], [ -47.679634, -21.027111 ], [ -47.679505, -21.025953 ], [ -47.679509, -21.025721 ], [ -47.679605, -21.025501 ], [ -47.6797466, -21.0253568 ], [ -47.679938, -21.025162 ], [ -47.680476, -21.024921 ], [ -47.681231, -21.024807 ], [ -47.682077, -21.02465 ], [ -47.682477, -21.024512 ], [ -47.682876, -21.024332 ], [ -47.683409, -21.023874 ], [ -47.684044, -21.023123 ], [ -47.684649, -21.022389 ], [ -47.685804, -21.021397 ], [ -47.686914, -21.020408 ], [ -47.687565, -21.019672 ], [ -47.688152, -21.018734 ], [ -47.688376, -21.018338 ], [ -47.688515, -21.017495 ], [ -47.688545, -21.016522 ], [ -47.688441, -21.015044 ] ] ] ] } },
{ "type": "Feature", "properties": { "CD_MUN": "3551504", "NM_MUN": "Serrana", "CD_RGI": "350031", "NM_RGI": "Ribeirão Preto", "CD_RGINT": "3508", "NM_RGINT": "Ribeirão Preto", "CD_UF": "35", "NM_UF": "São Paulo", "SIGLA_UF": "SP", "CD_REGIA": "3", "NM_REGIA": "Sudeste", "SIGLA_RG": "SE", "CD_CONCU": "3543402", "NM_CONCU": "Ribeirão Preto/SP", "AREA_KM2": 126.046 }, "geometry": { "type": "MultiPolygon", "coordinates": [ [ [ [ -47.5890729, -21.1749735 ], [ -47.588387, -21.17479 ], [ -47.586409, -21.174023 ], [ -47.585487, -21.173558 ], [ -47.583528, -21.172876 ], [ -47.582487, -21.172674 ], [ -47.581545, -21.172747 ], [ -47.580484, -21.173082 ], [ -47.579427, -21.173708 ], [ -47.578436, -21.174608 ], [ -47.577787, -21.175533 ], [ -47.576094, -21.177807 ], [ -47.574734, -21.17973 ], [ -47.5740876, -21.1807786 ], [ -47.573696, -21.181414 ], [ -47.573049, -21.182454 ], [ -47.572228, -21.184223 ], [ -47.571338, -21.185543 ], [ -47.570182, -21.18675 ], [ -47.568928, -21.187539 ], [ -47.56739, -21.188113 ], [ -47.564711, -21.188836 ], [ -47.56232, -21.189293 ], [ -47.559744, -21.189709 ], [ -47.558213, -21.189761 ], [ -47.556675, -21.189378 ], [ -47.554676, -21.188291 ], [ -47.552426, -21.187093 ], [ -47.550229, -21.186167 ], [ -47.54796, -21.185578 ], [ -47.545223, -21.184836 ], [ -47.542951, -21.18403 ], [ -47.541582, -21.183543 ], [ -47.540742, -21.183322 ], [ -47.539441, -21.183197 ], [ -47.537955, -21.183176 ], [ -47.536949, -21.183231 ], [ -47.535496, -21.183267 ], [ -47.534025, -21.183246 ], [ -47.532953, -21.182972 ], [ -47.531669, -21.182033 ], [ -47.530575, -21.181425 ], [ -47.528936, -21.180622 ], [ -47.528033, -21.180331 ], [ -47.527508, -21.180354 ], [ -47.527035, -21.180723 ], [ -47.526799, -21.18141 ], [ -47.526767, -21.182237 ], [ -47.526989, -21.183453 ], [ -47.527521, -21.184708 ], [ -47.528216, -21.185539 ], [ -47.528674, -21.186112 ], [ -47.529945, -21.187198 ], [ -47.53121, -21.187832 ], [ -47.532878, -21.188575 ], [ -47.533721, -21.188984 ], [ -47.534096, -21.189212 ], [ -47.534411, -21.189511 ], [ -47.534544, -21.190089 ], [ -47.534639, -21.191134 ], [ -47.53481, -21.19206 ], [ -47.534827, -21.19309 ], [ -47.534596, -21.194037 ], [ -47.534315, -21.194796 ], [ -47.533726, -21.195632 ], [ -47.53272, -21.196562 ], [ -47.530628, -21.198232 ], [ -47.529407, -21.199237 ], [ -47.527811, -21.200075 ], [ -47.5277629, -21.2005448 ], [ -47.528252, -21.200967 ], [ -47.529141, -21.201403 ], [ -47.530132, -21.201518 ], [ -47.531848, -21.201522 ], [ -47.533192, -21.201472 ], [ -47.535265, -21.201587 ], [ -47.536534, -21.201697 ], [ -47.537528, -21.201944 ], [ -47.538414, -21.202191 ], [ -47.540534, -21.203291 ], [ -47.541626, -21.203912 ], [ -47.543545, -21.204912 ], [ -47.5452, -21.205845 ], [ -47.547101, -21.206786 ], [ -47.547614, -21.206909 ], [ -47.548252, -21.207218 ], [ -47.54885, -21.207746 ], [ -47.549388, -21.208462 ], [ -47.549596, -21.208923 ], [ -47.549641, -21.209167 ], [ -47.549666, -21.209357 ], [ -47.549669, -21.20956 ], [ -47.549516, -21.210475 ], [ -47.549497, -21.211229 ], [ -47.549514, -21.212201 ], [ -47.549459, -21.213476 ], [ -47.549621, -21.214749 ], [ -47.549721, -21.215198 ], [ -47.55011, -21.217133 ], [ -47.550388, -21.217999 ], [ -47.550584, -21.218604 ], [ -47.550685, -21.219096 ], [ -47.55074, -21.219617 ], [ -47.550659, -21.220256 ], [ -47.550433, -21.221477 ], [ -47.550216, -21.222365 ], [ -47.549896, -21.223558 ], [ -47.549744, -21.22459 ], [ -47.549711, -21.225416 ], [ -47.54987, -21.226545 ], [ -47.550088, -21.227498 ], [ -47.55022, -21.2279198 ], [ -47.55035, -21.228335 ], [ -47.550866, -21.229617 ], [ -47.551434, -21.230261 ], [ -47.552125, -21.231116 ], [ -47.552694, -21.231802 ], [ -47.553517, -21.232722 ], [ -47.554181, -21.233568 ], [ -47.554859, -21.234206 ], [ -47.555313, -21.234547 ], [ -47.555926, -21.235294 ], [ -47.556275, -21.235754 ], [ -47.55645, -21.236127 ], [ -47.556519, -21.236474 ], [ -47.556538, -21.236691 ], [ -47.556494, -21.236881 ], [ -47.556477, -21.23704 ], [ -47.556487, -21.23733 ], [ -47.556554, -21.237663 ], [ -47.556702, -21.238167 ], [ -47.556842, -21.238502 ], [ -47.557066, -21.23889 ], [ -47.557407, -21.239505 ], [ -47.558075, -21.240311 ], [ -47.5588, -21.240955 ], [ -47.559445, -21.241357 ], [ -47.560378, -21.241811 ], [ -47.561603, -21.242659 ], [ -47.56247, -21.243447 ], [ -47.563273, -21.244702 ], [ -47.563749, -21.245973 ], [ -47.564058, -21.247097 ], [ -47.564489, -21.247927 ], [ -47.565541, -21.249776 ], [ -47.565651, -21.250366 ], [ -47.566067, -21.250818 ], [ -47.566747, -21.25123 ], [ -47.567565, -21.251692 ], [ -47.567995, -21.251888 ], [ -47.568592, -21.251996 ], [ -47.569344, -21.251973 ], [ -47.570214, -21.251854 ], [ -47.57142, -21.251757 ], [ -47.572144, -21.251667 ], [ -47.57279, -21.251499 ], [ -47.573464, -21.251463 ], [ -47.57383, -21.251509 ], [ -47.574226, -21.251606 ], [ -47.57496, -21.251812 ], [ -47.575353, -21.251888 ], [ -47.575846, -21.252031 ], [ -47.576113, -21.252028 ], [ -47.57633, -21.252023 ], [ -47.57676, -21.251908 ], [ -47.577757, -21.251495 ], [ -47.577998, -21.251524 ], [ -47.578057, -21.251593 ], [ -47.578037, -21.251881 ], [ -47.577971, -21.252333 ], [ -47.577772, -21.253408 ], [ -47.578004, -21.254231 ], [ -47.577982, -21.254753 ], [ -47.577909, -21.255885 ], [ -47.577937, -21.256666 ], [ -47.578061, -21.257235 ], [ -47.578257, -21.257769 ], [ -47.578801, -21.25879 ], [ -47.579004, -21.259202 ], [ -47.579166, -21.259393 ], [ -47.579264, -21.259563 ], [ -47.57948, -21.259949 ], [ -47.580044, -21.26062 ], [ -47.580289, -21.261079 ], [ -47.580268, -21.261527 ], [ -47.580023, -21.261952 ], [ -47.579721, -21.262404 ], [ -47.579421, -21.262855 ], [ -47.579205, -21.263412 ], [ -47.579209, -21.263676 ], [ -47.579218, -21.264201 ], [ -47.579484, -21.264882 ], [ -47.579945, -21.265559 ], [ -47.581257, -21.26694 ], [ -47.582438, -21.268125 ], [ -47.583082, -21.268709 ], [ -47.584004, -21.269202 ], [ -47.584752, -21.26951 ], [ -47.586037, -21.270477 ], [ -47.586724, -21.271061 ], [ -47.587326, -21.271737 ], [ -47.588074, -21.272752 ], [ -47.588937, -21.273897 ], [ -47.589533, -21.275889 ], [ -47.590102, -21.276274 ], [ -47.590466, -21.276217 ], [ -47.590771, -21.275948 ], [ -47.591502, -21.274463 ], [ -47.592043, -21.273243 ], [ -47.592618, -21.27234 ], [ -47.593499, -21.271353 ], [ -47.594073, -21.270448 ], [ -47.594397, -21.269759 ], [ -47.594695, -21.269121 ], [ -47.595183, -21.268088 ], [ -47.595784, -21.267183 ], [ -47.596333, -21.266411 ], [ -47.596886, -21.265929 ], [ -47.59758, -21.265471 ], [ -47.598082, -21.265252 ], [ -47.598585, -21.265139 ], [ -47.599342, -21.264969 ], [ -47.599985, -21.264881 ], [ -47.60052, -21.264638 ], [ -47.60052, -21.264613 ], [ -47.600659, -21.264078 ], [ -47.601117, -21.263619 ], [ -47.601305, -21.263286 ], [ -47.601512, -21.263109 ], [ -47.602024, -21.262955 ], [ -47.602309, -21.26276 ], [ -47.602362, -21.262686 ], [ -47.602428, -21.262453 ], [ -47.602429, -21.262072 ], [ -47.602558, -21.261889 ], [ -47.602849, -21.261629 ], [ -47.60321, -21.26136 ], [ -47.603681, -21.260689 ], [ -47.604226, -21.260214 ], [ -47.604416, -21.259998 ], [ -47.604711, -21.259513 ], [ -47.605018, -21.258778 ], [ -47.605419, -21.258159 ], [ -47.605657, -21.257922 ], [ -47.606018, -21.257253 ], [ -47.606201, -21.257023 ], [ -47.606769, -21.256562 ], [ -47.606922, -21.256384 ], [ -47.607345, -21.255466 ], [ -47.607524, -21.254648 ], [ -47.608414, -21.255376 ], [ -47.608709, -21.255795 ], [ -47.609179, -21.256371 ], [ -47.609348, -21.256676 ], [ -47.609519, -21.257118 ], [ -47.6098863, -21.2578177 ], [ -47.610027, -21.258569 ], [ -47.610188, -21.258866 ], [ -47.610255, -21.259077 ], [ -47.610369, -21.259848 ], [ -47.610488, -21.260044 ], [ -47.610887, -21.260504 ], [ -47.611, -21.260722 ], [ -47.611309, -21.261505 ], [ -47.611485, -21.261758 ], [ -47.611666, -21.261923 ], [ -47.611779, -21.262103 ], [ -47.611793, -21.262482 ], [ -47.611843, -21.262686 ], [ -47.611948, -21.262888 ], [ -47.612243, -21.263292 ], [ -47.612373, -21.263582 ], [ -47.612386, -21.263866 ], [ -47.612329, -21.264123 ], [ -47.612186, -21.264418 ], [ -47.611701, -21.265183 ], [ -47.611636, -21.265499 ], [ -47.611757, -21.26573 ], [ -47.611816, -21.265955 ], [ -47.611788, -21.266146 ], [ -47.611663, -21.266556 ], [ -47.611669, -21.266907 ], [ -47.611703, -21.26706 ], [ -47.611824, -21.267312 ], [ -47.611952, -21.267494 ], [ -47.612309, -21.267853 ], [ -47.612452, -21.268055 ], [ -47.612493, -21.268163 ], [ -47.612523, -21.268572 ], [ -47.612435, -21.26888 ], [ -47.612411, -21.269051 ], [ -47.612862, -21.269194 ], [ -47.614689, -21.269559 ], [ -47.614831, -21.269616 ], [ -47.615393, -21.269739 ], [ -47.615691, -21.269836 ], [ -47.616108, -21.270114 ], [ -47.616285, -21.270382 ], [ -47.616799, -21.270899 ], [ -47.617177, -21.271112 ], [ -47.617584, -21.271711 ], [ -47.617688, -21.272007 ], [ -47.617749, -21.272167 ], [ -47.617869, -21.272531 ], [ -47.618182, -21.273017 ], [ -47.618801, -21.273578 ], [ -47.618954, -21.273702 ], [ -47.619025, -21.27386 ], [ -47.61908, -21.274128 ], [ -47.619208, -21.275648 ], [ -47.619363, -21.276424 ], [ -47.619665, -21.276948 ], [ -47.620251, -21.277212 ], [ -47.6515639, -21.2802956 ], [ -47.651388, -21.279584 ], [ -47.651348, -21.279483 ], [ -47.651191, -21.279283 ], [ -47.651178, -21.278774 ], [ -47.651042, -21.278604 ], [ -47.651019, -21.278388 ], [ -47.650829, -21.278164 ], [ -47.650828, -21.278069 ], [ -47.651027, -21.277813 ], [ -47.651059, -21.277717 ], [ -47.651031, -21.277651 ], [ -47.650813, -21.277548 ], [ -47.650682, -21.277395 ], [ -47.650679, -21.277293 ], [ -47.650823, -21.27692 ], [ -47.650818, -21.276621 ], [ -47.650742, -21.276299 ], [ -47.650757, -21.276078 ], [ -47.650832, -21.275999 ], [ -47.651061, -21.2759 ], [ -47.651166, -21.275821 ], [ -47.651204, -21.27573 ], [ -47.651169, -21.275557 ], [ -47.650809, -21.275377 ], [ -47.650743, -21.27527 ], [ -47.650711, -21.27511 ], [ -47.650793, -21.274726 ], [ -47.650789, -21.274511 ], [ -47.65073, -21.274368 ], [ -47.650365, -21.273985 ], [ -47.650234, -21.273789 ], [ -47.650227, -21.273705 ], [ -47.65027, -21.273627 ], [ -47.650345, -21.273579 ], [ -47.651014, -21.273562 ], [ -47.65121, -21.273421 ], [ -47.651306, -21.27327 ], [ -47.651331, -21.273139 ], [ -47.651281, -21.272877 ], [ -47.651371, -21.27254 ], [ -47.651343, -21.272415 ], [ -47.651135, -21.27221 ], [ -47.651127, -21.271923 ], [ -47.651382, -21.271374 ], [ -47.651583, -21.27118 ], [ -47.651633, -21.271095 ], [ -47.651637, -21.270987 ], [ -47.651484, -21.270721 ], [ -47.651457, -21.270578 ], [ -47.6515, -21.270458 ], [ -47.651681, -21.270287 ], [ -47.652235, -21.270171 ], [ -47.652298, -21.27011 ], [ -47.652295, -21.270027 ], [ -47.652154, -21.269819 ], [ -47.652132, -21.269646 ], [ -47.652157, -21.269543 ], [ -47.652082, -21.269318 ], [ -47.652086, -21.26921 ], [ -47.652137, -21.269149 ], [ -47.652262, -21.269093 ], [ -47.652525, -21.26912 ], [ -47.652574, -21.269029 ], [ -47.652537, -21.268749 ], [ -47.652691, -21.268453 ], [ -47.652699, -21.268179 ], [ -47.652743, -21.268076 ], [ -47.652868, -21.268031 ], [ -47.653068, -21.26813 ], [ -47.653158, -21.268129 ], [ -47.653236, -21.268074 ], [ -47.653247, -21.267955 ], [ -47.653194, -21.267806 ], [ -47.652972, -21.267522 ], [ -47.652886, -21.267357 ], [ -47.652732, -21.266593 ], [ -47.652714, -21.266199 ], [ -47.652599, -21.265644 ], [ -47.652621, -21.265489 ], [ -47.652783, -21.265288 ], [ -47.653087, -21.26511 ], [ -47.653249, -21.264945 ], [ -47.653285, -21.264802 ], [ -47.653271, -21.264719 ], [ -47.65304, -21.264392 ], [ -47.653075, -21.264252 ], [ -47.653394, -21.264212 ], [ -47.653456, -21.264159 ], [ -47.653478, -21.263934 ], [ -47.653526, -21.263783 ], [ -47.653601, -21.263704 ], [ -47.654019, -21.263495 ], [ -47.6542, -21.263289 ], [ -47.654217, -21.263192 ], [ -47.654165, -21.263127 ], [ -47.653885, -21.263138 ], [ -47.653806, -21.263067 ], [ -47.653835, -21.262893 ], [ -47.653816, -21.262816 ], [ -47.653705, -21.262675 ], [ -47.653703, -21.262602 ], [ -47.653845, -21.262535 ], [ -47.65415, -21.262513 ], [ -47.654276, -21.262423 ], [ -47.65443, -21.262254 ], [ -47.654459, -21.262078 ], [ -47.654393, -21.261935 ], [ -47.654263, -21.261837 ], [ -47.654163, -21.261636 ], [ -47.654224, -21.261311 ], [ -47.654183, -21.26122 ], [ -47.654096, -21.261153 ], [ -47.653827, -21.261081 ], [ -47.653696, -21.260918 ], [ -47.653648, -21.260453 ], [ -47.653592, -21.260207 ], [ -47.653634, -21.260161 ], [ -47.65378, -21.260097 ], [ -47.654019, -21.260082 ], [ -47.654067, -21.26003 ], [ -47.654124, -21.259837 ], [ -47.654351, -21.259587 ], [ -47.65504, -21.259185 ], [ -47.656203, -21.258543 ], [ -47.656785, -21.258143 ], [ -47.6569218, -21.2580137 ], [ -47.6569539, -21.2579834 ], [ -47.6569806, -21.2579582 ], [ -47.6570095, -21.2579308 ], [ -47.6570585, -21.2578845 ], [ -47.657332, -21.257626 ], [ -47.657878, -21.25701 ], [ -47.658314, -21.256394 ], [ -47.658509, -21.25597 ], [ -47.658577, -21.25549 ], [ -47.65849, -21.254897 ], [ -47.658342, -21.254407 ], [ -47.658191, -21.253786 ], [ -47.658162, -21.25296 ], [ -47.658129, -21.252019 ], [ -47.658635, -21.250903 ], [ -47.658984, -21.250365 ], [ -47.659461, -21.249938 ], [ -47.66034, -21.248909 ], [ -47.660919, -21.248407 ], [ -47.661377, -21.24811 ], [ -47.661807, -21.247959 ], [ -47.662363, -21.247891 ], [ -47.662796, -21.247972 ], [ -47.663437, -21.248091 ], [ -47.664896, -21.24889 ], [ -47.665961, -21.249599 ], [ -47.666562, -21.250016 ], [ -47.666947, -21.250365 ], [ -47.667141, -21.250542 ], [ -47.667791, -21.250955 ], [ -47.668199, -21.25104 ], [ -47.669186, -21.251223 ], [ -47.670055, -21.251245 ], [ -47.670634, -21.251255 ], [ -47.671173, -21.251173 ], [ -47.671691, -21.251039 ], [ -47.672037, -21.250906 ], [ -47.672303, -21.250735 ], [ -47.672501, -21.250572 ], [ -47.672708, -21.250366 ], [ -47.673683, -21.249922 ], [ -47.674513, -21.249611 ], [ -47.675327, -21.249274 ], [ -47.6764, -21.248852 ], [ -47.677313, -21.248405 ], [ -47.67807, -21.247975 ], [ -47.678721, -21.247627 ], [ -47.679028, -21.247419 ], [ -47.679225, -21.246973 ], [ -47.679183, -21.246349 ], [ -47.678942, -21.245914 ], [ -47.678444, -21.245487 ], [ -47.67781, -21.245306 ], [ -47.676379, -21.244612 ], [ -47.67577, -21.243946 ], [ -47.675622, -21.243552 ], [ -47.67561, -21.242895 ], [ -47.67573, -21.241707 ], [ -47.675381, -21.240463 ], [ -47.674019, -21.238945 ], [ -47.672802, -21.23776 ], [ -47.671821, -21.236773 ], [ -47.668554, -21.23351 ], [ -47.667373, -21.232565 ], [ -47.666205, -21.231289 ], [ -47.665036, -21.229851 ], [ -47.663403, -21.228025 ], [ -47.662859, -21.227416 ], [ -47.662057, -21.226502 ], [ -47.661189, -21.225236 ], [ -47.660805, -21.224007 ], [ -47.660678, -21.223024 ], [ -47.660664, -21.222247 ], [ -47.660694, -21.221304 ], [ -47.660817, -21.220347 ], [ -47.661098, -21.219328 ], [ -47.661637, -21.217923 ], [ -47.662253, -21.216502 ], [ -47.662765, -21.215288 ], [ -47.663245, -21.214075 ], [ -47.663478, -21.213071 ], [ -47.663459, -21.212013 ], [ -47.66346, -21.211218 ], [ -47.66336, -21.210315 ], [ -47.6632514, -21.2096002 ], [ -47.663146, -21.208906 ], [ -47.663047, -21.207916 ], [ -47.662834, -21.206831 ], [ -47.662559, -21.205408 ], [ -47.662201, -21.203859 ], [ -47.66169, -21.202093 ], [ -47.661127, -21.200109 ], [ -47.660857, -21.199233 ], [ -47.66047, -21.198238 ], [ -47.660056, -21.197375 ], [ -47.659704, -21.196782 ], [ -47.659446, -21.196411 ], [ -47.65925, -21.196191 ], [ -47.659156, -21.195971 ], [ -47.659131, -21.195801 ], [ -47.659095, -21.195451 ], [ -47.659187, -21.195316 ], [ -47.659543, -21.194988 ], [ -47.659607, -21.194817 ], [ -47.659614, -21.194684 ], [ -47.659554, -21.194559 ], [ -47.659341, -21.194365 ], [ -47.659306, -21.194259 ], [ -47.659446, -21.194024 ], [ -47.659462, -21.193926 ], [ -47.65925, -21.193733 ], [ -47.659265, -21.193527 ], [ -47.659321, -21.193446 ], [ -47.659833, -21.193117 ], [ -47.659889, -21.193027 ], [ -47.659868, -21.192919 ], [ -47.659646, -21.192753 ], [ -47.659548, -21.192639 ], [ -47.659527, -21.192505 ], [ -47.659583, -21.192405 ], [ -47.659734, -21.19235 ], [ -47.659891, -21.192079 ], [ -47.659903, -21.191945 ], [ -47.659788, -21.19175 ], [ -47.659776, -21.191625 ], [ -47.659895, -21.191347 ], [ -47.659902, -21.191249 ], [ -47.659673, -21.190912 ], [ -47.659462, -21.190703 ], [ -47.659343, -21.19041 ], [ -47.65935, -21.190231 ], [ -47.659442, -21.190078 ], [ -47.6596, -21.189921 ], [ -47.6596, -21.189862 ], [ -47.65947, -21.189636 ], [ -47.659508, -21.1895 ], [ -47.65965, -21.189427 ], [ -47.659743, -21.189309 ], [ -47.659713, -21.189229 ], [ -47.659491, -21.189054 ], [ -47.659291, -21.189022 ], [ -47.658848, -21.188859 ], [ -47.65859, -21.188532 ], [ -47.658588, -21.188344 ], [ -47.658749, -21.187815 ], [ -47.658596, -21.187469 ], [ -47.658612, -21.187371 ], [ -47.659046, -21.187167 ], [ -47.659092, -21.186997 ], [ -47.659033, -21.186899 ], [ -47.658699, -21.186895 ], [ -47.658621, -21.186789 ], [ -47.65857, -21.186602 ], [ -47.658765, -21.186205 ], [ -47.658921, -21.186165 ], [ -47.65922, -21.186168 ], [ -47.659267, -21.186196 ], [ -47.6594, -21.186165 ], [ -47.659592, -21.185971 ], [ -47.659902, -21.185746 ], [ -47.660058, -21.185713 ], [ -47.66042, -21.185742 ], [ -47.661114, -21.185991 ], [ -47.661248, -21.185982 ], [ -47.661263, -21.185937 ], [ -47.661417, -21.185839 ], [ -47.661532, -21.185683 ], [ -47.661494, -21.18536 ], [ -47.661506, -21.185088 ], [ -47.66162, -21.18488 ], [ -47.66176, -21.184812 ], [ -47.662161, -21.184879 ], [ -47.662663, -21.184878 ], [ -47.663033, -21.184777 ], [ -47.663222, -21.184649 ], [ -47.663406, -21.184323 ], [ -47.663379, -21.184146 ], [ -47.663248, -21.183809 ], [ -47.66327, -21.183751 ], [ -47.664086, -21.183499 ], [ -47.664434, -21.18327 ], [ -47.664474, -21.183136 ], [ -47.664443, -21.182713 ], [ -47.664533, -21.182408 ], [ -47.664544, -21.182193 ], [ -47.664494, -21.182025 ], [ -47.664372, -21.181799 ], [ -47.664371, -21.181733 ], [ -47.664531, -21.181524 ], [ -47.664559, -21.181296 ], [ -47.66443, -21.181056 ], [ -47.664358, -21.181006 ], [ -47.664268, -21.180786 ], [ -47.664257, -21.180675 ], [ -47.664553, -21.180333 ], [ -47.66476, -21.180284 ], [ -47.66496, -21.18029 ], [ -47.665283, -21.18024 ], [ -47.665401, -21.180149 ], [ -47.665461, -21.180002 ], [ -47.665428, -21.17987 ], [ -47.665316, -21.179798 ], [ -47.665032, -21.179707 ], [ -47.665024, -21.179663 ], [ -47.664945, -21.179635 ], [ -47.664935, -21.179517 ], [ -47.664972, -21.179428 ], [ -47.665284, -21.179327 ], [ -47.665407, -21.179202 ], [ -47.665406, -21.179143 ], [ -47.66543, -21.179135 ], [ -47.665369, -21.178797 ], [ -47.665196, -21.178329 ], [ -47.665171, -21.178322 ], [ -47.665153, -21.178094 ], [ -47.665397, -21.177659 ], [ -47.665402, -21.177445 ], [ -47.665457, -21.177364 ], [ -47.6658, -21.177359 ], [ -47.665934, -21.177312 ], [ -47.666026, -21.176926 ], [ -47.666008, -21.176435 ], [ -47.666081, -21.175978 ], [ -47.666056, -21.175657 ], [ -47.66584, -21.175303 ], [ -47.665789, -21.175089 ], [ -47.665519, -21.174933 ], [ -47.665342, -21.174891 ], [ -47.66515, -21.174761 ], [ -47.664908, -21.174533 ], [ -47.664819, -21.174399 ], [ -47.664766, -21.17406 ], [ -47.664832, -21.173747 ], [ -47.665022, -21.173226 ], [ -47.664991, -21.173048 ], [ -47.664882, -21.172817 ], [ -47.664927, -21.172718 ], [ -47.66495, -21.172492 ], [ -47.664881, -21.172386 ], [ -47.664202, -21.171933 ], [ -47.664104, -21.171764 ], [ -47.663884, -21.170955 ], [ -47.663947, -21.170749 ], [ -47.664031, -21.170632 ], [ -47.664305, -21.170511 ], [ -47.664331, -21.170403 ], [ -47.664269, -21.170154 ], [ -47.664079, -21.169888 ], [ -47.664144, -21.169736 ], [ -47.664168, -21.16952 ], [ -47.664043, -21.169416 ], [ -47.663983, -21.169292 ], [ -47.663981, -21.169166 ], [ -47.664111, -21.16895 ], [ -47.664084, -21.168808 ], [ -47.663594, -21.16853 ], [ -47.663506, -21.168361 ], [ -47.663483, -21.168173 ], [ -47.663727, -21.167687 ], [ -47.663777, -21.167421 ], [ -47.663744, -21.167048 ], [ -47.663557, -21.166498 ], [ -47.663604, -21.16639 ], [ -47.663817, -21.1661 ], [ -47.663805, -21.165948 ], [ -47.663561, -21.165469 ], [ -47.663559, -21.165263 ], [ -47.663494, -21.165182 ], [ -47.663578, -21.165085 ], [ -47.663635, -21.164761 ], [ -47.663771, -21.164435 ], [ -47.663806, -21.164273 ], [ -47.663779, -21.164016 ], [ -47.663839, -21.163868 ], [ -47.663893, -21.16383 ], [ -47.664119, -21.163805 ], [ -47.66426, -21.163759 ], [ -47.664386, -21.163551 ], [ -47.664392, -21.16339 ], [ -47.664247, -21.163025 ], [ -47.664253, -21.162838 ], [ -47.664337, -21.162702 ], [ -47.664439, -21.162612 ], [ -47.664638, -21.162529 ], [ -47.664817, -21.162392 ], [ -47.664937, -21.162219 ], [ -47.664869, -21.162123 ], [ -47.664888, -21.161854 ], [ -47.665131, -21.161619 ], [ -47.665196, -21.161474 ], [ -47.665076, -21.161253 ], [ -47.664626, -21.161072 ], [ -47.664404, -21.160906 ], [ -47.664424, -21.160692 ], [ -47.664595, -21.160671 ], [ -47.664804, -21.160686 ], [ -47.665004, -21.160637 ], [ -47.665069, -21.160565 ], [ -47.665038, -21.16045 ], [ -47.66498, -21.160396 ], [ -47.664846, -21.160363 ], [ -47.664663, -21.160197 ], [ -47.664593, -21.160001 ], [ -47.664344, -21.159675 ], [ -47.66417, -21.159278 ], [ -47.663572, -21.158823 ], [ -47.663482, -21.158592 ], [ -47.663471, -21.158262 ], [ -47.663337, -21.158117 ], [ -47.663201, -21.158031 ], [ -47.663028, -21.157989 ], [ -47.662526, -21.157961 ], [ -47.662408, -21.157903 ], [ -47.66231, -21.157691 ], [ -47.662321, -21.157456 ], [ -47.662257, -21.157377 ], [ -47.662263, -21.157345 ], [ -47.661715, -21.157059 ], [ -47.661553, -21.157079 ], [ -47.661403, -21.157144 ], [ -47.661212, -21.157129 ], [ -47.661106, -21.157042 ], [ -47.661042, -21.156918 ], [ -47.660843, -21.15684 ], [ -47.660819, -21.156803 ], [ -47.660716, -21.156783 ], [ -47.660524, -21.156485 ], [ -47.660302, -21.156385 ], [ -47.660128, -21.156365 ], [ -47.660057, -21.156264 ], [ -47.659913, -21.156148 ], [ -47.659437, -21.156199 ], [ -47.659326, -21.156109 ], [ -47.659237, -21.155841 ], [ -47.659378, -21.155518 ], [ -47.659351, -21.155363 ], [ -47.659264, -21.155255 ], [ -47.659068, -21.155181 ], [ -47.658882, -21.155159 ], [ -47.658513, -21.155219 ], [ -47.658209, -21.155351 ], [ -47.65813, -21.155335 ], [ -47.658057, -21.15527 ], [ -47.657978, -21.155137 ], [ -47.658031, -21.154802 ], [ -47.657992, -21.154595 ], [ -47.657906, -21.154541 ], [ -47.657774, -21.154617 ], [ -47.657552, -21.155024 ], [ -47.657408, -21.155142 ], [ -47.657246, -21.155133 ], [ -47.65714, -21.15508 ], [ -47.657072, -21.155005 ], [ -47.656943, -21.154953 ], [ -47.656792, -21.154973 ], [ -47.656746, -21.155083 ], [ -47.656576, -21.155304 ], [ -47.656452, -21.15531 ], [ -47.656358, -21.15526 ], [ -47.656239, -21.155135 ], [ -47.656061, -21.155039 ], [ -47.65584, -21.154862 ], [ -47.655715, -21.154809 ], [ -47.65558, -21.154829 ], [ -47.655125, -21.155069 ], [ -47.654725, -21.155107 ], [ -47.65449, -21.155042 ], [ -47.654249, -21.155013 ], [ -47.653896, -21.155087 ], [ -47.653726, -21.155167 ], [ -47.653544, -21.15517 ], [ -47.653432, -21.155135 ], [ -47.653329, -21.155053 ], [ -47.653274, -21.15486 ], [ -47.653325, -21.154391 ], [ -47.65327, -21.154194 ], [ -47.652878, -21.15384 ], [ -47.652856, -21.153692 ], [ -47.652913, -21.153134 ], [ -47.652892, -21.153011 ], [ -47.652811, -21.152911 ], [ -47.652546, -21.15282 ], [ -47.652215, -21.152799 ], [ -47.652065, -21.1527 ], [ -47.651948, -21.152454 ], [ -47.651878, -21.15219 ], [ -47.651762, -21.152119 ], [ -47.651649, -21.152113 ], [ -47.651439, -21.152255 ], [ -47.651331, -21.152274 ], [ -47.651206, -21.152251 ], [ -47.651076, -21.152278 ], [ -47.650733, -21.152625 ], [ -47.650631, -21.152692 ], [ -47.650545, -21.152694 ], [ -47.650424, -21.152572 ], [ -47.650352, -21.152373 ], [ -47.650215, -21.151589 ], [ -47.650151, -21.151408 ], [ -47.649944, -21.15106 ], [ -47.649712, -21.150746 ], [ -47.649638, -21.150423 ], [ -47.649686, -21.150295 ], [ -47.649705, -21.150043 ], [ -47.649669, -21.149862 ], [ -47.649416, -21.149614 ], [ -47.649261, -21.149584 ], [ -47.648985, -21.149687 ], [ -47.648724, -21.149596 ], [ -47.648445, -21.149379 ], [ -47.648272, -21.149381 ], [ -47.648181, -21.14943 ], [ -47.647917, -21.149842 ], [ -47.647778, -21.149869 ], [ -47.647549, -21.149781 ], [ -47.647381, -21.149653 ], [ -47.647182, -21.149413 ], [ -47.647094, -21.149141 ], [ -47.647045, -21.148564 ], [ -47.6468961, -21.1483941 ], [ -47.646682, -21.14815 ], [ -47.64624, -21.148548 ], [ -47.645104, -21.149045 ], [ -47.643579, -21.149389 ], [ -47.641916, -21.149777 ], [ -47.639557, -21.150235 ], [ -47.637507, -21.150659 ], [ -47.635381, -21.151025 ], [ -47.634098, -21.151088 ], [ -47.632982, -21.151019 ], [ -47.632206, -21.150842 ], [ -47.631784, -21.150631 ], [ -47.631169, -21.149959 ], [ -47.630598, -21.149112 ], [ -47.629926, -21.148702 ], [ -47.62918, -21.148524 ], [ -47.628204, -21.148317 ], [ -47.628032, -21.148281 ], [ -47.627196, -21.148294 ], [ -47.626505, -21.148536 ], [ -47.625956, -21.148995 ], [ -47.625552, -21.149829 ], [ -47.625123, -21.150924 ], [ -47.624645, -21.151918 ], [ -47.624488, -21.152631 ], [ -47.624457, -21.153531 ], [ -47.624626, -21.154341 ], [ -47.625033, -21.155481 ], [ -47.625575, -21.156387 ], [ -47.626233, -21.157783 ], [ -47.626925, -21.159282 ], [ -47.627407, -21.160261 ], [ -47.627667, -21.160968 ], [ -47.627917, -21.16198 ], [ -47.62809, -21.163037 ], [ -47.628377, -21.164366 ], [ -47.628758, -21.165768 ], [ -47.628958, -21.166534 ], [ -47.629135, -21.167867 ], [ -47.629076, -21.168868 ], [ -47.628805, -21.170077 ], [ -47.627914, -21.171411 ], [ -47.626656, -21.172911 ], [ -47.625488, -21.174147 ], [ -47.624054, -21.175373 ], [ -47.622526, -21.176456 ], [ -47.62039, -21.17813 ], [ -47.618802, -21.1793 ], [ -47.617123, -21.180587 ], [ -47.615279, -21.181355 ], [ -47.614066, -21.181824 ], [ -47.612723, -21.18199 ], [ -47.611064, -21.181739 ], [ -47.608898, -21.180903 ], [ -47.60776, -21.180412 ], [ -47.605516, -21.179489 ], [ -47.604548, -21.178996 ], [ -47.601281, -21.177958 ], [ -47.598405, -21.177146 ], [ -47.596045, -21.17666 ], [ -47.594693, -21.176274 ], [ -47.592302, -21.175745 ], [ -47.591262, -21.175559 ], [ -47.5890729, -21.1749735 ] ] ] ] } },
{ "type": "Feature", "properties": { "CD_MUN": "3513207", "NM_MUN": "Cristais Paulista", "CD_RGI": "350033", "NM_RGI": "Franca", "CD_RGINT": "3508", "NM_RGINT": "Ribeirão Preto", "CD_UF": "35", "NM_UF": "São Paulo", "SIGLA_UF": "SP", "CD_REGIA": "3", "NM_REGIA": "Sudeste", "SIGLA_RG": "SE", "CD_CONCU": "3516200", "NM_CONCU": "Franca/SP", "AREA_KM2": 385.23 }, "geometry": { "type": "MultiPolygon", "coordinates": [ [ [ [ -47.421305, -20.3186837 ], [ -47.4135656, -20.3126962 ], [ -47.4135022, -20.3126472 ], [ -47.4117525, -20.3112935 ], [ -47.4116786, -20.3112363 ], [ -47.3915728, -20.2956817 ], [ -47.390158, -20.2947272 ], [ -47.3895868, -20.2941225 ], [ -47.3886802, -20.2938808 ], [ -47.3877412, -20.2932965 ], [ -47.3872669, -20.2931151 ], [ -47.3864495, -20.292909 ], [ -47.3853397, -20.2926293 ], [ -47.3838747, -20.2920233 ], [ -47.3824585, -20.2918443 ], [ -47.3807473, -20.291238 ], [ -47.3799081, -20.2911903 ], [ -47.3773974, -20.2914446 ], [ -47.3745748, -20.2925426 ], [ -47.3721464, -20.2932951 ], [ -47.3717947, -20.2932728 ], [ -47.3710604, -20.2930274 ], [ -47.3709599, -20.2929938 ], [ -47.3708916, -20.292971 ], [ -47.3703104, -20.2923803 ], [ -47.3701734, -20.2920651 ], [ -47.3701283, -20.2914172 ], [ -47.3703083, -20.2902296 ], [ -47.3716382, -20.2851366 ], [ -47.3723006, -20.2835133 ], [ -47.3730551, -20.282537 ], [ -47.3733267, -20.2818076 ], [ -47.3724323, -20.2810334 ], [ -47.3709725, -20.2802407 ], [ -47.3703414, -20.2796301 ], [ -47.368127, -20.2790533 ], [ -47.3668105, -20.2788321 ], [ -47.3664709, -20.2785291 ], [ -47.3665118, -20.2779959 ], [ -47.3666807, -20.2776536 ], [ -47.3677785, -20.2761303 ], [ -47.3681624, -20.2752182 ], [ -47.3681358, -20.2745163 ], [ -47.3680874, -20.2732051 ], [ -47.3678938, -20.2726684 ], [ -47.3671272, -20.2715729 ], [ -47.3669386, -20.2715011 ], [ -47.3664742, -20.2717199 ], [ -47.3646483, -20.2736714 ], [ -47.3629133, -20.2747231 ], [ -47.3614401, -20.2753011 ], [ -47.3593105, -20.2758805 ], [ -47.3589086, -20.2763389 ], [ -47.3582344, -20.2767143 ], [ -47.3574559, -20.2769303 ], [ -47.3570595, -20.2769235 ], [ -47.3553698, -20.2764922 ], [ -47.3542279, -20.276601 ], [ -47.3526237, -20.277103 ], [ -47.3516731, -20.277175 ], [ -47.3512542, -20.2770675 ], [ -47.3484327, -20.2732442 ], [ -47.347264, -20.2714747 ], [ -47.3469201, -20.2706457 ], [ -47.3463292, -20.2698128 ], [ -47.3457983, -20.2695043 ], [ -47.3452944, -20.2695706 ], [ -47.345059, -20.2697882 ], [ -47.3452987, -20.2707238 ], [ -47.3452774, -20.2712648 ], [ -47.3451414, -20.2715545 ], [ -47.3444452, -20.2721959 ], [ -47.3437857, -20.2725196 ], [ -47.3435291, -20.2725153 ], [ -47.343234, -20.272382 ], [ -47.3421727, -20.2715268 ], [ -47.3392548, -20.2704505 ], [ -47.3386119, -20.2699832 ], [ -47.3368532, -20.2683018 ], [ -47.3364064, -20.2682876 ], [ -47.3361188, -20.2684035 ], [ -47.3358669, -20.2686491 ], [ -47.3354265, -20.2706526 ], [ -47.3349974, -20.2712304 ], [ -47.3345888, -20.2713533 ], [ -47.3329353, -20.2712863 ], [ -47.3323673, -20.2714607 ], [ -47.3318481, -20.2718409 ], [ -47.3312513, -20.272575 ], [ -47.3310064, -20.2727463 ], [ -47.3297067, -20.2731599 ], [ -47.3292385, -20.2734666 ], [ -47.3271303, -20.2754868 ], [ -47.3261282, -20.2759539 ], [ -47.3248433, -20.2761577 ], [ -47.3243284, -20.276167 ], [ -47.3238451, -20.2760435 ], [ -47.3230136, -20.2757083 ], [ -47.3216497, -20.2749197 ], [ -47.3210417, -20.2746666 ], [ -47.3195971, -20.2743072 ], [ -47.317066, -20.2742607 ], [ -47.3142512, -20.273772 ], [ -47.3108022, -20.2738172 ], [ -47.3073478, -20.2741228 ], [ -47.3051942, -20.2722312 ], [ -47.3049553, -20.2721278 ], [ -47.3045452, -20.2721733 ], [ -47.3030098, -20.2730764 ], [ -47.3019249, -20.273329 ], [ -47.3016513, -20.2734992 ], [ -47.3013876, -20.2737696 ], [ -47.3010699, -20.2744072 ], [ -47.3008693, -20.2746143 ], [ -47.2993362, -20.275486 ], [ -47.2984556, -20.2761337 ], [ -47.298012, -20.2765984 ], [ -47.2971857, -20.2771421 ], [ -47.2959259, -20.2775623 ], [ -47.2948129, -20.2776682 ], [ -47.2940121, -20.2778857 ], [ -47.2932507, -20.278501 ], [ -47.2926188, -20.2792884 ], [ -47.2920486, -20.2798022 ], [ -47.2908607, -20.2803105 ], [ -47.2905461, -20.2808269 ], [ -47.2903029, -20.2815769 ], [ -47.2896231, -20.2819006 ], [ -47.2890417, -20.2823618 ], [ -47.2888614, -20.2826308 ], [ -47.2884081, -20.2839632 ], [ -47.2878413, -20.2847512 ], [ -47.2861051, -20.2859053 ], [ -47.2847951, -20.2875069 ], [ -47.2844532, -20.2883008 ], [ -47.2843933, -20.2886885 ], [ -47.2844653, -20.2892816 ], [ -47.2843804, -20.2896054 ], [ -47.2837949, -20.2898059 ], [ -47.2826711, -20.2897163 ], [ -47.282467, -20.2897822 ], [ -47.2822448, -20.2899346 ], [ -47.2816214, -20.2907896 ], [ -47.2808589, -20.2913392 ], [ -47.2804544, -20.2919851 ], [ -47.2801212, -20.2923336 ], [ -47.2793906, -20.2927648 ], [ -47.2789883, -20.2928501 ], [ -47.278564, -20.2928222 ], [ -47.2777657, -20.2924054 ], [ -47.2773361, -20.292017 ], [ -47.2767287, -20.291638 ], [ -47.2766552, -20.2930036 ], [ -47.2777046, -20.2943906 ], [ -47.2784582, -20.2982508 ], [ -47.279621, -20.2994121 ], [ -47.2798519, -20.3018893 ], [ -47.2815939, -20.3034815 ], [ -47.2814024, -20.3043638 ], [ -47.2823134, -20.3083504 ], [ -47.2818234, -20.3125828 ], [ -47.2818577, -20.3126309 ], [ -47.2825904, -20.3136571 ], [ -47.2828782, -20.3152406 ], [ -47.2835959, -20.3152222 ], [ -47.2835153, -20.3138739 ], [ -47.2839345, -20.3134676 ], [ -47.28582, -20.3162865 ], [ -47.2846552, -20.3159644 ], [ -47.2849001, -20.3174114 ], [ -47.2839855, -20.3177737 ], [ -47.2851533, -20.3201707 ], [ -47.2846251, -20.3200418 ], [ -47.2840378, -20.3205253 ], [ -47.2851488, -20.3216244 ], [ -47.2850444, -20.3218442 ], [ -47.2849842, -20.3219712 ], [ -47.2841234, -20.3220884 ], [ -47.283816, -20.3225466 ], [ -47.2839871, -20.3241697 ], [ -47.2847366, -20.3244787 ], [ -47.2848459, -20.3251172 ], [ -47.2859568, -20.3250707 ], [ -47.285376, -20.3269714 ], [ -47.2843198, -20.3266633 ], [ -47.2840721, -20.3270942 ], [ -47.2841206, -20.3287817 ], [ -47.2853387, -20.3297124 ], [ -47.2846648, -20.3302447 ], [ -47.28496, -20.3319902 ], [ -47.2858675, -20.332679 ], [ -47.2858418, -20.3335586 ], [ -47.2864418, -20.3335806 ], [ -47.2870739, -20.3322875 ], [ -47.2881846, -20.3318896 ], [ -47.2878227, -20.3331643 ], [ -47.288706, -20.333039 ], [ -47.2889053, -20.3339686 ], [ -47.2902892, -20.3337284 ], [ -47.2900084, -20.3346343 ], [ -47.2906231, -20.3348464 ], [ -47.2907064, -20.3353798 ], [ -47.2902334, -20.3354794 ], [ -47.2899904, -20.3361782 ], [ -47.2909761, -20.3363875 ], [ -47.2909985, -20.3370434 ], [ -47.2896754, -20.3370315 ], [ -47.2894355, -20.3375256 ], [ -47.2906911, -20.3378772 ], [ -47.290967, -20.3387432 ], [ -47.291761, -20.3388894 ], [ -47.2921265, -20.3385943 ], [ -47.2933472, -20.339641 ], [ -47.292515, -20.340532 ], [ -47.2939279, -20.3409939 ], [ -47.2939044, -20.3418898 ], [ -47.2933703, -20.3424714 ], [ -47.2947092, -20.3436233 ], [ -47.294904, -20.3448995 ], [ -47.2957624, -20.3459046 ], [ -47.297543, -20.3470175 ], [ -47.2982081, -20.3484357 ], [ -47.2955696, -20.3507531 ], [ -47.2956451, -20.3510894 ], [ -47.2966968, -20.3510621 ], [ -47.2971505, -20.3516752 ], [ -47.2961747, -20.3529139 ], [ -47.2958916, -20.3541991 ], [ -47.2955934, -20.3555533 ], [ -47.2965359, -20.3573388 ], [ -47.2957194, -20.3594571 ], [ -47.2946246, -20.360188 ], [ -47.2944301, -20.3619778 ], [ -47.2933515, -20.3643456 ], [ -47.29398, -20.3675129 ], [ -47.2949901, -20.3672316 ], [ -47.2954892, -20.3692059 ], [ -47.2952175, -20.3696143 ], [ -47.2925354, -20.3703152 ], [ -47.2930454, -20.3711541 ], [ -47.2940433, -20.3707358 ], [ -47.2944618, -20.3712101 ], [ -47.293482, -20.3733103 ], [ -47.2950963, -20.3749239 ], [ -47.2937686, -20.3761599 ], [ -47.2947885, -20.3778424 ], [ -47.2928757, -20.3792807 ], [ -47.2930972, -20.3798975 ], [ -47.2944313, -20.380768 ], [ -47.2942342, -20.3815332 ], [ -47.291687, -20.3823236 ], [ -47.290625, -20.3832229 ], [ -47.2912045, -20.3842506 ], [ -47.2937612, -20.3856908 ], [ -47.2925418, -20.3867261 ], [ -47.2922891, -20.3881712 ], [ -47.2904921, -20.3867214 ], [ -47.2896376, -20.3866186 ], [ -47.2872378, -20.3879204 ], [ -47.2872614, -20.3886995 ], [ -47.2886432, -20.389137 ], [ -47.2893468, -20.3905073 ], [ -47.2880312, -20.3931778 ], [ -47.2886608, -20.3946424 ], [ -47.2889376, -20.3952864 ], [ -47.2898726, -20.3962746 ], [ -47.2904805, -20.396841 ], [ -47.2917543, -20.3980279 ], [ -47.2914556, -20.4000463 ], [ -47.2897948, -20.3996952 ], [ -47.2892612, -20.4012922 ], [ -47.2874026, -20.402028 ], [ -47.2873597, -20.4021097 ], [ -47.2869091, -20.4029689 ], [ -47.2866197, -20.4035207 ], [ -47.2854557, -20.40574 ], [ -47.2867565, -20.4090081 ], [ -47.2867669, -20.409034 ], [ -47.2872654, -20.4094988 ], [ -47.2888915, -20.4090849 ], [ -47.2890182, -20.4092168 ], [ -47.2895896, -20.4098116 ], [ -47.2880902, -20.4150027 ], [ -47.288091, -20.4157989 ], [ -47.2884254, -20.41673 ], [ -47.2903682, -20.4179411 ], [ -47.2934821, -20.4180244 ], [ -47.2934566, -20.4186552 ], [ -47.2943252, -20.4178437 ], [ -47.2956164, -20.4174358 ], [ -47.2963624, -20.4176584 ], [ -47.2968567, -20.4180233 ], [ -47.2977784, -20.4189455 ], [ -47.2982554, -20.4191785 ], [ -47.2985637, -20.4190806 ], [ -47.2990174, -20.4194745 ], [ -47.2993455, -20.4196254 ], [ -47.2996176, -20.4195873 ], [ -47.2999551, -20.4191024 ], [ -47.3002078, -20.4189378 ], [ -47.3004597, -20.4189878 ], [ -47.3009261, -20.4193786 ], [ -47.3011868, -20.419491 ], [ -47.3015166, -20.4193158 ], [ -47.3019709, -20.4184615 ], [ -47.3021975, -20.4182114 ], [ -47.3024905, -20.4182011 ], [ -47.3029875, -20.4186343 ], [ -47.3031391, -20.4186769 ], [ -47.3035903, -20.4185558 ], [ -47.3042818, -20.4187952 ], [ -47.3048177, -20.4184679 ], [ -47.3056872, -20.4184517 ], [ -47.306407, -20.4179976 ], [ -47.3070061, -20.417936 ], [ -47.3071307, -20.4178276 ], [ -47.3073742, -20.4172105 ], [ -47.3075541, -20.4171105 ], [ -47.3086072, -20.4171947 ], [ -47.3093833, -20.417981 ], [ -47.3100779, -20.4182825 ], [ -47.310767, -20.4183358 ], [ -47.3109638, -20.4185733 ], [ -47.3110476, -20.4191615 ], [ -47.3111273, -20.4192697 ], [ -47.3114653, -20.4193276 ], [ -47.3115922, -20.4195175 ], [ -47.3115981, -20.4198907 ], [ -47.3119679, -20.4202957 ], [ -47.3119577, -20.4205083 ], [ -47.3116446, -20.4209186 ], [ -47.3115459, -20.42149 ], [ -47.310863, -20.4216256 ], [ -47.3106417, -20.4219524 ], [ -47.3107008, -20.4221379 ], [ -47.3112473, -20.4227141 ], [ -47.3120635, -20.4233528 ], [ -47.3125071, -20.424333 ], [ -47.3128971, -20.4245402 ], [ -47.3134413, -20.4244181 ], [ -47.3139861, -20.4239069 ], [ -47.3142576, -20.4237735 ], [ -47.3152287, -20.4240451 ], [ -47.3155883, -20.4240687 ], [ -47.3163867, -20.4238359 ], [ -47.3167474, -20.4238758 ], [ -47.3167766, -20.4242642 ], [ -47.3168782, -20.4244208 ], [ -47.3170101, -20.4244312 ], [ -47.3176636, -20.4239565 ], [ -47.3179118, -20.423895 ], [ -47.3181792, -20.424031 ], [ -47.3182186, -20.4247577 ], [ -47.318557, -20.4250923 ], [ -47.3190403, -20.4251827 ], [ -47.3194822, -20.4250755 ], [ -47.3201213, -20.4252643 ], [ -47.3206293, -20.425006 ], [ -47.321374, -20.4241978 ], [ -47.3220391, -20.4238089 ], [ -47.3227837, -20.4237538 ], [ -47.3244033, -20.4241552 ], [ -47.3246073, -20.4241396 ], [ -47.3251948, -20.4237935 ], [ -47.3254956, -20.4237134 ], [ -47.3257768, -20.4238409 ], [ -47.3261329, -20.4242526 ], [ -47.3264729, -20.4243976 ], [ -47.3277013, -20.4244875 ], [ -47.3289888, -20.4247397 ], [ -47.329465, -20.4245934 ], [ -47.3301183, -20.423858 ], [ -47.3306148, -20.423708 ], [ -47.3311857, -20.4236794 ], [ -47.3316893, -20.423278 ], [ -47.3322, -20.4233101 ], [ -47.3323558, -20.4235415 ], [ -47.3322964, -20.4244496 ], [ -47.3324881, -20.4246079 ], [ -47.3330186, -20.4244483 ], [ -47.3335712, -20.4246859 ], [ -47.3341849, -20.4246877 ], [ -47.3354553, -20.4253588 ], [ -47.3360422, -20.4255133 ], [ -47.3369999, -20.4256099 ], [ -47.3376687, -20.4255338 ], [ -47.3382778, -20.425619 ], [ -47.3384633, -20.4257213 ], [ -47.3386482, -20.4260582 ], [ -47.3386658, -20.4266492 ], [ -47.3392056, -20.4272054 ], [ -47.3393286, -20.4274437 ], [ -47.3393926, -20.4278487 ], [ -47.3392358, -20.4288133 ], [ -47.339363, -20.4290437 ], [ -47.3396448, -20.4292683 ], [ -47.340217, -20.429477 ], [ -47.3411723, -20.4296508 ], [ -47.3425054, -20.4302488 ], [ -47.3436535, -20.4302879 ], [ -47.3439203, -20.4303727 ], [ -47.3441331, -20.4306854 ], [ -47.3438209, -20.4309413 ], [ -47.3438805, -20.431162 ], [ -47.3442773, -20.4314763 ], [ -47.3442649, -20.4316097 ], [ -47.3439125, -20.4317069 ], [ -47.3439337, -20.431882 ], [ -47.3442645, -20.4321273 ], [ -47.3444818, -20.4326047 ], [ -47.3449371, -20.432631 ], [ -47.3453753, -20.4322549 ], [ -47.3457864, -20.4321744 ], [ -47.3462949, -20.4323699 ], [ -47.3492408, -20.434307 ], [ -47.3495352, -20.434417 ], [ -47.3498812, -20.434822 ], [ -47.3499803, -20.4357693 ], [ -47.3501023, -20.4360103 ], [ -47.3505529, -20.4362125 ], [ -47.3512419, -20.4362702 ], [ -47.3513496, -20.4366868 ], [ -47.3515136, -20.4367298 ], [ -47.3519714, -20.436545 ], [ -47.3523638, -20.4365419 ], [ -47.3538318, -20.4370371 ], [ -47.3542738, -20.437018 ], [ -47.3545256, -20.4369386 ], [ -47.3557154, -20.436059 ], [ -47.3559321, -20.4359936 ], [ -47.3570291, -20.4362194 ], [ -47.3576196, -20.4362023 ], [ -47.3581116, -20.43607 ], [ -47.358807, -20.4360667 ], [ -47.3593018, -20.4362688 ], [ -47.3594149, -20.4365831 ], [ -47.3596256, -20.4366783 ], [ -47.3601058, -20.4365734 ], [ -47.3605284, -20.4366245 ], [ -47.3608341, -20.4368976 ], [ -47.3612489, -20.4369987 ], [ -47.3617568, -20.4369191 ], [ -47.3621664, -20.4372061 ], [ -47.3623941, -20.4372408 ], [ -47.3625779, -20.4372046 ], [ -47.3630304, -20.4368515 ], [ -47.3635894, -20.4365887 ], [ -47.3640231, -20.4366043 ], [ -47.3642245, -20.4366721 ], [ -47.3652394, -20.4375347 ], [ -47.3653714, -20.4377437 ], [ -47.3655227, -20.4383947 ], [ -47.3658999, -20.4387666 ], [ -47.3675881, -20.4390499 ], [ -47.3685647, -20.4387535 ], [ -47.3714137, -20.4370029 ], [ -47.3723466, -20.4365629 ], [ -47.3740477, -20.4364332 ], [ -47.3754482, -20.4368052 ], [ -47.3780584, -20.4393332 ], [ -47.3845071, -20.4393128 ], [ -47.3857111, -20.4390124 ], [ -47.386684, -20.4383562 ], [ -47.3888962, -20.4372904 ], [ -47.3903249, -20.4367395 ], [ -47.3924337, -20.4363185 ], [ -47.3934547, -20.4364829 ], [ -47.3950227, -20.4376008 ], [ -47.3981369, -20.4418919 ], [ -47.3996984, -20.4427615 ], [ -47.4016346, -20.4434825 ], [ -47.4038403, -20.4444491 ], [ -47.4060042, -20.4452039 ], [ -47.4074777, -20.4461528 ], [ -47.4106626, -20.4482041 ], [ -47.4126883, -20.4496375 ], [ -47.4133711, -20.4504227 ], [ -47.4134737, -20.4509397 ], [ -47.4133314, -20.4515302 ], [ -47.4129845, -20.4523521 ], [ -47.4127947, -20.4534261 ], [ -47.4127207, -20.4553314 ], [ -47.4128224, -20.4570779 ], [ -47.4133371, -20.4585667 ], [ -47.4134431, -20.4586841 ], [ -47.4140678, -20.4593761 ], [ -47.4154303, -20.4595742 ], [ -47.4154691, -20.4595799 ], [ -47.4155066, -20.4595854 ], [ -47.415804, -20.4596286 ], [ -47.415806, -20.4596289 ], [ -47.4158421, -20.4596341 ], [ -47.4158461, -20.4596347 ], [ -47.4158989, -20.4596424 ], [ -47.4160213, -20.4596602 ], [ -47.4160693, -20.4596672 ], [ -47.4160712, -20.4596675 ], [ -47.4161204, -20.4596746 ], [ -47.4161219, -20.4596748 ], [ -47.4161465, -20.4596784 ], [ -47.416174, -20.4596824 ], [ -47.4161758, -20.4596827 ], [ -47.4162058, -20.459687 ], [ -47.4163165, -20.4597031 ], [ -47.4163733, -20.4597114 ], [ -47.4165367, -20.4597351 ], [ -47.4165854, -20.4597426 ], [ -47.4165901, -20.4597433 ], [ -47.4168159, -20.459778 ], [ -47.4186532, -20.4597908 ], [ -47.4186923, -20.4597911 ], [ -47.4187639, -20.4597916 ], [ -47.4188733, -20.4597924 ], [ -47.4189133, -20.4597927 ], [ -47.4191054, -20.459794 ], [ -47.4191511, -20.4597943 ], [ -47.4191961, -20.4597946 ], [ -47.4196303, -20.4597977 ], [ -47.4240315, -20.4596298 ], [ -47.4281427, -20.4599946 ], [ -47.4308452, -20.4602344 ], [ -47.4308509, -20.4602349 ], [ -47.430917, -20.4602408 ], [ -47.4313768, -20.4602816 ], [ -47.4334436, -20.4604978 ], [ -47.4335153, -20.4605053 ], [ -47.4348134, -20.4606411 ], [ -47.4348847, -20.4606485 ], [ -47.4448861, -20.4616946 ], [ -47.4457422, -20.4617463 ], [ -47.4481409, -20.4618912 ], [ -47.4486479, -20.4618637 ], [ -47.4548583, -20.4615263 ], [ -47.4573034, -20.4611603 ], [ -47.4583751, -20.4611537 ], [ -47.4589824, -20.4612861 ], [ -47.4592022, -20.461407 ], [ -47.4592064, -20.4614093 ], [ -47.459257, -20.4614372 ], [ -47.4592655, -20.4614418 ], [ -47.4597078, -20.4616853 ], [ -47.4610296, -20.4627909 ], [ -47.4618854, -20.463079 ], [ -47.4629244, -20.4631188 ], [ -47.4660368, -20.4623786 ], [ -47.4684412, -20.4619056 ], [ -47.4685827, -20.4618778 ], [ -47.4738992, -20.461155 ], [ -47.4739586, -20.4611469 ], [ -47.4742255, -20.4611106 ], [ -47.4788029, -20.4602226 ], [ -47.4805044, -20.4597261 ], [ -47.4814992, -20.4593156 ], [ -47.4820266, -20.4592283 ], [ -47.4826139, -20.4594236 ], [ -47.4831186, -20.4597597 ], [ -47.4858898, -20.4629029 ], [ -47.4861861, -20.4633364 ], [ -47.4864345, -20.4636998 ], [ -47.4868863, -20.4641292 ], [ -47.488094, -20.4647378 ], [ -47.4891845, -20.4649447 ], [ -47.4904246, -20.4653801 ], [ -47.491369, -20.4654745 ], [ -47.4914561, -20.4654832 ], [ -47.4919085, -20.4653787 ], [ -47.4923502, -20.4651408 ], [ -47.4927357, -20.4645996 ], [ -47.4953138, -20.4600224 ], [ -47.4972024, -20.4578905 ], [ -47.4986744, -20.4564666 ], [ -47.4992413, -20.4563529 ], [ -47.4999565, -20.4563626 ], [ -47.5000436, -20.4563638 ], [ -47.5005129, -20.4562437 ], [ -47.5025929, -20.4566608 ], [ -47.5039526, -20.4568282 ], [ -47.5054147, -20.4569122 ], [ -47.506068, -20.4568403 ], [ -47.507305, -20.4564377 ], [ -47.5077463, -20.4561853 ], [ -47.5088422, -20.4552867 ], [ -47.5108752, -20.4529963 ], [ -47.5114258, -20.4525853 ], [ -47.5122435, -20.4521644 ], [ -47.5128777, -20.4519317 ], [ -47.5147449, -20.4516405 ], [ -47.5174346, -20.4515623 ], [ -47.5187427, -20.4516566 ], [ -47.5197743, -20.4515069 ], [ -47.5202599, -20.451259 ], [ -47.5203552, -20.4512104 ], [ -47.520879, -20.4509429 ], [ -47.5215316, -20.4502255 ], [ -47.5221386, -20.4483603 ], [ -47.5225956, -20.4454307 ], [ -47.5227698, -20.4421571 ], [ -47.5231282, -20.4408643 ], [ -47.5230544, -20.4404525 ], [ -47.522902, -20.4396073 ], [ -47.5224482, -20.4389955 ], [ -47.5224249, -20.4385685 ], [ -47.5226466, -20.4378127 ], [ -47.5227199, -20.4368455 ], [ -47.522994, -20.4364161 ], [ -47.5240301, -20.435996 ], [ -47.5244171, -20.4355959 ], [ -47.5240762, -20.4343977 ], [ -47.5242886, -20.4335651 ], [ -47.5242423, -20.4316793 ], [ -47.5244595, -20.4310976 ], [ -47.5246278, -20.4300827 ], [ -47.525484, -20.4285791 ], [ -47.5266517, -20.4279706 ], [ -47.5271985, -20.4273966 ], [ -47.5277672, -20.4255711 ], [ -47.5278746, -20.4252265 ], [ -47.5279149, -20.4248145 ], [ -47.5275617, -20.423907 ], [ -47.5267023, -20.4226105 ], [ -47.5251076, -20.4208985 ], [ -47.5232125, -20.4159546 ], [ -47.5227519, -20.4135879 ], [ -47.5222191, -20.4126216 ], [ -47.5219821, -20.4118946 ], [ -47.5214198, -20.4111278 ], [ -47.5201029, -20.4104759 ], [ -47.5197543, -20.4099183 ], [ -47.5197338, -20.4096748 ], [ -47.5199292, -20.4092479 ], [ -47.5199641, -20.4088725 ], [ -47.5197793, -20.4079542 ], [ -47.519563, -20.4075786 ], [ -47.5189001, -20.407039 ], [ -47.5188247, -20.4068268 ], [ -47.518897, -20.4058802 ], [ -47.519206, -20.4053505 ], [ -47.5189427, -20.4047242 ], [ -47.5189485, -20.4045185 ], [ -47.5195898, -20.4033566 ], [ -47.5196177, -20.4030358 ], [ -47.5193263, -20.4018925 ], [ -47.5193292, -20.4016409 ], [ -47.5195687, -20.4011203 ], [ -47.5193221, -20.4007363 ], [ -47.5188155, -20.4003104 ], [ -47.5185591, -20.3998865 ], [ -47.5186224, -20.3988606 ], [ -47.5185149, -20.3982238 ], [ -47.5184971, -20.3981916 ], [ -47.5182805, -20.3977998 ], [ -47.5174369, -20.3968383 ], [ -47.5171354, -20.3962563 ], [ -47.517058, -20.3959308 ], [ -47.5171081, -20.3952405 ], [ -47.5173886, -20.3949291 ], [ -47.5179601, -20.3948603 ], [ -47.5183662, -20.3945041 ], [ -47.5189914, -20.3941371 ], [ -47.519256, -20.3936561 ], [ -47.5198023, -20.3934785 ], [ -47.5201655, -20.3929796 ], [ -47.5212959, -20.3925225 ], [ -47.5218839, -20.3915321 ], [ -47.5222366, -20.3915118 ], [ -47.5223777, -20.3916006 ], [ -47.5225341, -20.3923049 ], [ -47.5226971, -20.3924421 ], [ -47.5235439, -20.3924815 ], [ -47.5240021, -20.3927124 ], [ -47.5244489, -20.3925752 ], [ -47.525476, -20.3926365 ], [ -47.5258533, -20.3924868 ], [ -47.526771, -20.3918187 ], [ -47.5272456, -20.3917957 ], [ -47.5278642, -20.3916064 ], [ -47.5280523, -20.3913042 ], [ -47.5287846, -20.3911946 ], [ -47.5294886, -20.3913239 ], [ -47.5291845, -20.3902538 ], [ -47.5288974, -20.3901048 ], [ -47.5280836, -20.3901233 ], [ -47.5274512, -20.3898869 ], [ -47.5268766, -20.3898495 ], [ -47.5266706, -20.3897322 ], [ -47.5265209, -20.3894148 ], [ -47.526569, -20.3890444 ], [ -47.5264457, -20.3886246 ], [ -47.526043, -20.38842 ], [ -47.5257915, -20.3877195 ], [ -47.5256935, -20.3876098 ], [ -47.5249312, -20.387338 ], [ -47.5249946, -20.3863507 ], [ -47.5246649, -20.3857785 ], [ -47.5245438, -20.3849839 ], [ -47.5246646, -20.3840922 ], [ -47.5246266, -20.3835353 ], [ -47.5239392, -20.3824393 ], [ -47.5229765, -20.382215 ], [ -47.5224326, -20.381927 ], [ -47.5216598, -20.3808315 ], [ -47.521225, -20.380455 ], [ -47.5211533, -20.3796964 ], [ -47.5210566, -20.3795795 ], [ -47.5205013, -20.3794251 ], [ -47.5203994, -20.3793179 ], [ -47.5200994, -20.3781042 ], [ -47.5199419, -20.3779509 ], [ -47.5193072, -20.3777243 ], [ -47.5190883, -20.3773198 ], [ -47.5189211, -20.3771941 ], [ -47.5183456, -20.3769715 ], [ -47.5178551, -20.3760041 ], [ -47.5170135, -20.3752036 ], [ -47.5159401, -20.3735738 ], [ -47.5157626, -20.3734189 ], [ -47.5146028, -20.372914 ], [ -47.5145747, -20.3718685 ], [ -47.5143795, -20.3713138 ], [ -47.5139224, -20.3710812 ], [ -47.5137135, -20.370758 ], [ -47.5131151, -20.3703529 ], [ -47.5120712, -20.3698748 ], [ -47.5118386, -20.3696819 ], [ -47.5111431, -20.3686674 ], [ -47.5101619, -20.3679498 ], [ -47.5100519, -20.3677857 ], [ -47.5099968, -20.3667904 ], [ -47.509677, -20.3661206 ], [ -47.5093307, -20.3647784 ], [ -47.5088246, -20.3641161 ], [ -47.5082171, -20.363815 ], [ -47.5080409, -20.3636053 ], [ -47.5078426, -20.3633292 ], [ -47.5074895, -20.3624452 ], [ -47.5066517, -20.3621733 ], [ -47.5063766, -20.361968 ], [ -47.5058352, -20.3612774 ], [ -47.5052318, -20.3610843 ], [ -47.5043687, -20.3605014 ], [ -47.5038539, -20.3597956 ], [ -47.5038284, -20.3594675 ], [ -47.5041002, -20.3581086 ], [ -47.5040833, -20.3578257 ], [ -47.503909, -20.3570678 ], [ -47.5036693, -20.3567057 ], [ -47.5034447, -20.356096 ], [ -47.5034685, -20.355758 ], [ -47.5036991, -20.3550601 ], [ -47.503716, -20.3542912 ], [ -47.5033525, -20.3521754 ], [ -47.5030999, -20.349722 ], [ -47.5025147, -20.347544 ], [ -47.5028067, -20.3453364 ], [ -47.5026019, -20.3440956 ], [ -47.5018451, -20.3420559 ], [ -47.5007231, -20.3397205 ], [ -47.5001647, -20.3393232 ], [ -47.4985269, -20.3369697 ], [ -47.4967467, -20.3340373 ], [ -47.4966439, -20.3336542 ], [ -47.4967018, -20.3330748 ], [ -47.4972755, -20.3319877 ], [ -47.4986566, -20.3304569 ], [ -47.4991871, -20.3294608 ], [ -47.4997464, -20.3280999 ], [ -47.500001, -20.3276959 ], [ -47.5009458, -20.326787 ], [ -47.5011314, -20.3262006 ], [ -47.5017294, -20.3249436 ], [ -47.5016923, -20.3244326 ], [ -47.5007936, -20.322785 ], [ -47.5006361, -20.322586 ], [ -47.5002463, -20.322399 ], [ -47.5000731, -20.3220726 ], [ -47.5000108, -20.3215247 ], [ -47.5002039, -20.3196388 ], [ -47.5000002, -20.3183944 ], [ -47.4991445, -20.3169786 ], [ -47.4988484, -20.3166809 ], [ -47.4985465, -20.3165214 ], [ -47.4982951, -20.3161643 ], [ -47.4980496, -20.3164887 ], [ -47.4975166, -20.3168824 ], [ -47.4972938, -20.3169398 ], [ -47.4962355, -20.3167416 ], [ -47.4959998, -20.316651 ], [ -47.4957063, -20.3163831 ], [ -47.4953817, -20.3158965 ], [ -47.4950807, -20.3149173 ], [ -47.4948639, -20.3145587 ], [ -47.4946368, -20.3144443 ], [ -47.4937622, -20.3143904 ], [ -47.4919663, -20.3145756 ], [ -47.4910513, -20.3145282 ], [ -47.4899001, -20.3142852 ], [ -47.4860362, -20.3126033 ], [ -47.4855649, -20.3125768 ], [ -47.4851926, -20.3126556 ], [ -47.4845431, -20.3130163 ], [ -47.483476, -20.3134181 ], [ -47.4817304, -20.3136158 ], [ -47.48069, -20.313358 ], [ -47.4789715, -20.3127505 ], [ -47.4781099, -20.3126178 ], [ -47.4765734, -20.3121941 ], [ -47.4760328, -20.3121543 ], [ -47.4745362, -20.3123082 ], [ -47.4720341, -20.3116967 ], [ -47.4714016, -20.3112886 ], [ -47.4708915, -20.3111815 ], [ -47.4699455, -20.3106647 ], [ -47.4684002, -20.3096105 ], [ -47.466499, -20.3081341 ], [ -47.465118, -20.307593 ], [ -47.4646005, -20.3075944 ], [ -47.4636861, -20.3078733 ], [ -47.4623341, -20.3089169 ], [ -47.4604991, -20.3142792 ], [ -47.4576666, -20.310301 ], [ -47.4574068, -20.3100783 ], [ -47.4553468, -20.3095954 ], [ -47.4545936, -20.3092788 ], [ -47.4540544, -20.3091806 ], [ -47.453363, -20.309216 ], [ -47.4500258, -20.310501 ], [ -47.449267, -20.3109752 ], [ -47.4487783, -20.3111556 ], [ -47.4482426, -20.3112031 ], [ -47.4475209, -20.3110935 ], [ -47.4462298, -20.3107389 ], [ -47.4449914, -20.3107701 ], [ -47.4444288, -20.3109756 ], [ -47.4437888, -20.311518 ], [ -47.4430047, -20.3124963 ], [ -47.4426325, -20.3133219 ], [ -47.4413656, -20.3154524 ], [ -47.4403823, -20.3158175 ], [ -47.4401865, -20.3159396 ], [ -47.4398551, -20.3163649 ], [ -47.4386391, -20.3166341 ], [ -47.436636, -20.3166421 ], [ -47.4355953, -20.3168917 ], [ -47.4348062, -20.317353 ], [ -47.4344724, -20.3177683 ], [ -47.4340712, -20.3180311 ], [ -47.4293906, -20.3198704 ], [ -47.4289339, -20.3199504 ], [ -47.4280077, -20.3203238 ], [ -47.4272033, -20.3204016 ], [ -47.4262602, -20.3202225 ], [ -47.4248894, -20.3201659 ], [ -47.4240393, -20.3199184 ], [ -47.4233055, -20.319438 ], [ -47.4223265, -20.3189556 ], [ -47.421305, -20.3186837 ] ] ] ] } },
{ "type": "Feature", "properties": { "CD_MUN": "3544905", "NM_MUN": "Sales Oliveira", "CD_RGI": "350034", "NM_RGI": "São Joaquim da Barra - Orlândia", "CD_RGINT": "3508", "NM_RGINT": "Ribeirão Preto", "CD_UF": "35", "NM_UF": "São Paulo", "SIGLA_UF": "SP", "CD_REGIA": "3", "NM_REGIA": "Sudeste", "SIGLA_RG": "SE", "CD_CONCU": null, "NM_CONCU": null, "AREA_KM2": 305.776 }, "geometry": { "type": "MultiPolygon", "coordinates": [ [ [ [ -47.7918004, -20.7492463 ], [ -47.7883025, -20.7496718 ], [ -47.7879561, -20.7498239 ], [ -47.787303, -20.7505423 ], [ -47.7872228, -20.7508101 ], [ -47.7872703, -20.7513387 ], [ -47.7877105, -20.7526018 ], [ -47.7876926, -20.7546802 ], [ -47.7879248, -20.7563045 ], [ -47.7879334, -20.7573363 ], [ -47.7877641, -20.7586305 ], [ -47.7871932, -20.7604129 ], [ -47.7866803, -20.7614826 ], [ -47.7866201, -20.7624821 ], [ -47.7861405, -20.763231 ], [ -47.7857095, -20.7635959 ], [ -47.7856151, -20.7637885 ], [ -47.7857949, -20.7646286 ], [ -47.785813, -20.7651931 ], [ -47.7854045, -20.7676081 ], [ -47.785382, -20.7687871 ], [ -47.7850667, -20.7714115 ], [ -47.7848235, -20.7726518 ], [ -47.7830899, -20.7771853 ], [ -47.7824289, -20.7783018 ], [ -47.7813885, -20.779204 ], [ -47.7804617, -20.7795132 ], [ -47.779587, -20.7800293 ], [ -47.7784542, -20.7801854 ], [ -47.7776809, -20.7805963 ], [ -47.7772952, -20.7806948 ], [ -47.7768586, -20.7807024 ], [ -47.7755735, -20.7809591 ], [ -47.7742169, -20.7808076 ], [ -47.7731739, -20.7810443 ], [ -47.7718788, -20.781056 ], [ -47.7716083, -20.7811595 ], [ -47.7705803, -20.7812429 ], [ -47.7696114, -20.7812205 ], [ -47.7692429, -20.7814167 ], [ -47.768854, -20.7819458 ], [ -47.7684727, -20.7821946 ], [ -47.7665965, -20.7830836 ], [ -47.7658588, -20.7836549 ], [ -47.7652043, -20.7839568 ], [ -47.764619, -20.7843753 ], [ -47.7627672, -20.7847859 ], [ -47.7605042, -20.785846 ], [ -47.7595095, -20.7861454 ], [ -47.758831, -20.7862836 ], [ -47.7566423, -20.7863312 ], [ -47.7552417, -20.7867094 ], [ -47.7530176, -20.788849 ], [ -47.7506734, -20.7907756 ], [ -47.7498009, -20.791699 ], [ -47.7494412, -20.7922156 ], [ -47.7490328, -20.7932825 ], [ -47.7485676, -20.7938393 ], [ -47.7482027, -20.7940392 ], [ -47.7467639, -20.7944528 ], [ -47.7462448, -20.7948269 ], [ -47.7444092, -20.7967682 ], [ -47.7435983, -20.7983619 ], [ -47.7424115, -20.7995597 ], [ -47.7420946, -20.8012485 ], [ -47.7418308, -20.8017461 ], [ -47.7419157, -20.8022015 ], [ -47.7418673, -20.8026502 ], [ -47.7413721, -20.8032796 ], [ -47.7407667, -20.8035553 ], [ -47.7398159, -20.8041817 ], [ -47.7392445, -20.8044235 ], [ -47.7367746, -20.8059163 ], [ -47.7329639, -20.8076103 ], [ -47.7262376, -20.8102484 ], [ -47.7228967, -20.8113424 ], [ -47.7220974, -20.8117215 ], [ -47.721374, -20.8122652 ], [ -47.7208784, -20.813318 ], [ -47.7204491, -20.8137241 ], [ -47.7196544, -20.8142949 ], [ -47.7193001, -20.8146749 ], [ -47.7186147, -20.8148594 ], [ -47.7181563, -20.8153417 ], [ -47.7186355, -20.8154006 ], [ -47.7191598, -20.8155995 ], [ -47.7198732, -20.8161281 ], [ -47.7202948, -20.8166722 ], [ -47.7220598, -20.8204645 ], [ -47.7245416, -20.8245472 ], [ -47.7255349, -20.8260463 ], [ -47.7264167, -20.8271754 ], [ -47.7269694, -20.8278277 ], [ -47.7274927, -20.8282604 ], [ -47.7290019, -20.8293305 ], [ -47.7307084, -20.8300032 ], [ -47.7349413, -20.8312857 ], [ -47.7359411, -20.8314282 ], [ -47.7393723, -20.832177 ], [ -47.7408591, -20.8329549 ], [ -47.7431121, -20.833713 ], [ -47.744079, -20.8342319 ], [ -47.745136, -20.8352216 ], [ -47.7458022, -20.8360821 ], [ -47.7461934, -20.8368273 ], [ -47.7464554, -20.8373251 ], [ -47.7468216, -20.8385577 ], [ -47.7475699, -20.8402448 ], [ -47.74857, -20.8430021 ], [ -47.7492859, -20.84401 ], [ -47.7495546, -20.8453209 ], [ -47.7497555, -20.8456025 ], [ -47.7502375, -20.8458034 ], [ -47.7506009, -20.8458526 ], [ -47.7526555, -20.8458804 ], [ -47.7556508, -20.8466914 ], [ -47.7563204, -20.846963 ], [ -47.7587699, -20.8483935 ], [ -47.7609935, -20.8498913 ], [ -47.763084, -20.8515398 ], [ -47.764515, -20.8527921 ], [ -47.765684, -20.8539603 ], [ -47.7661965, -20.8543332 ], [ -47.767218, -20.8545132 ], [ -47.7701319, -20.8544856 ], [ -47.7712424, -20.8546508 ], [ -47.7721095, -20.8550302 ], [ -47.7729836, -20.8557516 ], [ -47.7737949, -20.8572476 ], [ -47.7745764, -20.8593495 ], [ -47.7754638, -20.8608914 ], [ -47.7760658, -20.8617054 ], [ -47.776963, -20.8626371 ], [ -47.7771525, -20.8629605 ], [ -47.7774446, -20.8643173 ], [ -47.778624, -20.8659615 ], [ -47.7789605, -20.866568 ], [ -47.7790834, -20.86713 ], [ -47.7795286, -20.8679941 ], [ -47.7808419, -20.8693761 ], [ -47.7814163, -20.8703208 ], [ -47.78171, -20.870804 ], [ -47.7828435, -20.8721399 ], [ -47.7838342, -20.8742584 ], [ -47.7843748, -20.8759541 ], [ -47.7845637, -20.8762955 ], [ -47.7855612, -20.8773387 ], [ -47.7860706, -20.8780918 ], [ -47.7869128, -20.8798938 ], [ -47.7869236, -20.8804706 ], [ -47.7868261, -20.8808276 ], [ -47.7857034, -20.8822339 ], [ -47.7842895, -20.8854471 ], [ -47.7839199, -20.8859427 ], [ -47.7837597, -20.8878882 ], [ -47.7834304, -20.8884329 ], [ -47.7824009, -20.8891852 ], [ -47.78203, -20.8895719 ], [ -47.7813826, -20.8905521 ], [ -47.7809432, -20.8914786 ], [ -47.7805781, -20.8928169 ], [ -47.7803345, -20.8931039 ], [ -47.7797464, -20.8944378 ], [ -47.7828194, -20.8949528 ], [ -47.7842744, -20.8950783 ], [ -47.7853647, -20.8953444 ], [ -47.7859187, -20.8955551 ], [ -47.7866875, -20.8960136 ], [ -47.7880905, -20.8974663 ], [ -47.7887058, -20.8978932 ], [ -47.7911872, -20.8985971 ], [ -47.7928933, -20.8989763 ], [ -47.794998, -20.8996728 ], [ -47.7956983, -20.8998114 ], [ -47.7960997, -20.8997594 ], [ -47.7965318, -20.8995205 ], [ -47.7978301, -20.8965648 ], [ -47.7991509, -20.8928535 ], [ -47.7991622, -20.8922514 ], [ -47.7989318, -20.8911217 ], [ -47.7988577, -20.890236 ], [ -47.7991895, -20.8897696 ], [ -47.7995998, -20.8895694 ], [ -47.8000721, -20.8896144 ], [ -47.8020389, -20.8901314 ], [ -47.8053883, -20.8906614 ], [ -47.8062909, -20.8906993 ], [ -47.8079111, -20.8904762 ], [ -47.8088856, -20.8904961 ], [ -47.8117973, -20.8915659 ], [ -47.8144699, -20.8927656 ], [ -47.8155122, -20.8930774 ], [ -47.8162948, -20.8936236 ], [ -47.8167792, -20.8938434 ], [ -47.8181518, -20.8942642 ], [ -47.8189773, -20.8951006 ], [ -47.8202806, -20.8957095 ], [ -47.8206922, -20.8960391 ], [ -47.8211688, -20.8967766 ], [ -47.8215245, -20.8971572 ], [ -47.8223478, -20.8973684 ], [ -47.8227496, -20.8981932 ], [ -47.8239505, -20.8987687 ], [ -47.8256657, -20.8997945 ], [ -47.8261047, -20.9001592 ], [ -47.8285236, -20.9013595 ], [ -47.8292211, -20.9023414 ], [ -47.829851, -20.9027912 ], [ -47.8302019, -20.9033353 ], [ -47.8309808, -20.9037392 ], [ -47.8313065, -20.9041223 ], [ -47.8317216, -20.9050725 ], [ -47.8322833, -20.905894 ], [ -47.8325736, -20.9069287 ], [ -47.8327683, -20.9072711 ], [ -47.8345291, -20.9087382 ], [ -47.8349473, -20.9089538 ], [ -47.8356899, -20.9091423 ], [ -47.8364771, -20.9100501 ], [ -47.8370836, -20.9105539 ], [ -47.8373654, -20.9106018 ], [ -47.8380212, -20.910396 ], [ -47.8385604, -20.9105017 ], [ -47.8390761, -20.9104051 ], [ -47.8401088, -20.9106976 ], [ -47.8407647, -20.9105359 ], [ -47.8412656, -20.9101213 ], [ -47.8421765, -20.9097718 ], [ -47.84242, -20.9092274 ], [ -47.8426902, -20.9089943 ], [ -47.8432241, -20.9088776 ], [ -47.8435987, -20.908445 ], [ -47.8447676, -20.9079716 ], [ -47.8453269, -20.9070924 ], [ -47.8459377, -20.9066691 ], [ -47.8462187, -20.9060092 ], [ -47.8463765, -20.9052801 ], [ -47.8471517, -20.9049769 ], [ -47.8477087, -20.904576 ], [ -47.8480469, -20.9046798 ], [ -47.8486074, -20.9050147 ], [ -47.8488067, -20.9050119 ], [ -47.8496486, -20.9046068 ], [ -47.8498644, -20.9042935 ], [ -47.8499008, -20.9040835 ], [ -47.8497256, -20.9032174 ], [ -47.8497759, -20.9029764 ], [ -47.8502384, -20.9026045 ], [ -47.850763, -20.9023823 ], [ -47.8512068, -20.9017165 ], [ -47.8516348, -20.901506 ], [ -47.8526971, -20.9012149 ], [ -47.8530445, -20.900739 ], [ -47.8541776, -20.9008093 ], [ -47.8549529, -20.9010439 ], [ -47.8553385, -20.9009758 ], [ -47.8559042, -20.9004799 ], [ -47.8560336, -20.900114 ], [ -47.8559482, -20.8993555 ], [ -47.8560429, -20.8986151 ], [ -47.8564525, -20.8982907 ], [ -47.8572368, -20.8979051 ], [ -47.8576309, -20.8978625 ], [ -47.858329, -20.8979396 ], [ -47.8587234, -20.8978431 ], [ -47.8591104, -20.8973417 ], [ -47.8592588, -20.8972867 ], [ -47.859831, -20.8976669 ], [ -47.8600014, -20.897664 ], [ -47.8604276, -20.8972853 ], [ -47.8605965, -20.8972473 ], [ -47.8608222, -20.8972779 ], [ -47.8612089, -20.8975606 ], [ -47.8614524, -20.8975567 ], [ -47.8616957, -20.8974629 ], [ -47.8626234, -20.8967217 ], [ -47.8632028, -20.8965014 ], [ -47.8647063, -20.896333 ], [ -47.8650973, -20.8960627 ], [ -47.8654905, -20.8959482 ], [ -47.8659412, -20.895958 ], [ -47.8667839, -20.8956247 ], [ -47.8673001, -20.8950667 ], [ -47.8682985, -20.8950673 ], [ -47.8690823, -20.8946672 ], [ -47.8696284, -20.8946039 ], [ -47.8705861, -20.8945375 ], [ -47.8711766, -20.8948416 ], [ -47.8714065, -20.8952171 ], [ -47.8719136, -20.8959985 ], [ -47.8723245, -20.8966407 ], [ -47.8730338, -20.8973351 ], [ -47.8738663, -20.8979229 ], [ -47.8744459, -20.8983652 ], [ -47.8749578, -20.8989511 ], [ -47.8752479, -20.899561 ], [ -47.8757465, -20.9001544 ], [ -47.8752164, -20.9008305 ], [ -47.8753626, -20.9011943 ], [ -47.8762073, -20.9016903 ], [ -47.8765662, -20.9024438 ], [ -47.8768846, -20.9028955 ], [ -47.8772835, -20.9033728 ], [ -47.8782355, -20.9040629 ], [ -47.8784283, -20.9042883 ], [ -47.8785283, -20.9047137 ], [ -47.8784834, -20.9051806 ], [ -47.8812859, -20.9069408 ], [ -47.8857779, -20.9090471 ], [ -47.8882973, -20.9098015 ], [ -47.8896356, -20.9098671 ], [ -47.8901783, -20.9096265 ], [ -47.8905452, -20.909144 ], [ -47.890907, -20.9084302 ], [ -47.8917795, -20.9058494 ], [ -47.8936295, -20.902315 ], [ -47.8948185, -20.9004183 ], [ -47.8970985, -20.897186 ], [ -47.901266, -20.8925655 ], [ -47.9032665, -20.8908836 ], [ -47.9047023, -20.890081 ], [ -47.9055054, -20.8898199 ], [ -47.9062293, -20.8897808 ], [ -47.9073458, -20.8901155 ], [ -47.9082216, -20.8905782 ], [ -47.9094923, -20.8910001 ], [ -47.9102646, -20.8910743 ], [ -47.9110725, -20.8910265 ], [ -47.9119153, -20.8907821 ], [ -47.9127011, -20.8904501 ], [ -47.9150115, -20.888592 ], [ -47.920653, -20.8843864 ], [ -47.9216728, -20.8835204 ], [ -47.9227152, -20.882952 ], [ -47.9233691, -20.8827655 ], [ -47.9239919, -20.8827516 ], [ -47.9255302, -20.8834554 ], [ -47.9267798, -20.8843306 ], [ -47.928547, -20.8861074 ], [ -47.9295731, -20.8875405 ], [ -47.9308041, -20.8889007 ], [ -47.9340468, -20.8913682 ], [ -47.9356953, -20.892968 ], [ -47.9378706, -20.8962927 ], [ -47.9397182, -20.8999467 ], [ -47.9405987, -20.8995083 ], [ -47.9420863, -20.8992783 ], [ -47.9427376, -20.8990603 ], [ -47.943691, -20.8985057 ], [ -47.9440896, -20.8980655 ], [ -47.9444889, -20.8967979 ], [ -47.944865, -20.8963659 ], [ -47.9459124, -20.895793 ], [ -47.946827, -20.89496 ], [ -47.9474678, -20.894523 ], [ -47.949547, -20.8936698 ], [ -47.9499354, -20.8934344 ], [ -47.950596, -20.8928424 ], [ -47.9511115, -20.8921248 ], [ -47.9516481, -20.8918154 ], [ -47.9525487, -20.8914963 ], [ -47.9529697, -20.8914554 ], [ -47.953669, -20.8910231 ], [ -47.9548162, -20.8909322 ], [ -47.9555028, -20.8905759 ], [ -47.9561856, -20.8904344 ], [ -47.9567667, -20.8905007 ], [ -47.9590151, -20.8913471 ], [ -47.9598917, -20.8915038 ], [ -47.9601162, -20.8914694 ], [ -47.9612531, -20.8906783 ], [ -47.9627403, -20.8900497 ], [ -47.9853687, -20.8763699 ], [ -47.9855848, -20.8757253 ], [ -47.9854517, -20.8750856 ], [ -47.985389, -20.8746334 ], [ -47.9853094, -20.8739842 ], [ -47.9851089, -20.8722789 ], [ -47.9847639, -20.8712816 ], [ -47.9847515, -20.8702314 ], [ -47.9849082, -20.8692874 ], [ -47.9851314, -20.8687747 ], [ -47.9852626, -20.8682393 ], [ -47.9851095, -20.8676698 ], [ -47.9851303, -20.8670345 ], [ -47.985196, -20.8661398 ], [ -47.985158, -20.865482 ], [ -47.9847728, -20.8645559 ], [ -47.9844745, -20.8638086 ], [ -47.9841911, -20.8626807 ], [ -47.9839867, -20.8619124 ], [ -47.9838548, -20.8611465 ], [ -47.9836914, -20.8604752 ], [ -47.9835118, -20.8596992 ], [ -47.9834556, -20.8586687 ], [ -47.9834194, -20.8578783 ], [ -47.9834574, -20.8570696 ], [ -47.9833394, -20.8561623 ], [ -47.9831253, -20.8550295 ], [ -47.9827978, -20.8536478 ], [ -47.9827043, -20.8528593 ], [ -47.9827566, -20.8521019 ], [ -47.9827321, -20.8515874 ], [ -47.9824973, -20.8506743 ], [ -47.981942, -20.8495788 ], [ -47.9810301, -20.8481602 ], [ -47.9805967, -20.8472213 ], [ -47.9800433, -20.8463197 ], [ -47.9795525, -20.8451132 ], [ -47.9792682, -20.843378 ], [ -47.9788781, -20.8422012 ], [ -47.9782784, -20.8409616 ], [ -47.9771938, -20.8388128 ], [ -47.9763405, -20.8374011 ], [ -47.9757557, -20.8368418 ], [ -47.9752097, -20.836292 ], [ -47.9748393, -20.8358095 ], [ -47.9742654, -20.8353009 ], [ -47.9738898, -20.835125 ], [ -47.9736243, -20.8350563 ], [ -47.9722277, -20.8347447 ], [ -47.9712017, -20.8343 ], [ -47.9692073, -20.8327204 ], [ -47.9688791, -20.832365 ], [ -47.9682779, -20.8314661 ], [ -47.9679331, -20.8303785 ], [ -47.9677379, -20.8298685 ], [ -47.9666858, -20.8284495 ], [ -47.9665703, -20.8281486 ], [ -47.9663654, -20.827478 ], [ -47.9662596, -20.8267587 ], [ -47.9660151, -20.8253441 ], [ -47.9658926, -20.8246251 ], [ -47.9656937, -20.8238368 ], [ -47.965289, -20.8231775 ], [ -47.9648561, -20.8226416 ], [ -47.9642955, -20.8215441 ], [ -47.9638401, -20.8207177 ], [ -47.9635091, -20.8195737 ], [ -47.9631277, -20.8183941 ], [ -47.9628544, -20.8167841 ], [ -47.9626443, -20.8158471 ], [ -47.9623036, -20.8150534 ], [ -47.9619919, -20.8143594 ], [ -47.9383043, -20.8012555 ], [ -47.9297168, -20.8001276 ], [ -47.8989247, -20.796085 ], [ -47.8976768, -20.7953285 ], [ -47.896442, -20.7943908 ], [ -47.8960184, -20.7936222 ], [ -47.8957713, -20.7926972 ], [ -47.8955893, -20.7923318 ], [ -47.8947778, -20.7907119 ], [ -47.8943995, -20.7898277 ], [ -47.8941345, -20.7890483 ], [ -47.8939602, -20.7882124 ], [ -47.8941402, -20.7867278 ], [ -47.8942586, -20.7858117 ], [ -47.8943734, -20.7844667 ], [ -47.894328, -20.7837357 ], [ -47.8941172, -20.7822403 ], [ -47.8942344, -20.7816112 ], [ -47.8947456, -20.7802269 ], [ -47.8951697, -20.7792856 ], [ -47.8961994, -20.7773704 ], [ -47.8963732, -20.7761936 ], [ -47.8963058, -20.7748464 ], [ -47.896449, -20.7740523 ], [ -47.8966762, -20.7733886 ], [ -47.897077, -20.7722123 ], [ -47.8971314, -20.771545 ], [ -47.8971437, -20.7711135 ], [ -47.876176, -20.7771609 ], [ -47.8748018, -20.7751632 ], [ -47.8738412, -20.7729194 ], [ -47.8731828, -20.7718761 ], [ -47.8727513, -20.770429 ], [ -47.8725281, -20.770029 ], [ -47.8717438, -20.7688407 ], [ -47.8712576, -20.7680044 ], [ -47.8705678, -20.7670565 ], [ -47.870024, -20.7664119 ], [ -47.8698115, -20.7659655 ], [ -47.8695465, -20.7646286 ], [ -47.8690872, -20.763561 ], [ -47.8686547, -20.761022 ], [ -47.8677805, -20.7583325 ], [ -47.8673047, -20.7575269 ], [ -47.8460817, -20.7439259 ], [ -47.8457785, -20.7443881 ], [ -47.8452573, -20.7444928 ], [ -47.8447966, -20.7443855 ], [ -47.8438039, -20.7436307 ], [ -47.843505, -20.7435616 ], [ -47.8431095, -20.7438119 ], [ -47.8426221, -20.7447406 ], [ -47.8422383, -20.7451766 ], [ -47.841731, -20.7456234 ], [ -47.8403403, -20.7465055 ], [ -47.8401188, -20.7468241 ], [ -47.8399367, -20.7476162 ], [ -47.8394211, -20.7480574 ], [ -47.8390956, -20.748097 ], [ -47.8387588, -20.748014 ], [ -47.8379249, -20.7476317 ], [ -47.8375623, -20.7476646 ], [ -47.8361185, -20.7480555 ], [ -47.8352355, -20.7485025 ], [ -47.8341655, -20.7484904 ], [ -47.832769, -20.7482615 ], [ -47.8318081, -20.7479547 ], [ -47.8311682, -20.747529 ], [ -47.8300989, -20.7465313 ], [ -47.8285634, -20.7447866 ], [ -47.8278621, -20.7445925 ], [ -47.8275951, -20.7446378 ], [ -47.8270583, -20.7450998 ], [ -47.8266493, -20.7453037 ], [ -47.8260033, -20.7453813 ], [ -47.825577, -20.7453274 ], [ -47.824998, -20.7450576 ], [ -47.8246951, -20.7447078 ], [ -47.8241584, -20.7444161 ], [ -47.823478, -20.7444178 ], [ -47.8230503, -20.7442793 ], [ -47.8226959, -20.7440383 ], [ -47.8224992, -20.7440321 ], [ -47.8220458, -20.7446418 ], [ -47.8218916, -20.7447001 ], [ -47.8216178, -20.744604 ], [ -47.8210735, -20.7440477 ], [ -47.8207008, -20.7438338 ], [ -47.8193448, -20.7433914 ], [ -47.8192252, -20.7432837 ], [ -47.8191579, -20.7427651 ], [ -47.8189767, -20.7423558 ], [ -47.8189854, -20.7418606 ], [ -47.8188275, -20.7416076 ], [ -47.8186974, -20.7409348 ], [ -47.8186065, -20.7408074 ], [ -47.8181474, -20.7406615 ], [ -47.8181147, -20.7405677 ], [ -47.8186635, -20.7401395 ], [ -47.8185419, -20.73994 ], [ -47.8172678, -20.739586 ], [ -47.81655, -20.739634 ], [ -47.8159526, -20.7398636 ], [ -47.8152677, -20.7396466 ], [ -47.8150288, -20.7396857 ], [ -47.8150445, -20.7401242 ], [ -47.8148982, -20.7402008 ], [ -47.8136658, -20.7401207 ], [ -47.8134361, -20.7402888 ], [ -47.8133824, -20.7405908 ], [ -47.8132077, -20.7406583 ], [ -47.8130721, -20.7406148 ], [ -47.8130062, -20.7402032 ], [ -47.8128023, -20.7402076 ], [ -47.8125968, -20.7406301 ], [ -47.8114814, -20.740413 ], [ -47.8106745, -20.7404084 ], [ -47.8105296, -20.7404724 ], [ -47.8100603, -20.7402713 ], [ -47.8097019, -20.7402953 ], [ -47.8095513, -20.7404059 ], [ -47.8093333, -20.7408495 ], [ -47.8091797, -20.7425185 ], [ -47.8086772, -20.7431758 ], [ -47.8085459, -20.7439913 ], [ -47.8076704, -20.7444176 ], [ -47.8074267, -20.744854 ], [ -47.8072583, -20.744955 ], [ -47.8069255, -20.7448226 ], [ -47.806417, -20.7435795 ], [ -47.8063115, -20.7431054 ], [ -47.8060291, -20.7430557 ], [ -47.8057594, -20.7431882 ], [ -47.8047395, -20.7443269 ], [ -47.8044626, -20.7444969 ], [ -47.8035194, -20.7444855 ], [ -47.8031261, -20.7447277 ], [ -47.8030507, -20.744903 ], [ -47.8031321, -20.7460633 ], [ -47.8029726, -20.7463678 ], [ -47.8026196, -20.7465638 ], [ -47.8009756, -20.7466091 ], [ -47.8003004, -20.7468583 ], [ -47.7999072, -20.7473091 ], [ -47.7998349, -20.7475979 ], [ -47.7999986, -20.7480821 ], [ -47.8014896, -20.7493586 ], [ -47.8015432, -20.7496223 ], [ -47.8010925, -20.7499748 ], [ -47.8006655, -20.7499828 ], [ -47.7993949, -20.7494732 ], [ -47.7987436, -20.7489993 ], [ -47.797215, -20.7482664 ], [ -47.7967271, -20.7481176 ], [ -47.7961146, -20.7480821 ], [ -47.7954086, -20.7482393 ], [ -47.7946971, -20.7487425 ], [ -47.7943269, -20.7487238 ], [ -47.7933993, -20.7484746 ], [ -47.7929081, -20.7487366 ], [ -47.7924696, -20.7491651 ], [ -47.7918004, -20.7492463 ] ] ] ] } },
{ "type": "Feature", "properties": { "CD_MUN": "3543600", "NM_MUN": "Rifaina", "CD_RGI": "350033", "NM_RGI": "Franca", "CD_RGINT": "3508", "NM_RGINT": "Ribeirão Preto", "CD_UF": "35", "NM_UF": "São Paulo", "SIGLA_UF": "SP", "CD_REGIA": "3", "NM_REGIA": "Sudeste", "SIGLA_RG": "SE", "CD_CONCU": null, "NM_CONCU": null, "AREA_KM2": 162.508 }, "geometry": { "type": "MultiPolygon", "coordinates": [ [ [ [ -47.449794, -20.1034921 ], [ -47.4501757, -20.1023494 ], [ -47.4507893, -20.1009934 ], [ -47.4508662, -20.1008245 ], [ -47.4508629, -20.0999418 ], [ -47.4489745, -20.0976593 ], [ -47.4463517, -20.0955941 ], [ -47.4454441, -20.0943472 ], [ -47.4455114, -20.0938572 ], [ -47.445953, -20.0936407 ], [ -47.4507315, -20.0964434 ], [ -47.4546036, -20.0975794 ], [ -47.4572118, -20.0987344 ], [ -47.4589162, -20.0987784 ], [ -47.4603864, -20.0980578 ], [ -47.4609624, -20.0971416 ], [ -47.4611782, -20.0965788 ], [ -47.4614731, -20.0964369 ], [ -47.4620649, -20.0964272 ], [ -47.4627395, -20.0969788 ], [ -47.4642262, -20.0974461 ], [ -47.4660042, -20.0973534 ], [ -47.4673136, -20.0968632 ], [ -47.4675274, -20.0963003 ], [ -47.4675073, -20.0950386 ], [ -47.467851, -20.0933561 ], [ -47.4682796, -20.0923005 ], [ -47.4690797, -20.0912405 ], [ -47.4692133, -20.0904671 ], [ -47.4685312, -20.0894973 ], [ -47.4679339, -20.089159 ], [ -47.4632583, -20.0885231 ], [ -47.4583385, -20.086493 ], [ -47.4565514, -20.0844894 ], [ -47.4566455, -20.0834035 ], [ -47.4572587, -20.0824877 ], [ -47.4598454, -20.0819269 ], [ -47.4612163, -20.0821868 ], [ -47.4652006, -20.0842057 ], [ -47.4658205, -20.0835661 ], [ -47.4667615, -20.082222 ], [ -47.4681951, -20.0814335 ], [ -47.4682997, -20.0812207 ], [ -47.4681141, -20.0809442 ], [ -47.4674062, -20.0807798 ], [ -47.4658786, -20.08024 ], [ -47.464722, -20.0795916 ], [ -47.4639626, -20.0784815 ], [ -47.4638064, -20.0778898 ], [ -47.4635428, -20.0775799 ], [ -47.4630972, -20.0774583 ], [ -47.4623862, -20.0769081 ], [ -47.4607661, -20.0751444 ], [ -47.4598712, -20.0747402 ], [ -47.4590556, -20.0746796 ], [ -47.4579138, -20.0750106 ], [ -47.4560314, -20.075387 ], [ -47.454215, -20.0752374 ], [ -47.4526931, -20.074909 ], [ -47.4525042, -20.0746647 ], [ -47.4525356, -20.0742803 ], [ -47.4530087, -20.0739238 ], [ -47.4534521, -20.0737775 ], [ -47.4535221, -20.0734988 ], [ -47.45292, -20.0728393 ], [ -47.4508585, -20.0712237 ], [ -47.4485682, -20.0691556 ], [ -47.4487825, -20.0686288 ], [ -47.4494474, -20.068514 ], [ -47.4500427, -20.0687157 ], [ -47.4529596, -20.070672 ], [ -47.4545622, -20.0714528 ], [ -47.4556787, -20.0717519 ], [ -47.4573795, -20.0716213 ], [ -47.4587046, -20.0711865 ], [ -47.4601381, -20.0705356 ], [ -47.4617592, -20.0699517 ], [ -47.4643459, -20.0697072 ], [ -47.4666788, -20.0698837 ], [ -47.4696264, -20.0696793 ], [ -47.4697711, -20.0694681 ], [ -47.4696164, -20.0690462 ], [ -47.4686433, -20.0681521 ], [ -47.467482, -20.0674326 ], [ -47.465685, -20.0661288 ], [ -47.463853, -20.0649991 ], [ -47.4636609, -20.0644419 ], [ -47.4638023, -20.0641254 ], [ -47.4641335, -20.063983 ], [ -47.4647261, -20.0639733 ], [ -47.4657333, -20.0644831 ], [ -47.4667304, -20.0642942 ], [ -47.4671372, -20.0643586 ], [ -47.4700745, -20.0652287 ], [ -47.4728623, -20.0658534 ], [ -47.4755923, -20.0660723 ], [ -47.4765162, -20.0659193 ], [ -47.4770998, -20.0654571 ], [ -47.4772375, -20.0647908 ], [ -47.4771481, -20.0637404 ], [ -47.4761669, -20.0626024 ], [ -47.4733272, -20.0607877 ], [ -47.4724217, -20.0596462 ], [ -47.4731407, -20.0584124 ], [ -47.4739871, -20.0581209 ], [ -47.4752836, -20.058208 ], [ -47.4788568, -20.0595211 ], [ -47.4796368, -20.0597205 ], [ -47.480032, -20.0595579 ], [ -47.4802228, -20.0562267 ], [ -47.4798907, -20.0559988 ], [ -47.4772231, -20.055456 ], [ -47.4769724, -20.0551115 ], [ -47.4772517, -20.0547218 ], [ -47.4778641, -20.0545564 ], [ -47.4786017, -20.054624 ], [ -47.478963, -20.0541932 ], [ -47.4787498, -20.0536137 ], [ -47.4782126, -20.0533513 ], [ -47.4782073, -20.0530401 ], [ -47.4783247, -20.0527685 ], [ -47.4785689, -20.0525339 ], [ -47.4791001, -20.0524105 ], [ -47.478381, -20.0510655 ], [ -47.4780783, -20.0499471 ], [ -47.4777399, -20.0492947 ], [ -47.477203, -20.0489541 ], [ -47.4764625, -20.0488865 ], [ -47.4749157, -20.049254 ], [ -47.4739838, -20.0498112 ], [ -47.4721612, -20.0512687 ], [ -47.4701706, -20.052186 ], [ -47.469148, -20.0522779 ], [ -47.467209, -20.0512611 ], [ -47.4656517, -20.0511679 ], [ -47.4638004, -20.0505732 ], [ -47.4633789, -20.0498054 ], [ -47.4635289, -20.0489112 ], [ -47.463967, -20.048131 ], [ -47.465183, -20.0473677 ], [ -47.4668511, -20.046727 ], [ -47.4683611, -20.0463942 ], [ -47.4705677, -20.0461714 ], [ -47.4719966, -20.0458778 ], [ -47.4721939, -20.0454114 ], [ -47.4718986, -20.0448739 ], [ -47.4701649, -20.0438916 ], [ -47.4674042, -20.0428078 ], [ -47.4660434, -20.0421296 ], [ -47.4653766, -20.0414418 ], [ -47.465737, -20.0407782 ], [ -47.4663047, -20.0405384 ], [ -47.4685973, -20.0405453 ], [ -47.4704406, -20.0406364 ], [ -47.4731061, -20.0409481 ], [ -47.4744949, -20.0408121 ], [ -47.4753026, -20.0401811 ], [ -47.4757855, -20.0395158 ], [ -47.4758566, -20.0388164 ], [ -47.475723, -20.0381625 ], [ -47.4747706, -20.03744 ], [ -47.4729942, -20.0363808 ], [ -47.472153, -20.0349621 ], [ -47.4720457, -20.0333745 ], [ -47.4718685, -20.0323191 ], [ -47.4707263, -20.0302458 ], [ -47.470433, -20.0270785 ], [ -47.4710454, -20.0243982 ], [ -47.47201, -20.023186 ], [ -47.4722821, -20.0221372 ], [ -47.4723254, -20.0197758 ], [ -47.4729876, -20.0177149 ], [ -47.4737819, -20.0161567 ], [ -47.4740078, -20.0146981 ], [ -47.4737043, -20.0138502 ], [ -47.4730795, -20.0131631 ], [ -47.4720902, -20.0127107 ], [ -47.4709852, -20.0126504 ], [ -47.4694377, -20.0131365 ], [ -47.4684164, -20.0131116 ], [ -47.4678347, -20.0126544 ], [ -47.4677781, -20.0116888 ], [ -47.4678941, -20.0111061 ], [ -47.4690574, -20.0096208 ], [ -47.4708882, -20.0064972 ], [ -47.4720609, -20.005591 ], [ -47.4724909, -20.004308 ], [ -47.4722685, -20.0031655 ], [ -47.4707498, -20.0003254 ], [ -47.4706138, -19.9993604 ], [ -47.4708937, -19.9989303 ], [ -47.4715054, -19.9988448 ], [ -47.4729596, -20.0002176 ], [ -47.4735045, -20.0012155 ], [ -47.4743001, -20.0023942 ], [ -47.4758366, -20.0036737 ], [ -47.4764788, -20.0041017 ], [ -47.4773977, -20.0041507 ], [ -47.47925, -20.0031597 ], [ -47.4808664, -20.0026697 ], [ -47.4820664, -20.0026525 ], [ -47.4826342, -20.0029114 ], [ -47.4828505, -20.0032088 ], [ -47.4828218, -20.0035088 ], [ -47.4822988, -20.0040164 ], [ -47.4805534, -20.004943 ], [ -47.4784543, -20.0063726 ], [ -47.477589, -20.0073862 ], [ -47.4773272, -20.0086269 ], [ -47.4774899, -20.0100575 ], [ -47.4784995, -20.0115667 ], [ -47.4794327, -20.0125222 ], [ -47.4817196, -20.0144593 ], [ -47.4816985, -20.0152935 ], [ -47.4813539, -20.0158319 ], [ -47.4807623, -20.0163073 ], [ -47.4801315, -20.0165502 ], [ -47.4782314, -20.0168653 ], [ -47.4777768, -20.0171731 ], [ -47.4775035, -20.0176764 ], [ -47.4768786, -20.0183536 ], [ -47.4751351, -20.0196461 ], [ -47.4735375, -20.0212701 ], [ -47.4727901, -20.0230115 ], [ -47.472498, -20.0247508 ], [ -47.4723917, -20.0269211 ], [ -47.472598, -20.0287515 ], [ -47.4734761, -20.030735 ], [ -47.4742599, -20.0312563 ], [ -47.4748956, -20.0313812 ], [ -47.4755241, -20.0309396 ], [ -47.4761854, -20.0302627 ], [ -47.4769531, -20.0297866 ], [ -47.4774094, -20.0296461 ], [ -47.4778316, -20.0297074 ], [ -47.4781107, -20.0295046 ], [ -47.4782815, -20.0291675 ], [ -47.4787344, -20.0286934 ], [ -47.4796407, -20.0280821 ], [ -47.4801278, -20.0274744 ], [ -47.4802949, -20.0269727 ], [ -47.4799531, -20.0254106 ], [ -47.4802275, -20.0249056 ], [ -47.4806073, -20.0245339 ], [ -47.4809972, -20.024497 ], [ -47.4814603, -20.0247225 ], [ -47.4814997, -20.0250879 ], [ -47.4809856, -20.0261621 ], [ -47.4809919, -20.0264958 ], [ -47.4812103, -20.0268579 ], [ -47.4825201, -20.0272411 ], [ -47.4834476, -20.0278953 ], [ -47.4838017, -20.0278894 ], [ -47.4846687, -20.0269774 ], [ -47.4858878, -20.0259937 ], [ -47.486768, -20.0258489 ], [ -47.4875462, -20.0261371 ], [ -47.488194, -20.0266615 ], [ -47.4882828, -20.0279599 ], [ -47.4880097, -20.0285971 ], [ -47.4872457, -20.029308 ], [ -47.4859831, -20.029793 ], [ -47.4840781, -20.0297852 ], [ -47.4817558, -20.0301532 ], [ -47.4813694, -20.03029 ], [ -47.4766348, -20.0342583 ], [ -47.4760123, -20.0351999 ], [ -47.4758803, -20.0355698 ], [ -47.4763838, -20.0364835 ], [ -47.4771348, -20.0371735 ], [ -47.4774615, -20.0376681 ], [ -47.4777299, -20.0388995 ], [ -47.4775597, -20.0395682 ], [ -47.4777181, -20.0404998 ], [ -47.477897, -20.0407311 ], [ -47.4787108, -20.0408526 ], [ -47.4796331, -20.0412397 ], [ -47.4801682, -20.0415991 ], [ -47.4808747, -20.0417247 ], [ -47.481156, -20.0416541 ], [ -47.4819243, -20.0411412 ], [ -47.4824893, -20.0410343 ], [ -47.4829143, -20.0413276 ], [ -47.4841317, -20.0432768 ], [ -47.4849498, -20.0438011 ], [ -47.4852685, -20.0437292 ], [ -47.4855126, -20.043793 ], [ -47.4855898, -20.0441239 ], [ -47.4853507, -20.0445619 ], [ -47.4852534, -20.0450643 ], [ -47.4871859, -20.0468375 ], [ -47.487819, -20.0467951 ], [ -47.4903364, -20.0453251 ], [ -47.4915567, -20.0444772 ], [ -47.4919046, -20.0441376 ], [ -47.4928311, -20.0426228 ], [ -47.4932471, -20.0421158 ], [ -47.4934822, -20.0413128 ], [ -47.49353, -20.0398782 ], [ -47.4933417, -20.0391126 ], [ -47.4938114, -20.0376063 ], [ -47.4945422, -20.0370281 ], [ -47.4952166, -20.0373521 ], [ -47.4952944, -20.0377837 ], [ -47.4950299, -20.0388131 ], [ -47.4946516, -20.0395183 ], [ -47.4948394, -20.0401822 ], [ -47.4945807, -20.0438239 ], [ -47.4948253, -20.0454507 ], [ -47.4951332, -20.0459159 ], [ -47.4955579, -20.0460096 ], [ -47.4960873, -20.0459526 ], [ -47.4970427, -20.0456577 ], [ -47.5004492, -20.043527 ], [ -47.5014925, -20.0425396 ], [ -47.5021555, -20.0420964 ], [ -47.5024621, -20.0414586 ], [ -47.5036413, -20.0378748 ], [ -47.5053909, -20.0348817 ], [ -47.5059033, -20.0337076 ], [ -47.5063505, -20.0330687 ], [ -47.506949, -20.0329593 ], [ -47.5073405, -20.033254 ], [ -47.5074592, -20.0340871 ], [ -47.507062, -20.0356923 ], [ -47.5061087, -20.03784 ], [ -47.5055665, -20.0393428 ], [ -47.5052689, -20.0404807 ], [ -47.5055949, -20.0410418 ], [ -47.5063048, -20.0414318 ], [ -47.5067707, -20.0418254 ], [ -47.5074424, -20.0441142 ], [ -47.5079579, -20.0455082 ], [ -47.5082829, -20.0460693 ], [ -47.5086027, -20.0461313 ], [ -47.5089527, -20.0459266 ], [ -47.5102191, -20.0456753 ], [ -47.5120171, -20.0456834 ], [ -47.5124, -20.0454448 ], [ -47.512686, -20.0450741 ], [ -47.5144537, -20.0442649 ], [ -47.5149775, -20.0438579 ], [ -47.5154089, -20.0433703 ], [ -47.5157943, -20.0426302 ], [ -47.5164836, -20.0416863 ], [ -47.5171422, -20.0409094 ], [ -47.5180908, -20.0384793 ], [ -47.5186084, -20.0378716 ], [ -47.5200449, -20.0372498 ], [ -47.5195282, -20.0357919 ], [ -47.5191499, -20.0341314 ], [ -47.518907, -20.0322016 ], [ -47.5188936, -20.0313661 ], [ -47.5205923, -20.029508 ], [ -47.5209637, -20.0285696 ], [ -47.521093, -20.0278003 ], [ -47.5217056, -20.0273471 ], [ -47.5229724, -20.0271272 ], [ -47.5242299, -20.0265761 ], [ -47.5250641, -20.0256635 ], [ -47.5255406, -20.0245896 ], [ -47.5265809, -20.0213402 ], [ -47.5270291, -20.0207678 ], [ -47.5305179, -20.0183283 ], [ -47.5327977, -20.0155634 ], [ -47.5349542, -20.0136336 ], [ -47.5358645, -20.0132892 ], [ -47.5422428, -20.0130523 ], [ -47.5425606, -20.0124616 ], [ -47.5430427, -20.0121563 ], [ -47.5431433, -20.011662 ], [ -47.5430057, -20.0111914 ], [ -47.5433234, -20.0106743 ], [ -47.5432259, -20.0100173 ], [ -47.5435618, -20.0092897 ], [ -47.5433349, -20.0080104 ], [ -47.5433625, -20.0057497 ], [ -47.5439873, -20.0047144 ], [ -47.5440036, -20.0044345 ], [ -47.5439681, -20.0041563 ], [ -47.5434903, -20.0035179 ], [ -47.543421, -20.0026165 ], [ -47.5432523, -20.0022067 ], [ -47.5433993, -20.0018165 ], [ -47.5434295, -20.0011479 ], [ -47.5436464, -20.0007091 ], [ -47.5438039, -19.9997826 ], [ -47.5435521, -19.998924 ], [ -47.5431945, -19.9982216 ], [ -47.5425051, -19.9973094 ], [ -47.5423461, -19.9967562 ], [ -47.5424264, -19.9964049 ], [ -47.5432692, -19.9941558 ], [ -47.5442097, -19.9932793 ], [ -47.5452458, -19.9928944 ], [ -47.5464624, -19.9929591 ], [ -47.5492377, -19.9937697 ], [ -47.547595, -19.9902593 ], [ -47.5453155, -19.9873093 ], [ -47.5423805, -19.9852613 ], [ -47.5401584, -19.984325 ], [ -47.5369031, -19.9835625 ], [ -47.5316211, -19.9831642 ], [ -47.5206924, -19.9841696 ], [ -47.5085321, -19.9829406 ], [ -47.506937, -19.9824116 ], [ -47.5029569, -19.9761247 ], [ -47.5003813, -19.9734907 ], [ -47.4977254, -19.9716276 ], [ -47.4895907, -19.9693031 ], [ -47.487805, -19.9692081 ], [ -47.4792614, -19.9687533 ], [ -47.4760245, -19.9636708 ], [ -47.4745178, -19.9621164 ], [ -47.4726027, -19.9610298 ], [ -47.4717486, -19.9608958 ], [ -47.4705119, -19.9607017 ], [ -47.4682927, -19.9614222 ], [ -47.463322, -19.965789 ], [ -47.4588453, -19.9716109 ], [ -47.4546268, -19.9781161 ], [ -47.4525299, -19.9847288 ], [ -47.4502762, -19.9878376 ], [ -47.4475495, -19.9908408 ], [ -47.4408217, -19.9946216 ], [ -47.4378066, -19.9969858 ], [ -47.4352373, -20.0023988 ], [ -47.4328503, -20.0048552 ], [ -47.429546, -20.0069667 ], [ -47.425692, -20.0123042 ], [ -47.4251245, -20.0133447 ], [ -47.424428, -20.0153196 ], [ -47.4255158, -20.0176965 ], [ -47.4273533, -20.0190515 ], [ -47.4289554, -20.020233 ], [ -47.4313756, -20.0214179 ], [ -47.4345585, -20.0244509 ], [ -47.437237, -20.0257954 ], [ -47.4442363, -20.0279605 ], [ -47.4448424, -20.0303817 ], [ -47.4403154, -20.0487544 ], [ -47.4402969, -20.0488295 ], [ -47.4387084, -20.0510888 ], [ -47.4351589, -20.0534122 ], [ -47.4267801, -20.0574939 ], [ -47.418234, -20.0646426 ], [ -47.4161348, -20.066906 ], [ -47.4135399, -20.0704713 ], [ -47.4115312, -20.0740843 ], [ -47.4081335, -20.0801963 ], [ -47.4049592, -20.0827359 ], [ -47.4014575, -20.0836394 ], [ -47.3952262, -20.0830761 ], [ -47.3902967, -20.0814817 ], [ -47.3766585, -20.0828958 ], [ -47.3745709, -20.0836627 ], [ -47.371603, -20.0859424 ], [ -47.3697354, -20.0889281 ], [ -47.3688776, -20.0917907 ], [ -47.3673465, -20.0938274 ], [ -47.3650108, -20.0983494 ], [ -47.3586764, -20.1039816 ], [ -47.3555376, -20.1050871 ], [ -47.3502743, -20.1049259 ], [ -47.3475377, -20.1053436 ], [ -47.3411228, -20.1112496 ], [ -47.3347961, -20.1133142 ], [ -47.333192, -20.1131344 ], [ -47.331378, -20.1142461 ], [ -47.3307339, -20.1144717 ], [ -47.329182, -20.1153164 ], [ -47.330684, -20.1165645 ], [ -47.3317261, -20.1171536 ], [ -47.3360603, -20.11921 ], [ -47.3367499, -20.119669 ], [ -47.3370909, -20.1202713 ], [ -47.3371141, -20.120558 ], [ -47.336533, -20.1217978 ], [ -47.3364367, -20.1223064 ], [ -47.3368785, -20.1241374 ], [ -47.3367207, -20.1246086 ], [ -47.3357407, -20.1256178 ], [ -47.3355219, -20.1261487 ], [ -47.33551, -20.1266982 ], [ -47.3357031, -20.1272213 ], [ -47.3371402, -20.1284022 ], [ -47.3379948, -20.12935 ], [ -47.3384819, -20.1295094 ], [ -47.3390694, -20.1300536 ], [ -47.3395687, -20.1303303 ], [ -47.3403588, -20.1305442 ], [ -47.3417661, -20.1305845 ], [ -47.3419772, -20.1307964 ], [ -47.3420336, -20.1312254 ], [ -47.3421489, -20.1313492 ], [ -47.3425523, -20.131385 ], [ -47.343, -20.1315942 ], [ -47.3438045, -20.1321447 ], [ -47.3439011, -20.1323487 ], [ -47.3438333, -20.1325933 ], [ -47.3430408, -20.1328403 ], [ -47.3429509, -20.1331532 ], [ -47.3431013, -20.1334644 ], [ -47.343416, -20.1337629 ], [ -47.343494, -20.1342691 ], [ -47.3436763, -20.1346183 ], [ -47.3443643, -20.1349605 ], [ -47.344566, -20.1352817 ], [ -47.3445672, -20.1354561 ], [ -47.3442163, -20.1361456 ], [ -47.3441197, -20.1365266 ], [ -47.3443486, -20.1373098 ], [ -47.3443431, -20.1377095 ], [ -47.3439285, -20.1383203 ], [ -47.3438388, -20.1399578 ], [ -47.3436295, -20.1406455 ], [ -47.343608, -20.1411066 ], [ -47.343034, -20.1421796 ], [ -47.3423598, -20.1427042 ], [ -47.3420918, -20.1428163 ], [ -47.3412709, -20.1428969 ], [ -47.3407689, -20.1431764 ], [ -47.3406135, -20.1431391 ], [ -47.3405078, -20.1429455 ], [ -47.3408785, -20.1423538 ], [ -47.3408145, -20.1422381 ], [ -47.3405164, -20.1422027 ], [ -47.3400547, -20.1424819 ], [ -47.3395461, -20.1430945 ], [ -47.3384628, -20.1438976 ], [ -47.3384996, -20.1443384 ], [ -47.3391789, -20.1454018 ], [ -47.3392652, -20.1457124 ], [ -47.3394125, -20.1458285 ], [ -47.3397958, -20.1458627 ], [ -47.3399247, -20.1460068 ], [ -47.3401241, -20.1467862 ], [ -47.3399623, -20.1469446 ], [ -47.339218, -20.1470694 ], [ -47.3379756, -20.1469319 ], [ -47.3375731, -20.1473229 ], [ -47.3374728, -20.1475887 ], [ -47.3376012, -20.1498096 ], [ -47.3378237, -20.1503158 ], [ -47.3380467, -20.151328 ], [ -47.3382684, -20.151676 ], [ -47.3387718, -20.1521281 ], [ -47.339236, -20.1520844 ], [ -47.3398214, -20.1518027 ], [ -47.341082, -20.1517171 ], [ -47.3413276, -20.1514118 ], [ -47.3413638, -20.1512137 ], [ -47.3416722, -20.1510761 ], [ -47.3431748, -20.151466 ], [ -47.3433183, -20.1515801 ], [ -47.3433495, -20.1520378 ], [ -47.3434518, -20.1521531 ], [ -47.3440302, -20.1520598 ], [ -47.344223, -20.1525892 ], [ -47.3449421, -20.15299 ], [ -47.3450776, -20.1537212 ], [ -47.3453661, -20.154273 ], [ -47.3453753, -20.1548907 ], [ -47.3446892, -20.156008 ], [ -47.3447298, -20.1565838 ], [ -47.3450861, -20.1569602 ], [ -47.3456349, -20.1578328 ], [ -47.3465191, -20.1587395 ], [ -47.3466867, -20.1592787 ], [ -47.3470161, -20.1597934 ], [ -47.3473924, -20.1600619 ], [ -47.3476495, -20.1600275 ], [ -47.3481479, -20.1601478 ], [ -47.3490255, -20.1607613 ], [ -47.3492189, -20.1612107 ], [ -47.3493269, -20.16225 ], [ -47.3494877, -20.1625885 ], [ -47.350052, -20.1629835 ], [ -47.3518608, -20.1633579 ], [ -47.3528942, -20.1632359 ], [ -47.3533706, -20.1632888 ], [ -47.354048, -20.1636117 ], [ -47.3545614, -20.1640345 ], [ -47.3554061, -20.1645218 ], [ -47.3556134, -20.1652297 ], [ -47.3556468, -20.1660208 ], [ -47.3557619, -20.1662642 ], [ -47.3566315, -20.1668873 ], [ -47.3567149, -20.1670863 ], [ -47.3567367, -20.1678132 ], [ -47.3569608, -20.1686215 ], [ -47.3576168, -20.1692239 ], [ -47.3579764, -20.1693453 ], [ -47.3591384, -20.1694886 ], [ -47.3593878, -20.1697694 ], [ -47.3597479, -20.1707121 ], [ -47.3599767, -20.1708258 ], [ -47.3603366, -20.1700836 ], [ -47.3604631, -20.169586 ], [ -47.3609464, -20.1676747 ], [ -47.3609091, -20.1652631 ], [ -47.3605169, -20.1628229 ], [ -47.3588306, -20.1574485 ], [ -47.3589829, -20.1558456 ], [ -47.3601332, -20.1551555 ], [ -47.3621055, -20.1558037 ], [ -47.3649956, -20.1581254 ], [ -47.3672456, -20.1593609 ], [ -47.3687643, -20.1595077 ], [ -47.3701864, -20.1590676 ], [ -47.3715154, -20.1585431 ], [ -47.3726759, -20.1586962 ], [ -47.3733071, -20.1590272 ], [ -47.374579, -20.1605262 ], [ -47.3762937, -20.1617667 ], [ -47.3793467, -20.1630744 ], [ -47.3819377, -20.1632917 ], [ -47.3831831, -20.1630211 ], [ -47.3842365, -20.1619964 ], [ -47.3844962, -20.1614031 ], [ -47.3819499, -20.1582326 ], [ -47.3793, -20.1540516 ], [ -47.3780342, -20.1529744 ], [ -47.3764712, -20.149962 ], [ -47.3761714, -20.147775 ], [ -47.3763096, -20.145325 ], [ -47.3773694, -20.144554 ], [ -47.3781739, -20.1445428 ], [ -47.380419, -20.1454382 ], [ -47.3841721, -20.1458948 ], [ -47.385591, -20.1453681 ], [ -47.3888897, -20.1423989 ], [ -47.3917273, -20.1410974 ], [ -47.3935053, -20.1405652 ], [ -47.3984161, -20.1409199 ], [ -47.4061853, -20.1197749 ], [ -47.4088624, -20.1124885 ], [ -47.4097915, -20.1148364 ], [ -47.410982, -20.1167949 ], [ -47.4126881, -20.1175764 ], [ -47.4155908, -20.1178289 ], [ -47.416758, -20.1183612 ], [ -47.4177511, -20.1191907 ], [ -47.418602, -20.1193481 ], [ -47.4203203, -20.118062 ], [ -47.4221981, -20.1168537 ], [ -47.4228677, -20.1169288 ], [ -47.4232325, -20.1174717 ], [ -47.4233291, -20.117975 ], [ -47.4241851, -20.1185128 ], [ -47.4259266, -20.1186573 ], [ -47.4274511, -20.1191408 ], [ -47.4304287, -20.1217137 ], [ -47.4310156, -20.1219152 ], [ -47.4320846, -20.1189494 ], [ -47.432655, -20.118354 ], [ -47.4328559, -20.116918 ], [ -47.4331107, -20.1161131 ], [ -47.4328247, -20.1148533 ], [ -47.4330531, -20.1125322 ], [ -47.4334462, -20.1118088 ], [ -47.4342945, -20.1117989 ], [ -47.434746, -20.1122138 ], [ -47.4349822, -20.1131797 ], [ -47.4357584, -20.1144334 ], [ -47.4360898, -20.1155242 ], [ -47.4359152, -20.1195307 ], [ -47.4360215, -20.1206249 ], [ -47.4366143, -20.1214171 ], [ -47.4374693, -20.1219116 ], [ -47.4386759, -20.1221468 ], [ -47.4398418, -20.1225521 ], [ -47.4404284, -20.1229666 ], [ -47.4417099, -20.1251378 ], [ -47.4429248, -20.1258398 ], [ -47.4442183, -20.1257366 ], [ -47.4459427, -20.1248288 ], [ -47.4478964, -20.1243402 ], [ -47.4498126, -20.1242691 ], [ -47.4514226, -20.1245416 ], [ -47.4524871, -20.1241468 ], [ -47.45314, -20.1230429 ], [ -47.4534795, -20.1221117 ], [ -47.453503, -20.1206772 ], [ -47.4531659, -20.1190811 ], [ -47.4525194, -20.1177414 ], [ -47.4510205, -20.1158669 ], [ -47.4505107, -20.1149439 ], [ -47.448847, -20.1138309 ], [ -47.4489172, -20.1125653 ], [ -47.4488115, -20.1116824 ], [ -47.4492559, -20.1114228 ], [ -47.4499727, -20.1115823 ], [ -47.4504708, -20.112122 ], [ -47.4522084, -20.1149221 ], [ -47.4542353, -20.1165285 ], [ -47.4574288, -20.1182956 ], [ -47.4590462, -20.1190753 ], [ -47.4595462, -20.1196159 ], [ -47.4600847, -20.1208384 ], [ -47.4604954, -20.1212957 ], [ -47.4610321, -20.1214153 ], [ -47.4627198, -20.1209697 ], [ -47.4650357, -20.1208133 ], [ -47.4654786, -20.1206364 ], [ -47.4655174, -20.1202568 ], [ -47.4651072, -20.1196736 ], [ -47.4651922, -20.1193343 ], [ -47.4655002, -20.1192468 ], [ -47.4662634, -20.1194888 ], [ -47.4670643, -20.1194464 ], [ -47.4675521, -20.1193143 ], [ -47.4676374, -20.1190595 ], [ -47.4674897, -20.1182181 ], [ -47.4674747, -20.1172469 ], [ -47.4677702, -20.1161504 ], [ -47.4686078, -20.1145832 ], [ -47.4686779, -20.1143269 ], [ -47.4685415, -20.1141997 ], [ -47.4678764, -20.114337 ], [ -47.4666656, -20.1139742 ], [ -47.4657658, -20.1135653 ], [ -47.4654004, -20.1128966 ], [ -47.4653892, -20.1122221 ], [ -47.4644877, -20.1116029 ], [ -47.462741, -20.1110792 ], [ -47.4610358, -20.1103872 ], [ -47.4608875, -20.1093768 ], [ -47.4617666, -20.1086057 ], [ -47.4618139, -20.1082515 ], [ -47.4602089, -20.1081879 ], [ -47.4569497, -20.1078133 ], [ -47.4557287, -20.1067787 ], [ -47.4551289, -20.1053985 ], [ -47.4552875, -20.1042584 ], [ -47.4560733, -20.1031531 ], [ -47.4563261, -20.1023472 ], [ -47.4560984, -20.1018885 ], [ -47.4557859, -20.1018087 ], [ -47.4549425, -20.1021146 ], [ -47.4527371, -20.1036196 ], [ -47.4513641, -20.1041864 ], [ -47.4502494, -20.1041596 ], [ -47.449794, -20.1034921 ] ] ] ] } },
{ "type": "Feature", "properties": { "CD_MUN": "3505906", "NM_MUN": "Batatais", "CD_RGI": "350031", "NM_RGI": "Ribeirão Preto", "CD_RGINT": "3508", "NM_RGINT": "Ribeirão Preto", "CD_UF": "35", "NM_UF": "São Paulo", "SIGLA_UF": "SP", "CD_REGIA": "3", "NM_REGIA": "Sudeste", "SIGLA_RG": "SE", "CD_CONCU": null, "NM_CONCU": null, "AREA_KM2": 849.526 }, "geometry": { "type": "MultiPolygon", "coordinates": [ [ [ [ -47.6503309, -20.955717 ], [ -47.6504341, -20.9556602 ], [ -47.6523909, -20.954581 ], [ -47.6537276, -20.9536945 ], [ -47.6547408, -20.952512 ], [ -47.6551652, -20.9515342 ], [ -47.6557214, -20.9494429 ], [ -47.6563528, -20.9485748 ], [ -47.6565632, -20.9482854 ], [ -47.6569682, -20.9479021 ], [ -47.65882, -20.9468665 ], [ -47.6613947, -20.9463495 ], [ -47.6623924, -20.9457381 ], [ -47.6644646, -20.945019 ], [ -47.6658065, -20.9443448 ], [ -47.6666479, -20.9435353 ], [ -47.6674276, -20.9422307 ], [ -47.6682009, -20.9413026 ], [ -47.6690514, -20.9407109 ], [ -47.6719136, -20.939441 ], [ -47.6724903, -20.9390684 ], [ -47.6728338, -20.9387026 ], [ -47.6739702, -20.936717 ], [ -47.6742015, -20.9365017 ], [ -47.6742786, -20.9364299 ], [ -47.6745057, -20.9364068 ], [ -47.6750789, -20.9365961 ], [ -47.6756935, -20.9365549 ], [ -47.6764819, -20.9369787 ], [ -47.676795, -20.9369929 ], [ -47.677592, -20.9365503 ], [ -47.678461, -20.9364097 ], [ -47.6788884, -20.9365864 ], [ -47.6790437, -20.9368744 ], [ -47.6791835, -20.9369362 ], [ -47.6799395, -20.9369191 ], [ -47.6806793, -20.9373564 ], [ -47.6813776, -20.9374073 ], [ -47.6817869, -20.9376714 ], [ -47.6822425, -20.9377979 ], [ -47.6831413, -20.9377483 ], [ -47.6836677, -20.9379979 ], [ -47.6843107, -20.9381294 ], [ -47.684587, -20.9382835 ], [ -47.684841, -20.9386057 ], [ -47.685349, -20.9388124 ], [ -47.6857718, -20.9393512 ], [ -47.6879809, -20.9398093 ], [ -47.6881391, -20.9399581 ], [ -47.6884392, -20.9405553 ], [ -47.6891725, -20.9413538 ], [ -47.6897667, -20.9417982 ], [ -47.6908026, -20.94183 ], [ -47.6919766, -20.9416664 ], [ -47.6923698, -20.9417205 ], [ -47.6927684, -20.9418736 ], [ -47.6942527, -20.9429811 ], [ -47.694475, -20.9430252 ], [ -47.6959697, -20.9427187 ], [ -47.6972643, -20.9426863 ], [ -47.6978068, -20.9430102 ], [ -47.6984218, -20.9431218 ], [ -47.6993303, -20.9435733 ], [ -47.6999462, -20.9436633 ], [ -47.700639, -20.9436627 ], [ -47.7021519, -20.9433577 ], [ -47.7032914, -20.9428241 ], [ -47.7037456, -20.9427311 ], [ -47.704099, -20.9427252 ], [ -47.7064173, -20.9431061 ], [ -47.7067815, -20.9430251 ], [ -47.7070934, -20.9428369 ], [ -47.7084161, -20.9416519 ], [ -47.7098028, -20.9410742 ], [ -47.7102467, -20.9410429 ], [ -47.7114815, -20.9411736 ], [ -47.71436, -20.9400104 ], [ -47.7149727, -20.9399007 ], [ -47.7164003, -20.9400906 ], [ -47.7182453, -20.9399388 ], [ -47.7183854, -20.9397875 ], [ -47.7183502, -20.9385606 ], [ -47.7185028, -20.938363 ], [ -47.7191277, -20.9382142 ], [ -47.7193785, -20.9383591 ], [ -47.7195542, -20.9387135 ], [ -47.7196881, -20.9395825 ], [ -47.7197958, -20.9397906 ], [ -47.7203496, -20.9400986 ], [ -47.7208349, -20.9408042 ], [ -47.7211115, -20.9410212 ], [ -47.7213972, -20.9409543 ], [ -47.7215496, -20.9406461 ], [ -47.7218576, -20.9403453 ], [ -47.7222297, -20.9405811 ], [ -47.7225894, -20.9414583 ], [ -47.7229292, -20.9416632 ], [ -47.7236492, -20.9417003 ], [ -47.724268, -20.9419748 ], [ -47.724738, -20.9419182 ], [ -47.7253996, -20.9416727 ], [ -47.726068, -20.941083 ], [ -47.7262892, -20.9409706 ], [ -47.7267307, -20.9409517 ], [ -47.728179, -20.9411989 ], [ -47.7286921, -20.9413993 ], [ -47.7289438, -20.9416162 ], [ -47.7291734, -20.9419924 ], [ -47.7294622, -20.9420128 ], [ -47.730617, -20.9416388 ], [ -47.7318806, -20.9407588 ], [ -47.7325434, -20.9405762 ], [ -47.7335867, -20.9405235 ], [ -47.7340365, -20.9408349 ], [ -47.7343607, -20.9413206 ], [ -47.7345582, -20.9414528 ], [ -47.734872, -20.9414715 ], [ -47.7353619, -20.941145 ], [ -47.7358425, -20.9410879 ], [ -47.7379528, -20.9418646 ], [ -47.7391163, -20.9419071 ], [ -47.7395502, -20.9420227 ], [ -47.7416051, -20.9433665 ], [ -47.7425525, -20.943768 ], [ -47.7427606, -20.9437153 ], [ -47.7429536, -20.9435407 ], [ -47.7432416, -20.9429101 ], [ -47.743488, -20.9427465 ], [ -47.744035, -20.9426891 ], [ -47.7447528, -20.9426649 ], [ -47.7455284, -20.9428479 ], [ -47.7465701, -20.9434569 ], [ -47.7468275, -20.9425895 ], [ -47.7473086, -20.9418751 ], [ -47.7474704, -20.9414566 ], [ -47.7478998, -20.9410802 ], [ -47.7481425, -20.9410037 ], [ -47.7487685, -20.9410364 ], [ -47.7489149, -20.9408493 ], [ -47.7488451, -20.9394746 ], [ -47.7490842, -20.9390481 ], [ -47.749363, -20.9390546 ], [ -47.7497628, -20.939365 ], [ -47.7500512, -20.9394412 ], [ -47.7507468, -20.9387481 ], [ -47.7511486, -20.9386197 ], [ -47.7516194, -20.9386117 ], [ -47.7520259, -20.9387156 ], [ -47.7528362, -20.9394519 ], [ -47.753188, -20.9394593 ], [ -47.7534205, -20.9393068 ], [ -47.753522, -20.9391333 ], [ -47.7535976, -20.9382864 ], [ -47.7539271, -20.9370278 ], [ -47.754031, -20.935181 ], [ -47.7543818, -20.934612 ], [ -47.7546885, -20.9346402 ], [ -47.7554403, -20.9352314 ], [ -47.7556613, -20.9352161 ], [ -47.7558013, -20.9349946 ], [ -47.7559269, -20.9340352 ], [ -47.7560658, -20.9337022 ], [ -47.7562453, -20.9335513 ], [ -47.7566074, -20.9336571 ], [ -47.7568878, -20.9337393 ], [ -47.7575516, -20.93358 ], [ -47.7574883, -20.9330903 ], [ -47.7581531, -20.9328825 ], [ -47.759805, -20.9333464 ], [ -47.7602867, -20.9333522 ], [ -47.7611184, -20.9329967 ], [ -47.7622249, -20.9328544 ], [ -47.7625176, -20.9324568 ], [ -47.7627639, -20.932294 ], [ -47.7634911, -20.9321595 ], [ -47.7641273, -20.9318302 ], [ -47.7645305, -20.9318745 ], [ -47.7652053, -20.9323037 ], [ -47.7654124, -20.9322528 ], [ -47.7655914, -20.9320884 ], [ -47.7657849, -20.9312754 ], [ -47.7661954, -20.9308892 ], [ -47.7661249, -20.9305719 ], [ -47.7657901, -20.9301092 ], [ -47.7659128, -20.9296776 ], [ -47.7661407, -20.9294737 ], [ -47.7670789, -20.9290069 ], [ -47.7673779, -20.9285708 ], [ -47.7676626, -20.9284796 ], [ -47.7677992, -20.9283173 ], [ -47.7678423, -20.9277892 ], [ -47.7681861, -20.9273422 ], [ -47.768117, -20.927105 ], [ -47.7675929, -20.9266597 ], [ -47.7674628, -20.9262944 ], [ -47.7679063, -20.9256909 ], [ -47.7678736, -20.9253678 ], [ -47.7679624, -20.92522 ], [ -47.768414, -20.9249109 ], [ -47.7685189, -20.9243751 ], [ -47.769185, -20.9239263 ], [ -47.7693267, -20.9234567 ], [ -47.7691383, -20.9227799 ], [ -47.7692706, -20.9221652 ], [ -47.7694493, -20.9219864 ], [ -47.7699612, -20.9217757 ], [ -47.7700306, -20.9216568 ], [ -47.7700447, -20.9213633 ], [ -47.7698588, -20.920835 ], [ -47.7690505, -20.9202364 ], [ -47.7690468, -20.9200699 ], [ -47.7692987, -20.9197958 ], [ -47.7691946, -20.9191284 ], [ -47.7694769, -20.9187925 ], [ -47.7692994, -20.9180631 ], [ -47.7693419, -20.9175484 ], [ -47.7690382, -20.9169385 ], [ -47.7690729, -20.9166808 ], [ -47.7692985, -20.9165541 ], [ -47.7696374, -20.9160377 ], [ -47.7699717, -20.9160489 ], [ -47.7707057, -20.9162581 ], [ -47.7709743, -20.9162535 ], [ -47.7713934, -20.9160762 ], [ -47.7714494, -20.9159083 ], [ -47.7713775, -20.9155307 ], [ -47.7710212, -20.9150529 ], [ -47.7710021, -20.9148876 ], [ -47.771303, -20.9146369 ], [ -47.7719579, -20.9145033 ], [ -47.7721185, -20.9143419 ], [ -47.7722069, -20.9137633 ], [ -47.7709874, -20.9130383 ], [ -47.7708639, -20.9129061 ], [ -47.7708082, -20.9126253 ], [ -47.7715137, -20.9119208 ], [ -47.7724961, -20.9118 ], [ -47.7730699, -20.9115096 ], [ -47.773267, -20.9112812 ], [ -47.7733776, -20.9109561 ], [ -47.7734604, -20.9104447 ], [ -47.7733179, -20.9102139 ], [ -47.7732518, -20.9097906 ], [ -47.7735242, -20.9093455 ], [ -47.7740456, -20.9089499 ], [ -47.7749091, -20.9087249 ], [ -47.7749318, -20.9085027 ], [ -47.7747378, -20.9082403 ], [ -47.7748565, -20.9079757 ], [ -47.7746517, -20.9074386 ], [ -47.7748508, -20.9070673 ], [ -47.7747535, -20.9066762 ], [ -47.7748057, -20.9065774 ], [ -47.775224, -20.9063488 ], [ -47.7753066, -20.9062134 ], [ -47.775328, -20.9060909 ], [ -47.7751165, -20.9056471 ], [ -47.7751526, -20.9053778 ], [ -47.775686, -20.9053908 ], [ -47.7760989, -20.9051288 ], [ -47.7760954, -20.9049345 ], [ -47.7754279, -20.9041207 ], [ -47.7753962, -20.9038633 ], [ -47.776103, -20.9032415 ], [ -47.7762106, -20.9027112 ], [ -47.7763927, -20.9026108 ], [ -47.7767997, -20.9020276 ], [ -47.7768769, -20.9014621 ], [ -47.776606, -20.9007796 ], [ -47.7765427, -20.9002657 ], [ -47.7766165, -20.8999689 ], [ -47.7767683, -20.8996723 ], [ -47.7776506, -20.8990154 ], [ -47.7787747, -20.8984195 ], [ -47.7792675, -20.8975282 ], [ -47.7792277, -20.8962112 ], [ -47.7793994, -20.8955942 ], [ -47.7796316, -20.89526 ], [ -47.7797464, -20.8944378 ], [ -47.7803345, -20.8931039 ], [ -47.7805781, -20.8928169 ], [ -47.7809432, -20.8914786 ], [ -47.7813826, -20.8905521 ], [ -47.78203, -20.8895719 ], [ -47.7824009, -20.8891852 ], [ -47.7834304, -20.8884329 ], [ -47.7837597, -20.8878882 ], [ -47.7839199, -20.8859427 ], [ -47.7842895, -20.8854471 ], [ -47.7857034, -20.8822339 ], [ -47.7868261, -20.8808276 ], [ -47.7869236, -20.8804706 ], [ -47.7869128, -20.8798938 ], [ -47.7860706, -20.8780918 ], [ -47.7855612, -20.8773387 ], [ -47.7845637, -20.8762955 ], [ -47.7843748, -20.8759541 ], [ -47.7838342, -20.8742584 ], [ -47.7828435, -20.8721399 ], [ -47.78171, -20.870804 ], [ -47.7814163, -20.8703208 ], [ -47.7808419, -20.8693761 ], [ -47.7795286, -20.8679941 ], [ -47.7790834, -20.86713 ], [ -47.7789605, -20.866568 ], [ -47.778624, -20.8659615 ], [ -47.7774446, -20.8643173 ], [ -47.7771525, -20.8629605 ], [ -47.776963, -20.8626371 ], [ -47.7760658, -20.8617054 ], [ -47.7754638, -20.8608914 ], [ -47.7745764, -20.8593495 ], [ -47.7737949, -20.8572476 ], [ -47.7729836, -20.8557516 ], [ -47.7721095, -20.8550302 ], [ -47.7712424, -20.8546508 ], [ -47.7701319, -20.8544856 ], [ -47.767218, -20.8545132 ], [ -47.7661965, -20.8543332 ], [ -47.765684, -20.8539603 ], [ -47.764515, -20.8527921 ], [ -47.763084, -20.8515398 ], [ -47.7609935, -20.8498913 ], [ -47.7587699, -20.8483935 ], [ -47.7563204, -20.846963 ], [ -47.7556508, -20.8466914 ], [ -47.7526555, -20.8458804 ], [ -47.7506009, -20.8458526 ], [ -47.7502375, -20.8458034 ], [ -47.7497555, -20.8456025 ], [ -47.7495546, -20.8453209 ], [ -47.7492859, -20.84401 ], [ -47.74857, -20.8430021 ], [ -47.7475699, -20.8402448 ], [ -47.7468216, -20.8385577 ], [ -47.7464554, -20.8373251 ], [ -47.7461934, -20.8368273 ], [ -47.7458022, -20.8360821 ], [ -47.745136, -20.8352216 ], [ -47.744079, -20.8342319 ], [ -47.7431121, -20.833713 ], [ -47.7408591, -20.8329549 ], [ -47.7393723, -20.832177 ], [ -47.7359411, -20.8314282 ], [ -47.7349413, -20.8312857 ], [ -47.7307084, -20.8300032 ], [ -47.7290019, -20.8293305 ], [ -47.7274927, -20.8282604 ], [ -47.7269694, -20.8278277 ], [ -47.7264167, -20.8271754 ], [ -47.7255349, -20.8260463 ], [ -47.7245416, -20.8245472 ], [ -47.7220598, -20.8204645 ], [ -47.7202948, -20.8166722 ], [ -47.7198732, -20.8161281 ], [ -47.7191598, -20.8155995 ], [ -47.7186355, -20.8154006 ], [ -47.7181563, -20.8153417 ], [ -47.7148324, -20.8143825 ], [ -47.7135071, -20.8141642 ], [ -47.7129564, -20.8139301 ], [ -47.7122458, -20.8134942 ], [ -47.7104451, -20.8120878 ], [ -47.7092636, -20.8113029 ], [ -47.7083729, -20.8105304 ], [ -47.7075004, -20.8100148 ], [ -47.7071313, -20.8099654 ], [ -47.7069665, -20.8100232 ], [ -47.7067767, -20.8102635 ], [ -47.706627, -20.8116185 ], [ -47.706533, -20.8117742 ], [ -47.7058899, -20.8128333 ], [ -47.7053296, -20.8135447 ], [ -47.7027611, -20.8159595 ], [ -47.702397, -20.8164596 ], [ -47.7019838, -20.8167331 ], [ -47.7001719, -20.8170238 ], [ -47.6992982, -20.8174342 ], [ -47.6980325, -20.8177692 ], [ -47.6977299, -20.8179262 ], [ -47.6967956, -20.8188424 ], [ -47.6963635, -20.8191512 ], [ -47.6945578, -20.8197091 ], [ -47.6925467, -20.8205796 ], [ -47.6889717, -20.8211203 ], [ -47.6884702, -20.821066 ], [ -47.6866362, -20.8200691 ], [ -47.6852977, -20.81904 ], [ -47.6834596, -20.8178649 ], [ -47.6826882, -20.8175291 ], [ -47.6819378, -20.8173578 ], [ -47.6806514, -20.8172449 ], [ -47.6784456, -20.8166111 ], [ -47.678043, -20.8164003 ], [ -47.6778434, -20.8161844 ], [ -47.6777852, -20.8160123 ], [ -47.6778473, -20.8157467 ], [ -47.6772649, -20.8162935 ], [ -47.6756533, -20.8169663 ], [ -47.6696524, -20.8181566 ], [ -47.6683397, -20.8185777 ], [ -47.665911, -20.8195691 ], [ -47.6628951, -20.8203465 ], [ -47.6611053, -20.820224 ], [ -47.6600111, -20.8197684 ], [ -47.6593382, -20.8190118 ], [ -47.6592444, -20.8180634 ], [ -47.659261, -20.8168197 ], [ -47.6588212, -20.8140145 ], [ -47.6590301, -20.8124758 ], [ -47.6597336, -20.8106028 ], [ -47.663254, -20.805264 ], [ -47.663472, -20.8044692 ], [ -47.6632349, -20.8030858 ], [ -47.6615331, -20.8013041 ], [ -47.6602595, -20.8005929 ], [ -47.6588254, -20.7996492 ], [ -47.6583269, -20.7989979 ], [ -47.6582679, -20.7985021 ], [ -47.6598377, -20.7884641 ], [ -47.6606384, -20.7861037 ], [ -47.6610034, -20.7839072 ], [ -47.6608001, -20.7834367 ], [ -47.6602505, -20.7830434 ], [ -47.6569683, -20.7817782 ], [ -47.6534121, -20.7802638 ], [ -47.6520735, -20.7794081 ], [ -47.6511196, -20.7779983 ], [ -47.6504689, -20.7763282 ], [ -47.6497113, -20.7707 ], [ -47.6497944, -20.7687647 ], [ -47.6502052, -20.7656168 ], [ -47.6522867, -20.7590654 ], [ -47.6524843, -20.7587059 ], [ -47.6523133, -20.7567108 ], [ -47.6526286, -20.7552408 ], [ -47.6525624, -20.7547115 ], [ -47.6523508, -20.7542676 ], [ -47.6521393, -20.7538238 ], [ -47.6516215, -20.7509071 ], [ -47.6515681, -20.7484668 ], [ -47.6511656, -20.7465352 ], [ -47.6509277, -20.7445764 ], [ -47.6505745, -20.7430526 ], [ -47.6503621, -20.7421362 ], [ -47.6496331, -20.7402942 ], [ -47.6494901, -20.7388451 ], [ -47.6492053, -20.7375238 ], [ -47.649149, -20.7364824 ], [ -47.6492035, -20.7360281 ], [ -47.6492581, -20.7355739 ], [ -47.6491913, -20.7345078 ], [ -47.6495837, -20.7336052 ], [ -47.6496471, -20.7328028 ], [ -47.6499027, -20.7324337 ], [ -47.6505226, -20.7318343 ], [ -47.65064, -20.7312327 ], [ -47.6511052, -20.730312 ], [ -47.6511085, -20.7298662 ], [ -47.6506704, -20.7293358 ], [ -47.6506448, -20.728915 ], [ -47.6509334, -20.7287935 ], [ -47.6512178, -20.7289532 ], [ -47.6517337, -20.728955 ], [ -47.6517657, -20.7286712 ], [ -47.651042, -20.7282634 ], [ -47.6508801, -20.7279536 ], [ -47.6509547, -20.7276857 ], [ -47.6516715, -20.727641 ], [ -47.6518414, -20.7274836 ], [ -47.651811, -20.7273827 ], [ -47.6512037, -20.7269936 ], [ -47.6512363, -20.7266522 ], [ -47.6515299, -20.7262935 ], [ -47.6521101, -20.7262294 ], [ -47.6524182, -20.7260977 ], [ -47.6525003, -20.7258121 ], [ -47.652103, -20.7253408 ], [ -47.6522341, -20.7249653 ], [ -47.6521238, -20.7247752 ], [ -47.6517146, -20.7246819 ], [ -47.6514561, -20.7242921 ], [ -47.6511423, -20.7241233 ], [ -47.6510522, -20.7239348 ], [ -47.6510095, -20.7230944 ], [ -47.650737, -20.7230619 ], [ -47.6507427, -20.7220093 ], [ -47.6504455, -20.7217395 ], [ -47.650826, -20.7213039 ], [ -47.6508143, -20.7212041 ], [ -47.6508085, -20.7211542 ], [ -47.6508026, -20.7211043 ], [ -47.6502132, -20.7206574 ], [ -47.6501198, -20.7202944 ], [ -47.6499606, -20.720195 ], [ -47.6495266, -20.7201656 ], [ -47.6491802, -20.719787 ], [ -47.6481407, -20.7195339 ], [ -47.6478768, -20.7193651 ], [ -47.6476538, -20.7188858 ], [ -47.6473781, -20.718588 ], [ -47.6470148, -20.7183831 ], [ -47.6468369, -20.7181123 ], [ -47.6462384, -20.7178826 ], [ -47.645952, -20.7175862 ], [ -47.6445533, -20.7171464 ], [ -47.6444255, -20.7169394 ], [ -47.6441319, -20.7168163 ], [ -47.6440878, -20.7164227 ], [ -47.6436834, -20.7162379 ], [ -47.6435324, -20.7157828 ], [ -47.6431041, -20.7155711 ], [ -47.6427608, -20.7148922 ], [ -47.6425266, -20.7147946 ], [ -47.6423229, -20.7148177 ], [ -47.6416979, -20.7145322 ], [ -47.6415515, -20.7139227 ], [ -47.6410994, -20.7135905 ], [ -47.6410116, -20.7130263 ], [ -47.6409135, -20.7129363 ], [ -47.6406009, -20.7129698 ], [ -47.6401825, -20.7127737 ], [ -47.6396872, -20.7128553 ], [ -47.6391177, -20.7124604 ], [ -47.638604, -20.7124298 ], [ -47.6383216, -20.7123151 ], [ -47.6381519, -20.7119627 ], [ -47.6381983, -20.7114052 ], [ -47.6380281, -20.7110879 ], [ -47.6355767, -20.709865 ], [ -47.6349918, -20.7093103 ], [ -47.6340851, -20.7089398 ], [ -47.6336821, -20.7084458 ], [ -47.6332891, -20.7083792 ], [ -47.6330636, -20.7081902 ], [ -47.6329931, -20.7079916 ], [ -47.6329988, -20.7067116 ], [ -47.6326572, -20.7065399 ], [ -47.6323512, -20.7062553 ], [ -47.6322453, -20.7052067 ], [ -47.6319645, -20.7044808 ], [ -47.6313179, -20.7044129 ], [ -47.6311116, -20.7043154 ], [ -47.6308316, -20.7038448 ], [ -47.6304782, -20.7037032 ], [ -47.6300445, -20.7036927 ], [ -47.6297412, -20.703526 ], [ -47.6293263, -20.7030648 ], [ -47.6281072, -20.7026747 ], [ -47.6277842, -20.7029793 ], [ -47.6273026, -20.7031692 ], [ -47.6272182, -20.7033252 ], [ -47.6271646, -20.7041899 ], [ -47.6268106, -20.7044996 ], [ -47.6267663, -20.7047093 ], [ -47.6269911, -20.7062423 ], [ -47.6268115, -20.7064461 ], [ -47.6262743, -20.7063814 ], [ -47.6257953, -20.7066253 ], [ -47.625357, -20.7065606 ], [ -47.6250695, -20.7066822 ], [ -47.6249951, -20.7069204 ], [ -47.6246511, -20.7071289 ], [ -47.6243179, -20.7068946 ], [ -47.624009, -20.7068625 ], [ -47.6239275, -20.7069728 ], [ -47.6239849, -20.7079396 ], [ -47.6238359, -20.7082164 ], [ -47.6236716, -20.7082175 ], [ -47.6234258, -20.7080295 ], [ -47.6232511, -20.7080042 ], [ -47.6229575, -20.7084303 ], [ -47.6227075, -20.7084796 ], [ -47.6222851, -20.7082213 ], [ -47.6221594, -20.7082409 ], [ -47.6218164, -20.7085834 ], [ -47.6212731, -20.7087333 ], [ -47.6209092, -20.7090022 ], [ -47.6201488, -20.7093337 ], [ -47.6198185, -20.709834 ], [ -47.6187543, -20.7099854 ], [ -47.6186124, -20.710186 ], [ -47.6184151, -20.7109941 ], [ -47.618213, -20.7112069 ], [ -47.6179628, -20.7112858 ], [ -47.6175867, -20.7111254 ], [ -47.6172106, -20.710965 ], [ -47.6167753, -20.7104644 ], [ -47.6168911, -20.7098582 ], [ -47.6166869, -20.7095054 ], [ -47.6163326, -20.7092263 ], [ -47.616207, -20.7086265 ], [ -47.6154549, -20.7083722 ], [ -47.6152965, -20.7082099 ], [ -47.61519, -20.7064915 ], [ -47.6153525, -20.7063528 ], [ -47.6155651, -20.7063229 ], [ -47.6166341, -20.7064891 ], [ -47.6169234, -20.7063928 ], [ -47.616937, -20.706048 ], [ -47.616444, -20.7054788 ], [ -47.6157909, -20.7053153 ], [ -47.6154964, -20.7051462 ], [ -47.615106, -20.7043308 ], [ -47.6146677, -20.7042463 ], [ -47.6141874, -20.7045181 ], [ -47.6139063, -20.7045778 ], [ -47.613458, -20.7044093 ], [ -47.613013, -20.7033411 ], [ -47.6122075, -20.7020734 ], [ -47.6124333, -20.7012034 ], [ -47.6124934, -20.7002553 ], [ -47.6070281, -20.6967192 ], [ -47.6041309, -20.6947333 ], [ -47.6033751, -20.6944078 ], [ -47.6027797, -20.6943121 ], [ -47.6019536, -20.694313 ], [ -47.6009359, -20.6939796 ], [ -47.598884, -20.6929526 ], [ -47.5985383, -20.6929273 ], [ -47.5982113, -20.6930968 ], [ -47.5979981, -20.694121 ], [ -47.5982137, -20.6951385 ], [ -47.598965, -20.6960239 ], [ -47.6000854, -20.6970444 ], [ -47.6023213, -20.6999067 ], [ -47.6046654, -20.702595 ], [ -47.6051216, -20.7033275 ], [ -47.6052125, -20.7038847 ], [ -47.6049309, -20.7046636 ], [ -47.6046124, -20.7052901 ], [ -47.6036993, -20.7065554 ], [ -47.6032711, -20.7075528 ], [ -47.6032202, -20.7083735 ], [ -47.6043788, -20.7098565 ], [ -47.6045348, -20.7103954 ], [ -47.6044796, -20.7109525 ], [ -47.6039891, -20.7120816 ], [ -47.6041018, -20.7157914 ], [ -47.6042774, -20.7174143 ], [ -47.6041759, -20.7181595 ], [ -47.6039344, -20.7185317 ], [ -47.6031869, -20.7188529 ], [ -47.6010337, -20.7189 ], [ -47.5996982, -20.7185809 ], [ -47.5985378, -20.7186449 ], [ -47.59724, -20.7185717 ], [ -47.5957366, -20.7180207 ], [ -47.5944545, -20.7170518 ], [ -47.593627, -20.7167389 ], [ -47.5930469, -20.7163929 ], [ -47.5930172, -20.7162093 ], [ -47.5932211, -20.7157269 ], [ -47.5941569, -20.7147232 ], [ -47.5943315, -20.7143656 ], [ -47.5941907, -20.7138102 ], [ -47.5938342, -20.7131955 ], [ -47.5930867, -20.7126051 ], [ -47.5925063, -20.7123355 ], [ -47.5881168, -20.7112874 ], [ -47.5876689, -20.7109714 ], [ -47.5870785, -20.7100982 ], [ -47.5865109, -20.7095477 ], [ -47.5857531, -20.7093596 ], [ -47.585095, -20.7093379 ], [ -47.5836936, -20.7094675 ], [ -47.5817968, -20.7099294 ], [ -47.5809807, -20.7102812 ], [ -47.5806114, -20.7106091 ], [ -47.5797506, -20.7123571 ], [ -47.5785211, -20.7144861 ], [ -47.5771435, -20.7165494 ], [ -47.5770233, -20.7172776 ], [ -47.5770867, -20.7179578 ], [ -47.5778737, -20.7198389 ], [ -47.5785309, -20.7209285 ], [ -47.5789237, -20.721772 ], [ -47.5792318, -20.7234834 ], [ -47.5790659, -20.7243375 ], [ -47.5786788, -20.7247897 ], [ -47.574835, -20.7267982 ], [ -47.5743043, -20.7267596 ], [ -47.573807, -20.7265676 ], [ -47.5733044, -20.7260033 ], [ -47.5727638, -20.7251121 ], [ -47.5719654, -20.7245206 ], [ -47.5716944, -20.7240916 ], [ -47.5719386, -20.7220465 ], [ -47.5718332, -20.7216767 ], [ -47.5714542, -20.7215278 ], [ -47.5711113, -20.7216409 ], [ -47.5700996, -20.7229095 ], [ -47.5687231, -20.7251893 ], [ -47.5676425, -20.7273111 ], [ -47.5674837, -20.7278392 ], [ -47.5676446, -20.7284853 ], [ -47.5679513, -20.7291161 ], [ -47.5687675, -20.7297847 ], [ -47.5699156, -20.7305582 ], [ -47.5707819, -20.7313159 ], [ -47.5711724, -20.7320532 ], [ -47.5712962, -20.7325774 ], [ -47.5713253, -20.7333192 ], [ -47.5711053, -20.7338639 ], [ -47.5707319, -20.7341934 ], [ -47.5687058, -20.7348633 ], [ -47.5684291, -20.7350679 ], [ -47.5683336, -20.7353016 ], [ -47.5685445, -20.7379416 ], [ -47.5684411, -20.7386561 ], [ -47.568184, -20.7390313 ], [ -47.5672857, -20.7393233 ], [ -47.5643214, -20.7394772 ], [ -47.563289, -20.7396446 ], [ -47.5627865, -20.7399154 ], [ -47.5622346, -20.7404198 ], [ -47.5612108, -20.7411323 ], [ -47.5602649, -20.7415474 ], [ -47.5592972, -20.7416831 ], [ -47.5581462, -20.7416555 ], [ -47.557207, -20.741438 ], [ -47.5527876, -20.7399724 ], [ -47.5522931, -20.739918 ], [ -47.5493968, -20.7407341 ], [ -47.5489227, -20.7407865 ], [ -47.5485254, -20.7405946 ], [ -47.5483235, -20.740347 ], [ -47.5482511, -20.7399488 ], [ -47.5484422, -20.7395901 ], [ -47.5503426, -20.7382218 ], [ -47.5512637, -20.7373267 ], [ -47.5517894, -20.7364671 ], [ -47.5520912, -20.7356747 ], [ -47.5520682, -20.7352433 ], [ -47.5517349, -20.7349701 ], [ -47.5514193, -20.7349116 ], [ -47.5509677, -20.7352274 ], [ -47.5501493, -20.7355358 ], [ -47.5495247, -20.7355142 ], [ -47.5490805, -20.7353637 ], [ -47.5471295, -20.7343102 ], [ -47.5463872, -20.7341189 ], [ -47.5458776, -20.7341277 ], [ -47.5452404, -20.7343098 ], [ -47.5444761, -20.7349519 ], [ -47.5439399, -20.7351773 ], [ -47.5433957, -20.7351848 ], [ -47.5424169, -20.7354494 ], [ -47.5414582, -20.7361417 ], [ -47.5408841, -20.7361958 ], [ -47.5400745, -20.7359597 ], [ -47.5394775, -20.7355841 ], [ -47.5393627, -20.7346917 ], [ -47.5394332, -20.7339635 ], [ -47.5392245, -20.7332239 ], [ -47.5385125, -20.731982 ], [ -47.5382838, -20.7311042 ], [ -47.5384621, -20.730932 ], [ -47.5388446, -20.7311126 ], [ -47.5394594, -20.7316111 ], [ -47.5398168, -20.7323337 ], [ -47.5402818, -20.7326063 ], [ -47.5408077, -20.7326449 ], [ -47.541116, -20.7323768 ], [ -47.5412908, -20.7320193 ], [ -47.5411947, -20.7311392 ], [ -47.5400793, -20.7293069 ], [ -47.5398221, -20.7286456 ], [ -47.5397829, -20.7282594 ], [ -47.5399393, -20.7279488 ], [ -47.5401513, -20.7277751 ], [ -47.5410355, -20.7275448 ], [ -47.5421264, -20.7269733 ], [ -47.5424054, -20.7269199 ], [ -47.5432499, -20.7273263 ], [ -47.5438443, -20.7274717 ], [ -47.5444516, -20.7274476 ], [ -47.544791, -20.7271492 ], [ -47.5449331, -20.7267905 ], [ -47.5449286, -20.7265125 ], [ -47.543373, -20.7248867 ], [ -47.5430868, -20.7244563 ], [ -47.5430972, -20.7241195 ], [ -47.5434531, -20.7237724 ], [ -47.5442988, -20.7232034 ], [ -47.5445411, -20.7229302 ], [ -47.5445388, -20.7218766 ], [ -47.5442923, -20.7216642 ], [ -47.5440417, -20.721636 ], [ -47.543269, -20.7225447 ], [ -47.5429417, -20.7226719 ], [ -47.5426931, -20.7225529 ], [ -47.5428846, -20.7211919 ], [ -47.5425903, -20.7193705 ], [ -47.5420387, -20.7188986 ], [ -47.540962, -20.7188908 ], [ -47.5406841, -20.7190099 ], [ -47.5403633, -20.7195022 ], [ -47.5403948, -20.7202755 ], [ -47.5401762, -20.7209425 ], [ -47.5398246, -20.7211882 ], [ -47.5393212, -20.7211424 ], [ -47.5388189, -20.7210014 ], [ -47.5387088, -20.7208805 ], [ -47.5387156, -20.7206964 ], [ -47.5394173, -20.7198336 ], [ -47.5393527, -20.7194779 ], [ -47.5391507, -20.7192331 ], [ -47.5388343, -20.7190388 ], [ -47.5378115, -20.7186895 ], [ -47.5370153, -20.718276 ], [ -47.5357663, -20.7178688 ], [ -47.5348737, -20.7179838 ], [ -47.5336405, -20.7175215 ], [ -47.5331304, -20.717498 ], [ -47.5329478, -20.7175882 ], [ -47.5327424, -20.7179455 ], [ -47.5329394, -20.7182819 ], [ -47.533954, -20.7185068 ], [ -47.5345337, -20.7188377 ], [ -47.5345251, -20.7192868 ], [ -47.5335115, -20.7200292 ], [ -47.5332031, -20.7204356 ], [ -47.5331688, -20.720722 ], [ -47.53344, -20.7217299 ], [ -47.534063, -20.722689 ], [ -47.534122, -20.7231991 ], [ -47.5338958, -20.7233659 ], [ -47.5334698, -20.7234651 ], [ -47.5323768, -20.7234332 ], [ -47.5315074, -20.7230681 ], [ -47.5310926, -20.7224314 ], [ -47.5305888, -20.7221905 ], [ -47.5302703, -20.7224052 ], [ -47.5296471, -20.7233194 ], [ -47.529561, -20.7236047 ], [ -47.5295735, -20.7238075 ], [ -47.5299992, -20.7242342 ], [ -47.5309228, -20.7249258 ], [ -47.5314333, -20.7260012 ], [ -47.5316314, -20.7262216 ], [ -47.5327075, -20.7265845 ], [ -47.5331068, -20.7268404 ], [ -47.5333924, -20.727287 ], [ -47.5333642, -20.7275431 ], [ -47.5331643, -20.7277459 ], [ -47.5320612, -20.727995 ], [ -47.5316161, -20.7284045 ], [ -47.530137, -20.729382 ], [ -47.529767, -20.729272 ], [ -47.5296753, -20.7281773 ], [ -47.5295122, -20.7279249 ], [ -47.5291823, -20.7276851 ], [ -47.5284625, -20.7274388 ], [ -47.5277912, -20.7275674 ], [ -47.5274104, -20.7278426 ], [ -47.5266113, -20.7287368 ], [ -47.5264605, -20.7290503 ], [ -47.5265585, -20.7291178 ], [ -47.5278993, -20.7290852 ], [ -47.5280647, -20.7291966 ], [ -47.5281676, -20.729418 ], [ -47.5278804, -20.7304967 ], [ -47.5278861, -20.7307918 ], [ -47.527941, -20.7311246 ], [ -47.5282889, -20.7318451 ], [ -47.5281403, -20.7322647 ], [ -47.52782, -20.7323858 ], [ -47.5274102, -20.7322832 ], [ -47.5256622, -20.7312739 ], [ -47.5239103, -20.7297485 ], [ -47.5237143, -20.7297043 ], [ -47.5227851, -20.7301109 ], [ -47.5225008, -20.7301056 ], [ -47.5221687, -20.7300995 ], [ -47.5217637, -20.7299971 ], [ -47.5214512, -20.7297787 ], [ -47.5196342, -20.7280018 ], [ -47.5186454, -20.7273292 ], [ -47.5173992, -20.7267441 ], [ -47.5171358, -20.7267009 ], [ -47.5168825, -20.7268281 ], [ -47.5168025, -20.7269689 ], [ -47.5168227, -20.7281598 ], [ -47.5167428, -20.7287483 ], [ -47.5165678, -20.7291768 ], [ -47.5159696, -20.7296407 ], [ -47.5152282, -20.7296533 ], [ -47.5148762, -20.7293237 ], [ -47.5148782, -20.728806 ], [ -47.5157724, -20.7281402 ], [ -47.5159798, -20.7278495 ], [ -47.5159997, -20.7275878 ], [ -47.5158463, -20.7272423 ], [ -47.5155371, -20.7269448 ], [ -47.5145677, -20.7262235 ], [ -47.5144156, -20.7259176 ], [ -47.5142036, -20.7249883 ], [ -47.5140105, -20.7248058 ], [ -47.5134576, -20.7246826 ], [ -47.512418, -20.7248611 ], [ -47.5117989, -20.7246213 ], [ -47.5115271, -20.7246183 ], [ -47.5113716, -20.724705 ], [ -47.5112632, -20.7249931 ], [ -47.5112907, -20.7252719 ], [ -47.5111628, -20.7254522 ], [ -47.510843, -20.72554 ], [ -47.5103951, -20.7254522 ], [ -47.5091284, -20.7248537 ], [ -47.5084715, -20.7250492 ], [ -47.5083475, -20.7254311 ], [ -47.5085775, -20.7260285 ], [ -47.5091393, -20.7267534 ], [ -47.5090637, -20.7270391 ], [ -47.5087534, -20.7271281 ], [ -47.5076938, -20.7268753 ], [ -47.5070205, -20.7269813 ], [ -47.5067753, -20.7272319 ], [ -47.5067282, -20.7275249 ], [ -47.5068887, -20.7277943 ], [ -47.5085984, -20.7287286 ], [ -47.5087968, -20.7290084 ], [ -47.5087242, -20.7291558 ], [ -47.5078407, -20.7294139 ], [ -47.5074153, -20.7296784 ], [ -47.5071118, -20.7302584 ], [ -47.5071853, -20.7308086 ], [ -47.5074664, -20.731221 ], [ -47.5083197, -20.7317366 ], [ -47.5085865, -20.7321251 ], [ -47.5085144, -20.7323965 ], [ -47.5081284, -20.7326589 ], [ -47.50754, -20.7325325 ], [ -47.5060865, -20.7312905 ], [ -47.5056801, -20.7310883 ], [ -47.5052258, -20.7312177 ], [ -47.5046998, -20.7318991 ], [ -47.5045795, -20.7323296 ], [ -47.504732, -20.7328073 ], [ -47.5053128, -20.733292 ], [ -47.5066662, -20.7340449 ], [ -47.5066857, -20.7344636 ], [ -47.5064318, -20.7347597 ], [ -47.5056784, -20.7349417 ], [ -47.5049379, -20.7349993 ], [ -47.5045746, -20.7351807 ], [ -47.5041897, -20.7355519 ], [ -47.5039096, -20.7359225 ], [ -47.5035013, -20.7379161 ], [ -47.5032452, -20.7382624 ], [ -47.5014532, -20.7398508 ], [ -47.501144, -20.740027 ], [ -47.5008305, -20.740009 ], [ -47.4999489, -20.7393691 ], [ -47.4993328, -20.7391931 ], [ -47.4990746, -20.7393218 ], [ -47.4987786, -20.739681 ], [ -47.4987073, -20.7399525 ], [ -47.4994715, -20.7414248 ], [ -47.4995801, -20.7423673 ], [ -47.4994132, -20.7425166 ], [ -47.4989077, -20.7425838 ], [ -47.4987583, -20.7422807 ], [ -47.4987744, -20.7420844 ], [ -47.4987905, -20.7418882 ], [ -47.4986414, -20.7415347 ], [ -47.4981826, -20.7413206 ], [ -47.4977402, -20.7413516 ], [ -47.496506, -20.7422769 ], [ -47.4951288, -20.7427725 ], [ -47.4949349, -20.7429467 ], [ -47.4949256, -20.7431423 ], [ -47.4951254, -20.7434348 ], [ -47.4959425, -20.7440983 ], [ -47.4958973, -20.7443915 ], [ -47.4955091, -20.7445692 ], [ -47.4946623, -20.7445077 ], [ -47.4942998, -20.7446235 ], [ -47.4941191, -20.7448477 ], [ -47.4943486, -20.7468446 ], [ -47.4948504, -20.7480275 ], [ -47.4946232, -20.7484846 ], [ -47.4943652, -20.748696 ], [ -47.4940153, -20.7486523 ], [ -47.4927581, -20.7475182 ], [ -47.4920905, -20.7474203 ], [ -47.4917805, -20.7475452 ], [ -47.4915625, -20.7477428 ], [ -47.4913018, -20.7493168 ], [ -47.4909014, -20.7495309 ], [ -47.4896412, -20.7496965 ], [ -47.4894218, -20.749859 ], [ -47.4888671, -20.7509824 ], [ -47.488519, -20.7512092 ], [ -47.4867661, -20.7514793 ], [ -47.4858969, -20.751736 ], [ -47.4848378, -20.7518489 ], [ -47.4840566, -20.7516882 ], [ -47.4833781, -20.7516887 ], [ -47.4826518, -20.7518195 ], [ -47.4817708, -20.7521251 ], [ -47.4808042, -20.7526792 ], [ -47.4790662, -20.7540293 ], [ -47.47856, -20.7541342 ], [ -47.4780495, -20.7539828 ], [ -47.477601, -20.7536189 ], [ -47.4768785, -20.7524546 ], [ -47.4764056, -20.7521653 ], [ -47.4758286, -20.7521516 ], [ -47.4742539, -20.7523223 ], [ -47.4713704, -20.7519087 ], [ -47.4706817, -20.7522125 ], [ -47.4706244, -20.7524719 ], [ -47.4709902, -20.7534601 ], [ -47.4720343, -20.7551668 ], [ -47.4722118, -20.7556652 ], [ -47.472231, -20.7560443 ], [ -47.4719955, -20.7568696 ], [ -47.4719931, -20.7573495 ], [ -47.4725521, -20.7588276 ], [ -47.4727377, -20.7599393 ], [ -47.4723017, -20.7644125 ], [ -47.4720632, -20.7657292 ], [ -47.4710461, -20.7688088 ], [ -47.4706591, -20.7694692 ], [ -47.4701305, -20.7698924 ], [ -47.4695835, -20.7700964 ], [ -47.4675569, -20.7701752 ], [ -47.4668165, -20.7703593 ], [ -47.4663777, -20.7705953 ], [ -47.4659182, -20.7711316 ], [ -47.4655094, -20.7714293 ], [ -47.4654697, -20.7714582 ], [ -47.46543, -20.7714871 ], [ -47.4653515, -20.7715443 ], [ -47.4629712, -20.772202 ], [ -47.4625059, -20.7724046 ], [ -47.4617077, -20.7729928 ], [ -47.4594685, -20.7730742 ], [ -47.4567113, -20.7734443 ], [ -47.4560085, -20.7734042 ], [ -47.4555903, -20.7732275 ], [ -47.4551509, -20.772854 ], [ -47.4548951, -20.7721693 ], [ -47.4550561, -20.7716918 ], [ -47.455911, -20.7705261 ], [ -47.4567311, -20.769742 ], [ -47.4581127, -20.7673531 ], [ -47.4596621, -20.7649275 ], [ -47.4600424, -20.7642228 ], [ -47.4600874, -20.763892 ], [ -47.4599668, -20.7635252 ], [ -47.4597654, -20.7632713 ], [ -47.4593996, -20.7631289 ], [ -47.4562164, -20.7625958 ], [ -47.455811, -20.7623917 ], [ -47.4546105, -20.7607059 ], [ -47.4540155, -20.7601503 ], [ -47.4535701, -20.7599609 ], [ -47.4526696, -20.759871 ], [ -47.4524029, -20.7598708 ], [ -47.4521362, -20.7598706 ], [ -47.4515017, -20.7600533 ], [ -47.4511128, -20.7602902 ], [ -47.4505246, -20.7612242 ], [ -47.4494624, -20.7624279 ], [ -47.4485253, -20.7632498 ], [ -47.4479713, -20.7635919 ], [ -47.4474893, -20.7636473 ], [ -47.4467058, -20.7635205 ], [ -47.442973, -20.7626068 ], [ -47.4423355, -20.7626374 ], [ -47.4418822, -20.7628063 ], [ -47.4406307, -20.7642948 ], [ -47.4400643, -20.7647685 ], [ -47.4389903, -20.7652005 ], [ -47.438095, -20.7654325 ], [ -47.4373269, -20.7654815 ], [ -47.4365437, -20.7653691 ], [ -47.4362692, -20.7652274 ], [ -47.4361311, -20.7649103 ], [ -47.4359926, -20.7635155 ], [ -47.4358201, -20.76326 ], [ -47.4357578, -20.7632178 ], [ -47.4356955, -20.7631757 ], [ -47.4355708, -20.7630914 ], [ -47.4350571, -20.7630593 ], [ -47.4338351, -20.7633337 ], [ -47.431289, -20.7636261 ], [ -47.4303811, -20.7638612 ], [ -47.4298246, -20.7641268 ], [ -47.4295185, -20.7645357 ], [ -47.4289506, -20.7664807 ], [ -47.4288587, -20.7672915 ], [ -47.4289065, -20.7678074 ], [ -47.4299054, -20.7688619 ], [ -47.4309987, -20.7696054 ], [ -47.4322656, -20.7707541 ], [ -47.4326771, -20.7711271 ], [ -47.4330382, -20.7717097 ], [ -47.4331911, -20.7722602 ], [ -47.4331314, -20.7726408 ], [ -47.4329265, -20.7728883 ], [ -47.4324636, -20.7731655 ], [ -47.4320339, -20.7735437 ], [ -47.431537, -20.7741638 ], [ -47.4310716, -20.7744769 ], [ -47.4304759, -20.7746708 ], [ -47.4302019, -20.7746739 ], [ -47.4298749, -20.7745671 ], [ -47.4295021, -20.7740325 ], [ -47.4291599, -20.7737687 ], [ -47.4287687, -20.7738347 ], [ -47.4283259, -20.774491 ], [ -47.4283274, -20.7746996 ], [ -47.4287441, -20.7754408 ], [ -47.428747, -20.775662 ], [ -47.4285179, -20.7759346 ], [ -47.4276456, -20.776056 ], [ -47.427469, -20.7763171 ], [ -47.4274754, -20.7768332 ], [ -47.4276714, -20.777255 ], [ -47.4290748, -20.7786917 ], [ -47.4298607, -20.7789876 ], [ -47.4302397, -20.778958 ], [ -47.4313317, -20.7780486 ], [ -47.4316411, -20.7778959 ], [ -47.4321122, -20.7779381 ], [ -47.4326785, -20.7784441 ], [ -47.4330831, -20.7784892 ], [ -47.4343643, -20.7778944 ], [ -47.4349338, -20.7777507 ], [ -47.4354824, -20.7777562 ], [ -47.4371773, -20.778724 ], [ -47.437338, -20.7791624 ], [ -47.4373815, -20.7796215 ], [ -47.437538, -20.7798036 ], [ -47.4382458, -20.7800382 ], [ -47.4389093, -20.7799429 ], [ -47.4401499, -20.7800845 ], [ -47.4409862, -20.7803931 ], [ -47.4416476, -20.7808119 ], [ -47.4419787, -20.7812235 ], [ -47.4422611, -20.7818688 ], [ -47.4423233, -20.7825183 ], [ -47.4422545, -20.7831089 ], [ -47.4419852, -20.7834671 ], [ -47.4414086, -20.7839288 ], [ -47.4405943, -20.7843302 ], [ -47.4387092, -20.7857496 ], [ -47.4369483, -20.7880294 ], [ -47.436118, -20.7898826 ], [ -47.4359847, -20.7903628 ], [ -47.4361516, -20.7919412 ], [ -47.435974, -20.7922238 ], [ -47.4348848, -20.7925356 ], [ -47.4342993, -20.7934004 ], [ -47.4339655, -20.7937373 ], [ -47.4336408, -20.7937537 ], [ -47.4326256, -20.7935353 ], [ -47.4322219, -20.7937105 ], [ -47.4316448, -20.7941623 ], [ -47.4315004, -20.7942753 ], [ -47.4310827, -20.7942442 ], [ -47.4307557, -20.794114 ], [ -47.4303862, -20.7938123 ], [ -47.42998, -20.793671 ], [ -47.4284626, -20.7935934 ], [ -47.4273573, -20.7937203 ], [ -47.4269184, -20.7939337 ], [ -47.4267664, -20.7941337 ], [ -47.4266468, -20.7947834 ], [ -47.4264064, -20.7952488 ], [ -47.4250219, -20.7964912 ], [ -47.4246963, -20.7965956 ], [ -47.4236104, -20.796388 ], [ -47.4233265, -20.7966378 ], [ -47.4233188, -20.7968595 ], [ -47.4239554, -20.7975623 ], [ -47.4240267, -20.7977789 ], [ -47.4239753, -20.7979648 ], [ -47.42278, -20.7993654 ], [ -47.4215946, -20.8017954 ], [ -47.4211281, -20.8019996 ], [ -47.4204764, -20.8019738 ], [ -47.4200989, -20.8020772 ], [ -47.4198297, -20.8022772 ], [ -47.4197072, -20.8026833 ], [ -47.4197583, -20.8033197 ], [ -47.4196943, -20.8035537 ], [ -47.4194887, -20.8037265 ], [ -47.4181181, -20.8043599 ], [ -47.4179776, -20.8045829 ], [ -47.4179823, -20.8048275 ], [ -47.4183768, -20.8059013 ], [ -47.4183032, -20.8061349 ], [ -47.4180062, -20.8063976 ], [ -47.4176708, -20.8065484 ], [ -47.4170921, -20.8066153 ], [ -47.4162405, -20.8064561 ], [ -47.4159869, -20.8066064 ], [ -47.4158071, -20.807687 ], [ -47.4155869, -20.8078853 ], [ -47.4151208, -20.8079906 ], [ -47.414703, -20.8078498 ], [ -47.4142534, -20.8075126 ], [ -47.4137585, -20.8076178 ], [ -47.41335, -20.8080776 ], [ -47.4121756, -20.8086637 ], [ -47.4120836, -20.8088111 ], [ -47.4121152, -20.8091431 ], [ -47.4123731, -20.8105703 ], [ -47.4132224, -20.8117073 ], [ -47.4132972, -20.8122188 ], [ -47.4136761, -20.8133181 ], [ -47.4138931, -20.8145379 ], [ -47.4137093, -20.8153784 ], [ -47.4139472, -20.8160292 ], [ -47.4137063, -20.817583 ], [ -47.4139696, -20.8179175 ], [ -47.4144708, -20.8180867 ], [ -47.4149517, -20.8183702 ], [ -47.4150864, -20.8185426 ], [ -47.4153145, -20.8194186 ], [ -47.4152783, -20.8204256 ], [ -47.4154661, -20.8206377 ], [ -47.4157435, -20.820606 ], [ -47.4158728, -20.8207701 ], [ -47.4159528, -20.8216251 ], [ -47.4165503, -20.8223211 ], [ -47.416509, -20.8233118 ], [ -47.4169074, -20.8241844 ], [ -47.4168738, -20.8248455 ], [ -47.4172914, -20.8251895 ], [ -47.4175889, -20.8257321 ], [ -47.4181338, -20.8258697 ], [ -47.4183202, -20.8262256 ], [ -47.4183131, -20.8270054 ], [ -47.4174651, -20.8280632 ], [ -47.4168548, -20.8293125 ], [ -47.4162689, -20.8299588 ], [ -47.415955, -20.8306524 ], [ -47.4157688, -20.8313481 ], [ -47.4152759, -20.8317813 ], [ -47.4150919, -20.8331746 ], [ -47.4152528, -20.833586 ], [ -47.4158583, -20.8341655 ], [ -47.4159982, -20.8346607 ], [ -47.4157961, -20.8362725 ], [ -47.4152622, -20.8369603 ], [ -47.4151642, -20.8372442 ], [ -47.4153716, -20.8377806 ], [ -47.4161504, -20.838178 ], [ -47.4167679, -20.8390994 ], [ -47.4168672, -20.8402599 ], [ -47.4171643, -20.8407683 ], [ -47.4170816, -20.8416918 ], [ -47.4169891, -20.8418949 ], [ -47.4160502, -20.842454 ], [ -47.4156172, -20.843516 ], [ -47.4143633, -20.8447029 ], [ -47.4141081, -20.8448442 ], [ -47.4131142, -20.8450317 ], [ -47.4126221, -20.845225 ], [ -47.4122652, -20.8455142 ], [ -47.411687, -20.8464214 ], [ -47.4116878, -20.8469751 ], [ -47.4121823, -20.847651 ], [ -47.4122335, -20.847999 ], [ -47.4118103, -20.8487027 ], [ -47.4115898, -20.8500505 ], [ -47.4121125, -20.8505891 ], [ -47.4121614, -20.8508794 ], [ -47.4119025, -20.8516317 ], [ -47.4121358, -20.8521466 ], [ -47.4121712, -20.852875 ], [ -47.4125289, -20.8536455 ], [ -47.4126555, -20.8547091 ], [ -47.4131368, -20.8552919 ], [ -47.4133442, -20.8558715 ], [ -47.4129652, -20.8571269 ], [ -47.4127096, -20.8574973 ], [ -47.4117802, -20.8578347 ], [ -47.410879, -20.8585614 ], [ -47.4104689, -20.8596054 ], [ -47.4099646, -20.8602718 ], [ -47.4098671, -20.860544 ], [ -47.409901, -20.8608895 ], [ -47.4103849, -20.8613251 ], [ -47.4104573, -20.8616703 ], [ -47.410196, -20.8632474 ], [ -47.4098539, -20.863548 ], [ -47.4095315, -20.8635959 ], [ -47.4081755, -20.8635296 ], [ -47.4079704, -20.8636233 ], [ -47.4077489, -20.8639581 ], [ -47.4079154, -20.8643303 ], [ -47.4085014, -20.864785 ], [ -47.4087592, -20.8654636 ], [ -47.4094422, -20.8658555 ], [ -47.4097623, -20.8665859 ], [ -47.4103296, -20.8674884 ], [ -47.4107011, -20.8676365 ], [ -47.4115797, -20.8674716 ], [ -47.4117823, -20.867677 ], [ -47.411784, -20.8678146 ], [ -47.4111967, -20.8683556 ], [ -47.4112698, -20.8688177 ], [ -47.4110748, -20.8689657 ], [ -47.4103275, -20.8691411 ], [ -47.409204, -20.8688132 ], [ -47.4085605, -20.8690572 ], [ -47.4081542, -20.8693958 ], [ -47.4072638, -20.8708194 ], [ -47.4065413, -20.8716132 ], [ -47.4064887, -20.8720444 ], [ -47.4066486, -20.8729403 ], [ -47.4069501, -20.8732143 ], [ -47.4073268, -20.8738587 ], [ -47.407377, -20.8741617 ], [ -47.4073363, -20.8744541 ], [ -47.4071369, -20.8748131 ], [ -47.4071343, -20.8755311 ], [ -47.4074473, -20.875872 ], [ -47.4080105, -20.8760581 ], [ -47.4086619, -20.8772389 ], [ -47.4089732, -20.8774 ], [ -47.4098426, -20.8773587 ], [ -47.4101359, -20.8774239 ], [ -47.4103745, -20.8776433 ], [ -47.4107217, -20.8783253 ], [ -47.4107894, -20.8787117 ], [ -47.410443, -20.8791316 ], [ -47.4105089, -20.8796024 ], [ -47.4108198, -20.8798183 ], [ -47.4114605, -20.8805843 ], [ -47.4117414, -20.8806499 ], [ -47.4126322, -20.8802068 ], [ -47.4128973, -20.8802601 ], [ -47.4130481, -20.8803962 ], [ -47.4130755, -20.8811989 ], [ -47.4133639, -20.8818382 ], [ -47.4138091, -20.8821923 ], [ -47.4141776, -20.8828499 ], [ -47.415334, -20.8835261 ], [ -47.4154256, -20.8837632 ], [ -47.4161858, -20.8843047 ], [ -47.4164795, -20.8852407 ], [ -47.4169904, -20.8858544 ], [ -47.417168, -20.8868498 ], [ -47.4177842, -20.8875843 ], [ -47.4182962, -20.888678 ], [ -47.4186538, -20.8889244 ], [ -47.4203869, -20.8895894 ], [ -47.4212395, -20.8905055 ], [ -47.4221322, -20.8910322 ], [ -47.4233118, -20.8924758 ], [ -47.4247281, -20.8937011 ], [ -47.4252356, -20.8940387 ], [ -47.4255222, -20.8944802 ], [ -47.4261062, -20.895093 ], [ -47.4276034, -20.8961857 ], [ -47.4278454, -20.8965688 ], [ -47.4279692, -20.8969708 ], [ -47.4280064, -20.8982539 ], [ -47.4278812, -20.8987416 ], [ -47.4279359, -20.9003507 ], [ -47.428409, -20.9013009 ], [ -47.4319705, -20.9069062 ], [ -47.4329164, -20.9089466 ], [ -47.4343515, -20.912407 ], [ -47.4347902, -20.9148945 ], [ -47.4353309, -20.9156208 ], [ -47.436491, -20.9175157 ], [ -47.436791, -20.9182246 ], [ -47.4370254, -20.9194425 ], [ -47.4370449, -20.9216381 ], [ -47.4371622, -20.9229152 ], [ -47.4376607, -20.9251786 ], [ -47.4380191, -20.9277422 ], [ -47.4380442, -20.9284217 ], [ -47.4377943, -20.9302214 ], [ -47.4377645, -20.9313644 ], [ -47.437599, -20.9320026 ], [ -47.4383718, -20.9359787 ], [ -47.4390456, -20.9377553 ], [ -47.4391259, -20.938295 ], [ -47.4394056, -20.9390508 ], [ -47.4396166, -20.9394133 ], [ -47.4397967, -20.9397228 ], [ -47.439984, -20.9403887 ], [ -47.4400828, -20.941827 ], [ -47.4401681, -20.9453095 ], [ -47.4401011, -20.9493461 ], [ -47.4395433, -20.9602631 ], [ -47.4395321, -20.9604532 ], [ -47.4651411, -20.9861934 ], [ -47.4711526, -20.9845927 ], [ -47.4724766, -20.9846019 ], [ -47.4728206, -20.9847748 ], [ -47.4732, -20.9849656 ], [ -47.4741372, -20.9854346 ], [ -47.4759474, -20.9866999 ], [ -47.4762968, -20.9870305 ], [ -47.4764577, -20.9874681 ], [ -47.4764734, -20.9882552 ], [ -47.4765788, -20.988599 ], [ -47.4769872, -20.9891871 ], [ -47.478016, -20.9899867 ], [ -47.4789598, -20.9910132 ], [ -47.479569, -20.9913896 ], [ -47.4797831, -20.9918212 ], [ -47.4803369, -20.9924337 ], [ -47.4830138, -20.993633 ], [ -47.4834935, -20.993848 ], [ -47.4841672, -20.9941498 ], [ -47.4851253, -20.9943841 ], [ -47.4867373, -20.9957407 ], [ -47.4869176, -20.9959327 ], [ -47.4871615, -20.9964543 ], [ -47.4882515, -20.9974621 ], [ -47.4883318, -20.997742 ], [ -47.4884861, -21.0001162 ], [ -47.4887416, -21.004046 ], [ -47.4890862, -21.0051737 ], [ -47.4891691, -21.0076667 ], [ -47.4894364, -21.0084913 ], [ -47.4897989, -21.0090543 ], [ -47.4908906, -21.0102239 ], [ -47.491128, -21.0109972 ], [ -47.4911865, -21.0111879 ], [ -47.4909823, -21.0121186 ], [ -47.4906645, -21.0126314 ], [ -47.4901675, -21.0131653 ], [ -47.4887085, -21.0139295 ], [ -47.486866, -21.0145659 ], [ -47.4846982, -21.0150919 ], [ -47.483646, -21.0155533 ], [ -47.4834767, -21.0159693 ], [ -47.4836595, -21.0163251 ], [ -47.4843693, -21.0165615 ], [ -47.4910189, -21.0166053 ], [ -47.4913052, -21.0167277 ], [ -47.4929447, -21.0180988 ], [ -47.4934824, -21.0183961 ], [ -47.4938636, -21.018487 ], [ -47.4953236, -21.0182765 ], [ -47.4967121, -21.0178277 ], [ -47.4972704, -21.0177627 ], [ -47.4980209, -21.0177517 ], [ -47.4992462, -21.0180652 ], [ -47.5001076, -21.0186472 ], [ -47.5008116, -21.0193265 ], [ -47.5020667, -21.021039 ], [ -47.5029046, -21.0225126 ], [ -47.5032796, -21.023432 ], [ -47.5035313, -21.0237095 ], [ -47.5038541, -21.0240354 ], [ -47.5047878, -21.0246372 ], [ -47.5053538, -21.024905 ], [ -47.5059493, -21.025049 ], [ -47.5071497, -21.0250514 ], [ -47.5077896, -21.024904 ], [ -47.5082201, -21.0247029 ], [ -47.509143, -21.0240691 ], [ -47.5105813, -21.0222765 ], [ -47.5111496, -21.0220266 ], [ -47.5126587, -21.0216173 ], [ -47.5149093, -21.0203822 ], [ -47.5172471, -21.019865 ], [ -47.5178146, -21.0198982 ], [ -47.5182134, -21.0199826 ], [ -47.5187936, -21.0203893 ], [ -47.5190719, -21.0207432 ], [ -47.5197338, -21.0212429 ], [ -47.5201876, -21.021368 ], [ -47.5207156, -21.0212918 ], [ -47.5253695, -21.0198914 ], [ -47.5261914, -21.0197428 ], [ -47.5272806, -21.0198002 ], [ -47.5276533, -21.0200642 ], [ -47.5279535, -21.0206248 ], [ -47.5281316, -21.022557 ], [ -47.5285666, -21.0239596 ], [ -47.5297676, -21.0254613 ], [ -47.5376292, -21.0319397 ], [ -47.5406385, -21.0345534 ], [ -47.5408138, -21.0344835 ], [ -47.5414948, -21.0342118 ], [ -47.5447851, -21.034426 ], [ -47.5473489, -21.0342739 ], [ -47.5476265, -21.0343563 ], [ -47.5479708, -21.0346102 ], [ -47.5493005, -21.0358569 ], [ -47.5511494, -21.0371438 ], [ -47.5518351, -21.0375392 ], [ -47.5529424, -21.0379414 ], [ -47.5537313, -21.0380881 ], [ -47.5571354, -21.0382345 ], [ -47.5572912, -21.0382365 ], [ -47.5719239, -21.0384301 ], [ -47.5721401, -21.0380822 ], [ -47.5720521, -21.0374892 ], [ -47.5724498, -21.0371518 ], [ -47.5724707, -21.0370474 ], [ -47.5722419, -21.0367043 ], [ -47.572245, -21.0365633 ], [ -47.5726847, -21.0362131 ], [ -47.5727212, -21.035925 ], [ -47.5724719, -21.0356324 ], [ -47.5722456, -21.0350746 ], [ -47.5720933, -21.0349664 ], [ -47.5716143, -21.0349565 ], [ -47.5714277, -21.0342815 ], [ -47.570695, -21.0335654 ], [ -47.5704217, -21.0331164 ], [ -47.5704251, -21.0326356 ], [ -47.5707702, -21.0318431 ], [ -47.5707587, -21.031528 ], [ -47.5706229, -21.0312622 ], [ -47.5702357, -21.030817 ], [ -47.5688862, -21.0301846 ], [ -47.5688464, -21.0294109 ], [ -47.5687209, -21.029283 ], [ -47.5681298, -21.0291942 ], [ -47.567945, -21.0290363 ], [ -47.5676813, -21.0283395 ], [ -47.5676726, -21.0280722 ], [ -47.5678286, -21.0276708 ], [ -47.5678238, -21.0270441 ], [ -47.5669678, -21.0251915 ], [ -47.5669494, -21.0248815 ], [ -47.5672045, -21.0244569 ], [ -47.5679109, -21.0240619 ], [ -47.5683123, -21.0235933 ], [ -47.5691371, -21.0235111 ], [ -47.5696242, -21.0229757 ], [ -47.5698233, -21.0223979 ], [ -47.5697818, -21.0203422 ], [ -47.5704661, -21.0192739 ], [ -47.5707591, -21.0186179 ], [ -47.570711, -21.0178115 ], [ -47.570786, -21.0171886 ], [ -47.5710989, -21.0159796 ], [ -47.5709461, -21.0146766 ], [ -47.5709769, -21.0145973 ], [ -47.5710078, -21.014518 ], [ -47.5714655, -21.014128 ], [ -47.5717545, -21.013631 ], [ -47.5719145, -21.0120152 ], [ -47.5728086, -21.0110797 ], [ -47.5735935, -21.009438 ], [ -47.5754633, -21.0085796 ], [ -47.575947, -21.0081879 ], [ -47.576008, -21.0071051 ], [ -47.5762034, -21.0066342 ], [ -47.5774968, -21.0055689 ], [ -47.5784545, -21.0049216 ], [ -47.5844807, -20.9980295 ], [ -47.586572, -20.9963998 ], [ -47.5923094, -20.9929073 ], [ -47.594123, -20.9920699 ], [ -47.5959994, -20.9914758 ], [ -47.6003033, -20.9907467 ], [ -47.6015788, -20.9903836 ], [ -47.6031705, -20.9893552 ], [ -47.6045916, -20.9881195 ], [ -47.6048979, -20.9878546 ], [ -47.6060206, -20.9864482 ], [ -47.6069145, -20.9851025 ], [ -47.6084744, -20.9814793 ], [ -47.6094154, -20.9796166 ], [ -47.6112789, -20.973206 ], [ -47.6119725, -20.9701455 ], [ -47.6121915, -20.9685093 ], [ -47.6121522, -20.9678066 ], [ -47.6119135, -20.9667908 ], [ -47.6111891, -20.9650017 ], [ -47.611085, -20.9643299 ], [ -47.6113013, -20.963207 ], [ -47.6117304, -20.9623293 ], [ -47.612129, -20.9619405 ], [ -47.612989, -20.9617676 ], [ -47.61483, -20.9616528 ], [ -47.6180546, -20.9618377 ], [ -47.6222449, -20.9622158 ], [ -47.6231419, -20.962642 ], [ -47.6237799, -20.9631629 ], [ -47.6252277, -20.9640125 ], [ -47.6277106, -20.964736 ], [ -47.6288068, -20.9645969 ], [ -47.6296, -20.9642749 ], [ -47.6325533, -20.9626252 ], [ -47.6333618, -20.9624638 ], [ -47.6375631, -20.962289 ], [ -47.6391383, -20.9626541 ], [ -47.6405364, -20.9632313 ], [ -47.6416673, -20.9636982 ], [ -47.6424011, -20.9636072 ], [ -47.6430227, -20.9635301 ], [ -47.6436969, -20.9631757 ], [ -47.6445346, -20.9602614 ], [ -47.6452484, -20.9592216 ], [ -47.6460731, -20.9585185 ], [ -47.6474329, -20.9577229 ], [ -47.6496844, -20.9560729 ], [ -47.6503309, -20.955717 ] ] ] ] } },
{ "type": "Feature", "properties": { "CD_MUN": "3533601", "NM_MUN": "Nuporanga", "CD_RGI": "350034", "NM_RGI": "São Joaquim da Barra - Orlândia", "CD_RGINT": "3508", "NM_RGINT": "Ribeirão Preto", "CD_UF": "35", "NM_UF": "São Paulo", "SIGLA_UF": "SP", "CD_REGIA": "3", "NM_REGIA": "Sudeste", "SIGLA_RG": "SE", "CD_CONCU": null, "NM_CONCU": null, "AREA_KM2": 348.265 }, "geometry": { "type": "MultiPolygon", "coordinates": [ [ [ [ -47.7129564, -20.8139301 ], [ -47.7135071, -20.8141642 ], [ -47.7148324, -20.8143825 ], [ -47.7181563, -20.8153417 ], [ -47.7186147, -20.8148594 ], [ -47.7193001, -20.8146749 ], [ -47.7196544, -20.8142949 ], [ -47.7204491, -20.8137241 ], [ -47.7208784, -20.813318 ], [ -47.721374, -20.8122652 ], [ -47.7220974, -20.8117215 ], [ -47.7228967, -20.8113424 ], [ -47.7262376, -20.8102484 ], [ -47.7329639, -20.8076103 ], [ -47.7367746, -20.8059163 ], [ -47.7392445, -20.8044235 ], [ -47.7398159, -20.8041817 ], [ -47.7407667, -20.8035553 ], [ -47.7413721, -20.8032796 ], [ -47.7418673, -20.8026502 ], [ -47.7419157, -20.8022015 ], [ -47.7418308, -20.8017461 ], [ -47.7420946, -20.8012485 ], [ -47.7424115, -20.7995597 ], [ -47.7435983, -20.7983619 ], [ -47.7444092, -20.7967682 ], [ -47.7462448, -20.7948269 ], [ -47.7467639, -20.7944528 ], [ -47.7482027, -20.7940392 ], [ -47.7485676, -20.7938393 ], [ -47.7490328, -20.7932825 ], [ -47.7494412, -20.7922156 ], [ -47.7498009, -20.791699 ], [ -47.7506734, -20.7907756 ], [ -47.7530176, -20.788849 ], [ -47.7552417, -20.7867094 ], [ -47.7566423, -20.7863312 ], [ -47.758831, -20.7862836 ], [ -47.7595095, -20.7861454 ], [ -47.7605042, -20.785846 ], [ -47.7627672, -20.7847859 ], [ -47.764619, -20.7843753 ], [ -47.7652043, -20.7839568 ], [ -47.7658588, -20.7836549 ], [ -47.7665965, -20.7830836 ], [ -47.7684727, -20.7821946 ], [ -47.768854, -20.7819458 ], [ -47.7692429, -20.7814167 ], [ -47.7696114, -20.7812205 ], [ -47.7705803, -20.7812429 ], [ -47.7716083, -20.7811595 ], [ -47.7718788, -20.781056 ], [ -47.7731739, -20.7810443 ], [ -47.7742169, -20.7808076 ], [ -47.7755735, -20.7809591 ], [ -47.7768586, -20.7807024 ], [ -47.7772952, -20.7806948 ], [ -47.7776809, -20.7805963 ], [ -47.7784542, -20.7801854 ], [ -47.779587, -20.7800293 ], [ -47.7804617, -20.7795132 ], [ -47.7813885, -20.779204 ], [ -47.7824289, -20.7783018 ], [ -47.7830899, -20.7771853 ], [ -47.7848235, -20.7726518 ], [ -47.7850667, -20.7714115 ], [ -47.785382, -20.7687871 ], [ -47.7854045, -20.7676081 ], [ -47.785813, -20.7651931 ], [ -47.7857949, -20.7646286 ], [ -47.7856151, -20.7637885 ], [ -47.7857095, -20.7635959 ], [ -47.7861405, -20.763231 ], [ -47.7866201, -20.7624821 ], [ -47.7866803, -20.7614826 ], [ -47.7871932, -20.7604129 ], [ -47.7877641, -20.7586305 ], [ -47.7879334, -20.7573363 ], [ -47.7879248, -20.7563045 ], [ -47.7876926, -20.7546802 ], [ -47.7877105, -20.7526018 ], [ -47.7872703, -20.7513387 ], [ -47.7872228, -20.7508101 ], [ -47.787303, -20.7505423 ], [ -47.7879561, -20.7498239 ], [ -47.7883025, -20.7496718 ], [ -47.7918004, -20.7492463 ], [ -47.7924696, -20.7491651 ], [ -47.7929081, -20.7487366 ], [ -47.7933993, -20.7484746 ], [ -47.7943269, -20.7487238 ], [ -47.7946971, -20.7487425 ], [ -47.7954086, -20.7482393 ], [ -47.7961146, -20.7480821 ], [ -47.7967271, -20.7481176 ], [ -47.797215, -20.7482664 ], [ -47.7987436, -20.7489993 ], [ -47.7993949, -20.7494732 ], [ -47.8006655, -20.7499828 ], [ -47.8010925, -20.7499748 ], [ -47.8015432, -20.7496223 ], [ -47.8014896, -20.7493586 ], [ -47.7999986, -20.7480821 ], [ -47.7998349, -20.7475979 ], [ -47.7999072, -20.7473091 ], [ -47.8003004, -20.7468583 ], [ -47.8009756, -20.7466091 ], [ -47.8026196, -20.7465638 ], [ -47.8029726, -20.7463678 ], [ -47.8031321, -20.7460633 ], [ -47.8030507, -20.744903 ], [ -47.8031261, -20.7447277 ], [ -47.8035194, -20.7444855 ], [ -47.8044626, -20.7444969 ], [ -47.8047395, -20.7443269 ], [ -47.8057594, -20.7431882 ], [ -47.8060291, -20.7430557 ], [ -47.8063115, -20.7431054 ], [ -47.806417, -20.7435795 ], [ -47.8069255, -20.7448226 ], [ -47.8072583, -20.744955 ], [ -47.8074267, -20.744854 ], [ -47.8076704, -20.7444176 ], [ -47.8085459, -20.7439913 ], [ -47.8086772, -20.7431758 ], [ -47.8091797, -20.7425185 ], [ -47.8093333, -20.7408495 ], [ -47.8095513, -20.7404059 ], [ -47.8097019, -20.7402953 ], [ -47.8100603, -20.7402713 ], [ -47.8105296, -20.7404724 ], [ -47.8106745, -20.7404084 ], [ -47.8114814, -20.740413 ], [ -47.8125968, -20.7406301 ], [ -47.8128023, -20.7402076 ], [ -47.8130062, -20.7402032 ], [ -47.8130721, -20.7406148 ], [ -47.8132077, -20.7406583 ], [ -47.8133824, -20.7405908 ], [ -47.8134361, -20.7402888 ], [ -47.8136658, -20.7401207 ], [ -47.8148982, -20.7402008 ], [ -47.8150445, -20.7401242 ], [ -47.8150288, -20.7396857 ], [ -47.8152677, -20.7396466 ], [ -47.8159526, -20.7398636 ], [ -47.81655, -20.739634 ], [ -47.8172678, -20.739586 ], [ -47.8185419, -20.73994 ], [ -47.8186635, -20.7401395 ], [ -47.8181147, -20.7405677 ], [ -47.8181474, -20.7406615 ], [ -47.8186065, -20.7408074 ], [ -47.8186974, -20.7409348 ], [ -47.8188275, -20.7416076 ], [ -47.8189854, -20.7418606 ], [ -47.8189767, -20.7423558 ], [ -47.8191579, -20.7427651 ], [ -47.8192252, -20.7432837 ], [ -47.8193448, -20.7433914 ], [ -47.8207008, -20.7438338 ], [ -47.8210735, -20.7440477 ], [ -47.8216178, -20.744604 ], [ -47.8218916, -20.7447001 ], [ -47.8220458, -20.7446418 ], [ -47.8224992, -20.7440321 ], [ -47.8226959, -20.7440383 ], [ -47.8230503, -20.7442793 ], [ -47.823478, -20.7444178 ], [ -47.8241584, -20.7444161 ], [ -47.8246951, -20.7447078 ], [ -47.8247541, -20.7441793 ], [ -47.8250686, -20.7434414 ], [ -47.825113, -20.7430842 ], [ -47.8249622, -20.7412901 ], [ -47.8223841, -20.7351592 ], [ -47.8218413, -20.7325858 ], [ -47.8218053, -20.7300737 ], [ -47.8217197, -20.7285904 ], [ -47.8215827, -20.7280621 ], [ -47.821016, -20.7269016 ], [ -47.8200395, -20.7253766 ], [ -47.8181088, -20.723928 ], [ -47.8170625, -20.7227027 ], [ -47.8164418, -20.7219763 ], [ -47.8149937, -20.7202816 ], [ -47.8120482, -20.7174028 ], [ -47.8106173, -20.7156448 ], [ -47.8093909, -20.7132088 ], [ -47.8079532, -20.709358 ], [ -47.8078897, -20.7079699 ], [ -47.8081181, -20.7072443 ], [ -47.8086402, -20.7064797 ], [ -47.810494, -20.7052133 ], [ -47.8112364, -20.704935 ], [ -47.8140979, -20.7042325 ], [ -47.8153525, -20.7035237 ], [ -47.8187862, -20.7000673 ], [ -47.8209839, -20.6981116 ], [ -47.8229656, -20.6970006 ], [ -47.8239434, -20.6962711 ], [ -47.8250928, -20.6962573 ], [ -47.8255665, -20.6961114 ], [ -47.825829, -20.6955857 ], [ -47.8259717, -20.6948857 ], [ -47.8261677, -20.6944835 ], [ -47.828151, -20.6921486 ], [ -47.8281998, -20.6911594 ], [ -47.8284395, -20.6904611 ], [ -47.8298951, -20.6887233 ], [ -47.8302769, -20.6880481 ], [ -47.8313943, -20.6853189 ], [ -47.8316721, -20.6838684 ], [ -47.8316434, -20.6835112 ], [ -47.8303872, -20.6818729 ], [ -47.8302074, -20.6815005 ], [ -47.8302318, -20.6806866 ], [ -47.8301487, -20.6804139 ], [ -47.8295426, -20.6797286 ], [ -47.8289015, -20.678721 ], [ -47.8281284, -20.6778922 ], [ -47.8273936, -20.6775845 ], [ -47.8270267, -20.6776083 ], [ -47.8256941, -20.6781148 ], [ -47.8249645, -20.6781535 ], [ -47.8246436, -20.6780144 ], [ -47.8244648, -20.6778057 ], [ -47.8245077, -20.6766309 ], [ -47.8242876, -20.6763515 ], [ -47.8239266, -20.6762289 ], [ -47.8236878, -20.6759128 ], [ -47.8236044, -20.6746329 ], [ -47.8231103, -20.6736251 ], [ -47.8230266, -20.6721608 ], [ -47.8227669, -20.6718629 ], [ -47.8217285, -20.6713951 ], [ -47.8214312, -20.6711003 ], [ -47.8207027, -20.6700492 ], [ -47.8204772, -20.6699242 ], [ -47.8193477, -20.6697859 ], [ -47.8191515, -20.6696971 ], [ -47.8187203, -20.6689623 ], [ -47.8151863, -20.6667822 ], [ -47.8137657, -20.6656272 ], [ -47.8129302, -20.6656028 ], [ -47.8126918, -20.6653263 ], [ -47.8126177, -20.6649513 ], [ -47.8123954, -20.6645369 ], [ -47.8114391, -20.6637743 ], [ -47.810867, -20.6627764 ], [ -47.8089222, -20.6613589 ], [ -47.8080739, -20.6595966 ], [ -47.8077636, -20.6591728 ], [ -47.8068941, -20.6583324 ], [ -47.8064935, -20.657605 ], [ -47.8055752, -20.656359 ], [ -47.8047473, -20.6548493 ], [ -47.8042396, -20.6542997 ], [ -47.8042054, -20.6528731 ], [ -47.8040622, -20.6524282 ], [ -47.8036205, -20.6517182 ], [ -47.8032194, -20.651569 ], [ -47.8029696, -20.6511248 ], [ -47.8034523, -20.6504479 ], [ -47.8035048, -20.6502204 ], [ -47.8032566, -20.6489553 ], [ -47.8037435, -20.6472092 ], [ -47.8035863, -20.6466353 ], [ -47.8026558, -20.6457135 ], [ -47.8010054, -20.6447148 ], [ -47.8006171, -20.6441803 ], [ -47.8004837, -20.6432583 ], [ -47.8005792, -20.6425405 ], [ -47.8007906, -20.641923 ], [ -47.8010263, -20.6415808 ], [ -47.8016872, -20.6411035 ], [ -47.801914, -20.6408157 ], [ -47.8020514, -20.6403647 ], [ -47.8022396, -20.6389002 ], [ -47.8024165, -20.6384929 ], [ -47.8032366, -20.6376166 ], [ -47.8045471, -20.6366059 ], [ -47.8046852, -20.6355245 ], [ -47.8049809, -20.6347212 ], [ -47.8055162, -20.6342844 ], [ -47.8062909, -20.6339092 ], [ -47.8065294, -20.6336408 ], [ -47.8068168, -20.6329487 ], [ -47.8067529, -20.6320624 ], [ -47.8061155, -20.6301206 ], [ -47.8059904, -20.6291342 ], [ -47.805925, -20.6271993 ], [ -47.8060342, -20.6262365 ], [ -47.8068791, -20.6225473 ], [ -47.8069698, -20.6216377 ], [ -47.8069677, -20.6204111 ], [ -47.8068111, -20.6193506 ], [ -47.8066795, -20.6164881 ], [ -47.8065879, -20.6129983 ], [ -47.8062686, -20.6127972 ], [ -47.8061531, -20.6127546 ], [ -47.8044961, -20.6121432 ], [ -47.8022968, -20.611027 ], [ -47.8018344, -20.6106876 ], [ -47.8014786, -20.6102999 ], [ -47.8007565, -20.6090503 ], [ -47.7998459, -20.6077381 ], [ -47.7995428, -20.6070933 ], [ -47.7991407, -20.605695 ], [ -47.7981949, -20.6042099 ], [ -47.7970026, -20.6033598 ], [ -47.7946196, -20.6020202 ], [ -47.7933716, -20.6007446 ], [ -47.792527, -20.6001011 ], [ -47.7903232, -20.5992922 ], [ -47.7883585, -20.5993056 ], [ -47.7880922, -20.5991747 ], [ -47.7878658, -20.5988401 ], [ -47.787648, -20.5977263 ], [ -47.7870398, -20.5956642 ], [ -47.7871301, -20.5953068 ], [ -47.7874885, -20.5946865 ], [ -47.7875559, -20.5941377 ], [ -47.7874519, -20.5916197 ], [ -47.7869489, -20.5907214 ], [ -47.7869517, -20.5902997 ], [ -47.7870991, -20.589885 ], [ -47.7873182, -20.5895718 ], [ -47.7877561, -20.5895443 ], [ -47.7879892, -20.5896893 ], [ -47.7880957, -20.589998 ], [ -47.7883673, -20.5901408 ], [ -47.7885496, -20.5900727 ], [ -47.7887016, -20.5898515 ], [ -47.7893197, -20.5885553 ], [ -47.7896074, -20.5883956 ], [ -47.7898978, -20.5883358 ], [ -47.791366, -20.5883946 ], [ -47.7920285, -20.5881305 ], [ -47.7922089, -20.5879193 ], [ -47.792327, -20.5870449 ], [ -47.7926506, -20.5864738 ], [ -47.7927529, -20.585776 ], [ -47.7926446, -20.5846598 ], [ -47.7924795, -20.5840928 ], [ -47.7918824, -20.5832675 ], [ -47.7914069, -20.5821642 ], [ -47.7912732, -20.5820309 ], [ -47.7909856, -20.5820206 ], [ -47.7906856, -20.5823642 ], [ -47.79043, -20.5824189 ], [ -47.7902063, -20.5820189 ], [ -47.7901424, -20.5814635 ], [ -47.7899269, -20.5810278 ], [ -47.7897374, -20.5809662 ], [ -47.7883406, -20.581044 ], [ -47.7882684, -20.5818049 ], [ -47.7880232, -20.5821936 ], [ -47.7874079, -20.5826419 ], [ -47.7844793, -20.584342 ], [ -47.7839906, -20.5842049 ], [ -47.7836898, -20.5842364 ], [ -47.7831699, -20.5841342 ], [ -47.7820986, -20.5838037 ], [ -47.7804047, -20.582807 ], [ -47.7793119, -20.5819451 ], [ -47.7778055, -20.5797133 ], [ -47.7772239, -20.5792644 ], [ -47.7765784, -20.5790642 ], [ -47.7756365, -20.57907 ], [ -47.774698, -20.5792307 ], [ -47.771985, -20.5803736 ], [ -47.7690143, -20.5815009 ], [ -47.767769, -20.5822152 ], [ -47.7671575, -20.5827832 ], [ -47.76513, -20.5851177 ], [ -47.7631361, -20.5886529 ], [ -47.7630845, -20.5889532 ], [ -47.763166, -20.5892834 ], [ -47.7634963, -20.5897521 ], [ -47.7665759, -20.591866 ], [ -47.7669528, -20.5923444 ], [ -47.7673124, -20.5934121 ], [ -47.7673234, -20.5939421 ], [ -47.7671667, -20.5949607 ], [ -47.7669658, -20.5957898 ], [ -47.7666698, -20.5964814 ], [ -47.7661571, -20.5972112 ], [ -47.7655828, -20.5977346 ], [ -47.7648789, -20.5979764 ], [ -47.7634313, -20.5979982 ], [ -47.7573404, -20.5977382 ], [ -47.7544788, -20.5972892 ], [ -47.7532246, -20.5972081 ], [ -47.7520878, -20.5970243 ], [ -47.750165, -20.5962034 ], [ -47.7495668, -20.5957368 ], [ -47.748749, -20.5946337 ], [ -47.7485313, -20.5944632 ], [ -47.7481696, -20.5943881 ], [ -47.7448216, -20.5948494 ], [ -47.7437048, -20.5949046 ], [ -47.7434256, -20.5950653 ], [ -47.7430274, -20.5954835 ], [ -47.7428431, -20.5973337 ], [ -47.7421468, -20.5986538 ], [ -47.7418302, -20.5994921 ], [ -47.7416952, -20.6008199 ], [ -47.7415259, -20.6014144 ], [ -47.7405658, -20.6027745 ], [ -47.7405662, -20.6034911 ], [ -47.7404304, -20.6038756 ], [ -47.7390442, -20.6052553 ], [ -47.7384097, -20.6056515 ], [ -47.7348434, -20.6067926 ], [ -47.7341894, -20.6067051 ], [ -47.733309, -20.606168 ], [ -47.7323871, -20.6059397 ], [ -47.7295622, -20.6062568 ], [ -47.7285176, -20.606585 ], [ -47.7280554, -20.6069001 ], [ -47.7277908, -20.607217 ], [ -47.7276733, -20.6076012 ], [ -47.7276223, -20.6085398 ], [ -47.7279749, -20.6098186 ], [ -47.7279012, -20.6101864 ], [ -47.727646, -20.6104622 ], [ -47.7269335, -20.6108627 ], [ -47.7263204, -20.6109691 ], [ -47.7255574, -20.6109632 ], [ -47.7250819, -20.6108776 ], [ -47.7243876, -20.610554 ], [ -47.7235808, -20.6105159 ], [ -47.7227265, -20.6108636 ], [ -47.7216987, -20.6114819 ], [ -47.721026, -20.6120825 ], [ -47.7205105, -20.612874 ], [ -47.7201728, -20.613707 ], [ -47.720014, -20.6144161 ], [ -47.7200502, -20.6156834 ], [ -47.7202908, -20.6164384 ], [ -47.7202528, -20.616687 ], [ -47.7199864, -20.6169993 ], [ -47.719529, -20.6172902 ], [ -47.7181222, -20.6179254 ], [ -47.717706, -20.6181936 ], [ -47.7174578, -20.618484 ], [ -47.716078, -20.6219849 ], [ -47.7141376, -20.6263645 ], [ -47.7137535, -20.626784 ], [ -47.7130763, -20.627209 ], [ -47.7121304, -20.6275156 ], [ -47.7105791, -20.6275538 ], [ -47.710158, -20.627427 ], [ -47.7097525, -20.6271093 ], [ -47.7090187, -20.6258581 ], [ -47.7087664, -20.6256188 ], [ -47.7080987, -20.6254669 ], [ -47.7061914, -20.625708 ], [ -47.7018555, -20.6267753 ], [ -47.6992438, -20.6269377 ], [ -47.6968193, -20.6279377 ], [ -47.6962064, -20.6280628 ], [ -47.6943006, -20.6281042 ], [ -47.6932027, -20.6283467 ], [ -47.6921658, -20.6284151 ], [ -47.6919193, -20.6284763 ], [ -47.6914997, -20.6288252 ], [ -47.6913239, -20.6288736 ], [ -47.6855069, -20.6287619 ], [ -47.684489, -20.6288822 ], [ -47.6837928, -20.6292067 ], [ -47.6833099, -20.6296701 ], [ -47.6830483, -20.6301893 ], [ -47.6830443, -20.6307268 ], [ -47.6831708, -20.6312196 ], [ -47.6839097, -20.6319954 ], [ -47.6844429, -20.632219 ], [ -47.6876555, -20.6329679 ], [ -47.68846, -20.6332273 ], [ -47.6888109, -20.633517 ], [ -47.6889879, -20.6338121 ], [ -47.6890317, -20.6345392 ], [ -47.6887418, -20.6356274 ], [ -47.6884262, -20.6361527 ], [ -47.6877059, -20.6368989 ], [ -47.6838954, -20.6389684 ], [ -47.6835615, -20.6394481 ], [ -47.6830241, -20.6410838 ], [ -47.6828077, -20.6413708 ], [ -47.6826438, -20.6415006 ], [ -47.6817505, -20.6417864 ], [ -47.6810196, -20.6421823 ], [ -47.6804672, -20.6429067 ], [ -47.680048, -20.6432663 ], [ -47.6789892, -20.6432556 ], [ -47.6777815, -20.6434813 ], [ -47.6746571, -20.6435185 ], [ -47.6742057, -20.6432872 ], [ -47.6735992, -20.6427004 ], [ -47.6733381, -20.6423519 ], [ -47.6724855, -20.6396649 ], [ -47.6721288, -20.638983 ], [ -47.6717462, -20.6385312 ], [ -47.6712175, -20.6381981 ], [ -47.6702449, -20.637848 ], [ -47.6698326, -20.6378086 ], [ -47.6638295, -20.6389777 ], [ -47.6622246, -20.6400933 ], [ -47.6616249, -20.6402216 ], [ -47.6604514, -20.6402695 ], [ -47.6600651, -20.6403912 ], [ -47.658474, -20.6412896 ], [ -47.656508, -20.6416907 ], [ -47.6548586, -20.6428342 ], [ -47.6545412, -20.6432614 ], [ -47.6543504, -20.6439242 ], [ -47.6541116, -20.6461739 ], [ -47.6538681, -20.646602 ], [ -47.6527699, -20.6475607 ], [ -47.6521779, -20.6489326 ], [ -47.652053, -20.6495331 ], [ -47.6520921, -20.6499993 ], [ -47.6523325, -20.6503839 ], [ -47.652947, -20.6506869 ], [ -47.6542855, -20.6509445 ], [ -47.6551033, -20.6509546 ], [ -47.656278, -20.6507881 ], [ -47.6582185, -20.6501955 ], [ -47.6605101, -20.6504205 ], [ -47.6613529, -20.6502903 ], [ -47.6642278, -20.6490297 ], [ -47.6650049, -20.6487694 ], [ -47.6655068, -20.6487095 ], [ -47.6676323, -20.6488861 ], [ -47.6693156, -20.6486346 ], [ -47.6698627, -20.6486654 ], [ -47.6703025, -20.6488963 ], [ -47.6707322, -20.6495099 ], [ -47.6708693, -20.6500004 ], [ -47.6708587, -20.650463 ], [ -47.6706125, -20.6511428 ], [ -47.6701197, -20.6519555 ], [ -47.669444, -20.6526385 ], [ -47.6688947, -20.6530068 ], [ -47.6678064, -20.6533825 ], [ -47.6659393, -20.6536424 ], [ -47.6646006, -20.653732 ], [ -47.6640855, -20.6539029 ], [ -47.6637587, -20.6541409 ], [ -47.6630973, -20.6557504 ], [ -47.6628143, -20.6562507 ], [ -47.6621731, -20.6570032 ], [ -47.6619506, -20.6576658 ], [ -47.6618054, -20.6578304 ], [ -47.6609866, -20.6581906 ], [ -47.6602106, -20.6588366 ], [ -47.6592937, -20.6591069 ], [ -47.6583121, -20.6606534 ], [ -47.6577504, -20.6610429 ], [ -47.6559818, -20.661906 ], [ -47.6552994, -20.6623333 ], [ -47.6550218, -20.6626351 ], [ -47.6549284, -20.66294 ], [ -47.655071, -20.6632734 ], [ -47.6568196, -20.6655168 ], [ -47.6583809, -20.6669531 ], [ -47.6589254, -20.6670009 ], [ -47.6593458, -20.6671916 ], [ -47.6605724, -20.6681805 ], [ -47.6621799, -20.670032 ], [ -47.6622168, -20.6701826 ], [ -47.6618558, -20.6706181 ], [ -47.6615632, -20.6707944 ], [ -47.6609755, -20.6709077 ], [ -47.6588207, -20.6708954 ], [ -47.6545099, -20.6706963 ], [ -47.6540458, -20.6702621 ], [ -47.6539527, -20.6697768 ], [ -47.6539442, -20.6693369 ], [ -47.6542401, -20.6679541 ], [ -47.6539907, -20.6677382 ], [ -47.6536083, -20.6676739 ], [ -47.6518701, -20.6681748 ], [ -47.6503308, -20.6687901 ], [ -47.6471318, -20.6689201 ], [ -47.6428244, -20.670295 ], [ -47.6410578, -20.6706231 ], [ -47.6396469, -20.6707853 ], [ -47.6391568, -20.6709975 ], [ -47.6388207, -20.6714796 ], [ -47.6385599, -20.6721111 ], [ -47.6383876, -20.6728779 ], [ -47.6380568, -20.6736003 ], [ -47.6368696, -20.6754133 ], [ -47.6367246, -20.6777095 ], [ -47.6371464, -20.6793127 ], [ -47.6370781, -20.6795907 ], [ -47.6368732, -20.6798727 ], [ -47.6350591, -20.6809901 ], [ -47.6346965, -20.6814137 ], [ -47.6343436, -20.6822962 ], [ -47.6344243, -20.6834661 ], [ -47.6347657, -20.6839821 ], [ -47.6369965, -20.685579 ], [ -47.6372241, -20.6859245 ], [ -47.6372475, -20.6865835 ], [ -47.6369494, -20.6878285 ], [ -47.6372055, -20.6891469 ], [ -47.637228, -20.6897105 ], [ -47.6371263, -20.6902354 ], [ -47.6367565, -20.6909456 ], [ -47.636478, -20.6912869 ], [ -47.6360261, -20.6915265 ], [ -47.6347918, -20.691892 ], [ -47.6337141, -20.6923945 ], [ -47.6331152, -20.6924049 ], [ -47.6291169, -20.6918631 ], [ -47.6288675, -20.6916706 ], [ -47.6287014, -20.6913021 ], [ -47.628624, -20.6903535 ], [ -47.6287236, -20.6897863 ], [ -47.6291597, -20.6886417 ], [ -47.6292451, -20.6878653 ], [ -47.629116, -20.6875082 ], [ -47.6286991, -20.6868887 ], [ -47.6275415, -20.6854472 ], [ -47.6270552, -20.684354 ], [ -47.6266504, -20.6837233 ], [ -47.6262478, -20.6833588 ], [ -47.6254844, -20.6831023 ], [ -47.6233367, -20.6828704 ], [ -47.6212494, -20.6823459 ], [ -47.6200323, -20.6818435 ], [ -47.6193823, -20.6812864 ], [ -47.6186998, -20.6808657 ], [ -47.6182403, -20.6807355 ], [ -47.6175786, -20.6808037 ], [ -47.6169728, -20.6813226 ], [ -47.6168072, -20.6818119 ], [ -47.6167708, -20.6825648 ], [ -47.6169236, -20.6842327 ], [ -47.6170527, -20.6847041 ], [ -47.6179518, -20.6866935 ], [ -47.6182544, -20.6870831 ], [ -47.619636, -20.688105 ], [ -47.6201139, -20.6886413 ], [ -47.6202925, -20.6890336 ], [ -47.6202811, -20.6905399 ], [ -47.6201106, -20.6913059 ], [ -47.620194, -20.6919293 ], [ -47.6208046, -20.693081 ], [ -47.6213951, -20.6944828 ], [ -47.621644, -20.695373 ], [ -47.6220541, -20.6976869 ], [ -47.6220661, -20.6984066 ], [ -47.6217715, -20.6992462 ], [ -47.6211091, -20.7001037 ], [ -47.6202528, -20.7005253 ], [ -47.6183719, -20.7008893 ], [ -47.6159294, -20.701656 ], [ -47.6154252, -20.7016527 ], [ -47.6146558, -20.7013987 ], [ -47.6136861, -20.7009961 ], [ -47.6124934, -20.7002553 ], [ -47.6124333, -20.7012034 ], [ -47.6122075, -20.7020734 ], [ -47.613013, -20.7033411 ], [ -47.613458, -20.7044093 ], [ -47.6139063, -20.7045778 ], [ -47.6141874, -20.7045181 ], [ -47.6146677, -20.7042463 ], [ -47.615106, -20.7043308 ], [ -47.6154964, -20.7051462 ], [ -47.6157909, -20.7053153 ], [ -47.616444, -20.7054788 ], [ -47.616937, -20.706048 ], [ -47.6169234, -20.7063928 ], [ -47.6166341, -20.7064891 ], [ -47.6155651, -20.7063229 ], [ -47.6153525, -20.7063528 ], [ -47.61519, -20.7064915 ], [ -47.6152965, -20.7082099 ], [ -47.6154549, -20.7083722 ], [ -47.616207, -20.7086265 ], [ -47.6163326, -20.7092263 ], [ -47.6166869, -20.7095054 ], [ -47.6168911, -20.7098582 ], [ -47.6167753, -20.7104644 ], [ -47.6172106, -20.710965 ], [ -47.6175867, -20.7111254 ], [ -47.6179628, -20.7112858 ], [ -47.618213, -20.7112069 ], [ -47.6184151, -20.7109941 ], [ -47.6186124, -20.710186 ], [ -47.6187543, -20.7099854 ], [ -47.6198185, -20.709834 ], [ -47.6201488, -20.7093337 ], [ -47.6209092, -20.7090022 ], [ -47.6212731, -20.7087333 ], [ -47.6218164, -20.7085834 ], [ -47.6221594, -20.7082409 ], [ -47.6222851, -20.7082213 ], [ -47.6227075, -20.7084796 ], [ -47.6229575, -20.7084303 ], [ -47.6232511, -20.7080042 ], [ -47.6234258, -20.7080295 ], [ -47.6236716, -20.7082175 ], [ -47.6238359, -20.7082164 ], [ -47.6239849, -20.7079396 ], [ -47.6239275, -20.7069728 ], [ -47.624009, -20.7068625 ], [ -47.6243179, -20.7068946 ], [ -47.6246511, -20.7071289 ], [ -47.6249951, -20.7069204 ], [ -47.6250695, -20.7066822 ], [ -47.625357, -20.7065606 ], [ -47.6257953, -20.7066253 ], [ -47.6262743, -20.7063814 ], [ -47.6268115, -20.7064461 ], [ -47.6269911, -20.7062423 ], [ -47.6267663, -20.7047093 ], [ -47.6268106, -20.7044996 ], [ -47.6271646, -20.7041899 ], [ -47.6272182, -20.7033252 ], [ -47.6273026, -20.7031692 ], [ -47.6277842, -20.7029793 ], [ -47.6281072, -20.7026747 ], [ -47.6293263, -20.7030648 ], [ -47.6297412, -20.703526 ], [ -47.6300445, -20.7036927 ], [ -47.6304782, -20.7037032 ], [ -47.6308316, -20.7038448 ], [ -47.6311116, -20.7043154 ], [ -47.6313179, -20.7044129 ], [ -47.6319645, -20.7044808 ], [ -47.6322453, -20.7052067 ], [ -47.6323512, -20.7062553 ], [ -47.6326572, -20.7065399 ], [ -47.6329988, -20.7067116 ], [ -47.6329931, -20.7079916 ], [ -47.6330636, -20.7081902 ], [ -47.6332891, -20.7083792 ], [ -47.6336821, -20.7084458 ], [ -47.6340851, -20.7089398 ], [ -47.6349918, -20.7093103 ], [ -47.6355767, -20.709865 ], [ -47.6380281, -20.7110879 ], [ -47.6381983, -20.7114052 ], [ -47.6381519, -20.7119627 ], [ -47.6383216, -20.7123151 ], [ -47.638604, -20.7124298 ], [ -47.6391177, -20.7124604 ], [ -47.6396872, -20.7128553 ], [ -47.6401825, -20.7127737 ], [ -47.6406009, -20.7129698 ], [ -47.6409135, -20.7129363 ], [ -47.6410116, -20.7130263 ], [ -47.6410994, -20.7135905 ], [ -47.6415515, -20.7139227 ], [ -47.6416979, -20.7145322 ], [ -47.6423229, -20.7148177 ], [ -47.6425266, -20.7147946 ], [ -47.6427608, -20.7148922 ], [ -47.6431041, -20.7155711 ], [ -47.6435324, -20.7157828 ], [ -47.6436834, -20.7162379 ], [ -47.6440878, -20.7164227 ], [ -47.6441319, -20.7168163 ], [ -47.6444255, -20.7169394 ], [ -47.6445533, -20.7171464 ], [ -47.645952, -20.7175862 ], [ -47.6462384, -20.7178826 ], [ -47.6468369, -20.7181123 ], [ -47.6470148, -20.7183831 ], [ -47.6473781, -20.718588 ], [ -47.6476538, -20.7188858 ], [ -47.6478768, -20.7193651 ], [ -47.6481407, -20.7195339 ], [ -47.6491802, -20.719787 ], [ -47.6495266, -20.7201656 ], [ -47.6499606, -20.720195 ], [ -47.6501198, -20.7202944 ], [ -47.6502132, -20.7206574 ], [ -47.6508026, -20.7211043 ], [ -47.6508085, -20.7211542 ], [ -47.6508143, -20.7212041 ], [ -47.650826, -20.7213039 ], [ -47.6504455, -20.7217395 ], [ -47.6507427, -20.7220093 ], [ -47.650737, -20.7230619 ], [ -47.6510095, -20.7230944 ], [ -47.6510522, -20.7239348 ], [ -47.6511423, -20.7241233 ], [ -47.6514561, -20.7242921 ], [ -47.6517146, -20.7246819 ], [ -47.6521238, -20.7247752 ], [ -47.6522341, -20.7249653 ], [ -47.652103, -20.7253408 ], [ -47.6525003, -20.7258121 ], [ -47.6524182, -20.7260977 ], [ -47.6521101, -20.7262294 ], [ -47.6515299, -20.7262935 ], [ -47.6512363, -20.7266522 ], [ -47.6512037, -20.7269936 ], [ -47.651811, -20.7273827 ], [ -47.6518414, -20.7274836 ], [ -47.6516715, -20.727641 ], [ -47.6509547, -20.7276857 ], [ -47.6508801, -20.7279536 ], [ -47.651042, -20.7282634 ], [ -47.6517657, -20.7286712 ], [ -47.6517337, -20.728955 ], [ -47.6512178, -20.7289532 ], [ -47.6509334, -20.7287935 ], [ -47.6506448, -20.728915 ], [ -47.6506704, -20.7293358 ], [ -47.6511085, -20.7298662 ], [ -47.6511052, -20.730312 ], [ -47.65064, -20.7312327 ], [ -47.6505226, -20.7318343 ], [ -47.6499027, -20.7324337 ], [ -47.6496471, -20.7328028 ], [ -47.6495837, -20.7336052 ], [ -47.6491913, -20.7345078 ], [ -47.6492581, -20.7355739 ], [ -47.6492035, -20.7360281 ], [ -47.649149, -20.7364824 ], [ -47.6492053, -20.7375238 ], [ -47.6494901, -20.7388451 ], [ -47.6496331, -20.7402942 ], [ -47.6503621, -20.7421362 ], [ -47.6505745, -20.7430526 ], [ -47.6509277, -20.7445764 ], [ -47.6511656, -20.7465352 ], [ -47.6515681, -20.7484668 ], [ -47.6516215, -20.7509071 ], [ -47.6521393, -20.7538238 ], [ -47.6523508, -20.7542676 ], [ -47.6525624, -20.7547115 ], [ -47.6526286, -20.7552408 ], [ -47.6523133, -20.7567108 ], [ -47.6524843, -20.7587059 ], [ -47.6522867, -20.7590654 ], [ -47.6502052, -20.7656168 ], [ -47.6497944, -20.7687647 ], [ -47.6497113, -20.7707 ], [ -47.6504689, -20.7763282 ], [ -47.6511196, -20.7779983 ], [ -47.6520735, -20.7794081 ], [ -47.6534121, -20.7802638 ], [ -47.6569683, -20.7817782 ], [ -47.6602505, -20.7830434 ], [ -47.6608001, -20.7834367 ], [ -47.6610034, -20.7839072 ], [ -47.6606384, -20.7861037 ], [ -47.6598377, -20.7884641 ], [ -47.6582679, -20.7985021 ], [ -47.6583269, -20.7989979 ], [ -47.6588254, -20.7996492 ], [ -47.6602595, -20.8005929 ], [ -47.6615331, -20.8013041 ], [ -47.6632349, -20.8030858 ], [ -47.663472, -20.8044692 ], [ -47.663254, -20.805264 ], [ -47.6597336, -20.8106028 ], [ -47.6590301, -20.8124758 ], [ -47.6588212, -20.8140145 ], [ -47.659261, -20.8168197 ], [ -47.6592444, -20.8180634 ], [ -47.6593382, -20.8190118 ], [ -47.6600111, -20.8197684 ], [ -47.6611053, -20.820224 ], [ -47.6628951, -20.8203465 ], [ -47.665911, -20.8195691 ], [ -47.6683397, -20.8185777 ], [ -47.6696524, -20.8181566 ], [ -47.6756533, -20.8169663 ], [ -47.6772649, -20.8162935 ], [ -47.6778473, -20.8157467 ], [ -47.6777852, -20.8160123 ], [ -47.6778434, -20.8161844 ], [ -47.678043, -20.8164003 ], [ -47.6784456, -20.8166111 ], [ -47.6806514, -20.8172449 ], [ -47.6819378, -20.8173578 ], [ -47.6826882, -20.8175291 ], [ -47.6834596, -20.8178649 ], [ -47.6852977, -20.81904 ], [ -47.6866362, -20.8200691 ], [ -47.6884702, -20.821066 ], [ -47.6889717, -20.8211203 ], [ -47.6925467, -20.8205796 ], [ -47.6945578, -20.8197091 ], [ -47.6963635, -20.8191512 ], [ -47.6967956, -20.8188424 ], [ -47.6977299, -20.8179262 ], [ -47.6980325, -20.8177692 ], [ -47.6992982, -20.8174342 ], [ -47.7001719, -20.8170238 ], [ -47.7019838, -20.8167331 ], [ -47.702397, -20.8164596 ], [ -47.7027611, -20.8159595 ], [ -47.7053296, -20.8135447 ], [ -47.7058899, -20.8128333 ], [ -47.706533, -20.8117742 ], [ -47.706627, -20.8116185 ], [ -47.7067767, -20.8102635 ], [ -47.7069665, -20.8100232 ], [ -47.7071313, -20.8099654 ], [ -47.7075004, -20.8100148 ], [ -47.7083729, -20.8105304 ], [ -47.7092636, -20.8113029 ], [ -47.7104451, -20.8120878 ], [ -47.7122458, -20.8134942 ], [ -47.7129564, -20.8139301 ] ] ] ] } },
{ "type": "Feature", "properties": { "CD_MUN": "3517703", "NM_MUN": "Guará", "CD_RGI": "350035", "NM_RGI": "Ituverava", "CD_RGINT": "3508", "NM_RGINT": "Ribeirão Preto", "CD_UF": "35", "NM_UF": "São Paulo", "SIGLA_UF": "SP", "CD_REGIA": "3", "NM_REGIA": "Sudeste", "SIGLA_RG": "SE", "CD_CONCU": null, "NM_CONCU": null, "AREA_KM2": 362.183 }, "geometry": { "type": "MultiPolygon", "coordinates": [ [ [ [ -47.8649209, -20.4732313 ], [ -47.8649811, -20.4726353 ], [ -47.8651314, -20.4722098 ], [ -47.8655252, -20.4718603 ], [ -47.8666998, -20.4713404 ], [ -47.8683138, -20.4704069 ], [ -47.869174, -20.4697869 ], [ -47.869305, -20.4695315 ], [ -47.8692496, -20.4692841 ], [ -47.8689234, -20.4686845 ], [ -47.868987, -20.468318 ], [ -47.8693319, -20.4678687 ], [ -47.8696685, -20.4676791 ], [ -47.8716569, -20.4671686 ], [ -47.8738591, -20.4664944 ], [ -47.8752919, -20.4661344 ], [ -47.8766931, -20.4660532 ], [ -47.8774747, -20.4663998 ], [ -47.8780089, -20.4670323 ], [ -47.8783144, -20.4678817 ], [ -47.878732, -20.4691619 ], [ -47.8793018, -20.470116 ], [ -47.8800419, -20.4709945 ], [ -47.8804505, -20.4713299 ], [ -47.8810087, -20.4715491 ], [ -47.8818232, -20.4712906 ], [ -47.8827199, -20.4712061 ], [ -47.883842, -20.4715252 ], [ -47.8845202, -20.4720049 ], [ -47.8849543, -20.4722324 ], [ -47.8853884, -20.4724598 ], [ -47.886077, -20.4724143 ], [ -47.8867492, -20.4721712 ], [ -47.8882599, -20.4713692 ], [ -47.8906918, -20.4704823 ], [ -47.891772, -20.4700571 ], [ -47.8924552, -20.4693745 ], [ -47.8925494, -20.4684917 ], [ -47.8923689, -20.4671028 ], [ -47.8922823, -20.4663371 ], [ -47.892091, -20.4658636 ], [ -47.8916607, -20.4654933 ], [ -47.8909199, -20.4649242 ], [ -47.8883174, -20.4639239 ], [ -47.8868687, -20.4634378 ], [ -47.88584, -20.4630374 ], [ -47.8850548, -20.4627548 ], [ -47.884648, -20.4624543 ], [ -47.8844937, -20.4620974 ], [ -47.8843199, -20.4613582 ], [ -47.8842387, -20.4603043 ], [ -47.8838366, -20.4591978 ], [ -47.8830519, -20.458178 ], [ -47.8826196, -20.4577392 ], [ -47.8819411, -20.4571768 ], [ -47.8809672, -20.457077 ], [ -47.8799684, -20.4571212 ], [ -47.87868, -20.4567208 ], [ -47.8775108, -20.4558008 ], [ -47.8765049, -20.4546347 ], [ -47.8759986, -20.4538778 ], [ -47.875916, -20.4534037 ], [ -47.8760362, -20.4525901 ], [ -47.8764867, -20.4516781 ], [ -47.87735, -20.4504695 ], [ -47.8781218, -20.4496334 ], [ -47.8793277, -20.4489873 ], [ -47.879924, -20.448623 ], [ -47.8805008, -20.4479011 ], [ -47.8812001, -20.4471358 ], [ -47.8820965, -20.4462855 ], [ -47.8822318, -20.4457272 ], [ -47.8823148, -20.4449026 ], [ -47.8820722, -20.4437702 ], [ -47.8815652, -20.4427899 ], [ -47.8813483, -20.4418921 ], [ -47.8809063, -20.4403936 ], [ -47.8808343, -20.439396 ], [ -47.8809473, -20.4379172 ], [ -47.8806912, -20.4369981 ], [ -47.8806486, -20.4360364 ], [ -47.8809794, -20.4353004 ], [ -47.8816162, -20.4351507 ], [ -47.8823319, -20.4352664 ], [ -47.8831308, -20.4352299 ], [ -47.8836631, -20.4354067 ], [ -47.884371, -20.435766 ], [ -47.8854364, -20.4361657 ], [ -47.8860854, -20.4366652 ], [ -47.8869389, -20.4375787 ], [ -47.8878231, -20.4381553 ], [ -47.8883293, -20.4382513 ], [ -47.88878, -20.4380119 ], [ -47.8897666, -20.4374853 ], [ -47.8918321, -20.4367669 ], [ -47.8925205, -20.4367438 ], [ -47.8930047, -20.4369793 ], [ -47.8938648, -20.4375795 ], [ -47.8948627, -20.4383166 ], [ -47.8956895, -20.4384536 ], [ -47.89624, -20.4386184 ], [ -47.8967905, -20.4387831 ], [ -47.8974443, -20.4395375 ], [ -47.8979039, -20.4397734 ], [ -47.898477, -20.43987 ], [ -47.8992066, -20.4397053 ], [ -47.8999294, -20.4395425 ], [ -47.9006266, -20.4393337 ], [ -47.9012458, -20.4389168 ], [ -47.9013412, -20.4380811 ], [ -47.9012205, -20.4362394 ], [ -47.9015684, -20.4351089 ], [ -47.902025, -20.4345331 ], [ -47.9029727, -20.4339027 ], [ -47.903976, -20.4336193 ], [ -47.9051728, -20.433808 ], [ -47.9064304, -20.4339609 ], [ -47.9073999, -20.4338404 ], [ -47.9086121, -20.4335418 ], [ -47.910556, -20.4329064 ], [ -47.9117669, -20.4325382 ], [ -47.9128721, -20.4324386 ], [ -47.9137593, -20.4325165 ], [ -47.914985, -20.4329366 ], [ -47.9158049, -20.4333634 ], [ -47.9165556, -20.434035 ], [ -47.9173268, -20.4344859 ], [ -47.9180447, -20.4347173 ], [ -47.918745, -20.4347375 ], [ -47.9193565, -20.4344866 ], [ -47.9202826, -20.4340188 ], [ -47.9212914, -20.4333757 ], [ -47.9224726, -20.4327414 ], [ -47.9238433, -20.4323705 ], [ -47.924936, -20.4322593 ], [ -47.9276165, -20.4323245 ], [ -47.9289493, -20.4321306 ], [ -47.9294567, -20.4319398 ], [ -47.9296809, -20.4314374 ], [ -47.929658, -20.4308812 ], [ -47.929174, -20.4300081 ], [ -47.9289237, -20.4290939 ], [ -47.9289683, -20.427922 ], [ -47.9291093, -20.427238 ], [ -47.9293675, -20.4265843 ], [ -47.9297618, -20.4259747 ], [ -47.9304048, -20.4255001 ], [ -47.9310885, -20.4252335 ], [ -47.9315615, -20.4248776 ], [ -47.9319348, -20.4244539 ], [ -47.9320182, -20.4238712 ], [ -47.931495, -20.4233179 ], [ -47.9301118, -20.4223743 ], [ -47.9290908, -20.4219605 ], [ -47.9278151, -20.4212534 ], [ -47.9268461, -20.4207479 ], [ -47.925622, -20.4204091 ], [ -47.9233073, -20.4202856 ], [ -47.9213164, -20.4203619 ], [ -47.9197136, -20.420172 ], [ -47.9183142, -20.4198555 ], [ -47.9163147, -20.4194456 ], [ -47.9155257, -20.4193019 ], [ -47.9149653, -20.4190058 ], [ -47.9146785, -20.4186615 ], [ -47.9144267, -20.418043 ], [ -47.9143349, -20.4174218 ], [ -47.9144348, -20.4165187 ], [ -47.9141913, -20.416368 ], [ -47.9138171, -20.415968 ], [ -47.9132738, -20.4158167 ], [ -47.9126552, -20.4159214 ], [ -47.9120632, -20.4161151 ], [ -47.9115778, -20.4161092 ], [ -47.9111151, -20.4159849 ], [ -47.9103715, -20.4155781 ], [ -47.9093719, -20.4148346 ], [ -47.90863, -20.4142337 ], [ -47.9078581, -20.4136333 ], [ -47.9073283, -20.4129539 ], [ -47.9068701, -20.4121873 ], [ -47.906755, -20.4113872 ], [ -47.9067412, -20.410838 ], [ -47.9067615, -20.4106699 ], [ -47.9066, -20.4105972 ], [ -47.9062423, -20.4107352 ], [ -47.9058848, -20.4108827 ], [ -47.9055012, -20.4107099 ], [ -47.9051009, -20.4101787 ], [ -47.9045046, -20.4098678 ], [ -47.9040367, -20.4094699 ], [ -47.9036073, -20.4089864 ], [ -47.9033169, -20.408444 ], [ -47.9030777, -20.4078197 ], [ -47.9025372, -20.4073325 ], [ -47.90192, -20.4070708 ], [ -47.9015632, -20.4067182 ], [ -47.9013555, -20.406316 ], [ -47.9012682, -20.4059306 ], [ -47.9011214, -20.4055745 ], [ -47.9008065, -20.4053249 ], [ -47.900379, -20.4049452 ], [ -47.9000503, -20.4039599 ], [ -47.8992683, -20.4023489 ], [ -47.8987125, -20.4012636 ], [ -47.8982383, -20.4007254 ], [ -47.8975248, -20.4000296 ], [ -47.8970066, -20.3990758 ], [ -47.896019, -20.3976391 ], [ -47.8953312, -20.3967164 ], [ -47.8944419, -20.3958061 ], [ -47.893667, -20.3949513 ], [ -47.8931249, -20.3942849 ], [ -47.8925709, -20.3930635 ], [ -47.8919201, -20.3919704 ], [ -47.8912287, -20.3908496 ], [ -47.8902949, -20.3901479 ], [ -47.8886403, -20.3893775 ], [ -47.8875581, -20.3889395 ], [ -47.8860521, -20.3885758 ], [ -47.8852406, -20.3885039 ], [ -47.8844291, -20.3884319 ], [ -47.8837926, -20.3882595 ], [ -47.8830932, -20.3879779 ], [ -47.882425, -20.3878333 ], [ -47.8817361, -20.3879154 ], [ -47.8806228, -20.38792 ], [ -47.8806003, -20.3879201 ], [ -47.8797036, -20.3878594 ], [ -47.878647, -20.3878155 ], [ -47.8774602, -20.3877643 ], [ -47.8762828, -20.38768 ], [ -47.8747932, -20.3874875 ], [ -47.8740237, -20.3875615 ], [ -47.8731463, -20.3876502 ], [ -47.8717147, -20.3882224 ], [ -47.8714567, -20.3883446 ], [ -47.8710631, -20.3883777 ], [ -47.8690956, -20.3886057 ], [ -47.8667347, -20.3885527 ], [ -47.862325, -20.3888417 ], [ -47.8604385, -20.388862 ], [ -47.858695, -20.3886624 ], [ -47.8556638, -20.3885183 ], [ -47.8516047, -20.3892708 ], [ -47.8508421, -20.3893061 ], [ -47.8485626, -20.3889895 ], [ -47.8464346, -20.3890812 ], [ -47.844624, -20.3886426 ], [ -47.8436903, -20.3885217 ], [ -47.8403188, -20.3884958 ], [ -47.8400288, -20.3886043 ], [ -47.8389375, -20.3894311 ], [ -47.8382437, -20.3898087 ], [ -47.8375356, -20.3901363 ], [ -47.8370302, -20.390239 ], [ -47.8361955, -20.3902546 ], [ -47.8340362, -20.3898333 ], [ -47.8328745, -20.389806 ], [ -47.8240293, -20.3904944 ], [ -47.8199998, -20.3915538 ], [ -47.8194431, -20.3915962 ], [ -47.818401, -20.3914758 ], [ -47.8178431, -20.391261 ], [ -47.8176451, -20.3911851 ], [ -47.8171375, -20.3909904 ], [ -47.816322, -20.3906776 ], [ -47.8134365, -20.3890965 ], [ -47.8120709, -20.3885591 ], [ -47.811263, -20.3880252 ], [ -47.8104641, -20.3878674 ], [ -47.8091528, -20.3881044 ], [ -47.8066649, -20.3888744 ], [ -47.8036022, -20.3904711 ], [ -47.8027612, -20.3911941 ], [ -47.8015519, -20.3922331 ], [ -47.8000589, -20.3940804 ], [ -47.7983992, -20.3958759 ], [ -47.7973265, -20.3974485 ], [ -47.795837, -20.3992293 ], [ -47.7930277, -20.4023122 ], [ -47.7908023, -20.4043421 ], [ -47.7899157, -20.4049545 ], [ -47.7891488, -20.4052861 ], [ -47.7877184, -20.4056175 ], [ -47.7850643, -20.4053867 ], [ -47.7838132, -20.4050752 ], [ -47.7803808, -20.4039111 ], [ -47.7784093, -20.4039185 ], [ -47.7762934, -20.4045582 ], [ -47.7728209, -20.4061477 ], [ -47.7716122, -20.4068062 ], [ -47.7712625, -20.4074897 ], [ -47.7711938, -20.4083361 ], [ -47.7714464, -20.4097011 ], [ -47.7719387, -20.4108553 ], [ -47.7715789, -20.41504 ], [ -47.7713813, -20.4155177 ], [ -47.7707942, -20.4164041 ], [ -47.7704811, -20.4171519 ], [ -47.770511, -20.4175279 ], [ -47.7698647, -20.4182639 ], [ -47.7692781, -20.4185928 ], [ -47.7685329, -20.4188324 ], [ -47.76799, -20.4189084 ], [ -47.766311, -20.4189116 ], [ -47.7652088, -20.4187815 ], [ -47.7643132, -20.4188539 ], [ -47.7636644, -20.4190583 ], [ -47.7630762, -20.4193296 ], [ -47.7623249, -20.4199107 ], [ -47.7604827, -20.4218835 ], [ -47.759933, -20.4222461 ], [ -47.7574867, -20.42346 ], [ -47.7557294, -20.4241391 ], [ -47.7539614, -20.4246542 ], [ -47.7534668, -20.4246977 ], [ -47.750719, -20.4245223 ], [ -47.7505985, -20.4245854 ], [ -47.7504015, -20.4254479 ], [ -47.7502272, -20.4256799 ], [ -47.7497699, -20.425937 ], [ -47.7485878, -20.4269486 ], [ -47.7482524, -20.4283852 ], [ -47.7480434, -20.428857 ], [ -47.7436821, -20.4342697 ], [ -47.7423595, -20.4353383 ], [ -47.7384295, -20.437442 ], [ -47.7368737, -20.4389374 ], [ -47.735415, -20.4399075 ], [ -47.7335674, -20.440228 ], [ -47.7298845, -20.4406382 ], [ -47.7282046, -20.4409385 ], [ -47.7271819, -20.4412534 ], [ -47.7258164, -20.4419346 ], [ -47.7249025, -20.4429466 ], [ -47.7240321, -20.4435016 ], [ -47.7231903, -20.4438733 ], [ -47.7196161, -20.4450937 ], [ -47.7166071, -20.4460008 ], [ -47.7146929, -20.446636 ], [ -47.7120794, -20.447978 ], [ -47.7107068, -20.4489455 ], [ -47.7094969, -20.4495916 ], [ -47.7072901, -20.4501794 ], [ -47.7040489, -20.4515984 ], [ -47.7028748, -20.4526135 ], [ -47.7010948, -20.4538306 ], [ -47.700398, -20.4541706 ], [ -47.6983046, -20.4547722 ], [ -47.6958315, -20.4548331 ], [ -47.690751, -20.4545824 ], [ -47.6897462, -20.4546217 ], [ -47.6835304, -20.4554383 ], [ -47.6809753, -20.4561633 ], [ -47.6758894, -20.4576067 ], [ -47.6747602, -20.4580801 ], [ -47.6697364, -20.4607843 ], [ -47.6669335, -20.4619334 ], [ -47.6654405, -20.4623909 ], [ -47.6616904, -20.4633185 ], [ -47.6594107, -20.4635703 ], [ -47.6572963, -20.4636733 ], [ -47.6501356, -20.4638287 ], [ -47.6474564, -20.4637879 ], [ -47.6444416, -20.4641647 ], [ -47.6416462, -20.4647085 ], [ -47.640663, -20.4648022 ], [ -47.6394956, -20.4651059 ], [ -47.6373963, -20.4654223 ], [ -47.6352318, -20.4663657 ], [ -47.6342164, -20.4670758 ], [ -47.633127, -20.4684368 ], [ -47.6322227, -20.4700302 ], [ -47.6317704, -20.4704363 ], [ -47.6308118, -20.4715791 ], [ -47.6296929, -20.473188 ], [ -47.6276397, -20.4768324 ], [ -47.627185, -20.4778506 ], [ -47.6268871, -20.4788817 ], [ -47.6267946, -20.4797711 ], [ -47.6266206, -20.4803572 ], [ -47.6292287, -20.4811249 ], [ -47.6321683, -20.4830131 ], [ -47.6346773, -20.4844127 ], [ -47.6354011, -20.4847726 ], [ -47.6382044, -20.4857621 ], [ -47.6391949, -20.4863053 ], [ -47.6413416, -20.4878633 ], [ -47.6417934, -20.4883976 ], [ -47.6421184, -20.4889579 ], [ -47.6425343, -20.4904519 ], [ -47.6425219, -20.4912391 ], [ -47.6423278, -20.4921274 ], [ -47.6418722, -20.4929829 ], [ -47.6403634, -20.4946451 ], [ -47.6392227, -20.4997866 ], [ -47.6391809, -20.5004027 ], [ -47.6392982, -20.5016926 ], [ -47.6394119, -20.5023054 ], [ -47.6396995, -20.5030522 ], [ -47.6403581, -20.5040139 ], [ -47.6409449, -20.5046701 ], [ -47.6415633, -20.5056312 ], [ -47.6427455, -20.5083813 ], [ -47.6435506, -20.5107644 ], [ -47.644234, -20.5140007 ], [ -47.6444942, -20.5147133 ], [ -47.6447797, -20.515255 ], [ -47.6456006, -20.5162613 ], [ -47.6466016, -20.5177839 ], [ -47.6472535, -20.5186087 ], [ -47.6514664, -20.5218837 ], [ -47.6545193, -20.5238613 ], [ -47.657491, -20.5251131 ], [ -47.6646166, -20.5267119 ], [ -47.6689384, -20.5285232 ], [ -47.6708855, -20.5297043 ], [ -47.6714344, -20.5301702 ], [ -47.6716933, -20.5302209 ], [ -47.673063, -20.5312102 ], [ -47.6755236, -20.5337379 ], [ -47.6792129, -20.538004 ], [ -47.6817637, -20.5394416 ], [ -47.6830969, -20.540274 ], [ -47.6834648, -20.5405903 ], [ -47.6843087, -20.5410219 ], [ -47.6867735, -20.5416633 ], [ -47.6884744, -20.5417942 ], [ -47.6906831, -20.542152 ], [ -47.6920411, -20.543174 ], [ -47.6924622, -20.5438546 ], [ -47.6925753, -20.5446958 ], [ -47.6921188, -20.5460648 ], [ -47.6918563, -20.5500141 ], [ -47.6913465, -20.5526049 ], [ -47.69134, -20.5536 ], [ -47.6915576, -20.554864 ], [ -47.6920042, -20.5557882 ], [ -47.6928348, -20.5565457 ], [ -47.6945725, -20.5571598 ], [ -47.6992918, -20.5583431 ], [ -47.7022569, -20.5593558 ], [ -47.7031792, -20.5595205 ], [ -47.707494, -20.5594787 ], [ -47.7096697, -20.5592462 ], [ -47.7106217, -20.5589668 ], [ -47.7119373, -20.5588795 ], [ -47.7125432, -20.5591981 ], [ -47.7128757, -20.5595158 ], [ -47.71405, -20.5616748 ], [ -47.7154416, -20.5637796 ], [ -47.7173094, -20.5666039 ], [ -47.7175806, -20.5668492 ], [ -47.717909, -20.5675229 ], [ -47.7216037, -20.5723282 ], [ -47.7231369, -20.5737458 ], [ -47.7235681, -20.5743009 ], [ -47.7241166, -20.5753448 ], [ -47.7242796, -20.5760035 ], [ -47.7243073, -20.5771994 ], [ -47.7246318, -20.577712 ], [ -47.7248813, -20.5784853 ], [ -47.725009, -20.579933 ], [ -47.7257506, -20.5807627 ], [ -47.7258939, -20.5815978 ], [ -47.7262655, -20.5819448 ], [ -47.7269509, -20.5823877 ], [ -47.7277053, -20.5831387 ], [ -47.7280779, -20.5839992 ], [ -47.7285829, -20.5843725 ], [ -47.7288692, -20.584926 ], [ -47.7294346, -20.5854886 ], [ -47.7321367, -20.5869392 ], [ -47.7347474, -20.5888883 ], [ -47.7358068, -20.5899992 ], [ -47.7366989, -20.5912785 ], [ -47.7369945, -20.5920526 ], [ -47.7376904, -20.5926855 ], [ -47.7380843, -20.5936861 ], [ -47.7389319, -20.5938964 ], [ -47.7391166, -20.5942385 ], [ -47.7392903, -20.5950136 ], [ -47.7398674, -20.5951746 ], [ -47.7403669, -20.5949552 ], [ -47.7410702, -20.5952206 ], [ -47.7420303, -20.5952642 ], [ -47.7430274, -20.5954835 ], [ -47.7434256, -20.5950653 ], [ -47.7437048, -20.5949046 ], [ -47.7448216, -20.5948494 ], [ -47.7481696, -20.5943881 ], [ -47.7485313, -20.5944632 ], [ -47.748749, -20.5946337 ], [ -47.7495668, -20.5957368 ], [ -47.750165, -20.5962034 ], [ -47.7520878, -20.5970243 ], [ -47.7532246, -20.5972081 ], [ -47.7544788, -20.5972892 ], [ -47.7573404, -20.5977382 ], [ -47.7634313, -20.5979982 ], [ -47.7648789, -20.5979764 ], [ -47.7655828, -20.5977346 ], [ -47.7661571, -20.5972112 ], [ -47.7666698, -20.5964814 ], [ -47.7669658, -20.5957898 ], [ -47.7671667, -20.5949607 ], [ -47.7673234, -20.5939421 ], [ -47.7673124, -20.5934121 ], [ -47.7669528, -20.5923444 ], [ -47.7665759, -20.591866 ], [ -47.7634963, -20.5897521 ], [ -47.763166, -20.5892834 ], [ -47.7630845, -20.5889532 ], [ -47.7631361, -20.5886529 ], [ -47.76513, -20.5851177 ], [ -47.7671575, -20.5827832 ], [ -47.767769, -20.5822152 ], [ -47.7690143, -20.5815009 ], [ -47.771985, -20.5803736 ], [ -47.774698, -20.5792307 ], [ -47.7756365, -20.57907 ], [ -47.7765784, -20.5790642 ], [ -47.7772239, -20.5792644 ], [ -47.7778055, -20.5797133 ], [ -47.7793119, -20.5819451 ], [ -47.7804047, -20.582807 ], [ -47.7820986, -20.5838037 ], [ -47.7831699, -20.5841342 ], [ -47.7836898, -20.5842364 ], [ -47.7839906, -20.5842049 ], [ -47.7844793, -20.584342 ], [ -47.7874079, -20.5826419 ], [ -47.7880232, -20.5821936 ], [ -47.7882684, -20.5818049 ], [ -47.7883406, -20.581044 ], [ -47.7880427, -20.5804138 ], [ -47.7873612, -20.5797042 ], [ -47.7869291, -20.5789289 ], [ -47.7866952, -20.578167 ], [ -47.7851278, -20.5758737 ], [ -47.7838481, -20.5734477 ], [ -47.7832819, -20.5730219 ], [ -47.7797372, -20.5718448 ], [ -47.7789963, -20.5712536 ], [ -47.7787573, -20.5706867 ], [ -47.778805, -20.5693242 ], [ -47.7789803, -20.5682478 ], [ -47.7795847, -20.5667201 ], [ -47.7806047, -20.5650012 ], [ -47.7814402, -20.5642802 ], [ -47.7825202, -20.5637055 ], [ -47.7835828, -20.5635142 ], [ -47.7854531, -20.563474 ], [ -47.7870673, -20.5636872 ], [ -47.7879471, -20.5640972 ], [ -47.7899484, -20.5655822 ], [ -47.7912432, -20.5664063 ], [ -47.7931656, -20.5674712 ], [ -47.7945458, -20.5681113 ], [ -47.7952742, -20.5687038 ], [ -47.7956503, -20.5688494 ], [ -47.7960671, -20.5684641 ], [ -47.7969327, -20.5647505 ], [ -47.796948, -20.5642303 ], [ -47.7962856, -20.5625062 ], [ -47.7960895, -20.5616863 ], [ -47.7959523, -20.5601446 ], [ -47.7961198, -20.5580967 ], [ -47.7960941, -20.5573089 ], [ -47.7959033, -20.5568093 ], [ -47.7946171, -20.5546826 ], [ -47.7942116, -20.5537959 ], [ -47.793279, -20.5510442 ], [ -47.7925985, -20.5496962 ], [ -47.7926678, -20.548839 ], [ -47.7931131, -20.5479628 ], [ -47.7938389, -20.5471965 ], [ -47.7955376, -20.5461509 ], [ -47.7969248, -20.5458541 ], [ -47.7977239, -20.5459554 ], [ -47.7998166, -20.5464355 ], [ -47.801602, -20.5462815 ], [ -47.803578, -20.5463752 ], [ -47.8041934, -20.5462955 ], [ -47.8047824, -20.5459216 ], [ -47.8055613, -20.5447434 ], [ -47.8081452, -20.5434226 ], [ -47.8090785, -20.5427912 ], [ -47.8095733, -20.5426586 ], [ -47.8099471, -20.5427178 ], [ -47.8113451, -20.5435534 ], [ -47.8116225, -20.5441208 ], [ -47.8118198, -20.5449848 ], [ -47.8119633, -20.5468029 ], [ -47.8121867, -20.5471633 ], [ -47.8149411, -20.5498187 ], [ -47.8167484, -20.5518802 ], [ -47.8186162, -20.5533234 ], [ -47.8192244, -20.5534951 ], [ -47.8198658, -20.5534154 ], [ -47.820451, -20.5530414 ], [ -47.8216312, -20.5517613 ], [ -47.8218324, -20.5509132 ], [ -47.8207491, -20.5494809 ], [ -47.8199621, -20.5480798 ], [ -47.8196135, -20.5468974 ], [ -47.819724, -20.546324 ], [ -47.8200518, -20.5457151 ], [ -47.8203021, -20.5455046 ], [ -47.8217698, -20.5452788 ], [ -47.8222686, -20.5450465 ], [ -47.8226646, -20.5448135 ], [ -47.8245274, -20.5437174 ], [ -47.8261122, -20.5422286 ], [ -47.8266386, -20.5419793 ], [ -47.830714, -20.5407882 ], [ -47.8330018, -20.539997 ], [ -47.8345528, -20.5392991 ], [ -47.8358348, -20.538536 ], [ -47.8365132, -20.5379162 ], [ -47.8369843, -20.5371765 ], [ -47.8370879, -20.5362962 ], [ -47.8369205, -20.5356382 ], [ -47.8366108, -20.5352972 ], [ -47.8343441, -20.533895 ], [ -47.8327028, -20.5326202 ], [ -47.831706, -20.5317342 ], [ -47.8310494, -20.530978 ], [ -47.8302289, -20.5291441 ], [ -47.8284842, -20.5258367 ], [ -47.8282258, -20.5249391 ], [ -47.8282631, -20.5243208 ], [ -47.8284817, -20.52361 ], [ -47.8288326, -20.5230217 ], [ -47.8291316, -20.5227904 ], [ -47.8294561, -20.5226921 ], [ -47.8315534, -20.5225281 ], [ -47.8322155, -20.5223114 ], [ -47.832744, -20.5220288 ], [ -47.8342175, -20.520509 ], [ -47.8355756, -20.5196379 ], [ -47.8359528, -20.5193958 ], [ -47.8366002, -20.5186615 ], [ -47.838133, -20.5163299 ], [ -47.8383373, -20.516213 ], [ -47.8386847, -20.516138 ], [ -47.8397908, -20.5161663 ], [ -47.8402394, -20.5162721 ], [ -47.8410206, -20.5166486 ], [ -47.8418745, -20.5173425 ], [ -47.8427009, -20.5175003 ], [ -47.8437147, -20.5174147 ], [ -47.8447503, -20.5170214 ], [ -47.8491865, -20.5140861 ], [ -47.8507357, -20.513468 ], [ -47.8527798, -20.5116354 ], [ -47.8541192, -20.5100278 ], [ -47.8547344, -20.5099263 ], [ -47.855027, -20.5100004 ], [ -47.8580364, -20.5113467 ], [ -47.858289, -20.5113178 ], [ -47.8584153, -20.510895 ], [ -47.8582218, -20.5097119 ], [ -47.8583583, -20.5090818 ], [ -47.858848, -20.5082069 ], [ -47.8597409, -20.5060098 ], [ -47.8605726, -20.5032277 ], [ -47.8612813, -20.5016267 ], [ -47.8623734, -20.4997702 ], [ -47.8642235, -20.497667 ], [ -47.8644202, -20.4972099 ], [ -47.8641843, -20.496367 ], [ -47.8638179, -20.4960537 ], [ -47.8616241, -20.4946581 ], [ -47.8603813, -20.4934461 ], [ -47.8593674, -20.492173 ], [ -47.8577377, -20.4911381 ], [ -47.8572537, -20.4905032 ], [ -47.8569362, -20.4896637 ], [ -47.8568503, -20.4889808 ], [ -47.8569119, -20.4883516 ], [ -47.8573763, -20.4872933 ], [ -47.8587026, -20.4854289 ], [ -47.8591718, -20.4843932 ], [ -47.859988, -20.48334 ], [ -47.8606464, -20.4812902 ], [ -47.8611966, -20.4802672 ], [ -47.8621935, -20.4792033 ], [ -47.8647556, -20.4772041 ], [ -47.8658121, -20.4761378 ], [ -47.8660436, -20.4755523 ], [ -47.8659936, -20.4748581 ], [ -47.8656899, -20.4742458 ], [ -47.8651464, -20.4736367 ], [ -47.8649209, -20.4732313 ] ] ] ] } },
{ "type": "Feature", "properties": { "CD_MUN": "3536307", "NM_MUN": "Patrocínio Paulista", "CD_RGI": "350033", "NM_RGI": "Franca", "CD_RGINT": "3508", "NM_RGINT": "Ribeirão Preto", "CD_UF": "35", "NM_UF": "São Paulo", "SIGLA_UF": "SP", "CD_REGIA": "3", "NM_REGIA": "Sudeste", "SIGLA_RG": "SE", "CD_CONCU": "3516200", "NM_CONCU": "Franca/SP", "AREA_KM2": 602.848 }, "geometry": { "type": "MultiPolygon", "coordinates": [ [ [ [ -47.2253616, -20.6994998 ], [ -47.2253006, -20.6995885 ], [ -47.2252202, -20.6997057 ], [ -47.2246635, -20.7005169 ], [ -47.2239067, -20.7010497 ], [ -47.2237201, -20.7010981 ], [ -47.223199, -20.7010184 ], [ -47.2223675, -20.7003839 ], [ -47.2220902, -20.7004189 ], [ -47.2218288, -20.7009145 ], [ -47.2219258, -20.7019713 ], [ -47.2223502, -20.7033528 ], [ -47.2222752, -20.7044945 ], [ -47.2224524, -20.7048518 ], [ -47.2229467, -20.7051848 ], [ -47.222949, -20.7053484 ], [ -47.2220319, -20.7060933 ], [ -47.2215081, -20.7066766 ], [ -47.2212308, -20.7067771 ], [ -47.2206876, -20.7067846 ], [ -47.2199558, -20.7063471 ], [ -47.2195496, -20.7063636 ], [ -47.2192794, -20.7070341 ], [ -47.2188452, -20.7073764 ], [ -47.2186246, -20.7073894 ], [ -47.2171505, -20.7064709 ], [ -47.2164319, -20.7064913 ], [ -47.2154723, -20.7067655 ], [ -47.2148336, -20.7066748 ], [ -47.2137309, -20.7059578 ], [ -47.213305, -20.7054281 ], [ -47.213096, -20.7053103 ], [ -47.2127729, -20.7053371 ], [ -47.2119813, -20.7060024 ], [ -47.2114048, -20.7061946 ], [ -47.211078, -20.7061126 ], [ -47.2105511, -20.7056283 ], [ -47.2103054, -20.7055989 ], [ -47.2086763, -20.7058917 ], [ -47.2081464, -20.7061827 ], [ -47.207988, -20.7064371 ], [ -47.2080047, -20.7067728 ], [ -47.2081131, -20.7069694 ], [ -47.2085334, -20.707303 ], [ -47.2094923, -20.7078177 ], [ -47.2095209, -20.7081441 ], [ -47.2084926, -20.708473 ], [ -47.2079953, -20.709343 ], [ -47.2072947, -20.7097549 ], [ -47.2070316, -20.7100096 ], [ -47.2065749, -20.7109378 ], [ -47.2063916, -20.7110402 ], [ -47.2057912, -20.7111244 ], [ -47.2055935, -20.7112685 ], [ -47.2053674, -20.7116199 ], [ -47.2050671, -20.7125542 ], [ -47.2047131, -20.7128845 ], [ -47.2042649, -20.7131741 ], [ -47.2035961, -20.7134327 ], [ -47.2033916, -20.7136439 ], [ -47.2032931, -20.7141252 ], [ -47.2040142, -20.7146719 ], [ -47.2040872, -20.7149093 ], [ -47.2040326, -20.7151848 ], [ -47.2032312, -20.715873 ], [ -47.2029202, -20.7160153 ], [ -47.2020833, -20.7159079 ], [ -47.2018182, -20.7160547 ], [ -47.2015806, -20.7164056 ], [ -47.2013058, -20.7173688 ], [ -47.200875, -20.7177831 ], [ -47.2007534, -20.7183318 ], [ -47.200519, -20.7188024 ], [ -47.2005011, -20.7192644 ], [ -47.2008953, -20.7199663 ], [ -47.2008283, -20.7203051 ], [ -47.1992284, -20.7217184 ], [ -47.1988934, -20.7217546 ], [ -47.1987992, -20.7216252 ], [ -47.1988833, -20.7211226 ], [ -47.198834, -20.7208925 ], [ -47.1987058, -20.7207527 ], [ -47.1985049, -20.7207331 ], [ -47.1982062, -20.7208157 ], [ -47.1979135, -20.7213855 ], [ -47.1975705, -20.7216622 ], [ -47.1975524, -20.7220452 ], [ -47.1977387, -20.7229473 ], [ -47.1975512, -20.7234629 ], [ -47.1968964, -20.7240723 ], [ -47.1967851, -20.7243258 ], [ -47.1969587, -20.7251251 ], [ -47.1969282, -20.7254419 ], [ -47.1964775, -20.7262122 ], [ -47.1955361, -20.7269775 ], [ -47.1951284, -20.7276254 ], [ -47.1950396, -20.7279552 ], [ -47.1952296, -20.7290741 ], [ -47.1952091, -20.7294228 ], [ -47.1949857, -20.7298623 ], [ -47.1939307, -20.7306726 ], [ -47.1933561, -20.7315277 ], [ -47.1925564, -20.7317658 ], [ -47.1922388, -20.7320974 ], [ -47.1919387, -20.7322105 ], [ -47.191509, -20.732128 ], [ -47.191251, -20.7319678 ], [ -47.1910037, -20.7316328 ], [ -47.1907861, -20.7302946 ], [ -47.1906206, -20.7300437 ], [ -47.1902036, -20.7302124 ], [ -47.1891196, -20.7312622 ], [ -47.1887464, -20.7313122 ], [ -47.1884549, -20.731086 ], [ -47.1878458, -20.730974 ], [ -47.1874789, -20.7296667 ], [ -47.1873171, -20.7296971 ], [ -47.1871552, -20.7297276 ], [ -47.1868668, -20.7306919 ], [ -47.1862461, -20.7314393 ], [ -47.1862054, -20.7323873 ], [ -47.1846529, -20.7341518 ], [ -47.182542, -20.7352105 ], [ -47.1801686, -20.7359112 ], [ -47.1766351, -20.7359093 ], [ -47.176344, -20.7377414 ], [ -47.1758747, -20.7380904 ], [ -47.1751925, -20.7392619 ], [ -47.1795635, -20.7398512 ], [ -47.1822923, -20.741293 ], [ -47.1828463, -20.747497 ], [ -47.1846461, -20.7500422 ], [ -47.1849659, -20.7550645 ], [ -47.185431, -20.7561134 ], [ -47.1866961, -20.7573249 ], [ -47.1872702, -20.7616933 ], [ -47.1870347, -20.7657926 ], [ -47.18759, -20.7681666 ], [ -47.1888183, -20.7706247 ], [ -47.1917118, -20.7709185 ], [ -47.1932439, -20.7720938 ], [ -47.1952994, -20.774969 ], [ -47.1969659, -20.7749735 ], [ -47.201855, -20.77422 ], [ -47.2048158, -20.7743437 ], [ -47.2070694, -20.7755311 ], [ -47.2093754, -20.7774996 ], [ -47.2114505, -20.7806531 ], [ -47.2129073, -20.7868488 ], [ -47.2132053, -20.7911948 ], [ -47.2138655, -20.7923115 ], [ -47.2182025, -20.7941459 ], [ -47.2217578, -20.7965399 ], [ -47.2247543, -20.8000989 ], [ -47.2249344, -20.8009496 ], [ -47.2238241, -20.8059816 ], [ -47.2228395, -20.8088954 ], [ -47.2195502, -20.8145488 ], [ -47.2187016, -20.8168515 ], [ -47.2165667, -20.8190632 ], [ -47.2153521, -20.8197297 ], [ -47.2145175, -20.8212261 ], [ -47.2141815, -20.8236926 ], [ -47.2144844, -20.8272194 ], [ -47.2145572, -20.8273849 ], [ -47.2145702, -20.8274144 ], [ -47.2269277, -20.8554904 ], [ -47.2269861, -20.8556231 ], [ -47.2272689, -20.8562657 ], [ -47.2273595, -20.8564716 ], [ -47.2285124, -20.8563283 ], [ -47.2288642, -20.8564392 ], [ -47.2292594, -20.8568483 ], [ -47.2292344, -20.8578096 ], [ -47.2296519, -20.8582366 ], [ -47.2297616, -20.8586614 ], [ -47.2301007, -20.8588212 ], [ -47.230632, -20.8586831 ], [ -47.2309879, -20.8580609 ], [ -47.2312057, -20.8579886 ], [ -47.2314854, -20.8580347 ], [ -47.231782, -20.8583033 ], [ -47.2320088, -20.8583086 ], [ -47.2327485, -20.8579415 ], [ -47.2332954, -20.8580789 ], [ -47.2339801, -20.8579521 ], [ -47.234697, -20.8579435 ], [ -47.23591, -20.858409 ], [ -47.2363523, -20.858775 ], [ -47.2366, -20.8603697 ], [ -47.2366988, -20.8605667 ], [ -47.2370675, -20.860796 ], [ -47.2376976, -20.8608773 ], [ -47.2380714, -20.8614635 ], [ -47.238267, -20.8615084 ], [ -47.2384626, -20.8615534 ], [ -47.2391167, -20.8614021 ], [ -47.2395315, -20.8614166 ], [ -47.2402702, -20.8621015 ], [ -47.2410766, -20.8620496 ], [ -47.2423821, -20.8625546 ], [ -47.2430745, -20.8624938 ], [ -47.2436653, -20.8628081 ], [ -47.2440361, -20.8628182 ], [ -47.2444201, -20.8630264 ], [ -47.2448465, -20.8635984 ], [ -47.2455581, -20.8638582 ], [ -47.246132, -20.8645717 ], [ -47.2466321, -20.864594 ], [ -47.2472535, -20.8640775 ], [ -47.2481981, -20.8639258 ], [ -47.2490289, -20.8640806 ], [ -47.2494889, -20.8639244 ], [ -47.2504466, -20.8639718 ], [ -47.2509986, -20.863909 ], [ -47.2513682, -20.8637105 ], [ -47.2516557, -20.8632195 ], [ -47.2520684, -20.8627658 ], [ -47.2521837, -20.8620829 ], [ -47.2519921, -20.8616153 ], [ -47.2512389, -20.8613818 ], [ -47.2509613, -20.8611158 ], [ -47.2509687, -20.8606722 ], [ -47.2516814, -20.8606076 ], [ -47.2527379, -20.8602536 ], [ -47.2540567, -20.8602694 ], [ -47.2546439, -20.8601945 ], [ -47.2554222, -20.8598017 ], [ -47.2558102, -20.8589777 ], [ -47.2558163, -20.8579177 ], [ -47.2559266, -20.8574727 ], [ -47.2557178, -20.8572606 ], [ -47.2553704, -20.8571598 ], [ -47.2552791, -20.8569415 ], [ -47.2553737, -20.8568499 ], [ -47.255652, -20.8567557 ], [ -47.2561162, -20.8568053 ], [ -47.2564025, -20.8567465 ], [ -47.256847, -20.8564009 ], [ -47.2572731, -20.8563124 ], [ -47.2577202, -20.8567226 ], [ -47.2576812, -20.8569709 ], [ -47.2573454, -20.8572533 ], [ -47.2574371, -20.8574393 ], [ -47.2577604, -20.8576083 ], [ -47.2575493, -20.8579847 ], [ -47.2579835, -20.8581032 ], [ -47.2582958, -20.8580238 ], [ -47.2585589, -20.8578607 ], [ -47.259232, -20.8570693 ], [ -47.2600798, -20.8566281 ], [ -47.2601433, -20.8564338 ], [ -47.2597354, -20.856222 ], [ -47.2596961, -20.8561117 ], [ -47.2598379, -20.855694 ], [ -47.259739, -20.854939 ], [ -47.2604001, -20.8547995 ], [ -47.2608402, -20.8545723 ], [ -47.261495, -20.8544668 ], [ -47.2619671, -20.8541483 ], [ -47.2622706, -20.8542204 ], [ -47.2627004, -20.8541599 ], [ -47.2632352, -20.8536193 ], [ -47.2635314, -20.8537063 ], [ -47.2635722, -20.853955 ], [ -47.2632762, -20.8543586 ], [ -47.2634554, -20.8550817 ], [ -47.2633416, -20.8552624 ], [ -47.2630941, -20.8553983 ], [ -47.2629819, -20.8558638 ], [ -47.2635179, -20.8562442 ], [ -47.2636108, -20.857026 ], [ -47.2638542, -20.8571964 ], [ -47.2644545, -20.8572989 ], [ -47.2649337, -20.8575953 ], [ -47.2656999, -20.8575588 ], [ -47.2658215, -20.8577226 ], [ -47.2659858, -20.858456 ], [ -47.2666734, -20.8581558 ], [ -47.266605, -20.8578593 ], [ -47.2661876, -20.8576219 ], [ -47.2660952, -20.8574296 ], [ -47.2661075, -20.8572414 ], [ -47.2666098, -20.8568468 ], [ -47.2666131, -20.8566879 ], [ -47.2664573, -20.856494 ], [ -47.266011, -20.8562151 ], [ -47.2660163, -20.8560769 ], [ -47.2665426, -20.8558135 ], [ -47.2667701, -20.8552635 ], [ -47.2672928, -20.8547565 ], [ -47.2673211, -20.8542095 ], [ -47.2685148, -20.8529793 ], [ -47.2690607, -20.8525361 ], [ -47.2694556, -20.8523718 ], [ -47.2703275, -20.852272 ], [ -47.2702509, -20.851835 ], [ -47.2704463, -20.8516162 ], [ -47.2712444, -20.8512745 ], [ -47.2715209, -20.8510463 ], [ -47.2718164, -20.8505466 ], [ -47.2724604, -20.8502959 ], [ -47.2725879, -20.8500466 ], [ -47.2731536, -20.8499132 ], [ -47.273295, -20.8498046 ], [ -47.2734023, -20.8495114 ], [ -47.2733344, -20.8489858 ], [ -47.273516, -20.8488383 ], [ -47.2740464, -20.8487206 ], [ -47.2740728, -20.8485806 ], [ -47.2736411, -20.8484065 ], [ -47.2736598, -20.8481161 ], [ -47.2738729, -20.8479528 ], [ -47.274642, -20.8476575 ], [ -47.2748013, -20.8474706 ], [ -47.2749171, -20.8471183 ], [ -47.2753765, -20.8468218 ], [ -47.2757389, -20.846437 ], [ -47.2759439, -20.8463704 ], [ -47.277565, -20.8464184 ], [ -47.2778459, -20.846353 ], [ -47.2780568, -20.8457196 ], [ -47.2785284, -20.8453445 ], [ -47.2786437, -20.8450237 ], [ -47.2785733, -20.8448996 ], [ -47.2782555, -20.8447794 ], [ -47.2774525, -20.8448244 ], [ -47.2767075, -20.8446884 ], [ -47.2761237, -20.8447312 ], [ -47.2756545, -20.8441262 ], [ -47.2755973, -20.8438561 ], [ -47.2759415, -20.8437716 ], [ -47.2765895, -20.8437763 ], [ -47.2772821, -20.8432543 ], [ -47.2779574, -20.8431207 ], [ -47.2782226, -20.8426943 ], [ -47.2781829, -20.8422471 ], [ -47.2783732, -20.8421404 ], [ -47.2794366, -20.8423185 ], [ -47.2795528, -20.8422358 ], [ -47.2796191, -20.8417838 ], [ -47.2803311, -20.8415806 ], [ -47.2806799, -20.8412644 ], [ -47.2810648, -20.8412794 ], [ -47.2812699, -20.8413818 ], [ -47.2814819, -20.8417387 ], [ -47.2813076, -20.8418937 ], [ -47.2809325, -20.8419401 ], [ -47.2807428, -20.8420531 ], [ -47.2807949, -20.8421774 ], [ -47.2814042, -20.8424465 ], [ -47.2814517, -20.8426532 ], [ -47.2813236, -20.8429807 ], [ -47.2816463, -20.8429906 ], [ -47.2821007, -20.8427414 ], [ -47.2826235, -20.8420384 ], [ -47.282769, -20.8414475 ], [ -47.2828834, -20.8413207 ], [ -47.2833701, -20.8412301 ], [ -47.2834571, -20.8411337 ], [ -47.283446, -20.8407801 ], [ -47.2829122, -20.8397242 ], [ -47.2834614, -20.8395928 ], [ -47.2835425, -20.8394118 ], [ -47.2832009, -20.8388135 ], [ -47.2832847, -20.838487 ], [ -47.2835411, -20.8384071 ], [ -47.2841227, -20.8384334 ], [ -47.2843719, -20.8382571 ], [ -47.284576, -20.8382965 ], [ -47.2847952, -20.8385566 ], [ -47.2853142, -20.8387773 ], [ -47.2861447, -20.8386982 ], [ -47.2862592, -20.8384816 ], [ -47.2862204, -20.8383597 ], [ -47.2853087, -20.8380375 ], [ -47.2851386, -20.8377972 ], [ -47.285107, -20.8372775 ], [ -47.285266, -20.8370537 ], [ -47.2856619, -20.8369523 ], [ -47.2862368, -20.8372146 ], [ -47.2866988, -20.8371185 ], [ -47.2870095, -20.8371818 ], [ -47.2874223, -20.8367208 ], [ -47.2875632, -20.8367739 ], [ -47.2875753, -20.8371068 ], [ -47.2879173, -20.8373304 ], [ -47.2877098, -20.8377141 ], [ -47.2878661, -20.8379188 ], [ -47.2880726, -20.8378388 ], [ -47.28852, -20.8369469 ], [ -47.2889539, -20.8367265 ], [ -47.2893934, -20.8366601 ], [ -47.2891883, -20.8361696 ], [ -47.289347, -20.8359538 ], [ -47.2895525, -20.835916 ], [ -47.2898804, -20.8361543 ], [ -47.2901069, -20.8365531 ], [ -47.2906272, -20.8368097 ], [ -47.2907023, -20.8369609 ], [ -47.2905446, -20.8372189 ], [ -47.2896823, -20.8376876 ], [ -47.2895435, -20.8378691 ], [ -47.2895283, -20.8381885 ], [ -47.289919, -20.8382252 ], [ -47.2905828, -20.8377865 ], [ -47.2910223, -20.8376769 ], [ -47.2913638, -20.837825 ], [ -47.291377, -20.8386531 ], [ -47.2914894, -20.8387411 ], [ -47.2917556, -20.8387452 ], [ -47.2919962, -20.8386108 ], [ -47.2923189, -20.8380581 ], [ -47.2924802, -20.8380213 ], [ -47.2928077, -20.8382254 ], [ -47.2929256, -20.8386658 ], [ -47.2930954, -20.8387407 ], [ -47.2941047, -20.8386848 ], [ -47.2942671, -20.8387944 ], [ -47.2943168, -20.8391252 ], [ -47.2941154, -20.839351 ], [ -47.2940912, -20.8397446 ], [ -47.2938914, -20.8398249 ], [ -47.2936549, -20.8397168 ], [ -47.2934041, -20.839734 ], [ -47.2933988, -20.8398308 ], [ -47.2939523, -20.8404437 ], [ -47.2940142, -20.8406303 ], [ -47.2939127, -20.8407288 ], [ -47.2935964, -20.8406626 ], [ -47.2934638, -20.8407472 ], [ -47.2937027, -20.8414727 ], [ -47.293849, -20.8415117 ], [ -47.2944527, -20.841324 ], [ -47.2949707, -20.8415041 ], [ -47.2953094, -20.8414993 ], [ -47.2955051, -20.8414 ], [ -47.2956511, -20.8409519 ], [ -47.2955194, -20.8399556 ], [ -47.2956575, -20.8398981 ], [ -47.2958786, -20.8399229 ], [ -47.2970067, -20.8404826 ], [ -47.2974992, -20.840393 ], [ -47.2973989, -20.8400962 ], [ -47.2965199, -20.8398589 ], [ -47.296523, -20.8395957 ], [ -47.2966537, -20.8395316 ], [ -47.2973172, -20.8396401 ], [ -47.2977573, -20.8394541 ], [ -47.2980066, -20.8398808 ], [ -47.2981779, -20.8400088 ], [ -47.2990954, -20.840049 ], [ -47.2993046, -20.8402746 ], [ -47.2992585, -20.8404687 ], [ -47.2987905, -20.8408288 ], [ -47.2987383, -20.8412464 ], [ -47.2993644, -20.8417632 ], [ -47.2996148, -20.8422725 ], [ -47.2998219, -20.8423731 ], [ -47.300907, -20.8420631 ], [ -47.3010129, -20.8417788 ], [ -47.300906, -20.841523 ], [ -47.3006954, -20.8414142 ], [ -47.3008054, -20.8412342 ], [ -47.300974, -20.8411833 ], [ -47.3011941, -20.841208 ], [ -47.3017474, -20.8416528 ], [ -47.30202, -20.8417505 ], [ -47.302493, -20.8416881 ], [ -47.302561, -20.8413924 ], [ -47.3021517, -20.8406477 ], [ -47.3022039, -20.8402319 ], [ -47.3023518, -20.8400633 ], [ -47.3029565, -20.8398055 ], [ -47.3031963, -20.839539 ], [ -47.3034086, -20.8389164 ], [ -47.3035248, -20.8388113 ], [ -47.3037463, -20.838739 ], [ -47.3042415, -20.8389119 ], [ -47.3047046, -20.8388778 ], [ -47.3049967, -20.8386457 ], [ -47.3055042, -20.8376976 ], [ -47.3058823, -20.8373259 ], [ -47.3060736, -20.837371 ], [ -47.3063609, -20.8378728 ], [ -47.3070353, -20.8386458 ], [ -47.3067399, -20.8402527 ], [ -47.3060708, -20.8427806 ], [ -47.3061924, -20.8429884 ], [ -47.3064887, -20.8431796 ], [ -47.3067557, -20.8432304 ], [ -47.307357, -20.8431397 ], [ -47.3078688, -20.8428963 ], [ -47.3085669, -20.842333 ], [ -47.3091677, -20.8419924 ], [ -47.3096789, -20.8418487 ], [ -47.3099996, -20.8416212 ], [ -47.3106465, -20.8415844 ], [ -47.3114599, -20.8417831 ], [ -47.3118711, -20.8417496 ], [ -47.3129105, -20.8413191 ], [ -47.313427, -20.8413814 ], [ -47.3141038, -20.8412333 ], [ -47.3145295, -20.8412831 ], [ -47.3146527, -20.8416276 ], [ -47.3144821, -20.8419615 ], [ -47.3144864, -20.8423634 ], [ -47.3147577, -20.8426633 ], [ -47.3148529, -20.8431405 ], [ -47.3144988, -20.8432553 ], [ -47.3140135, -20.8430963 ], [ -47.3135588, -20.8432655 ], [ -47.3134737, -20.8434914 ], [ -47.3136529, -20.8445686 ], [ -47.3138643, -20.8449399 ], [ -47.3140719, -20.8451177 ], [ -47.3147831, -20.845344 ], [ -47.3148442, -20.8455917 ], [ -47.3147608, -20.8458014 ], [ -47.3131929, -20.8472628 ], [ -47.3131084, -20.8474985 ], [ -47.313185, -20.8476785 ], [ -47.313526, -20.84784 ], [ -47.3143509, -20.8478002 ], [ -47.3145657, -20.8479442 ], [ -47.3152731, -20.8488649 ], [ -47.3164119, -20.8492928 ], [ -47.3170868, -20.8491043 ], [ -47.3182472, -20.8489152 ], [ -47.3194077, -20.8487261 ], [ -47.319935, -20.8485246 ], [ -47.3203718, -20.8482154 ], [ -47.3205446, -20.8479624 ], [ -47.3206103, -20.8474356 ], [ -47.3210026, -20.8471112 ], [ -47.3214014, -20.8471617 ], [ -47.3218365, -20.8473897 ], [ -47.3227073, -20.8475313 ], [ -47.3231378, -20.847734 ], [ -47.3235397, -20.8480606 ], [ -47.3249694, -20.8500427 ], [ -47.3251106, -20.8505675 ], [ -47.3250996, -20.8508583 ], [ -47.3249123, -20.8511368 ], [ -47.3246805, -20.8513327 ], [ -47.3237013, -20.8517917 ], [ -47.3235727, -20.8521551 ], [ -47.3236804, -20.8523732 ], [ -47.324366, -20.8529174 ], [ -47.3248785, -20.8537002 ], [ -47.3251608, -20.8538621 ], [ -47.3253819, -20.85393 ], [ -47.3263507, -20.8536386 ], [ -47.3265862, -20.8536622 ], [ -47.3269125, -20.8538527 ], [ -47.3269799, -20.8543927 ], [ -47.3271612, -20.854708 ], [ -47.3277605, -20.8553549 ], [ -47.3277782, -20.8555209 ], [ -47.3275767, -20.8558564 ], [ -47.3269479, -20.8561142 ], [ -47.3268612, -20.8562681 ], [ -47.3270902, -20.8578712 ], [ -47.327499, -20.8584361 ], [ -47.3273734, -20.8589479 ], [ -47.3274059, -20.8591693 ], [ -47.3275566, -20.8593046 ], [ -47.3279799, -20.8591062 ], [ -47.3280348, -20.8588442 ], [ -47.3281958, -20.8587282 ], [ -47.3285049, -20.8586979 ], [ -47.3287556, -20.8587903 ], [ -47.3289977, -20.8587314 ], [ -47.329218, -20.8585342 ], [ -47.3292423, -20.8583113 ], [ -47.3290881, -20.8578857 ], [ -47.3292301, -20.8576764 ], [ -47.3294228, -20.8576461 ], [ -47.3296331, -20.8577397 ], [ -47.3302899, -20.8584795 ], [ -47.3298541, -20.8588724 ], [ -47.3286107, -20.8594137 ], [ -47.3284526, -20.8596386 ], [ -47.3284843, -20.8597917 ], [ -47.3287065, -20.8598991 ], [ -47.3294419, -20.8598198 ], [ -47.3299589, -20.8599378 ], [ -47.3300306, -20.8598399 ], [ -47.3298644, -20.8594668 ], [ -47.329979, -20.8593113 ], [ -47.3304485, -20.8591974 ], [ -47.3308472, -20.859274 ], [ -47.3317518, -20.8596505 ], [ -47.3323996, -20.8596828 ], [ -47.3329646, -20.8598673 ], [ -47.3332693, -20.8596985 ], [ -47.332995, -20.859093 ], [ -47.3331372, -20.8587723 ], [ -47.3344944, -20.8589201 ], [ -47.3353472, -20.858839 ], [ -47.3363102, -20.8592016 ], [ -47.3366926, -20.8592092 ], [ -47.3376066, -20.8587665 ], [ -47.3379611, -20.8584374 ], [ -47.3383157, -20.8581083 ], [ -47.3384176, -20.8578696 ], [ -47.3386368, -20.8577837 ], [ -47.3399307, -20.8577116 ], [ -47.3407581, -20.8577678 ], [ -47.3415072, -20.8576611 ], [ -47.3419298, -20.8573917 ], [ -47.3445092, -20.8542347 ], [ -47.3448819, -20.8534825 ], [ -47.3449964, -20.8523726 ], [ -47.3448868, -20.8520233 ], [ -47.3444863, -20.8516412 ], [ -47.3426705, -20.8505573 ], [ -47.3425187, -20.8502701 ], [ -47.342558, -20.8498807 ], [ -47.342832, -20.849601 ], [ -47.344148, -20.8490022 ], [ -47.3446789, -20.8489805 ], [ -47.3449742, -20.8490872 ], [ -47.3455445, -20.8497167 ], [ -47.3459443, -20.8498768 ], [ -47.346562, -20.8498701 ], [ -47.3470896, -20.8496802 ], [ -47.3475559, -20.8493568 ], [ -47.3485104, -20.8482353 ], [ -47.3486517, -20.8478884 ], [ -47.3485878, -20.8475705 ], [ -47.3477138, -20.8464566 ], [ -47.3472333, -20.8449678 ], [ -47.3472516, -20.8443583 ], [ -47.3477771, -20.8420385 ], [ -47.3480481, -20.8414531 ], [ -47.3495031, -20.8403617 ], [ -47.3496448, -20.8400284 ], [ -47.3494894, -20.8395182 ], [ -47.3484437, -20.8375241 ], [ -47.3479647, -20.8370455 ], [ -47.3458756, -20.8362297 ], [ -47.3454599, -20.8359531 ], [ -47.3450982, -20.8354331 ], [ -47.3449282, -20.8349494 ], [ -47.3449223, -20.8345618 ], [ -47.3451258, -20.8343513 ], [ -47.3454339, -20.8342778 ], [ -47.3470676, -20.8342556 ], [ -47.3474326, -20.8341115 ], [ -47.3475795, -20.8339419 ], [ -47.347521, -20.833112 ], [ -47.3473988, -20.8327002 ], [ -47.3471401, -20.8323289 ], [ -47.3451372, -20.831326 ], [ -47.3442931, -20.8310184 ], [ -47.3438198, -20.8307619 ], [ -47.3435186, -20.8304187 ], [ -47.3434997, -20.8301286 ], [ -47.3441218, -20.828668 ], [ -47.344539, -20.8279958 ], [ -47.3449017, -20.8276863 ], [ -47.3452537, -20.8275965 ], [ -47.3467189, -20.8281456 ], [ -47.3475372, -20.8286471 ], [ -47.3489617, -20.8291802 ], [ -47.3497253, -20.8291989 ], [ -47.3521687, -20.8286947 ], [ -47.3527559, -20.8286589 ], [ -47.3533474, -20.82883 ], [ -47.3543607, -20.8296195 ], [ -47.3547337, -20.8297525 ], [ -47.3551133, -20.8297339 ], [ -47.3554192, -20.8295363 ], [ -47.3555033, -20.8292852 ], [ -47.3553505, -20.8269922 ], [ -47.3555407, -20.825949 ], [ -47.3559316, -20.8255444 ], [ -47.3563842, -20.8252877 ], [ -47.3568225, -20.8252264 ], [ -47.3573565, -20.8253036 ], [ -47.3588168, -20.8260312 ], [ -47.3597343, -20.8263092 ], [ -47.3606777, -20.8265037 ], [ -47.3630376, -20.8266935 ], [ -47.364184, -20.8265112 ], [ -47.3653333, -20.8257197 ], [ -47.3657896, -20.8256851 ], [ -47.366775, -20.8261023 ], [ -47.3671577, -20.8261242 ], [ -47.367467, -20.8260229 ], [ -47.3678783, -20.8260719 ], [ -47.3683547, -20.8263024 ], [ -47.3691297, -20.8270242 ], [ -47.3694562, -20.8271868 ], [ -47.3696915, -20.8271276 ], [ -47.3697752, -20.826863 ], [ -47.3697151, -20.8259548 ], [ -47.3705157, -20.8246295 ], [ -47.3704543, -20.8244501 ], [ -47.3699777, -20.8240273 ], [ -47.3699288, -20.8238061 ], [ -47.370144, -20.8232635 ], [ -47.3700626, -20.8220085 ], [ -47.3702643, -20.8217287 ], [ -47.3707028, -20.8214867 ], [ -47.3713772, -20.8213248 ], [ -47.3718965, -20.8214976 ], [ -47.3727722, -20.8220282 ], [ -47.3731013, -20.8223941 ], [ -47.3734273, -20.822501 ], [ -47.3744944, -20.822418 ], [ -47.3751096, -20.8222017 ], [ -47.3752811, -20.8220186 ], [ -47.3755492, -20.8212129 ], [ -47.3757689, -20.8210695 ], [ -47.3765336, -20.8208652 ], [ -47.3771549, -20.8203588 ], [ -47.3774937, -20.8202838 ], [ -47.3778217, -20.8203908 ], [ -47.3779372, -20.8205417 ], [ -47.3778004, -20.8211395 ], [ -47.3779105, -20.8214996 ], [ -47.3780881, -20.8215927 ], [ -47.3783225, -20.8215334 ], [ -47.3788369, -20.8205035 ], [ -47.3790435, -20.8203739 ], [ -47.3794982, -20.8203967 ], [ -47.3798899, -20.8213321 ], [ -47.3802166, -20.8214668 ], [ -47.3805683, -20.8213635 ], [ -47.3807417, -20.8211806 ], [ -47.3809968, -20.8205379 ], [ -47.3813012, -20.8202179 ], [ -47.3821353, -20.8199426 ], [ -47.3824451, -20.8199392 ], [ -47.3827713, -20.8200866 ], [ -47.3833362, -20.8208407 ], [ -47.3843481, -20.8215329 ], [ -47.3848757, -20.8223288 ], [ -47.3852167, -20.8224901 ], [ -47.3855398, -20.8224441 ], [ -47.3866042, -20.8217651 ], [ -47.3872756, -20.8214502 ], [ -47.3877448, -20.821319 ], [ -47.3889826, -20.8212461 ], [ -47.3895202, -20.8209351 ], [ -47.3902831, -20.820772 ], [ -47.3911714, -20.8201365 ], [ -47.3916044, -20.8196031 ], [ -47.3918044, -20.8195353 ], [ -47.3926135, -20.8195681 ], [ -47.3928314, -20.8194659 ], [ -47.392838, -20.8188982 ], [ -47.3925324, -20.818127 ], [ -47.3925714, -20.8178077 ], [ -47.3930058, -20.8173732 ], [ -47.3933044, -20.8167456 ], [ -47.3931584, -20.8158404 ], [ -47.3931819, -20.8154791 ], [ -47.3933127, -20.8152154 ], [ -47.3935285, -20.8150736 ], [ -47.3947605, -20.8147784 ], [ -47.3947661, -20.8142115 ], [ -47.3943891, -20.813621 ], [ -47.3943709, -20.813401 ], [ -47.3945279, -20.8131068 ], [ -47.3948167, -20.8129004 ], [ -47.3953268, -20.8127123 ], [ -47.3958522, -20.8122633 ], [ -47.3963149, -20.8108718 ], [ -47.396579, -20.8108136 ], [ -47.3972922, -20.8111905 ], [ -47.3976162, -20.8112137 ], [ -47.3988191, -20.8109893 ], [ -47.3995044, -20.810993 ], [ -47.4015993, -20.8113249 ], [ -47.4023197, -20.8112293 ], [ -47.4028056, -20.811265 ], [ -47.4030728, -20.8114415 ], [ -47.4035904, -20.8115871 ], [ -47.4042673, -20.8115636 ], [ -47.4057527, -20.811917 ], [ -47.4064509, -20.8123508 ], [ -47.4066568, -20.8123479 ], [ -47.4067881, -20.8122478 ], [ -47.406788, -20.8120959 ], [ -47.4062886, -20.811356 ], [ -47.4062702, -20.8111629 ], [ -47.4063856, -20.8110505 ], [ -47.4070325, -20.8109431 ], [ -47.4075002, -20.810757 ], [ -47.4086626, -20.8097868 ], [ -47.409001, -20.809699 ], [ -47.4093827, -20.8097217 ], [ -47.4103639, -20.810303 ], [ -47.4106608, -20.8103952 ], [ -47.4109095, -20.8103364 ], [ -47.4110243, -20.8101952 ], [ -47.4109967, -20.8093942 ], [ -47.4111297, -20.809322 ], [ -47.4119241, -20.8093811 ], [ -47.4121152, -20.8091431 ], [ -47.4120836, -20.8088111 ], [ -47.4121756, -20.8086637 ], [ -47.41335, -20.8080776 ], [ -47.4137585, -20.8076178 ], [ -47.4142534, -20.8075126 ], [ -47.414703, -20.8078498 ], [ -47.4151208, -20.8079906 ], [ -47.4155869, -20.8078853 ], [ -47.4158071, -20.807687 ], [ -47.4159869, -20.8066064 ], [ -47.4162405, -20.8064561 ], [ -47.4170921, -20.8066153 ], [ -47.4176708, -20.8065484 ], [ -47.4180062, -20.8063976 ], [ -47.4183032, -20.8061349 ], [ -47.4183768, -20.8059013 ], [ -47.4179823, -20.8048275 ], [ -47.4179776, -20.8045829 ], [ -47.4181181, -20.8043599 ], [ -47.4194887, -20.8037265 ], [ -47.4196943, -20.8035537 ], [ -47.4197583, -20.8033197 ], [ -47.4197072, -20.8026833 ], [ -47.4198297, -20.8022772 ], [ -47.4200989, -20.8020772 ], [ -47.4204764, -20.8019738 ], [ -47.4211281, -20.8019996 ], [ -47.4215946, -20.8017954 ], [ -47.42278, -20.7993654 ], [ -47.4239753, -20.7979648 ], [ -47.4240267, -20.7977789 ], [ -47.4239554, -20.7975623 ], [ -47.4233188, -20.7968595 ], [ -47.4233265, -20.7966378 ], [ -47.4236104, -20.796388 ], [ -47.4246963, -20.7965956 ], [ -47.4250219, -20.7964912 ], [ -47.4264064, -20.7952488 ], [ -47.4266468, -20.7947834 ], [ -47.4267664, -20.7941337 ], [ -47.4269184, -20.7939337 ], [ -47.4273573, -20.7937203 ], [ -47.4284626, -20.7935934 ], [ -47.42998, -20.793671 ], [ -47.4303862, -20.7938123 ], [ -47.4307557, -20.794114 ], [ -47.4310827, -20.7942442 ], [ -47.4315004, -20.7942753 ], [ -47.4316448, -20.7941623 ], [ -47.4322219, -20.7937105 ], [ -47.4326256, -20.7935353 ], [ -47.4336408, -20.7937537 ], [ -47.4339655, -20.7937373 ], [ -47.4342993, -20.7934004 ], [ -47.4348848, -20.7925356 ], [ -47.435974, -20.7922238 ], [ -47.4361516, -20.7919412 ], [ -47.4359847, -20.7903628 ], [ -47.436118, -20.7898826 ], [ -47.4369483, -20.7880294 ], [ -47.4387092, -20.7857496 ], [ -47.4405943, -20.7843302 ], [ -47.4414086, -20.7839288 ], [ -47.4419852, -20.7834671 ], [ -47.4422545, -20.7831089 ], [ -47.4423233, -20.7825183 ], [ -47.4422611, -20.7818688 ], [ -47.4419787, -20.7812235 ], [ -47.4416476, -20.7808119 ], [ -47.4409862, -20.7803931 ], [ -47.4401499, -20.7800845 ], [ -47.4389093, -20.7799429 ], [ -47.4382458, -20.7800382 ], [ -47.437538, -20.7798036 ], [ -47.4373815, -20.7796215 ], [ -47.437338, -20.7791624 ], [ -47.4371773, -20.778724 ], [ -47.4354824, -20.7777562 ], [ -47.4349338, -20.7777507 ], [ -47.4343643, -20.7778944 ], [ -47.4330831, -20.7784892 ], [ -47.4326785, -20.7784441 ], [ -47.4321122, -20.7779381 ], [ -47.4316411, -20.7778959 ], [ -47.4313317, -20.7780486 ], [ -47.4302397, -20.778958 ], [ -47.4298607, -20.7789876 ], [ -47.4290748, -20.7786917 ], [ -47.4276714, -20.777255 ], [ -47.4274754, -20.7768332 ], [ -47.427469, -20.7763171 ], [ -47.4276456, -20.776056 ], [ -47.4285179, -20.7759346 ], [ -47.428747, -20.775662 ], [ -47.4287441, -20.7754408 ], [ -47.4283274, -20.7746996 ], [ -47.4283259, -20.774491 ], [ -47.4287687, -20.7738347 ], [ -47.4291599, -20.7737687 ], [ -47.4295021, -20.7740325 ], [ -47.4298749, -20.7745671 ], [ -47.4302019, -20.7746739 ], [ -47.4304759, -20.7746708 ], [ -47.4310716, -20.7744769 ], [ -47.431537, -20.7741638 ], [ -47.4320339, -20.7735437 ], [ -47.4324636, -20.7731655 ], [ -47.4329265, -20.7728883 ], [ -47.4331314, -20.7726408 ], [ -47.4331911, -20.7722602 ], [ -47.4330382, -20.7717097 ], [ -47.4326771, -20.7711271 ], [ -47.4322656, -20.7707541 ], [ -47.4309987, -20.7696054 ], [ -47.4299054, -20.7688619 ], [ -47.4289065, -20.7678074 ], [ -47.4288587, -20.7672915 ], [ -47.4289506, -20.7664807 ], [ -47.4295185, -20.7645357 ], [ -47.4298246, -20.7641268 ], [ -47.4303811, -20.7638612 ], [ -47.431289, -20.7636261 ], [ -47.4338351, -20.7633337 ], [ -47.4350571, -20.7630593 ], [ -47.4355708, -20.7630914 ], [ -47.4356955, -20.7631757 ], [ -47.4357578, -20.7632178 ], [ -47.4358201, -20.76326 ], [ -47.4359926, -20.7635155 ], [ -47.4361311, -20.7649103 ], [ -47.4362692, -20.7652274 ], [ -47.4365437, -20.7653691 ], [ -47.4373269, -20.7654815 ], [ -47.438095, -20.7654325 ], [ -47.4389903, -20.7652005 ], [ -47.4400643, -20.7647685 ], [ -47.4406307, -20.7642948 ], [ -47.4418822, -20.7628063 ], [ -47.4423355, -20.7626374 ], [ -47.442973, -20.7626068 ], [ -47.4467058, -20.7635205 ], [ -47.4474893, -20.7636473 ], [ -47.4479713, -20.7635919 ], [ -47.4485253, -20.7632498 ], [ -47.4494624, -20.7624279 ], [ -47.4505246, -20.7612242 ], [ -47.4511128, -20.7602902 ], [ -47.4515017, -20.7600533 ], [ -47.4521362, -20.7598706 ], [ -47.4524029, -20.7598708 ], [ -47.4526696, -20.759871 ], [ -47.4523089, -20.7595679 ], [ -47.4516914, -20.7593333 ], [ -47.451405, -20.7591121 ], [ -47.4514379, -20.7588411 ], [ -47.4521137, -20.7585925 ], [ -47.452245, -20.7584456 ], [ -47.4522964, -20.7574778 ], [ -47.4520928, -20.7572085 ], [ -47.4518446, -20.7571694 ], [ -47.4517172, -20.757294 ], [ -47.4516606, -20.7575345 ], [ -47.4515076, -20.757651 ], [ -47.4511575, -20.7576341 ], [ -47.4506129, -20.7572054 ], [ -47.4499601, -20.7569236 ], [ -47.4490019, -20.7563228 ], [ -47.4485536, -20.7562222 ], [ -47.447829, -20.7563988 ], [ -47.4474608, -20.7561583 ], [ -47.4468351, -20.7540943 ], [ -47.4464236, -20.7533884 ], [ -47.446162, -20.7534361 ], [ -47.4459887, -20.753887 ], [ -47.4457646, -20.753936 ], [ -47.4453087, -20.7538333 ], [ -47.4451309, -20.7536576 ], [ -47.4451577, -20.7533045 ], [ -47.4455661, -20.7531276 ], [ -47.4456279, -20.7530086 ], [ -47.4456478, -20.7526616 ], [ -47.4454081, -20.7522929 ], [ -47.4452759, -20.7518835 ], [ -47.445311, -20.751626 ], [ -47.4457364, -20.7510579 ], [ -47.4457161, -20.7507281 ], [ -47.4453264, -20.7505839 ], [ -47.4450404, -20.750885 ], [ -47.4447584, -20.7509624 ], [ -47.444238, -20.7509273 ], [ -47.4441705, -20.7506893 ], [ -47.4442541, -20.7502673 ], [ -47.4439989, -20.7500123 ], [ -47.4439527, -20.7497256 ], [ -47.4443741, -20.7490936 ], [ -47.4443725, -20.7484877 ], [ -47.4445683, -20.7480925 ], [ -47.4445808, -20.7477604 ], [ -47.4441013, -20.7472254 ], [ -47.4441282, -20.7469595 ], [ -47.4446433, -20.7467822 ], [ -47.4447503, -20.7466406 ], [ -47.4447696, -20.7463502 ], [ -47.4445156, -20.7456898 ], [ -47.4445254, -20.7452857 ], [ -47.4447668, -20.7451268 ], [ -47.445567, -20.7449792 ], [ -47.4458473, -20.7446078 ], [ -47.4456578, -20.744056 ], [ -47.4452145, -20.7434199 ], [ -47.4451897, -20.742726 ], [ -47.4449101, -20.7419703 ], [ -47.4448004, -20.7409729 ], [ -47.4448536, -20.7407655 ], [ -47.4454411, -20.7404013 ], [ -47.4451141, -20.7394982 ], [ -47.4455134, -20.7385741 ], [ -47.4452061, -20.7383926 ], [ -47.4445137, -20.738227 ], [ -47.4440262, -20.7378122 ], [ -47.4438646, -20.7373935 ], [ -47.4439175, -20.7372364 ], [ -47.4442274, -20.7370037 ], [ -47.4442367, -20.7367011 ], [ -47.4437562, -20.7365238 ], [ -47.4429977, -20.7364205 ], [ -47.4418925, -20.7355121 ], [ -47.4410293, -20.7350525 ], [ -47.4402799, -20.7348272 ], [ -47.4399305, -20.7344643 ], [ -47.4399869, -20.734071 ], [ -47.4406821, -20.7334601 ], [ -47.4416042, -20.7328704 ], [ -47.441748, -20.7324328 ], [ -47.4418301, -20.7316018 ], [ -47.441699, -20.7314108 ], [ -47.4406811, -20.7309525 ], [ -47.4399846, -20.7311256 ], [ -47.4398116, -20.731084 ], [ -47.4393503, -20.7306395 ], [ -47.4387065, -20.7309072 ], [ -47.4385161, -20.7308659 ], [ -47.4381228, -20.7305391 ], [ -47.4378319, -20.7304903 ], [ -47.4375742, -20.7305605 ], [ -47.4374441, -20.73128 ], [ -47.4373284, -20.731378 ], [ -47.4371172, -20.7314392 ], [ -47.436147, -20.7310762 ], [ -47.43574, -20.7311784 ], [ -47.4355952, -20.7315271 ], [ -47.4350394, -20.7320012 ], [ -47.4350036, -20.7321859 ], [ -47.4350789, -20.7323541 ], [ -47.4358225, -20.7324911 ], [ -47.4360305, -20.7326131 ], [ -47.4361209, -20.7328781 ], [ -47.4360703, -20.7331809 ], [ -47.4355574, -20.7335982 ], [ -47.4344649, -20.7337976 ], [ -47.4332614, -20.7336522 ], [ -47.431589, -20.7336174 ], [ -47.4304541, -20.7333523 ], [ -47.4293747, -20.73327 ], [ -47.4289787, -20.7331614 ], [ -47.4273252, -20.7322708 ], [ -47.4269221, -20.7321935 ], [ -47.4262314, -20.7322329 ], [ -47.4258496, -20.732461 ], [ -47.4255067, -20.7331014 ], [ -47.4255748, -20.7339021 ], [ -47.4260777, -20.7348227 ], [ -47.4260691, -20.735376 ], [ -47.4259072, -20.7355424 ], [ -47.4247887, -20.7357641 ], [ -47.4238931, -20.7361615 ], [ -47.4216157, -20.736251 ], [ -47.4205548, -20.7359203 ], [ -47.4188808, -20.7358557 ], [ -47.4186174, -20.7355258 ], [ -47.4191933, -20.7347217 ], [ -47.4191315, -20.7343293 ], [ -47.4183062, -20.7343491 ], [ -47.4178569, -20.7342062 ], [ -47.4169148, -20.7328878 ], [ -47.4164309, -20.7324362 ], [ -47.4160842, -20.7323008 ], [ -47.4143621, -20.732104 ], [ -47.4142778, -20.7322077 ], [ -47.4142156, -20.7327338 ], [ -47.4139659, -20.7327737 ], [ -47.4133372, -20.7323831 ], [ -47.4130086, -20.7324038 ], [ -47.4127516, -20.7325477 ], [ -47.4121618, -20.7333602 ], [ -47.411741, -20.7336237 ], [ -47.4112179, -20.7337646 ], [ -47.4110672, -20.7336277 ], [ -47.4112121, -20.7329034 ], [ -47.4109737, -20.7327721 ], [ -47.4103683, -20.7330609 ], [ -47.4101628, -20.7330791 ], [ -47.4094934, -20.7328074 ], [ -47.4082889, -20.7329718 ], [ -47.4075563, -20.7326284 ], [ -47.4065149, -20.7329527 ], [ -47.4062839, -20.7329412 ], [ -47.4061476, -20.7328704 ], [ -47.4061208, -20.7326258 ], [ -47.4062583, -20.7324234 ], [ -47.4071066, -20.7317646 ], [ -47.4070294, -20.7315514 ], [ -47.4067846, -20.7314369 ], [ -47.4059958, -20.7315668 ], [ -47.4058081, -20.7314869 ], [ -47.4056959, -20.7309281 ], [ -47.4054985, -20.7308504 ], [ -47.4052697, -20.7308291 ], [ -47.404553, -20.7310696 ], [ -47.4039585, -20.7311296 ], [ -47.4037043, -20.7309636 ], [ -47.4038416, -20.7307019 ], [ -47.4038089, -20.7305487 ], [ -47.4033192, -20.730451 ], [ -47.4027513, -20.7305183 ], [ -47.4022133, -20.730185 ], [ -47.401354, -20.7304982 ], [ -47.4009634, -20.7304447 ], [ -47.4002324, -20.729998 ], [ -47.3989531, -20.7296508 ], [ -47.398341, -20.7292113 ], [ -47.3980299, -20.7288516 ], [ -47.3977081, -20.7288501 ], [ -47.397378, -20.7292375 ], [ -47.3971716, -20.7291883 ], [ -47.3967218, -20.7285069 ], [ -47.3962591, -20.7280776 ], [ -47.3960091, -20.728104 ], [ -47.3958476, -20.7282597 ], [ -47.396056, -20.7290118 ], [ -47.3960114, -20.7292419 ], [ -47.3956611, -20.7294092 ], [ -47.3952811, -20.7291763 ], [ -47.3951828, -20.7285884 ], [ -47.3948094, -20.728247 ], [ -47.3945662, -20.7282053 ], [ -47.3939316, -20.7283465 ], [ -47.3935471, -20.7283075 ], [ -47.3932084, -20.7277877 ], [ -47.3929324, -20.7277484 ], [ -47.3923748, -20.7281315 ], [ -47.3921472, -20.7281507 ], [ -47.3919888, -20.7283217 ], [ -47.3919654, -20.7285077 ], [ -47.3924056, -20.7291213 ], [ -47.3921504, -20.7293326 ], [ -47.3917335, -20.7293086 ], [ -47.3911246, -20.7289699 ], [ -47.3902895, -20.7289731 ], [ -47.3896526, -20.7287914 ], [ -47.3887206, -20.7289446 ], [ -47.3883428, -20.7288825 ], [ -47.3870158, -20.728333 ], [ -47.3859782, -20.728394 ], [ -47.3854789, -20.7281223 ], [ -47.3853018, -20.7278414 ], [ -47.3852211, -20.7238103 ], [ -47.3850725, -20.723606 ], [ -47.3840192, -20.7230589 ], [ -47.3826283, -20.7218832 ], [ -47.3822384, -20.7213704 ], [ -47.3813271, -20.7207208 ], [ -47.3806656, -20.7199145 ], [ -47.3795903, -20.7194115 ], [ -47.3795189, -20.7190879 ], [ -47.3796276, -20.7189105 ], [ -47.3803091, -20.7183758 ], [ -47.3813753, -20.7177866 ], [ -47.3816762, -20.7175186 ], [ -47.381494, -20.7167837 ], [ -47.381573, -20.7162951 ], [ -47.3814269, -20.7160091 ], [ -47.3800213, -20.7154584 ], [ -47.3794147, -20.7150703 ], [ -47.3791539, -20.7150136 ], [ -47.3787567, -20.7151314 ], [ -47.3786416, -20.7152807 ], [ -47.378579, -20.7161869 ], [ -47.378344, -20.7162435 ], [ -47.3779522, -20.7158205 ], [ -47.3777632, -20.7157485 ], [ -47.3773867, -20.7158123 ], [ -47.3761827, -20.7165625 ], [ -47.3753438, -20.7165214 ], [ -47.3748565, -20.7160624 ], [ -47.3744632, -20.7146831 ], [ -47.3736797, -20.7137931 ], [ -47.372996, -20.7131881 ], [ -47.3724494, -20.7129902 ], [ -47.3722869, -20.7130145 ], [ -47.3717186, -20.7134214 ], [ -47.3709551, -20.7137642 ], [ -47.3704134, -20.7143321 ], [ -47.369847, -20.7147391 ], [ -47.3693291, -20.7147175 ], [ -47.3689974, -20.714494 ], [ -47.3688354, -20.7143849 ], [ -47.3682281, -20.7135286 ], [ -47.3679805, -20.713325 ], [ -47.3673842, -20.7130738 ], [ -47.3671248, -20.712788 ], [ -47.3668654, -20.7125022 ], [ -47.3665387, -20.7115577 ], [ -47.366325, -20.7100074 ], [ -47.3659747, -20.7094053 ], [ -47.3656797, -20.7063942 ], [ -47.365177, -20.7055194 ], [ -47.3650648, -20.7050756 ], [ -47.3649241, -20.702996 ], [ -47.3647143, -20.701906 ], [ -47.3648827, -20.7010641 ], [ -47.3647034, -20.7001334 ], [ -47.3653115, -20.6995411 ], [ -47.3660856, -20.6993469 ], [ -47.3663125, -20.6990348 ], [ -47.3661997, -20.698627 ], [ -47.3660018, -20.6983633 ], [ -47.3652499, -20.6980927 ], [ -47.3647731, -20.6977464 ], [ -47.3646724, -20.6971719 ], [ -47.3649098, -20.6964872 ], [ -47.3649287, -20.6958553 ], [ -47.364671, -20.6954212 ], [ -47.3643656, -20.6953322 ], [ -47.3640643, -20.6950825 ], [ -47.363948, -20.6947752 ], [ -47.3643048, -20.693732 ], [ -47.3642084, -20.6933437 ], [ -47.3633717, -20.6931679 ], [ -47.3629547, -20.6933442 ], [ -47.362558, -20.6936957 ], [ -47.3623349, -20.6937662 ], [ -47.3620075, -20.6936305 ], [ -47.3616967, -20.6931801 ], [ -47.3616783, -20.6921935 ], [ -47.3613592, -20.6912979 ], [ -47.3613958, -20.6907008 ], [ -47.3612736, -20.6903546 ], [ -47.3609868, -20.6900812 ], [ -47.3609005, -20.6897247 ], [ -47.3610933, -20.6894247 ], [ -47.3619326, -20.688968 ], [ -47.3622386, -20.6886706 ], [ -47.3624967, -20.6881502 ], [ -47.3624999, -20.6878565 ], [ -47.3622956, -20.6873229 ], [ -47.3621997, -20.6867243 ], [ -47.362291, -20.6859325 ], [ -47.3618472, -20.6854922 ], [ -47.3617285, -20.6851309 ], [ -47.3617084, -20.6846466 ], [ -47.3613939, -20.6841475 ], [ -47.3614843, -20.6835075 ], [ -47.3614286, -20.6831774 ], [ -47.3613263, -20.6830341 ], [ -47.3601939, -20.6824156 ], [ -47.3581003, -20.6808211 ], [ -47.3576696, -20.680588 ], [ -47.3567476, -20.6802103 ], [ -47.3556602, -20.6802324 ], [ -47.3553596, -20.6800106 ], [ -47.3552492, -20.6797682 ], [ -47.355281, -20.678514 ], [ -47.3546961, -20.6781384 ], [ -47.3546699, -20.6780341 ], [ -47.355118, -20.6772972 ], [ -47.3550519, -20.6771617 ], [ -47.3545274, -20.6768549 ], [ -47.3542269, -20.6765441 ], [ -47.3542597, -20.6763414 ], [ -47.3544497, -20.6761276 ], [ -47.3548478, -20.6758966 ], [ -47.3552435, -20.6754813 ], [ -47.3553626, -20.6749979 ], [ -47.3553096, -20.674871 ], [ -47.3547415, -20.6744187 ], [ -47.353757, -20.6742174 ], [ -47.3532013, -20.6742087 ], [ -47.352848, -20.6740065 ], [ -47.3521756, -20.674137 ], [ -47.3516768, -20.6739472 ], [ -47.3509443, -20.6742237 ], [ -47.3504093, -20.6739381 ], [ -47.3499261, -20.6739384 ], [ -47.349579, -20.6737481 ], [ -47.3493549, -20.6733369 ], [ -47.349224, -20.6717394 ], [ -47.3489673, -20.6711976 ], [ -47.3486139, -20.6709306 ], [ -47.3483777, -20.6708856 ], [ -47.3474767, -20.6710829 ], [ -47.3471878, -20.6709244 ], [ -47.3472772, -20.6693857 ], [ -47.3470628, -20.6684456 ], [ -47.3474076, -20.6675476 ], [ -47.3473418, -20.6669421 ], [ -47.3474625, -20.666687 ], [ -47.3478782, -20.6662958 ], [ -47.3482127, -20.6658081 ], [ -47.3485498, -20.6656099 ], [ -47.3500739, -20.6659011 ], [ -47.3503854, -20.665851 ], [ -47.3510892, -20.6649326 ], [ -47.3513558, -20.6634699 ], [ -47.3515686, -20.6633028 ], [ -47.352129, -20.6632506 ], [ -47.3522484, -20.6631545 ], [ -47.3523206, -20.6629102 ], [ -47.3520852, -20.6624509 ], [ -47.3520574, -20.6621416 ], [ -47.3521018, -20.6612347 ], [ -47.3526607, -20.6601805 ], [ -47.3536473, -20.6589457 ], [ -47.3545818, -20.6566576 ], [ -47.3546578, -20.6558634 ], [ -47.3549779, -20.6555269 ], [ -47.3549847, -20.6552621 ], [ -47.3548505, -20.6548813 ], [ -47.354898, -20.6543646 ], [ -47.35572, -20.6532251 ], [ -47.3560204, -20.6525258 ], [ -47.3563581, -20.6513021 ], [ -47.3563671, -20.6506882 ], [ -47.3563761, -20.6500743 ], [ -47.3567091, -20.6486708 ], [ -47.3566705, -20.6483898 ], [ -47.3564312, -20.6480203 ], [ -47.3564328, -20.6477615 ], [ -47.3572853, -20.6469107 ], [ -47.3574947, -20.6464712 ], [ -47.3576804, -20.645098 ], [ -47.3576485, -20.6436705 ], [ -47.3572885, -20.641774 ], [ -47.3572614, -20.6399739 ], [ -47.3568675, -20.6382594 ], [ -47.357016, -20.6367913 ], [ -47.3565163, -20.635434 ], [ -47.3561908, -20.6342218 ], [ -47.3561224, -20.6332127 ], [ -47.3566218, -20.6310759 ], [ -47.3568958, -20.6303198 ], [ -47.3570551, -20.6285366 ], [ -47.357359, -20.6277116 ], [ -47.3575996, -20.6260897 ], [ -47.3582887, -20.6249523 ], [ -47.3583273, -20.6245296 ], [ -47.3582826, -20.6239914 ], [ -47.3576346, -20.6226213 ], [ -47.3570904, -20.6217126 ], [ -47.3564196, -20.6208862 ], [ -47.3561344, -20.6207342 ], [ -47.3539768, -20.6183763 ], [ -47.3525424, -20.617447 ], [ -47.3524409, -20.6173948 ], [ -47.3510867, -20.6166993 ], [ -47.3506482, -20.6162961 ], [ -47.3478278, -20.6124947 ], [ -47.3457454, -20.6101584 ], [ -47.3445467, -20.6083589 ], [ -47.3444451, -20.6082065 ], [ -47.3442968, -20.6079837 ], [ -47.3442576, -20.6079249 ], [ -47.3432229, -20.6066416 ], [ -47.3432104, -20.6066314 ], [ -47.3430932, -20.6065358 ], [ -47.3404749, -20.6044002 ], [ -47.3387722, -20.6035523 ], [ -47.3355663, -20.601465 ], [ -47.3342239, -20.600062 ], [ -47.3331955, -20.5983286 ], [ -47.3326372, -20.596208 ], [ -47.3325391, -20.5950252 ], [ -47.3319199, -20.5935079 ], [ -47.3313296, -20.5908667 ], [ -47.3312771, -20.5900244 ], [ -47.3312194, -20.5890897 ], [ -47.3312122, -20.5889726 ], [ -47.331209, -20.588921 ], [ -47.3312058, -20.5888697 ], [ -47.3311855, -20.5885391 ], [ -47.3312754, -20.5881016 ], [ -47.3315609, -20.586713 ], [ -47.3315852, -20.5859582 ], [ -47.3311422, -20.5844953 ], [ -47.3310626, -20.5839639 ], [ -47.3312325, -20.5826898 ], [ -47.3309504, -20.5816303 ], [ -47.3304306, -20.5805195 ], [ -47.3300309, -20.580089 ], [ -47.3297817, -20.5792212 ], [ -47.3291764, -20.5786606 ], [ -47.3277745, -20.5776597 ], [ -47.3274929, -20.5773156 ], [ -47.3266565, -20.5758043 ], [ -47.3256876, -20.5752631 ], [ -47.3253959, -20.5746219 ], [ -47.3246068, -20.5739195 ], [ -47.3241278, -20.573282 ], [ -47.3235918, -20.5728067 ], [ -47.3230229, -20.572031 ], [ -47.3221748, -20.5715581 ], [ -47.3218003, -20.5712535 ], [ -47.3212241, -20.5705565 ], [ -47.3196616, -20.5695404 ], [ -47.3193528, -20.5693733 ], [ -47.3193147, -20.5693526 ], [ -47.319276, -20.5693316 ], [ -47.3173483, -20.568288 ], [ -47.3163417, -20.5674244 ], [ -47.3154295, -20.566356 ], [ -47.3147199, -20.5651542 ], [ -47.3142126, -20.5638255 ], [ -47.3139975, -20.5620703 ], [ -47.3141141, -20.5614017 ], [ -47.3148693, -20.5595841 ], [ -47.3162431, -20.5578414 ], [ -47.3174177, -20.5566383 ], [ -47.3179603, -20.555951 ], [ -47.3183863, -20.5552286 ], [ -47.3178628, -20.5547323 ], [ -47.3177201, -20.5536251 ], [ -47.3179311, -20.553059 ], [ -47.3189921, -20.5516853 ], [ -47.3193878, -20.5506455 ], [ -47.3193501, -20.5499729 ], [ -47.3193493, -20.5499585 ], [ -47.3193481, -20.5499368 ], [ -47.3193471, -20.549919 ], [ -47.3193461, -20.5499015 ], [ -47.319323, -20.5494909 ], [ -47.3190957, -20.548961 ], [ -47.3180384, -20.5476337 ], [ -47.3173356, -20.5458355 ], [ -47.3171925, -20.5437938 ], [ -47.317269, -20.5433389 ], [ -47.317277, -20.5432917 ], [ -47.3172849, -20.5432448 ], [ -47.3173532, -20.5428384 ], [ -47.3175934, -20.5421081 ], [ -47.3181468, -20.5413017 ], [ -47.3194779, -20.5399823 ], [ -47.3195828, -20.5395793 ], [ -47.3194661, -20.5391533 ], [ -47.3190216, -20.5388919 ], [ -47.3182985, -20.5389468 ], [ -47.3168495, -20.5396479 ], [ -47.3137902, -20.5409162 ], [ -47.3123542, -20.5412286 ], [ -47.311613, -20.5413899 ], [ -47.3114112, -20.5416149 ], [ -47.3119495, -20.5425404 ], [ -47.3122289, -20.5433069 ], [ -47.3124983, -20.5445007 ], [ -47.3124104, -20.5449753 ], [ -47.3121335, -20.5454697 ], [ -47.3116409, -20.545686 ], [ -47.3111817, -20.5457046 ], [ -47.3103724, -20.5452709 ], [ -47.3098944, -20.5447 ], [ -47.3085302, -20.5420093 ], [ -47.308087, -20.5417622 ], [ -47.3073945, -20.5415335 ], [ -47.3068848, -20.541096 ], [ -47.3053778, -20.5386659 ], [ -47.3049059, -20.5375173 ], [ -47.3041509, -20.5349524 ], [ -47.3041113, -20.5348179 ], [ -47.3039514, -20.5345683 ], [ -47.3036819, -20.5344537 ], [ -47.3034342, -20.5344999 ], [ -47.3027451, -20.5349838 ], [ -47.3019924, -20.5359577 ], [ -47.3014142, -20.5362303 ], [ -47.3001641, -20.5365731 ], [ -47.300074, -20.5367674 ], [ -47.3001405, -20.5371356 ], [ -47.3006503, -20.5376342 ], [ -47.3010066, -20.5383092 ], [ -47.3014511, -20.5396661 ], [ -47.3015287, -20.5406782 ], [ -47.3012712, -20.5414519 ], [ -47.2996776, -20.5429093 ], [ -47.2986996, -20.5436786 ], [ -47.2985471, -20.5439612 ], [ -47.298585, -20.5443014 ], [ -47.2996666, -20.5453755 ], [ -47.3000684, -20.5459768 ], [ -47.3002524, -20.5467288 ], [ -47.300308, -20.5475415 ], [ -47.3002444, -20.5482705 ], [ -47.2997757, -20.54955 ], [ -47.2997668, -20.5499505 ], [ -47.2998968, -20.5503338 ], [ -47.3002026, -20.5506933 ], [ -47.3003976, -20.551106 ], [ -47.3003709, -20.5515202 ], [ -47.3002177, -20.5517749 ], [ -47.299843, -20.5519572 ], [ -47.299358, -20.5519647 ], [ -47.2986033, -20.5515115 ], [ -47.296568, -20.5497942 ], [ -47.2936179, -20.5478817 ], [ -47.2928868, -20.5472407 ], [ -47.2921326, -20.5462736 ], [ -47.2915034, -20.5451261 ], [ -47.2905725, -20.5428043 ], [ -47.2901228, -20.5421149 ], [ -47.2898058, -20.5418816 ], [ -47.2893958, -20.5417984 ], [ -47.2890974, -20.5418606 ], [ -47.288867, -20.5421465 ], [ -47.2888572, -20.5425909 ], [ -47.2890478, -20.5438041 ], [ -47.2900722, -20.5481963 ], [ -47.2902112, -20.5501471 ], [ -47.290569, -20.5520344 ], [ -47.290497, -20.5524512 ], [ -47.2900034, -20.5529606 ], [ -47.28964, -20.5530401 ], [ -47.2891136, -20.552876 ], [ -47.2881905, -20.5521468 ], [ -47.2845004, -20.5503683 ], [ -47.2835783, -20.5496408 ], [ -47.2823248, -20.5478502 ], [ -47.2821561, -20.5469918 ], [ -47.2820736, -20.5458097 ], [ -47.2821843, -20.5445335 ], [ -47.2820501, -20.5440917 ], [ -47.2818253, -20.5437685 ], [ -47.2814162, -20.5437743 ], [ -47.2796006, -20.5443612 ], [ -47.2786307, -20.5444612 ], [ -47.2782175, -20.5442305 ], [ -47.2778673, -20.5438801 ], [ -47.2772301, -20.543178 ], [ -47.2768091, -20.5424726 ], [ -47.2764575, -20.5421508 ], [ -47.2760175, -20.542097 ], [ -47.2755829, -20.5424864 ], [ -47.2755053, -20.5429632 ], [ -47.2750707, -20.5433535 ], [ -47.2745082, -20.5435088 ], [ -47.2742291, -20.5438979 ], [ -47.2747184, -20.5449285 ], [ -47.2749194, -20.5456381 ], [ -47.2749217, -20.5461099 ], [ -47.2748046, -20.5465268 ], [ -47.2740263, -20.5470709 ], [ -47.2737507, -20.5474008 ], [ -47.2738863, -20.5482256 ], [ -47.2737695, -20.5488509 ], [ -47.2733422, -20.5496854 ], [ -47.27263, -20.5505834 ], [ -47.2723253, -20.5546969 ], [ -47.2715988, -20.5564839 ], [ -47.2709218, -20.5575612 ], [ -47.2694253, -20.5583489 ], [ -47.2675741, -20.5585811 ], [ -47.2665399, -20.5588313 ], [ -47.2656352, -20.5592591 ], [ -47.2643388, -20.5607545 ], [ -47.2640637, -20.561442 ], [ -47.2637259, -20.5619196 ], [ -47.2632875, -20.5621317 ], [ -47.2625677, -20.5622611 ], [ -47.2619682, -20.5621202 ], [ -47.2617117, -20.5618875 ], [ -47.2615512, -20.5615641 ], [ -47.2616059, -20.5609992 ], [ -47.2620325, -20.560074 ], [ -47.262841, -20.5595006 ], [ -47.2660225, -20.5578301 ], [ -47.2682605, -20.5561132 ], [ -47.269051, -20.5543557 ], [ -47.2688565, -20.5528892 ], [ -47.2688399, -20.552764 ], [ -47.2682552, -20.5515215 ], [ -47.2680247, -20.5507838 ], [ -47.2678151, -20.5493965 ], [ -47.2675267, -20.5490133 ], [ -47.2669286, -20.5489309 ], [ -47.2658734, -20.5498111 ], [ -47.2654366, -20.5499677 ], [ -47.2647112, -20.5499199 ], [ -47.2626151, -20.5484344 ], [ -47.2624178, -20.5478149 ], [ -47.262599, -20.5473385 ], [ -47.2633124, -20.5466778 ], [ -47.2637752, -20.546108 ], [ -47.264201, -20.5451558 ], [ -47.2645904, -20.5438303 ], [ -47.26467, -20.5428503 ], [ -47.2649685, -20.5417809 ], [ -47.2666009, -20.5394485 ], [ -47.2670949, -20.5389078 ], [ -47.2675795, -20.5376883 ], [ -47.2675898, -20.536384 ], [ -47.267321, -20.5350545 ], [ -47.2671315, -20.5349978 ], [ -47.2659159, -20.5356661 ], [ -47.2637096, -20.537324 ], [ -47.2624584, -20.5377546 ], [ -47.2611719, -20.5379187 ], [ -47.2606318, -20.537542 ], [ -47.2599305, -20.5368401 ], [ -47.2596787, -20.5361709 ], [ -47.2595262, -20.5354619 ], [ -47.2593736, -20.5347529 ], [ -47.2591644, -20.5335102 ], [ -47.2591936, -20.5329758 ], [ -47.2589991, -20.5327724 ], [ -47.2584056, -20.5328699 ], [ -47.2564483, -20.5344951 ], [ -47.2549826, -20.535372 ], [ -47.2549001, -20.5359376 ], [ -47.2547491, -20.5362947 ], [ -47.2540008, -20.5368983 ], [ -47.2528081, -20.5370013 ], [ -47.2526546, -20.5372398 ], [ -47.2527861, -20.5376528 ], [ -47.2528664, -20.5388366 ], [ -47.2527633, -20.5403493 ], [ -47.252418, -20.542478 ], [ -47.2519848, -20.5429869 ], [ -47.249821, -20.5432823 ], [ -47.2495399, -20.5434116 ], [ -47.2493629, -20.5441819 ], [ -47.2496311, -20.5453038 ], [ -47.2501513, -20.5464794 ], [ -47.2504209, -20.5477209 ], [ -47.2502761, -20.5507433 ], [ -47.2499081, -20.55134 ], [ -47.2495316, -20.5513452 ], [ -47.2487702, -20.5509392 ], [ -47.2485382, -20.5478645 ], [ -47.2483412, -20.5473923 ], [ -47.2478956, -20.5469842 ], [ -47.2470759, -20.546877 ], [ -47.2461341, -20.5469492 ], [ -47.2446849, -20.5467295 ], [ -47.2439217, -20.5461473 ], [ -47.243595, -20.5452631 ], [ -47.2435218, -20.5445522 ], [ -47.243887, -20.5437793 ], [ -47.2460566, -20.5416782 ], [ -47.2467972, -20.5406637 ], [ -47.2482505, -20.5369139 ], [ -47.2491743, -20.5355947 ], [ -47.2494156, -20.5348232 ], [ -47.2490299, -20.5344722 ], [ -47.2482114, -20.5341862 ], [ -47.2473156, -20.5331308 ], [ -47.2473071, -20.5325393 ], [ -47.2474893, -20.5320629 ], [ -47.2472947, -20.5317095 ], [ -47.2469158, -20.5315977 ], [ -47.2457916, -20.5320861 ], [ -47.2442438, -20.5335842 ], [ -47.2432406, -20.5338957 ], [ -47.2423476, -20.5330794 ], [ -47.2421234, -20.5305909 ], [ -47.2417294, -20.5294731 ], [ -47.2408985, -20.5285334 ], [ -47.2402256, -20.5254704 ], [ -47.2401436, -20.5241105 ], [ -47.2398799, -20.5233446 ], [ -47.2393754, -20.5230546 ], [ -47.2391222, -20.5231185 ], [ -47.2386906, -20.5236561 ], [ -47.2381998, -20.5244934 ], [ -47.2375733, -20.52462 ], [ -47.2370744, -20.5249206 ], [ -47.2365206, -20.5258156 ], [ -47.2365311, -20.5264683 ], [ -47.237048, -20.5274102 ], [ -47.2374502, -20.529062 ], [ -47.2372289, -20.5311388 ], [ -47.2363126, -20.5330476 ], [ -47.2357582, -20.533824 ], [ -47.2350107, -20.5341912 ], [ -47.2342518, -20.5341411 ], [ -47.2336013, -20.5312479 ], [ -47.2330786, -20.5298304 ], [ -47.2323092, -20.5287161 ], [ -47.231289, -20.5279577 ], [ -47.2290802, -20.5272772 ], [ -47.227887, -20.5273494 ], [ -47.2266997, -20.5278981 ], [ -47.2262348, -20.528319 ], [ -47.22577, -20.5287399 ], [ -47.2267849, -20.5293786 ], [ -47.2282381, -20.5298932 ], [ -47.2285575, -20.5302453 ], [ -47.2283224, -20.5313736 ], [ -47.2282707, -20.5320859 ], [ -47.2285931, -20.5326744 ], [ -47.2286053, -20.533505 ], [ -47.2284852, -20.53392 ], [ -47.2279899, -20.5344003 ], [ -47.2274245, -20.5344673 ], [ -47.226602, -20.5341227 ], [ -47.2255841, -20.5332475 ], [ -47.2248264, -20.5330186 ], [ -47.2244515, -20.5331424 ], [ -47.223959, -20.533861 ], [ -47.2235347, -20.5349918 ], [ -47.2229717, -20.5353536 ], [ -47.2224729, -20.5354771 ], [ -47.2202086, -20.5355077 ], [ -47.2197696, -20.5356909 ], [ -47.2196535, -20.5361671 ], [ -47.2204224, -20.5370946 ], [ -47.221947, -20.5383183 ], [ -47.2223968, -20.5388452 ], [ -47.2225285, -20.5393167 ], [ -47.2220903, -20.5395027 ], [ -47.2214633, -20.5395089 ], [ -47.218058, -20.5388418 ], [ -47.2165435, -20.5383876 ], [ -47.2157902, -20.5385155 ], [ -47.21536, -20.5391726 ], [ -47.2154957, -20.5399434 ], [ -47.2180364, -20.5418644 ], [ -47.219745, -20.5425526 ], [ -47.2210154, -20.5434259 ], [ -47.2221018, -20.5445975 ], [ -47.2240006, -20.5455213 ], [ -47.2262694, -20.5458494 ], [ -47.2269029, -20.5461939 ], [ -47.2269122, -20.5467873 ], [ -47.2257271, -20.5474537 ], [ -47.2235257, -20.5474238 ], [ -47.2226438, -20.5473141 ], [ -47.2203095, -20.5467534 ], [ -47.2179231, -20.5470208 ], [ -47.2159739, -20.5468677 ], [ -47.2139591, -20.5468944 ], [ -47.2115039, -20.5465706 ], [ -47.2101199, -20.5462902 ], [ -47.209436, -20.5469518 ], [ -47.2093813, -20.547664 ], [ -47.2118492, -20.5486756 ], [ -47.212735, -20.5491971 ], [ -47.215088, -20.551003 ], [ -47.2152876, -20.5516541 ], [ -47.215239, -20.5526621 ], [ -47.2154377, -20.5533113 ], [ -47.216078, -20.5541314 ], [ -47.2169645, -20.5545954 ], [ -47.2177876, -20.5548215 ], [ -47.2183596, -20.5554071 ], [ -47.2189496, -20.557059 ], [ -47.2203408, -20.5576343 ], [ -47.22173, -20.5579103 ], [ -47.2236115, -20.5577094 ], [ -47.2252503, -20.5579843 ], [ -47.2266457, -20.5590934 ], [ -47.2270969, -20.5596788 ], [ -47.2273636, -20.5605041 ], [ -47.2276833, -20.5609163 ], [ -47.2290107, -20.5613732 ], [ -47.2310219, -20.5614091 ], [ -47.23223, -20.5611578 ], [ -47.2331992, -20.56073 ], [ -47.2339513, -20.5607188 ], [ -47.2349052, -20.5613291 ], [ -47.2355923, -20.5631564 ], [ -47.2369044, -20.5649163 ], [ -47.2368329, -20.5662505 ], [ -47.2364582, -20.5666708 ], [ -47.2358288, -20.5667065 ], [ -47.2346566, -20.565864 ], [ -47.2333167, -20.5645181 ], [ -47.2327455, -20.5641716 ], [ -47.2316703, -20.563827 ], [ -47.2303968, -20.5638009 ], [ -47.2271987, -20.5645535 ], [ -47.2260627, -20.5641526 ], [ -47.2251726, -20.5635726 ], [ -47.2245984, -20.5629285 ], [ -47.223581, -20.5621692 ], [ -47.2217467, -20.5613656 ], [ -47.2215579, -20.5614256 ], [ -47.221126, -20.5619659 ], [ -47.221848, -20.5639095 ], [ -47.2217312, -20.5646831 ], [ -47.2212973, -20.5651604 ], [ -47.2202982, -20.5655887 ], [ -47.217784, -20.5656813 ], [ -47.2174722, -20.5659818 ], [ -47.2174841, -20.5667505 ], [ -47.2183819, -20.5678052 ], [ -47.2183268, -20.5683987 ], [ -47.2176547, -20.569829 ], [ -47.2172857, -20.5704013 ], [ -47.2179923, -20.5714594 ], [ -47.2190085, -20.5721594 ], [ -47.2201437, -20.5723204 ], [ -47.2218921, -20.5714684 ], [ -47.2245988, -20.5716708 ], [ -47.2266379, -20.5727906 ], [ -47.2278108, -20.5737491 ], [ -47.2285296, -20.5747914 ], [ -47.2289535, -20.5756022 ], [ -47.2288358, -20.5760711 ], [ -47.2285113, -20.576506 ], [ -47.2280987, -20.5765869 ], [ -47.2261488, -20.5760295 ], [ -47.2255731, -20.5761526 ], [ -47.2251209, -20.576392 ], [ -47.2249228, -20.5769423 ], [ -47.2249304, -20.5774843 ], [ -47.2247343, -20.5782278 ], [ -47.2242836, -20.5785841 ], [ -47.2235795, -20.5783985 ], [ -47.2231104, -20.5773533 ], [ -47.2220531, -20.575694 ], [ -47.2207531, -20.5744232 ], [ -47.2197545, -20.5739306 ], [ -47.2185963, -20.5737911 ], [ -47.2172384, -20.5742351 ], [ -47.215703, -20.5755005 ], [ -47.21493, -20.5763698 ], [ -47.2145616, -20.5766465 ], [ -47.2141913, -20.5767273 ], [ -47.2134851, -20.5765021 ], [ -47.2126056, -20.5756197 ], [ -47.2111537, -20.5723681 ], [ -47.210822, -20.5695043 ], [ -47.2109242, -20.5650636 ], [ -47.2112893, -20.5617481 ], [ -47.211228, -20.5604259 ], [ -47.2106375, -20.559304 ], [ -47.2099685, -20.5590021 ], [ -47.2089376, -20.5591309 ], [ -47.206681, -20.5602109 ], [ -47.2056193, -20.5611218 ], [ -47.2048393, -20.5614804 ], [ -47.204214, -20.5611012 ], [ -47.2038122, -20.5590406 ], [ -47.2034694, -20.5580713 ], [ -47.2027572, -20.5575736 ], [ -47.2015619, -20.5576671 ], [ -47.2003615, -20.5575286 ], [ -47.1995825, -20.5578863 ], [ -47.198443, -20.5591859 ], [ -47.1978294, -20.5595806 ], [ -47.1972423, -20.5591615 ], [ -47.1971037, -20.5581121 ], [ -47.1974184, -20.5568639 ], [ -47.1976844, -20.5552633 ], [ -47.1977321, -20.5528106 ], [ -47.1972488, -20.5507927 ], [ -47.1963961, -20.5489437 ], [ -47.1962121, -20.547622 ], [ -47.1967317, -20.5464465 ], [ -47.1968396, -20.5451219 ], [ -47.1961884, -20.5431028 ], [ -47.1946656, -20.5406329 ], [ -47.194252, -20.5404802 ], [ -47.1938389, -20.540641 ], [ -47.1932757, -20.5417376 ], [ -47.1927991, -20.5430684 ], [ -47.1923117, -20.5435822 ], [ -47.1917787, -20.5439783 ], [ -47.1915384, -20.5443318 ], [ -47.1911332, -20.5463627 ], [ -47.1902195, -20.5488659 ], [ -47.1894438, -20.5495382 ], [ -47.1883277, -20.5495126 ], [ -47.1874052, -20.5485898 ], [ -47.1863074, -20.5469683 ], [ -47.1854526, -20.5449547 ], [ -47.1840956, -20.5425586 ], [ -47.1832508, -20.5413998 ], [ -47.1821184, -20.5401696 ], [ -47.1816183, -20.5398257 ], [ -47.1809383, -20.5396006 ], [ -47.1806609, -20.5396014 ], [ -47.1804749, -20.5397046 ], [ -47.1797873, -20.5415024 ], [ -47.1795949, -20.5417492 ], [ -47.1794191, -20.5418186 ], [ -47.1789413, -20.5415134 ], [ -47.1786469, -20.5412063 ], [ -47.1779926, -20.5410495 ], [ -47.1774487, -20.5412789 ], [ -47.1765584, -20.5412503 ], [ -47.176212, -20.5415287 ], [ -47.1758875, -20.5423929 ], [ -47.175381, -20.5431187 ], [ -47.1741666, -20.5441574 ], [ -47.1739147, -20.5445994 ], [ -47.1736864, -20.545391 ], [ -47.1737227, -20.5463851 ], [ -47.1735792, -20.5471072 ], [ -47.1735868, -20.5482279 ], [ -47.1732655, -20.5489331 ], [ -47.1731994, -20.5492944 ], [ -47.1732169, -20.5499365 ], [ -47.1735612, -20.5506723 ], [ -47.1735216, -20.5509358 ], [ -47.1730963, -20.5509605 ], [ -47.1711423, -20.5505057 ], [ -47.1709245, -20.5505466 ], [ -47.1697945, -20.5511545 ], [ -47.1695609, -20.5512065 ], [ -47.1693756, -20.5511417 ], [ -47.1686285, -20.5503129 ], [ -47.1677585, -20.5499993 ], [ -47.1674655, -20.5497911 ], [ -47.1669643, -20.5490213 ], [ -47.1663344, -20.5484459 ], [ -47.165932, -20.5476143 ], [ -47.1657525, -20.5467116 ], [ -47.1649879, -20.5459943 ], [ -47.164747, -20.5451988 ], [ -47.1646152, -20.5442171 ], [ -47.1641573, -20.5440473 ], [ -47.1635981, -20.5439975 ], [ -47.1630554, -20.5437489 ], [ -47.162352, -20.5426711 ], [ -47.1620203, -20.5424479 ], [ -47.1591825, -20.5420778 ], [ -47.1580841, -20.5416807 ], [ -47.1562327, -20.5415092 ], [ -47.155346, -20.5416559 ], [ -47.154152, -20.5420214 ], [ -47.1533011, -20.54212 ], [ -47.151305, -20.5420084 ], [ -47.1508928, -20.542082 ], [ -47.1504098, -20.542302 ], [ -47.1498691, -20.5427174 ], [ -47.1485149, -20.5440683 ], [ -47.1477575, -20.5454212 ], [ -47.1476923, -20.54675 ], [ -47.1479495, -20.5488516 ], [ -47.14715, -20.5501147 ], [ -47.1469768, -20.5502525 ], [ -47.1467206, -20.5502945 ], [ -47.1463265, -20.5502422 ], [ -47.1456714, -20.5499964 ], [ -47.145158, -20.5495458 ], [ -47.1449068, -20.549217 ], [ -47.1447086, -20.5487777 ], [ -47.1445532, -20.5484332 ], [ -47.1446451, -20.5482464 ], [ -47.144916, -20.5481115 ], [ -47.145187, -20.5479766 ], [ -47.1455757, -20.5476119 ], [ -47.1462827, -20.5457567 ], [ -47.1471265, -20.5447235 ], [ -47.1472218, -20.5441379 ], [ -47.1470779, -20.5434306 ], [ -47.1462236, -20.5422956 ], [ -47.1441797, -20.5408138 ], [ -47.1415205, -20.5410165 ], [ -47.1418972, -20.542483 ], [ -47.1418662, -20.5432409 ], [ -47.1407127, -20.5460641 ], [ -47.1404071, -20.5491568 ], [ -47.1387805, -20.5521023 ], [ -47.138234, -20.5545926 ], [ -47.1376634, -20.5610096 ], [ -47.1376548, -20.5611054 ], [ -47.1383502, -20.5625298 ], [ -47.1385129, -20.563846 ], [ -47.1395669, -20.5640788 ], [ -47.139991, -20.563826 ], [ -47.1404905, -20.5640541 ], [ -47.1412645, -20.5647108 ], [ -47.1428631, -20.5652175 ], [ -47.1427522, -20.5655914 ], [ -47.1431239, -20.5659734 ], [ -47.1434116, -20.5666001 ], [ -47.1435935, -20.5672955 ], [ -47.143628, -20.5679158 ], [ -47.1434521, -20.5687354 ], [ -47.1423187, -20.5704201 ], [ -47.1420098, -20.5732172 ], [ -47.1411645, -20.5772508 ], [ -47.1409625, -20.5802739 ], [ -47.1411283, -20.581177 ], [ -47.1413881, -20.5816571 ], [ -47.142399, -20.5828118 ], [ -47.14364, -20.5838435 ], [ -47.1451302, -20.584523 ], [ -47.1502113, -20.5863303 ], [ -47.1512924, -20.5868624 ], [ -47.151493, -20.5870994 ], [ -47.1517429, -20.5875207 ], [ -47.1520216, -20.5884777 ], [ -47.1521511, -20.5903227 ], [ -47.1523035, -20.5912486 ], [ -47.1533089, -20.5936186 ], [ -47.1534937, -20.5944219 ], [ -47.1535752, -20.5952174 ], [ -47.1531034, -20.5979857 ], [ -47.1531495, -20.5985858 ], [ -47.1533305, -20.5992802 ], [ -47.1542078, -20.6006983 ], [ -47.15492, -20.6015825 ], [ -47.1558703, -20.6023781 ], [ -47.1563592, -20.6025896 ], [ -47.1571583, -20.6026893 ], [ -47.1590526, -20.6023712 ], [ -47.1595281, -20.6023648 ], [ -47.1604445, -20.6025266 ], [ -47.1619568, -20.6035321 ], [ -47.163022, -20.6043807 ], [ -47.1641058, -20.6048141 ], [ -47.165345, -20.6049078 ], [ -47.1660502, -20.6048115 ], [ -47.1672154, -20.6043497 ], [ -47.169065, -20.6031834 ], [ -47.1717088, -20.6026575 ], [ -47.1730846, -20.6025516 ], [ -47.1753757, -20.6021195 ], [ -47.1786977, -20.6020773 ], [ -47.1840591, -20.6028509 ], [ -47.1848962, -20.6030696 ], [ -47.1871071, -20.6038714 ], [ -47.1916575, -20.6058878 ], [ -47.1929074, -20.6066681 ], [ -47.1936306, -20.6069866 ], [ -47.1948953, -20.6079516 ], [ -47.1954971, -20.6087748 ], [ -47.1959316, -20.6090205 ], [ -47.1963662, -20.6092661 ], [ -47.2006441, -20.6095395 ], [ -47.2012012, -20.6096853 ], [ -47.2023197, -20.6101621 ], [ -47.2030236, -20.6108068 ], [ -47.2038812, -20.6112986 ], [ -47.2040472, -20.6115378 ], [ -47.2042106, -20.6124615 ], [ -47.2043401, -20.6127226 ], [ -47.2050085, -20.613215 ], [ -47.205966, -20.6137511 ], [ -47.2061532, -20.6139669 ], [ -47.206442, -20.6146197 ], [ -47.2079306, -20.6157991 ], [ -47.2092802, -20.6162625 ], [ -47.2111736, -20.6171504 ], [ -47.2130171, -20.617324 ], [ -47.2144342, -20.6176102 ], [ -47.2152856, -20.6180262 ], [ -47.2160621, -20.6188984 ], [ -47.2161275, -20.6194131 ], [ -47.216314, -20.6199037 ], [ -47.2171431, -20.6212128 ], [ -47.2174425, -20.6218633 ], [ -47.2185838, -20.6230597 ], [ -47.2189746, -20.6236446 ], [ -47.2193031, -20.6238587 ], [ -47.221524, -20.6245527 ], [ -47.2218798, -20.6248227 ], [ -47.2220179, -20.6250757 ], [ -47.2221222, -20.625267 ], [ -47.222607, -20.6261565 ], [ -47.2232275, -20.6266695 ], [ -47.2243904, -20.627015 ], [ -47.2252525, -20.6275401 ], [ -47.2264437, -20.6275722 ], [ -47.2284753, -20.6279056 ], [ -47.2289859, -20.6281717 ], [ -47.2291308, -20.6284541 ], [ -47.2293053, -20.6293244 ], [ -47.2293218, -20.6303376 ], [ -47.2299497, -20.6321546 ], [ -47.2301745, -20.6324994 ], [ -47.231172, -20.6333047 ], [ -47.2313937, -20.6335883 ], [ -47.2314825, -20.6339026 ], [ -47.2314418, -20.6344725 ], [ -47.2329183, -20.6357385 ], [ -47.2347776, -20.6364938 ], [ -47.2357161, -20.6371135 ], [ -47.236314, -20.637772 ], [ -47.2366846, -20.6386616 ], [ -47.2370653, -20.6392137 ], [ -47.2384122, -20.6399823 ], [ -47.2386839, -20.6403307 ], [ -47.2390809, -20.6413175 ], [ -47.2397556, -20.6423447 ], [ -47.2415184, -20.6432624 ], [ -47.2436703, -20.6446337 ], [ -47.2455863, -20.6453903 ], [ -47.2467635, -20.6466518 ], [ -47.2474989, -20.6470685 ], [ -47.2478368, -20.6471814 ], [ -47.2482082, -20.6471437 ], [ -47.2493496, -20.6467011 ], [ -47.249863, -20.646775 ], [ -47.2502792, -20.6468766 ], [ -47.2519653, -20.6479682 ], [ -47.2524364, -20.6480652 ], [ -47.2529075, -20.6481621 ], [ -47.2520906, -20.6485652 ], [ -47.2516421, -20.6488677 ], [ -47.2514499, -20.6491082 ], [ -47.2509948, -20.6523755 ], [ -47.2505462, -20.653395 ], [ -47.2504057, -20.6540086 ], [ -47.2499758, -20.6548005 ], [ -47.2498488, -20.6555423 ], [ -47.2488169, -20.6579493 ], [ -47.2487177, -20.6581816 ], [ -47.248623, -20.6584025 ], [ -47.2485728, -20.6585198 ], [ -47.2386407, -20.6816929 ], [ -47.2384393, -20.681707 ], [ -47.2382379, -20.6817212 ], [ -47.2378491, -20.6818884 ], [ -47.2376529, -20.6821108 ], [ -47.2375615, -20.6823301 ], [ -47.2375902, -20.6825917 ], [ -47.2378806, -20.683427 ], [ -47.2377938, -20.6839528 ], [ -47.2371271, -20.6841685 ], [ -47.2352779, -20.6837567 ], [ -47.2348963, -20.6839566 ], [ -47.234889, -20.6840992 ], [ -47.23592, -20.6850537 ], [ -47.2362406, -20.6853505 ], [ -47.2363427, -20.6860149 ], [ -47.2369639, -20.6863446 ], [ -47.2370261, -20.6867828 ], [ -47.2368572, -20.6871446 ], [ -47.2361854, -20.687972 ], [ -47.2346423, -20.6891212 ], [ -47.2342852, -20.6891369 ], [ -47.2341089, -20.6890195 ], [ -47.2338356, -20.6886198 ], [ -47.2333543, -20.6881886 ], [ -47.2330059, -20.6881597 ], [ -47.2328226, -20.6882621 ], [ -47.2324951, -20.6888433 ], [ -47.2324899, -20.689304 ], [ -47.2323908, -20.6896523 ], [ -47.2321426, -20.6900497 ], [ -47.2318897, -20.6910668 ], [ -47.2313636, -20.6915763 ], [ -47.2308921, -20.6917241 ], [ -47.2303581, -20.6917419 ], [ -47.2293727, -20.6913485 ], [ -47.2291457, -20.6913325 ], [ -47.2287577, -20.6916965 ], [ -47.2284222, -20.6929502 ], [ -47.2276437, -20.6936251 ], [ -47.2269869, -20.6939409 ], [ -47.2263104, -20.6944185 ], [ -47.2260959, -20.6947273 ], [ -47.2260754, -20.6951209 ], [ -47.2261757, -20.695522 ], [ -47.2270261, -20.6966163 ], [ -47.2271622, -20.6971617 ], [ -47.227078, -20.6973264 ], [ -47.2269938, -20.6974911 ], [ -47.2262906, -20.6976846 ], [ -47.2259351, -20.6980077 ], [ -47.2256479, -20.6990836 ], [ -47.2253616, -20.6994998 ] ] ] ] } }
]
}
